{
  "type": "FeatureCollection",
  "features": [
    {
      "type": "Feature",
      "geometry": {
        "type": "Point",
        "coordinates": [
          16.6705089,
          42.9841214
        ]
      },
      "properties": {
        "id": 470368587,
        "osm_type": "node",
        "name": "Mindel Kamp",
        "tourism": "camp_site",
        "phone": "+385 99 302 8881",
        "website": "http://www.mindel.hr/"
      }
    },
    {
      "type": "Feature",
      "geometry": {
        "type": "Point",
        "coordinates": [
          18.2068634,
          42.6224645
        ]
      },
      "properties": {
        "id": 518828422,
        "osm_type": "node",
        "name": "Hotel Mlini",
        "tourism": "hotel",
        "phone": "+385 52 800250",
        "website": "https://www.maistra.com/"
      }
    },
    {
      "type": "Feature",
      "geometry": {
        "type": "Point",
        "coordinates": [
          18.2070322,
          42.6228852
        ]
      },
      "properties": {
        "id": 518828424,
        "osm_type": "node",
        "name": "Villa Tupina",
        "tourism": "hotel"
      }
    },
    {
      "type": "Feature",
      "geometry": {
        "type": "Point",
        "coordinates": [
          18.2064875,
          42.6224646
        ]
      },
      "properties": {
        "id": 518828426,
        "osm_type": "node",
        "name": "Villa Mlini",
        "tourism": "hotel"
      }
    },
    {
      "type": "Feature",
      "geometry": {
        "type": "Point",
        "coordinates": [
          18.2063461,
          42.6225065
        ]
      },
      "properties": {
        "id": 518828428,
        "osm_type": "node",
        "name": "Villa Palma",
        "tourism": "hotel"
      }
    },
    {
      "type": "Feature",
      "geometry": {
        "type": "Point",
        "coordinates": [
          18.2056176,
          42.6225611
        ]
      },
      "properties": {
        "id": 518828430,
        "osm_type": "node",
        "name": "Villa New York",
        "tourism": "hotel"
      }
    },
    {
      "type": "Feature",
      "geometry": {
        "type": "Point",
        "coordinates": [
          18.2030787,
          42.6232025
        ]
      },
      "properties": {
        "id": 518828441,
        "osm_type": "node",
        "name": "Villa Mirjana",
        "tourism": "hotel"
      }
    },
    {
      "type": "Feature",
      "geometry": {
        "type": "Point",
        "coordinates": [
          18.202102,
          42.6236329
        ]
      },
      "properties": {
        "id": 518828445,
        "osm_type": "node",
        "name": "Villa Carmen",
        "tourism": "hotel"
      }
    },
    {
      "type": "Feature",
      "geometry": {
        "type": "Point",
        "coordinates": [
          18.2018633,
          42.6237658
        ]
      },
      "properties": {
        "id": 518828448,
        "osm_type": "node",
        "name": "Villa Nina",
        "tourism": "hotel"
      }
    },
    {
      "type": "Feature",
      "geometry": {
        "type": "Point",
        "coordinates": [
          18.2095172,
          42.6247676
        ]
      },
      "properties": {
        "id": 518828461,
        "osm_type": "node",
        "name": "Villa Molina",
        "tourism": "hotel"
      }
    },
    {
      "type": "Feature",
      "geometry": {
        "type": "Point",
        "coordinates": [
          16.7898754,
          42.9392476
        ]
      },
      "properties": {
        "id": 687077386,
        "osm_type": "node",
        "name": "Hotel Lipa",
        "tourism": "hotel"
      }
    },
    {
      "type": "Feature",
      "geometry": {
        "type": "Point",
        "coordinates": [
          17.8684696,
          42.7798918
        ]
      },
      "properties": {
        "id": 751930824,
        "osm_type": "node",
        "name": "Osmine",
        "tourism": "hotel",
        "phone": "+385 99 287 21 00",
        "website": "https://www.hotel-osmine.hr/"
      }
    },
    {
      "type": "Feature",
      "geometry": {
        "type": "Point",
        "coordinates": [
          18.0925611,
          42.6480484
        ]
      },
      "properties": {
        "id": 790977215,
        "osm_type": "node",
        "name": "Omladinski hostel Dubrovnik",
        "tourism": "hostel",
        "phone": "+385 20423241"
      }
    },
    {
      "type": "Feature",
      "geometry": {
        "type": "Point",
        "coordinates": [
          17.6497932,
          43.0541647
        ]
      },
      "properties": {
        "id": 792731490,
        "osm_type": "node",
        "name": "Hotel Narona",
        "tourism": "hotel",
        "website": "http://www.hotelmb.com/"
      }
    },
    {
      "type": "Feature",
      "geometry": {
        "type": "Point",
        "coordinates": [
          17.6481916,
          43.0536702
        ]
      },
      "properties": {
        "id": 792773664,
        "osm_type": "node",
        "name": "Hotel MB",
        "tourism": "hotel"
      }
    },
    {
      "type": "Feature",
      "geometry": {
        "type": "Point",
        "coordinates": [
          16.7760657,
          42.9067848
        ]
      },
      "properties": {
        "id": 845434972,
        "osm_type": "node",
        "tourism": "camp_site"
      }
    },
    {
      "type": "Feature",
      "geometry": {
        "type": "Point",
        "coordinates": [
          16.7987418,
          42.906603
        ]
      },
      "properties": {
        "id": 1213999154,
        "osm_type": "node",
        "name": "Mali zal",
        "tourism": "guest_house"
      }
    },
    {
      "type": "Feature",
      "geometry": {
        "type": "Point",
        "coordinates": [
          18.1952408,
          42.6254792
        ]
      },
      "properties": {
        "id": 1382020271,
        "osm_type": "node",
        "name": "Villa Avantgarde",
        "tourism": "hotel"
      }
    },
    {
      "type": "Feature",
      "geometry": {
        "type": "Point",
        "coordinates": [
          17.915533,
          42.712357
        ]
      },
      "properties": {
        "id": 1429215227,
        "osm_type": "node",
        "name": "Hotel Božica",
        "tourism": "hotel",
        "phone": "+385 20 325 400",
        "website": "https://hotel-bozica.hr/"
      }
    },
    {
      "type": "Feature",
      "geometry": {
        "type": "Point",
        "coordinates": [
          18.1192972,
          42.6411485
        ]
      },
      "properties": {
        "id": 1460269454,
        "osm_type": "node",
        "name": "Excelsior",
        "tourism": "hotel",
        "check_date": "2024-05-04"
      }
    },
    {
      "type": "Feature",
      "geometry": {
        "type": "Point",
        "coordinates": [
          17.9355565,
          42.6855285
        ]
      },
      "properties": {
        "id": 1570197034,
        "osm_type": "node",
        "name": "Lafodia Hotel & Resort",
        "tourism": "hotel",
        "phone": "+385 20 450 300",
        "website": "https://www.lafodiahotel.com/"
      }
    },
    {
      "type": "Feature",
      "geometry": {
        "type": "Point",
        "coordinates": [
          18.2044656,
          42.6226666
        ]
      },
      "properties": {
        "id": 1583747677,
        "osm_type": "node",
        "name": "Villa Lantoni",
        "tourism": "hotel",
        "website": "https://www.pavuna.hr/villas"
      }
    },
    {
      "type": "Feature",
      "geometry": {
        "type": "Point",
        "coordinates": [
          18.2220521,
          42.5793601
        ]
      },
      "properties": {
        "id": 1587784547,
        "osm_type": "node",
        "name": "Castelletto Hotel",
        "tourism": "hotel"
      }
    },
    {
      "type": "Feature",
      "geometry": {
        "type": "Point",
        "coordinates": [
          17.1353522,
          42.962133
        ]
      },
      "properties": {
        "id": 1602216112,
        "osm_type": "node",
        "name": "Aminess Younique Korčula Heritage Hotel",
        "tourism": "hotel",
        "website": "https://www.aminess.com/en/aminess-korcula-heritage-hotel"
      }
    },
    {
      "type": "Feature",
      "geometry": {
        "type": "Point",
        "coordinates": [
          17.1681263,
          42.9752581
        ]
      },
      "properties": {
        "id": 1710404982,
        "osm_type": "node",
        "name": "Hotel Indijan",
        "tourism": "hotel"
      }
    },
    {
      "type": "Feature",
      "geometry": {
        "type": "Point",
        "coordinates": [
          16.8619369,
          42.9060307
        ]
      },
      "properties": {
        "id": 1720785606,
        "osm_type": "node",
        "tourism": "guest_house"
      }
    },
    {
      "type": "Feature",
      "geometry": {
        "type": "Point",
        "coordinates": [
          16.8580663,
          42.9062908
        ]
      },
      "properties": {
        "id": 1720785610,
        "osm_type": "node",
        "tourism": "guest_house"
      }
    },
    {
      "type": "Feature",
      "geometry": {
        "type": "Point",
        "coordinates": [
          16.8572831,
          42.9066444
        ]
      },
      "properties": {
        "id": 1720785626,
        "osm_type": "node",
        "tourism": "guest_house"
      }
    },
    {
      "type": "Feature",
      "geometry": {
        "type": "Point",
        "coordinates": [
          16.8616825,
          42.9049562
        ]
      },
      "properties": {
        "id": 1720785641,
        "osm_type": "node",
        "tourism": "guest_house"
      }
    },
    {
      "type": "Feature",
      "geometry": {
        "type": "Point",
        "coordinates": [
          16.8562424,
          42.9054656
        ]
      },
      "properties": {
        "id": 1720785644,
        "osm_type": "node",
        "tourism": "guest_house"
      }
    },
    {
      "type": "Feature",
      "geometry": {
        "type": "Point",
        "coordinates": [
          16.8609766,
          42.9050557
        ]
      },
      "properties": {
        "id": 1720785656,
        "osm_type": "node",
        "tourism": "guest_house"
      }
    },
    {
      "type": "Feature",
      "geometry": {
        "type": "Point",
        "coordinates": [
          16.8600231,
          42.9064762
        ]
      },
      "properties": {
        "id": 1720785702,
        "osm_type": "node",
        "tourism": "guest_house"
      }
    },
    {
      "type": "Feature",
      "geometry": {
        "type": "Point",
        "coordinates": [
          16.8586564,
          42.9070138
        ]
      },
      "properties": {
        "id": 1720785718,
        "osm_type": "node",
        "tourism": "guest_house"
      }
    },
    {
      "type": "Feature",
      "geometry": {
        "type": "Point",
        "coordinates": [
          16.8601906,
          42.9036581
        ]
      },
      "properties": {
        "id": 1720785724,
        "osm_type": "node",
        "tourism": "guest_house"
      }
    },
    {
      "type": "Feature",
      "geometry": {
        "type": "Point",
        "coordinates": [
          17.1816818,
          42.9760656
        ]
      },
      "properties": {
        "id": 1781434815,
        "osm_type": "node",
        "name": "Villa Miirma, Family Medak",
        "tourism": "guest_house"
      }
    },
    {
      "type": "Feature",
      "geometry": {
        "type": "Point",
        "coordinates": [
          18.1083012,
          42.6418356
        ]
      },
      "properties": {
        "id": 1786419872,
        "osm_type": "node",
        "name": "Old Town Hostel",
        "tourism": "hostel",
        "phone": "+385 20 322007",
        "website": "http://www.dubrovnikoldtownhostel.com"
      }
    },
    {
      "type": "Feature",
      "geometry": {
        "type": "Point",
        "coordinates": [
          17.1316606,
          42.9614192
        ]
      },
      "properties": {
        "id": 1790632228,
        "osm_type": "node",
        "name": "Villa Depolo",
        "tourism": "guest_house"
      }
    },
    {
      "type": "Feature",
      "geometry": {
        "type": "Point",
        "coordinates": [
          17.1369472,
          42.9617461
        ]
      },
      "properties": {
        "id": 1790639396,
        "osm_type": "node",
        "name": "Lešić Dimitri Palace",
        "tourism": "hotel",
        "website": "https://www.ldpalace.com/"
      }
    },
    {
      "type": "Feature",
      "geometry": {
        "type": "Point",
        "coordinates": [
          17.1684524,
          42.9283256
        ]
      },
      "properties": {
        "id": 1816728124,
        "osm_type": "node",
        "name": "Konoba Bebić",
        "tourism": "guest_house"
      }
    },
    {
      "type": "Feature",
      "geometry": {
        "type": "Point",
        "coordinates": [
          17.1581758,
          42.927861
        ]
      },
      "properties": {
        "id": 1854646136,
        "osm_type": "node",
        "name": "Apartments Veselka",
        "tourism": "hotel"
      }
    },
    {
      "type": "Feature",
      "geometry": {
        "type": "Point",
        "coordinates": [
          17.1697546,
          43.0229093
        ]
      },
      "properties": {
        "id": 1874138606,
        "osm_type": "node",
        "name": "Luka",
        "tourism": "camp_site"
      }
    },
    {
      "type": "Feature",
      "geometry": {
        "type": "Point",
        "coordinates": [
          18.0853227,
          42.648311
        ]
      },
      "properties": {
        "id": 1893055369,
        "osm_type": "node",
        "name": "Mandic",
        "tourism": "guest_house"
      }
    },
    {
      "type": "Feature",
      "geometry": {
        "type": "Point",
        "coordinates": [
          16.8827179,
          42.7418248
        ]
      },
      "properties": {
        "id": 1896538026,
        "osm_type": "node",
        "name": "Skriveni",
        "tourism": "camp_site",
        "tents": "yes",
        "website": "https://www.campskriveni.com/"
      }
    },
    {
      "type": "Feature",
      "geometry": {
        "type": "Point",
        "coordinates": [
          16.7106522,
          42.9673136
        ]
      },
      "properties": {
        "id": 1905319273,
        "osm_type": "node",
        "tourism": "guest_house"
      }
    },
    {
      "type": "Feature",
      "geometry": {
        "type": "Point",
        "coordinates": [
          18.0055369,
          42.6990275
        ]
      },
      "properties": {
        "id": 2004231900,
        "osm_type": "node",
        "name": "Camping Pod Maslinom",
        "tourism": "camp_site",
        "phone": "+38598344226",
        "website": "https://www.orasac.com"
      }
    },
    {
      "type": "Feature",
      "geometry": {
        "type": "Point",
        "coordinates": [
          17.5645288,
          42.9457112
        ]
      },
      "properties": {
        "id": 2035388912,
        "osm_type": "node",
        "name": "Vila Cares",
        "tourism": "motel"
      }
    },
    {
      "type": "Feature",
      "geometry": {
        "type": "Point",
        "coordinates": [
          17.5627088,
          43.0179997
        ]
      },
      "properties": {
        "id": 2045825819,
        "osm_type": "node",
        "name": "Guest house FOŠA",
        "tourism": "motel"
      }
    },
    {
      "type": "Feature",
      "geometry": {
        "type": "Point",
        "coordinates": [
          18.1015844,
          42.6751396
        ]
      },
      "properties": {
        "id": 2312612083,
        "osm_type": "node",
        "name": "Apartmani Husanovic",
        "tourism": "hotel"
      }
    },
    {
      "type": "Feature",
      "geometry": {
        "type": "Point",
        "coordinates": [
          16.7151411,
          42.9613339
        ]
      },
      "properties": {
        "id": 2330621052,
        "osm_type": "node",
        "name": "Korkyra",
        "tourism": "hotel",
        "website": "https://www.hotel-korkyra.com/"
      }
    },
    {
      "type": "Feature",
      "geometry": {
        "type": "Point",
        "coordinates": [
          17.8841583,
          42.7742727
        ]
      },
      "properties": {
        "id": 2347344615,
        "osm_type": "node",
        "name": "Auto Kamp Banja",
        "tourism": "caravan_site",
        "phone": "+385 20 871218",
        "website": "www.autokamp-banja.com"
      }
    },
    {
      "type": "Feature",
      "geometry": {
        "type": "Point",
        "coordinates": [
          17.8847861,
          42.7913267
        ]
      },
      "properties": {
        "id": 2347344619,
        "osm_type": "node",
        "name": "Camping Baldo",
        "tourism": "caravan_site",
        "phone": "+385 20 871 190",
        "website": "www.baldo-apartments.net"
      }
    },
    {
      "type": "Feature",
      "geometry": {
        "type": "Point",
        "coordinates": [
          17.8756436,
          42.7825139
        ]
      },
      "properties": {
        "id": 2392954600,
        "osm_type": "node",
        "name": "Auto Kamp Rogač",
        "tourism": "camp_site",
        "tents": "yes",
        "phone": "+385 20 871 081"
      }
    },
    {
      "type": "Feature",
      "geometry": {
        "type": "Point",
        "coordinates": [
          18.2214024,
          42.5813626
        ]
      },
      "properties": {
        "id": 2419321210,
        "osm_type": "node",
        "name": "Hotel Cavtat",
        "tourism": "hotel"
      }
    },
    {
      "type": "Feature",
      "geometry": {
        "type": "Point",
        "coordinates": [
          18.2240335,
          42.6092327
        ]
      },
      "properties": {
        "id": 2419520257,
        "osm_type": "node",
        "name": "Hotel Orphee",
        "tourism": "hotel"
      }
    },
    {
      "type": "Feature",
      "geometry": {
        "type": "Point",
        "coordinates": [
          18.2339906,
          42.581468
        ]
      },
      "properties": {
        "id": 2419520258,
        "osm_type": "node",
        "name": "Zvrko Apartments",
        "tourism": "guest_house"
      }
    },
    {
      "type": "Feature",
      "geometry": {
        "type": "Point",
        "coordinates": [
          17.4246908,
          43.0729245
        ]
      },
      "properties": {
        "id": 2432777433,
        "osm_type": "node",
        "name": "Marinović",
        "tourism": "guest_house"
      }
    },
    {
      "type": "Feature",
      "geometry": {
        "type": "Point",
        "coordinates": [
          17.5639308,
          42.9460273
        ]
      },
      "properties": {
        "id": 2444423656,
        "osm_type": "node",
        "name": "Bonaca Rezeption Ferien Appartments",
        "tourism": "guest_house"
      }
    },
    {
      "type": "Feature",
      "geometry": {
        "type": "Point",
        "coordinates": [
          18.217575,
          42.5825193
        ]
      },
      "properties": {
        "id": 2475681690,
        "osm_type": "node",
        "tourism": "apartment"
      }
    },
    {
      "type": "Feature",
      "geometry": {
        "type": "Point",
        "coordinates": [
          18.2171804,
          42.5834876
        ]
      },
      "properties": {
        "id": 2475681699,
        "osm_type": "node",
        "tourism": "apartment"
      }
    },
    {
      "type": "Feature",
      "geometry": {
        "type": "Point",
        "coordinates": [
          18.217108,
          42.5835602
        ]
      },
      "properties": {
        "id": 2475681701,
        "osm_type": "node",
        "name": "Cozy stone house with lovely view in Cavtat centre",
        "tourism": "guest_house"
      }
    },
    {
      "type": "Feature",
      "geometry": {
        "type": "Point",
        "coordinates": [
          18.2174602,
          42.5823448
        ]
      },
      "properties": {
        "id": 2475681710,
        "osm_type": "node",
        "name": "Villa Lobe",
        "tourism": "apartment"
      }
    },
    {
      "type": "Feature",
      "geometry": {
        "type": "Point",
        "coordinates": [
          18.2174566,
          42.5824141
        ]
      },
      "properties": {
        "id": 2475681711,
        "osm_type": "node",
        "name": "Villa Magnolia",
        "tourism": "apartment"
      }
    },
    {
      "type": "Feature",
      "geometry": {
        "type": "Point",
        "coordinates": [
          18.2157548,
          42.5848175
        ]
      },
      "properties": {
        "id": 2476833547,
        "osm_type": "node",
        "name": "Vacation House Anita",
        "tourism": "apartment"
      }
    },
    {
      "type": "Feature",
      "geometry": {
        "type": "Point",
        "coordinates": [
          18.2152539,
          42.5836663
        ]
      },
      "properties": {
        "id": 2480471258,
        "osm_type": "node",
        "name": "El Supetar",
        "tourism": "hotel",
        "check_date": "2025-07-02"
      }
    },
    {
      "type": "Feature",
      "geometry": {
        "type": "Point",
        "coordinates": [
          18.2154075,
          42.5841846
        ]
      },
      "properties": {
        "id": 2480471352,
        "osm_type": "node",
        "name": "Kralj",
        "tourism": "apartment"
      }
    },
    {
      "type": "Feature",
      "geometry": {
        "type": "Point",
        "coordinates": [
          18.2151805,
          42.5838527
        ]
      },
      "properties": {
        "id": 2480471356,
        "osm_type": "node",
        "name": "Villa Filipa",
        "tourism": "apartment"
      }
    },
    {
      "type": "Feature",
      "geometry": {
        "type": "Point",
        "coordinates": [
          18.2165871,
          42.5836428
        ]
      },
      "properties": {
        "id": 2480471357,
        "osm_type": "node",
        "name": "Villa Lizza",
        "tourism": "apartment"
      }
    },
    {
      "type": "Feature",
      "geometry": {
        "type": "Point",
        "coordinates": [
          18.2215423,
          42.5786037
        ]
      },
      "properties": {
        "id": 2481675852,
        "osm_type": "node",
        "name": "Bačan",
        "tourism": "apartment",
        "website": "http://cavtatapartments.com/",
        "check_date": "2025-07-01"
      }
    },
    {
      "type": "Feature",
      "geometry": {
        "type": "Point",
        "coordinates": [
          18.2217,
          42.5795734
        ]
      },
      "properties": {
        "id": 2481675869,
        "osm_type": "node",
        "name": "Haus Am Meer",
        "tourism": "apartment",
        "check_date": "2025-07-01"
      }
    },
    {
      "type": "Feature",
      "geometry": {
        "type": "Point",
        "coordinates": [
          18.2236079,
          42.5816851
        ]
      },
      "properties": {
        "id": 2481675872,
        "osm_type": "node",
        "name": "Holiday House Miljanic",
        "tourism": "apartment"
      }
    },
    {
      "type": "Feature",
      "geometry": {
        "type": "Point",
        "coordinates": [
          18.2242421,
          42.5823874
        ]
      },
      "properties": {
        "id": 2481675941,
        "osm_type": "node",
        "name": "Soba",
        "tourism": "apartment"
      }
    },
    {
      "type": "Feature",
      "geometry": {
        "type": "Point",
        "coordinates": [
          18.2209649,
          42.5800212
        ]
      },
      "properties": {
        "id": 2481675944,
        "osm_type": "node",
        "name": "Stanovic",
        "tourism": "apartment",
        "check_date": "2025-07-02"
      }
    },
    {
      "type": "Feature",
      "geometry": {
        "type": "Point",
        "coordinates": [
          18.221499,
          42.57965
        ]
      },
      "properties": {
        "id": 2481675947,
        "osm_type": "node",
        "name": "Sunrise",
        "tourism": "apartment",
        "check_date": "2025-07-02"
      }
    },
    {
      "type": "Feature",
      "geometry": {
        "type": "Point",
        "coordinates": [
          18.2211898,
          42.5799578
        ]
      },
      "properties": {
        "id": 2481675951,
        "osm_type": "node",
        "name": "Villa Ana",
        "tourism": "apartment"
      }
    },
    {
      "type": "Feature",
      "geometry": {
        "type": "Point",
        "coordinates": [
          18.2223205,
          42.5806272
        ]
      },
      "properties": {
        "id": 2481677816,
        "osm_type": "node",
        "name": "Villa Royal",
        "tourism": "apartment"
      }
    },
    {
      "type": "Feature",
      "geometry": {
        "type": "Point",
        "coordinates": [
          18.0919031,
          42.652757
        ]
      },
      "properties": {
        "id": 2487874454,
        "osm_type": "node",
        "tourism": "guest_house"
      }
    },
    {
      "type": "Feature",
      "geometry": {
        "type": "Point",
        "coordinates": [
          18.0942158,
          42.6696602
        ]
      },
      "properties": {
        "id": 2525934054,
        "osm_type": "node",
        "name": "Lunea Apartment",
        "tourism": "guest_house",
        "website": "https://luneadubrovnik.wordpress.com/"
      }
    },
    {
      "type": "Feature",
      "geometry": {
        "type": "Point",
        "coordinates": [
          18.0740774,
          42.6559092
        ]
      },
      "properties": {
        "id": 2579400579,
        "osm_type": "node",
        "name": "Hotel Sumratin",
        "tourism": "hotel"
      }
    },
    {
      "type": "Feature",
      "geometry": {
        "type": "Point",
        "coordinates": [
          17.1552761,
          42.9448976
        ]
      },
      "properties": {
        "id": 2633751714,
        "osm_type": "node",
        "name": "Villa Sole",
        "tourism": "guest_house",
        "website": "https://villasole.net/"
      }
    },
    {
      "type": "Feature",
      "geometry": {
        "type": "Point",
        "coordinates": [
          16.7128436,
          42.9629519
        ]
      },
      "properties": {
        "id": 2654385444,
        "osm_type": "node",
        "name": "Posejdon",
        "tourism": "hotel",
        "check_date": "2024-09-26"
      }
    },
    {
      "type": "Feature",
      "geometry": {
        "type": "Point",
        "coordinates": [
          17.018866,
          42.9733107
        ]
      },
      "properties": {
        "id": 2756739122,
        "osm_type": "node",
        "name": "Apartman Ivan",
        "tourism": "guest_house"
      }
    },
    {
      "type": "Feature",
      "geometry": {
        "type": "Point",
        "coordinates": [
          16.7800286,
          42.9049113
        ]
      },
      "properties": {
        "id": 2798426482,
        "osm_type": "node",
        "name": "Apartments Separović",
        "tourism": "apartment",
        "phone": "+38598825816",
        "website": "http://prizbaholidays.com"
      }
    },
    {
      "type": "Feature",
      "geometry": {
        "type": "Point",
        "coordinates": [
          16.7800505,
          42.9044878
        ]
      },
      "properties": {
        "id": 2798438729,
        "osm_type": "node",
        "name": "Grandmother house",
        "tourism": "apartment",
        "phone": "+38598825816",
        "website": "http://prizbaholidays.com"
      }
    },
    {
      "type": "Feature",
      "geometry": {
        "type": "Point",
        "coordinates": [
          16.695334,
          42.9306295
        ]
      },
      "properties": {
        "id": 2870451076,
        "osm_type": "node",
        "name": "Agro turizam Potirna",
        "tourism": "guest_house"
      }
    },
    {
      "type": "Feature",
      "geometry": {
        "type": "Point",
        "coordinates": [
          16.6855298,
          42.9293658
        ]
      },
      "properties": {
        "id": 2870462876,
        "osm_type": "node",
        "name": "Potirna",
        "tourism": "caravan_site"
      }
    },
    {
      "type": "Feature",
      "geometry": {
        "type": "Point",
        "coordinates": [
          16.6859215,
          42.9294633
        ]
      },
      "properties": {
        "id": 2870462877,
        "osm_type": "node",
        "name": "Potirna",
        "tourism": "camp_site"
      }
    },
    {
      "type": "Feature",
      "geometry": {
        "type": "Point",
        "coordinates": [
          16.8224512,
          42.9039065
        ]
      },
      "properties": {
        "id": 2870499613,
        "osm_type": "node",
        "name": "Prišćapac",
        "tourism": "hotel"
      }
    },
    {
      "type": "Feature",
      "geometry": {
        "type": "Point",
        "coordinates": [
          18.1097221,
          42.6404471
        ]
      },
      "properties": {
        "id": 2940630421,
        "osm_type": "node",
        "name": "Pucić Palace",
        "tourism": "hotel",
        "check_date": "2025-09-20"
      }
    },
    {
      "type": "Feature",
      "geometry": {
        "type": "Point",
        "coordinates": [
          16.8320163,
          42.9612476
        ]
      },
      "properties": {
        "id": 2961465877,
        "osm_type": "node",
        "name": "Zanetic",
        "tourism": "guest_house"
      }
    },
    {
      "type": "Feature",
      "geometry": {
        "type": "Point",
        "coordinates": [
          17.2741903,
          43.0073784
        ]
      },
      "properties": {
        "id": 3034676712,
        "osm_type": "node",
        "name": "Apartments Senko",
        "tourism": "guest_house"
      }
    },
    {
      "type": "Feature",
      "geometry": {
        "type": "Point",
        "coordinates": [
          17.1413105,
          42.9417912
        ]
      },
      "properties": {
        "id": 3034846233,
        "osm_type": "node",
        "name": "Sofka",
        "tourism": "guest_house"
      }
    },
    {
      "type": "Feature",
      "geometry": {
        "type": "Point",
        "coordinates": [
          17.2648559,
          43.008285
        ]
      },
      "properties": {
        "id": 3036425695,
        "osm_type": "node",
        "name": "Faraon",
        "tourism": "hotel"
      }
    },
    {
      "type": "Feature",
      "geometry": {
        "type": "Point",
        "coordinates": [
          18.1320953,
          42.6690069
        ]
      },
      "properties": {
        "id": 3055114930,
        "osm_type": "node",
        "name": "Apartments",
        "tourism": "apartment"
      }
    },
    {
      "type": "Feature",
      "geometry": {
        "type": "Point",
        "coordinates": [
          17.4425999,
          42.9504476
        ]
      },
      "properties": {
        "id": 3067869551,
        "osm_type": "node",
        "name": "Vila Deak",
        "tourism": "guest_house"
      }
    },
    {
      "type": "Feature",
      "geometry": {
        "type": "Point",
        "coordinates": [
          18.0951807,
          42.6522404
        ]
      },
      "properties": {
        "id": 3183903501,
        "osm_type": "node",
        "name": "Kuna",
        "tourism": "guest_house"
      }
    },
    {
      "type": "Feature",
      "geometry": {
        "type": "Point",
        "coordinates": [
          17.4752129,
          42.9139304
        ]
      },
      "properties": {
        "id": 3331783681,
        "osm_type": "node",
        "name": "Adrialuka Apartments",
        "tourism": "apartment",
        "phone": "+385 91 1500 400",
        "website": "http://adrialuka.com"
      }
    },
    {
      "type": "Feature",
      "geometry": {
        "type": "Point",
        "coordinates": [
          16.8056573,
          42.9048492
        ]
      },
      "properties": {
        "id": 3374471491,
        "osm_type": "node",
        "name": "Apartman MIRAMARE",
        "tourism": "apartment",
        "phone": "+385 914501183",
        "website": "http://www.apartment-separovic.hr"
      }
    },
    {
      "type": "Feature",
      "geometry": {
        "type": "Point",
        "coordinates": [
          17.2717728,
          43.0090699
        ]
      },
      "properties": {
        "id": 3459763194,
        "osm_type": "node",
        "name": "House Ivandić",
        "tourism": "guest_house",
        "phone": "+385 / (0) 98 880 779, +385 / (0) 20 743 757",
        "website": "http://www.moivandic.sweb.cz"
      }
    },
    {
      "type": "Feature",
      "geometry": {
        "type": "Point",
        "coordinates": [
          18.1975828,
          42.6268063
        ]
      },
      "properties": {
        "id": 3558063228,
        "osm_type": "node",
        "name": "Apartments Ante",
        "tourism": "guest_house"
      }
    },
    {
      "type": "Feature",
      "geometry": {
        "type": "Point",
        "coordinates": [
          18.1096218,
          42.6407355
        ]
      },
      "properties": {
        "id": 3561186452,
        "osm_type": "node",
        "tourism": "apartment"
      }
    },
    {
      "type": "Feature",
      "geometry": {
        "type": "Point",
        "coordinates": [
          18.0776138,
          42.6620348
        ]
      },
      "properties": {
        "id": 3601153893,
        "osm_type": "node",
        "name": "Guest House Ćuk",
        "tourism": "guest_house"
      }
    },
    {
      "type": "Feature",
      "geometry": {
        "type": "Point",
        "coordinates": [
          17.1475626,
          42.947379
        ]
      },
      "properties": {
        "id": 3633074674,
        "osm_type": "node",
        "name": "Anita",
        "tourism": "apartment"
      }
    },
    {
      "type": "Feature",
      "geometry": {
        "type": "Point",
        "coordinates": [
          16.8165163,
          43.0305849
        ]
      },
      "properties": {
        "id": 3651302165,
        "osm_type": "node",
        "name": "Pločica",
        "tourism": "guest_house",
        "website": "https://www.lighthouses-croatia.com/lighthouses/plocica"
      }
    },
    {
      "type": "Feature",
      "geometry": {
        "type": "Point",
        "coordinates": [
          16.8844757,
          42.7242617
        ]
      },
      "properties": {
        "id": 3651307666,
        "osm_type": "node",
        "name": "Struga",
        "tourism": "guest_house",
        "website": "https://www.lighthouses-croatia.com/lighthouses/struga"
      }
    },
    {
      "type": "Feature",
      "geometry": {
        "type": "Point",
        "coordinates": [
          16.4902576,
          42.750423
        ]
      },
      "properties": {
        "id": 3651312645,
        "osm_type": "node",
        "tourism": "guest_house",
        "website": "https://www.lighthouses-croatia.com/lighthouses/susac"
      }
    },
    {
      "type": "Feature",
      "geometry": {
        "type": "Point",
        "coordinates": [
          18.2285119,
          42.5803918
        ]
      },
      "properties": {
        "id": 3682201059,
        "osm_type": "node",
        "name": "VIOLA CAVTAT ROOMS",
        "tourism": "apartment"
      }
    },
    {
      "type": "Feature",
      "geometry": {
        "type": "Point",
        "coordinates": [
          17.0923006,
          42.9639498
        ]
      },
      "properties": {
        "id": 3702546312,
        "osm_type": "node",
        "name": "Apartments Tri žala",
        "tourism": "guest_house"
      }
    },
    {
      "type": "Feature",
      "geometry": {
        "type": "Point",
        "coordinates": [
          17.0920717,
          42.9639181
        ]
      },
      "properties": {
        "id": 3703229926,
        "osm_type": "node",
        "tourism": "guest_house"
      }
    },
    {
      "type": "Feature",
      "geometry": {
        "type": "Point",
        "coordinates": [
          17.0916943,
          42.9642949
        ]
      },
      "properties": {
        "id": 3703229927,
        "osm_type": "node",
        "tourism": "guest_house"
      }
    },
    {
      "type": "Feature",
      "geometry": {
        "type": "Point",
        "coordinates": [
          17.0922952,
          42.9642912
        ]
      },
      "properties": {
        "id": 3703230025,
        "osm_type": "node",
        "name": "Kuća za odmor",
        "tourism": "guest_house"
      }
    },
    {
      "type": "Feature",
      "geometry": {
        "type": "Point",
        "coordinates": [
          17.090046,
          42.9647408
        ]
      },
      "properties": {
        "id": 3721634361,
        "osm_type": "node",
        "tourism": "guest_house"
      }
    },
    {
      "type": "Feature",
      "geometry": {
        "type": "Point",
        "coordinates": [
          18.0754574,
          42.6562544
        ]
      },
      "properties": {
        "id": 3726600125,
        "osm_type": "node",
        "name": "hotel zagreb",
        "tourism": "hotel"
      }
    },
    {
      "type": "Feature",
      "geometry": {
        "type": "Point",
        "coordinates": [
          18.0810595,
          42.652827
        ]
      },
      "properties": {
        "id": 3726784517,
        "osm_type": "node",
        "name": "Apartments & Room Frane",
        "tourism": "apartment",
        "website": "https://www.booking.com/hotel/hr/franka.en-gb.html"
      }
    },
    {
      "type": "Feature",
      "geometry": {
        "type": "Point",
        "coordinates": [
          17.8773481,
          42.7835374
        ]
      },
      "properties": {
        "id": 3793230843,
        "osm_type": "node",
        "name": "Apartmani Vladimir",
        "tourism": "chalet",
        "phone": "+385 20 871 122"
      }
    },
    {
      "type": "Feature",
      "geometry": {
        "type": "Point",
        "coordinates": [
          17.8852592,
          42.7753298
        ]
      },
      "properties": {
        "id": 3793230844,
        "osm_type": "node",
        "name": "Auto Kamp Bambo",
        "tourism": "caravan_site",
        "phone": "+385 20 871 026",
        "website": "https://kamp-bambo.weebly.com/"
      }
    },
    {
      "type": "Feature",
      "geometry": {
        "type": "Point",
        "coordinates": [
          17.8749243,
          42.7818064
        ]
      },
      "properties": {
        "id": 3793233978,
        "osm_type": "node",
        "name": "Villa \"On the Sea Rock\"",
        "tourism": "apartment",
        "phone": "+385 (0) 99 82 42 022",
        "website": "www.villaonthesearock.com"
      }
    },
    {
      "type": "Feature",
      "geometry": {
        "type": "Point",
        "coordinates": [
          17.8892334,
          42.7857378
        ]
      },
      "properties": {
        "id": 3796645195,
        "osm_type": "node",
        "name": "Vila Riva",
        "tourism": "apartment",
        "contact:phone": "+38520362900",
        "website": "https://www.vilarivaapartments.com/"
      }
    },
    {
      "type": "Feature",
      "geometry": {
        "type": "Point",
        "coordinates": [
          18.0737584,
          42.659072
        ]
      },
      "properties": {
        "id": 3818335538,
        "osm_type": "node",
        "name": "Dubrovnik Backpackers Club",
        "tourism": "hostel",
        "check_date": "2025-09-25"
      }
    },
    {
      "type": "Feature",
      "geometry": {
        "type": "Point",
        "coordinates": [
          17.136057,
          42.9618665
        ]
      },
      "properties": {
        "id": 3830892037,
        "osm_type": "node",
        "name": "Hostel Caenazzo",
        "tourism": "hostel"
      }
    },
    {
      "type": "Feature",
      "geometry": {
        "type": "Point",
        "coordinates": [
          18.1103684,
          42.6413587
        ]
      },
      "properties": {
        "id": 3830949683,
        "osm_type": "node",
        "name": "Hostel & Rooms Ana",
        "tourism": "hostel"
      }
    },
    {
      "type": "Feature",
      "geometry": {
        "type": "Point",
        "coordinates": [
          18.108114,
          42.6395277
        ]
      },
      "properties": {
        "id": 3830949684,
        "osm_type": "node",
        "name": "City Walls Hostel",
        "tourism": "hostel"
      }
    },
    {
      "type": "Feature",
      "geometry": {
        "type": "Point",
        "coordinates": [
          18.108609,
          42.6425562
        ]
      },
      "properties": {
        "id": 3830973981,
        "osm_type": "node",
        "name": "Hostel Villa Angelina Old Town",
        "tourism": "hostel"
      }
    },
    {
      "type": "Feature",
      "geometry": {
        "type": "Point",
        "coordinates": [
          18.1049711,
          42.6418239
        ]
      },
      "properties": {
        "id": 3830973982,
        "osm_type": "node",
        "name": "Hostel City Central Old Town",
        "tourism": "hostel"
      }
    },
    {
      "type": "Feature",
      "geometry": {
        "type": "Point",
        "coordinates": [
          18.1043084,
          42.6416811
        ]
      },
      "properties": {
        "id": 3830973983,
        "osm_type": "node",
        "name": "Hostel Marker Dubrovnik Old Town",
        "tourism": "hostel"
      }
    },
    {
      "type": "Feature",
      "geometry": {
        "type": "Point",
        "coordinates": [
          18.0885194,
          42.6571417
        ]
      },
      "properties": {
        "id": 3831015466,
        "osm_type": "node",
        "name": "Petra Marina",
        "tourism": "hostel"
      }
    },
    {
      "type": "Feature",
      "geometry": {
        "type": "Point",
        "coordinates": [
          18.0934289,
          42.6525597
        ]
      },
      "properties": {
        "id": 3831015467,
        "osm_type": "node",
        "name": "My Way Hostel Dubrovnik",
        "tourism": "hostel",
        "opening_hours": "24/7",
        "website": "http://www.mywayhostels.com"
      }
    },
    {
      "type": "Feature",
      "geometry": {
        "type": "Point",
        "coordinates": [
          18.1101211,
          42.6419334
        ]
      },
      "properties": {
        "id": 3833204212,
        "osm_type": "node",
        "name": "Kings Landing Hostel Old Town",
        "tourism": "hostel"
      }
    },
    {
      "type": "Feature",
      "geometry": {
        "type": "Point",
        "coordinates": [
          18.1271426,
          42.638285
        ]
      },
      "properties": {
        "id": 3904052210,
        "osm_type": "node",
        "name": "Villa Dubrovnik",
        "tourism": "hotel"
      }
    },
    {
      "type": "Feature",
      "geometry": {
        "type": "Point",
        "coordinates": [
          17.1814977,
          42.9741298
        ]
      },
      "properties": {
        "id": 3972087360,
        "osm_type": "node",
        "name": "Adriatic",
        "tourism": "hotel"
      }
    },
    {
      "type": "Feature",
      "geometry": {
        "type": "Point",
        "coordinates": [
          16.7127925,
          42.9592704
        ]
      },
      "properties": {
        "id": 4014707686,
        "osm_type": "node",
        "name": "Jadran",
        "tourism": "guest_house"
      }
    },
    {
      "type": "Feature",
      "geometry": {
        "type": "Point",
        "coordinates": [
          16.7078957,
          42.9619617
        ]
      },
      "properties": {
        "id": 4019978137,
        "osm_type": "node",
        "name": "Apartmani Vala",
        "tourism": "hotel",
        "check_date": "2024-09-27"
      }
    },
    {
      "type": "Feature",
      "geometry": {
        "type": "Point",
        "coordinates": [
          16.7075527,
          42.9620239
        ]
      },
      "properties": {
        "id": 4019978139,
        "osm_type": "node",
        "name": "Villa Telenta",
        "tourism": "hotel",
        "check_date": "2024-09-26"
      }
    },
    {
      "type": "Feature",
      "geometry": {
        "type": "Point",
        "coordinates": [
          17.4789565,
          42.9971338
        ]
      },
      "properties": {
        "id": 4187202391,
        "osm_type": "node",
        "name": "Casa Topic",
        "tourism": "hotel",
        "opening_hours": "24/7",
        "phone": "+38762625738"
      }
    },
    {
      "type": "Feature",
      "geometry": {
        "type": "Point",
        "coordinates": [
          17.4486446,
          42.9306846
        ]
      },
      "properties": {
        "id": 4204326590,
        "osm_type": "node",
        "tourism": "guest_house"
      }
    },
    {
      "type": "Feature",
      "geometry": {
        "type": "Point",
        "coordinates": [
          18.1360129,
          42.6728999
        ]
      },
      "properties": {
        "id": 4210493589,
        "osm_type": "node",
        "tourism": "hostel"
      }
    },
    {
      "type": "Feature",
      "geometry": {
        "type": "Point",
        "coordinates": [
          18.0873693,
          42.6509209
        ]
      },
      "properties": {
        "id": 4233681595,
        "osm_type": "node",
        "name": "Apartment Pero",
        "tourism": "apartment"
      }
    },
    {
      "type": "Feature",
      "geometry": {
        "type": "Point",
        "coordinates": [
          18.0859789,
          42.6601956
        ]
      },
      "properties": {
        "id": 4239044998,
        "osm_type": "node",
        "name": "Hostel Sol",
        "tourism": "hostel",
        "phone": "+38520610300"
      }
    },
    {
      "type": "Feature",
      "geometry": {
        "type": "Point",
        "coordinates": [
          17.7065327,
          42.845084
        ]
      },
      "properties": {
        "id": 4240018096,
        "osm_type": "node",
        "name": "Apartments Villa Siga",
        "tourism": "hotel",
        "opening_hours": "24/7"
      }
    },
    {
      "type": "Feature",
      "geometry": {
        "type": "Point",
        "coordinates": [
          17.4193974,
          43.0733351
        ]
      },
      "properties": {
        "id": 4249213881,
        "osm_type": "node",
        "name": "Kamp Baćinska jezera",
        "tourism": "camp_site"
      }
    },
    {
      "type": "Feature",
      "geometry": {
        "type": "Point",
        "coordinates": [
          18.0717154,
          42.6541701
        ]
      },
      "properties": {
        "id": 4265264890,
        "osm_type": "node",
        "name": "Dubrovnik Luxury Residence – L’Orangerie",
        "tourism": "hotel"
      }
    },
    {
      "type": "Feature",
      "geometry": {
        "type": "Point",
        "coordinates": [
          18.2243133,
          42.578609
        ]
      },
      "properties": {
        "id": 4265606192,
        "osm_type": "node",
        "name": "Villa Niki",
        "tourism": "hostel"
      }
    },
    {
      "type": "Feature",
      "geometry": {
        "type": "Point",
        "coordinates": [
          18.1040646,
          42.6416601
        ]
      },
      "properties": {
        "id": 4272048090,
        "osm_type": "node",
        "name": "Rooms Kortizija",
        "tourism": "motel",
        "phone": "+385958756243",
        "website": "http://privateaccomodationkortizija.com"
      }
    },
    {
      "type": "Feature",
      "geometry": {
        "type": "Point",
        "coordinates": [
          18.2008895,
          42.627233
        ]
      },
      "properties": {
        "id": 4277706769,
        "osm_type": "node",
        "name": "Benic Apartments",
        "tourism": "guest_house"
      }
    },
    {
      "type": "Feature",
      "geometry": {
        "type": "Point",
        "coordinates": [
          18.1959286,
          42.6234325
        ]
      },
      "properties": {
        "id": 4282224290,
        "osm_type": "node",
        "name": "Sheraton Dubrovnik Riviera Hotel",
        "tourism": "hotel",
        "opening_hours": "24/7",
        "phone": "+38520601500"
      }
    },
    {
      "type": "Feature",
      "geometry": {
        "type": "Point",
        "coordinates": [
          18.2020028,
          42.6244834
        ]
      },
      "properties": {
        "id": 4293812866,
        "osm_type": "node",
        "name": "Mlini Apartments",
        "tourism": "hotel"
      }
    },
    {
      "type": "Feature",
      "geometry": {
        "type": "Point",
        "coordinates": [
          18.3658119,
          42.5168432
        ]
      },
      "properties": {
        "id": 4355690188,
        "osm_type": "node",
        "name": "Duras Appartements",
        "tourism": "guest_house"
      }
    },
    {
      "type": "Feature",
      "geometry": {
        "type": "Point",
        "coordinates": [
          18.0106886,
          42.7013904
        ]
      },
      "properties": {
        "id": 4378965359,
        "osm_type": "node",
        "name": "Villa La Vagabonda",
        "tourism": "chalet",
        "opening_hours": "24/7",
        "contact:phone": "+385 98 181 4194",
        "website": "https://www.lavagabonda.hr/"
      }
    },
    {
      "type": "Feature",
      "geometry": {
        "type": "Point",
        "coordinates": [
          18.0745169,
          42.6599555
        ]
      },
      "properties": {
        "id": 4383712605,
        "osm_type": "node",
        "name": "Apartments Sandra Solitudo",
        "tourism": "guest_house"
      }
    },
    {
      "type": "Feature",
      "geometry": {
        "type": "Point",
        "coordinates": [
          18.1093775,
          42.6420144
        ]
      },
      "properties": {
        "id": 4384897691,
        "osm_type": "node",
        "name": "ip studio apartments",
        "tourism": "guest_house"
      }
    },
    {
      "type": "Feature",
      "geometry": {
        "type": "Point",
        "coordinates": [
          17.1345336,
          42.9482463
        ]
      },
      "properties": {
        "id": 4394916192,
        "osm_type": "node",
        "name": "Korculapa",
        "tourism": "guest_house"
      }
    },
    {
      "type": "Feature",
      "geometry": {
        "type": "Point",
        "coordinates": [
          17.4247663,
          43.1389785
        ]
      },
      "properties": {
        "id": 4425362093,
        "osm_type": "node",
        "name": "Staševica kuća",
        "tourism": "guest_house"
      }
    },
    {
      "type": "Feature",
      "geometry": {
        "type": "Point",
        "coordinates": [
          17.9080314,
          42.7103957
        ]
      },
      "properties": {
        "id": 4448818620,
        "osm_type": "node",
        "name": "Guest House Daničić",
        "tourism": "guest_house",
        "phone": "+385 91 518 7222"
      }
    },
    {
      "type": "Feature",
      "geometry": {
        "type": "Point",
        "coordinates": [
          17.2323071,
          42.9758773
        ]
      },
      "properties": {
        "id": 4472738503,
        "osm_type": "node",
        "name": "Villa Antonio",
        "tourism": "hotel",
        "website": "http://www.castle-antonio.net/"
      }
    },
    {
      "type": "Feature",
      "geometry": {
        "type": "Point",
        "coordinates": [
          18.1958141,
          42.6290411
        ]
      },
      "properties": {
        "id": 4498694889,
        "osm_type": "node",
        "name": "Apartments Svagusa",
        "tourism": "guest_house",
        "website": "http://www.villa-svagusa.com"
      }
    },
    {
      "type": "Feature",
      "geometry": {
        "type": "Point",
        "coordinates": [
          17.1400465,
          42.9761997
        ]
      },
      "properties": {
        "id": 4652488544,
        "osm_type": "node",
        "name": "Casa Anica",
        "tourism": "chalet"
      }
    },
    {
      "type": "Feature",
      "geometry": {
        "type": "Point",
        "coordinates": [
          17.8744436,
          42.7830527
        ]
      },
      "properties": {
        "id": 4681272470,
        "osm_type": "node",
        "name": "SlanoBayApartments",
        "tourism": "apartment",
        "phone": "+385 91 7353844",
        "website": "www.slanobayapartments.com"
      }
    },
    {
      "type": "Feature",
      "geometry": {
        "type": "Point",
        "coordinates": [
          17.5637804,
          42.9436028
        ]
      },
      "properties": {
        "id": 4697270889,
        "osm_type": "node",
        "tourism": "hotel"
      }
    },
    {
      "type": "Feature",
      "geometry": {
        "type": "Point",
        "coordinates": [
          17.0286017,
          43.0314767
        ]
      },
      "properties": {
        "id": 4746755623,
        "osm_type": "node",
        "name": "Jerkovic Apartmani",
        "tourism": "apartment",
        "opening_hours": "24/7",
        "phone": "+385 98 265750"
      }
    },
    {
      "type": "Feature",
      "geometry": {
        "type": "Point",
        "coordinates": [
          16.6667771,
          42.928864
        ]
      },
      "properties": {
        "id": 4754066984,
        "osm_type": "node",
        "name": "Dvi obale",
        "tourism": "apartment"
      }
    },
    {
      "type": "Feature",
      "geometry": {
        "type": "Point",
        "coordinates": [
          18.1082624,
          42.6413671
        ]
      },
      "properties": {
        "id": 4783075457,
        "osm_type": "node",
        "name": "Apartman",
        "tourism": "apartment"
      }
    },
    {
      "type": "Feature",
      "geometry": {
        "type": "Point",
        "coordinates": [
          18.0068267,
          42.699743
        ]
      },
      "properties": {
        "id": 4871834322,
        "osm_type": "node",
        "tourism": "camp_site"
      }
    },
    {
      "type": "Feature",
      "geometry": {
        "type": "Point",
        "coordinates": [
          17.1660041,
          42.9241771
        ]
      },
      "properties": {
        "id": 4883897137,
        "osm_type": "node",
        "name": "Katarina",
        "tourism": "guest_house"
      }
    },
    {
      "type": "Feature",
      "geometry": {
        "type": "Point",
        "coordinates": [
          18.1932008,
          42.6244675
        ]
      },
      "properties": {
        "id": 4915474321,
        "osm_type": "node",
        "name": "Autocamp Matkovica",
        "tourism": "caravan_site"
      }
    },
    {
      "type": "Feature",
      "geometry": {
        "type": "Point",
        "coordinates": [
          17.1306246,
          42.9606971
        ]
      },
      "properties": {
        "id": 4952148284,
        "osm_type": "node",
        "name": "Apartment Emilija",
        "tourism": "apartment"
      }
    },
    {
      "type": "Feature",
      "geometry": {
        "type": "Point",
        "coordinates": [
          17.1355331,
          42.9620511
        ]
      },
      "properties": {
        "id": 5004405621,
        "osm_type": "node",
        "name": "Apartmani Ardelić",
        "tourism": "hostel"
      }
    },
    {
      "type": "Feature",
      "geometry": {
        "type": "Point",
        "coordinates": [
          17.4248433,
          43.0724183
        ]
      },
      "properties": {
        "id": 5008422528,
        "osm_type": "node",
        "name": "Apartment Cvijanovic",
        "tourism": "apartment"
      }
    },
    {
      "type": "Feature",
      "geometry": {
        "type": "Point",
        "coordinates": [
          18.0702225,
          42.6610255
        ]
      },
      "properties": {
        "id": 5012782319,
        "osm_type": "node",
        "name": "Pervanovo Apartments",
        "tourism": "apartment",
        "phone": "+38520362900",
        "website": "https://www.pervanovo.com/pervanovo-apartments"
      }
    },
    {
      "type": "Feature",
      "geometry": {
        "type": "Point",
        "coordinates": [
          18.22272,
          42.5783952
        ]
      },
      "properties": {
        "id": 5036309921,
        "osm_type": "node",
        "name": "Croatia Cvatat",
        "tourism": "guest_house"
      }
    },
    {
      "type": "Feature",
      "geometry": {
        "type": "Point",
        "coordinates": [
          16.820966,
          42.7659072
        ]
      },
      "properties": {
        "id": 5073992953,
        "osm_type": "node",
        "name": "Aparments Madirazza",
        "tourism": "guest_house"
      }
    },
    {
      "type": "Feature",
      "geometry": {
        "type": "Point",
        "coordinates": [
          17.1332066,
          42.9598915
        ]
      },
      "properties": {
        "id": 5111373523,
        "osm_type": "node",
        "tourism": "guest_house"
      }
    },
    {
      "type": "Feature",
      "geometry": {
        "type": "Point",
        "coordinates": [
          17.1333578,
          42.9604946
        ]
      },
      "properties": {
        "id": 5111489822,
        "osm_type": "node",
        "tourism": "guest_house"
      }
    },
    {
      "type": "Feature",
      "geometry": {
        "type": "Point",
        "coordinates": [
          17.4545361,
          42.893251
        ]
      },
      "properties": {
        "id": 5128745721,
        "osm_type": "node",
        "name": "Cavelis",
        "tourism": "guest_house"
      }
    },
    {
      "type": "Feature",
      "geometry": {
        "type": "Point",
        "coordinates": [
          18.2181962,
          42.5818523
        ]
      },
      "properties": {
        "id": 5146747521,
        "osm_type": "node",
        "tourism": "hotel"
      }
    },
    {
      "type": "Feature",
      "geometry": {
        "type": "Point",
        "coordinates": [
          18.0984685,
          42.6455425
        ]
      },
      "properties": {
        "id": 5165796421,
        "osm_type": "node",
        "name": "Harlekin",
        "tourism": "guest_house"
      }
    },
    {
      "type": "Feature",
      "geometry": {
        "type": "Point",
        "coordinates": [
          17.1320662,
          42.9608122
        ]
      },
      "properties": {
        "id": 5172629621,
        "osm_type": "node",
        "name": "Apartmens “Ela & Roko” family Ojdanić",
        "tourism": "apartment",
        "opening_hours": "24/7",
        "phone": "+385915152555",
        "website": "http://www.korcula-roko.com"
      }
    },
    {
      "type": "Feature",
      "geometry": {
        "type": "Point",
        "coordinates": [
          18.1104208,
          42.6395986
        ]
      },
      "properties": {
        "id": 5202293743,
        "osm_type": "node",
        "name": "Talir",
        "tourism": "apartment"
      }
    },
    {
      "type": "Feature",
      "geometry": {
        "type": "Point",
        "coordinates": [
          17.6898851,
          42.8581736
        ]
      },
      "properties": {
        "id": 5511898017,
        "osm_type": "node",
        "name": "Villa Menalo",
        "tourism": "hotel"
      }
    },
    {
      "type": "Feature",
      "geometry": {
        "type": "Point",
        "coordinates": [
          17.4549489,
          42.8927564
        ]
      },
      "properties": {
        "id": 5646244032,
        "osm_type": "node",
        "name": "Žuljana Sunce campsite",
        "tourism": "camp_site",
        "phone": "+385996683128",
        "website": "https://www.suncezuljana.com/camping"
      }
    },
    {
      "type": "Feature",
      "geometry": {
        "type": "Point",
        "coordinates": [
          18.0771218,
          42.6520277
        ]
      },
      "properties": {
        "id": 5676327121,
        "osm_type": "node",
        "name": "Afrodita Aprtments",
        "tourism": "apartment"
      }
    },
    {
      "type": "Feature",
      "geometry": {
        "type": "Point",
        "coordinates": [
          17.4227089,
          43.0637379
        ]
      },
      "properties": {
        "id": 5697165258,
        "osm_type": "node",
        "name": "Apartman Tea",
        "tourism": "apartment"
      }
    },
    {
      "type": "Feature",
      "geometry": {
        "type": "Point",
        "coordinates": [
          18.2258729,
          42.5740763
        ]
      },
      "properties": {
        "id": 5766941078,
        "osm_type": "node",
        "name": "Stella Maris apartments",
        "tourism": "hotel"
      }
    },
    {
      "type": "Feature",
      "geometry": {
        "type": "Point",
        "coordinates": [
          18.2265627,
          42.5739779
        ]
      },
      "properties": {
        "id": 5766941079,
        "osm_type": "node",
        "name": "Apartments Doris",
        "tourism": "hotel"
      }
    },
    {
      "type": "Feature",
      "geometry": {
        "type": "Point",
        "coordinates": [
          18.2435983,
          42.5760705
        ]
      },
      "properties": {
        "id": 5766941080,
        "osm_type": "node",
        "name": "Country house Pansion",
        "tourism": "hotel",
        "phone": "+385976808297",
        "website": "https://www.countryhousecavtat.com/en-us"
      }
    },
    {
      "type": "Feature",
      "geometry": {
        "type": "Point",
        "coordinates": [
          18.1076808,
          42.6410328
        ]
      },
      "properties": {
        "id": 5775519353,
        "osm_type": "node",
        "name": "lara",
        "tourism": "apartment"
      }
    },
    {
      "type": "Feature",
      "geometry": {
        "type": "Point",
        "coordinates": [
          18.1264785,
          42.6726855
        ]
      },
      "properties": {
        "id": 5814402401,
        "osm_type": "node",
        "name": "Apartments Silvija",
        "tourism": "apartment"
      }
    },
    {
      "type": "Feature",
      "geometry": {
        "type": "Point",
        "coordinates": [
          17.0318517,
          43.0276988
        ]
      },
      "properties": {
        "id": 5829335682,
        "osm_type": "node",
        "name": "Apartments Nujic",
        "tourism": "guest_house",
        "phone": "+385919324190",
        "website": "www.apartmani-peljesac.eu"
      }
    },
    {
      "type": "Feature",
      "geometry": {
        "type": "Point",
        "coordinates": [
          18.0767478,
          42.6522524
        ]
      },
      "properties": {
        "id": 5829703391,
        "osm_type": "node",
        "name": "Oaza",
        "tourism": "apartment"
      }
    },
    {
      "type": "Feature",
      "geometry": {
        "type": "Point",
        "coordinates": [
          18.1359879,
          42.6727508
        ]
      },
      "properties": {
        "id": 5848090886,
        "osm_type": "node",
        "tourism": "hostel"
      }
    },
    {
      "type": "Feature",
      "geometry": {
        "type": "Point",
        "coordinates": [
          17.8820616,
          42.7867562
        ]
      },
      "properties": {
        "id": 5859069907,
        "osm_type": "node",
        "name": "Apartmani Šišević",
        "tourism": "apartment",
        "phone": "+385 914711095",
        "website": "https://apartmani-sisevic.business.site/"
      }
    },
    {
      "type": "Feature",
      "geometry": {
        "type": "Point",
        "coordinates": [
          18.1104601,
          42.639336
        ]
      },
      "properties": {
        "id": 5903410785,
        "osm_type": "node",
        "name": "apart",
        "tourism": "apartment"
      }
    },
    {
      "type": "Feature",
      "geometry": {
        "type": "Point",
        "coordinates": [
          17.195496,
          42.9850104
        ]
      },
      "properties": {
        "id": 6160751185,
        "osm_type": "node",
        "name": "Vila Nina",
        "tourism": "apartment",
        "website": "https://www.stanovnik.eu/nekretnina/najljepsa-kuca-u-orebicu"
      }
    },
    {
      "type": "Feature",
      "geometry": {
        "type": "Point",
        "coordinates": [
          18.0957106,
          42.6485494
        ]
      },
      "properties": {
        "id": 6282490477,
        "osm_type": "node",
        "tourism": "hostel"
      }
    },
    {
      "type": "Feature",
      "geometry": {
        "type": "Point",
        "coordinates": [
          18.2165979,
          42.6153005
        ]
      },
      "properties": {
        "id": 6391614765,
        "osm_type": "node",
        "name": "Villa Soline",
        "tourism": "chalet",
        "opening_hours": "24/7",
        "phone": "+385914123445",
        "website": "www.villasolinedubrovnik.com"
      }
    },
    {
      "type": "Feature",
      "geometry": {
        "type": "Point",
        "coordinates": [
          18.1097377,
          42.6418072
        ]
      },
      "properties": {
        "id": 6443827717,
        "osm_type": "node",
        "tourism": "guest_house"
      }
    },
    {
      "type": "Feature",
      "geometry": {
        "type": "Point",
        "coordinates": [
          17.0942793,
          42.9637345
        ]
      },
      "properties": {
        "id": 6577900685,
        "osm_type": "node",
        "tourism": "apartment"
      }
    },
    {
      "type": "Feature",
      "geometry": {
        "type": "Point",
        "coordinates": [
          18.0940935,
          42.6545824
        ]
      },
      "properties": {
        "id": 6590621285,
        "osm_type": "node",
        "tourism": "hostel"
      }
    },
    {
      "type": "Feature",
      "geometry": {
        "type": "Point",
        "coordinates": [
          16.8783309,
          42.7746733
        ]
      },
      "properties": {
        "id": 6605012786,
        "osm_type": "node",
        "name": "Apartmani Lešić Zaklopatica",
        "tourism": "apartment",
        "check_date": "2024-07-22"
      }
    },
    {
      "type": "Feature",
      "geometry": {
        "type": "Point",
        "coordinates": [
          18.0772483,
          42.6622832
        ]
      },
      "properties": {
        "id": 6617409287,
        "osm_type": "node",
        "name": "Villa Divine",
        "tourism": "hostel"
      }
    },
    {
      "type": "Feature",
      "geometry": {
        "type": "Point",
        "coordinates": [
          16.8146988,
          42.7475476
        ]
      },
      "properties": {
        "id": 6741885033,
        "osm_type": "node",
        "name": "Kamp Zaglav",
        "tourism": "camp_site",
        "phone": "+385 91 558 2116",
        "website": "http://www.kampzaglav.hr/hr/"
      }
    },
    {
      "type": "Feature",
      "geometry": {
        "type": "Point",
        "coordinates": [
          17.2246303,
          42.9767286
        ]
      },
      "properties": {
        "id": 6744485986,
        "osm_type": "node",
        "name": "Camp Ponta",
        "tourism": "camp_site",
        "phone": "+385 98 379 255",
        "website": "http://ponta.com/hr"
      }
    },
    {
      "type": "Feature",
      "geometry": {
        "type": "Point",
        "coordinates": [
          17.3771246,
          42.7853558
        ]
      },
      "properties": {
        "id": 6774520074,
        "osm_type": "node",
        "name": "Apartments Nodilo",
        "tourism": "guest_house",
        "phone": "+385 98 17 86 628"
      }
    },
    {
      "type": "Feature",
      "geometry": {
        "type": "Point",
        "coordinates": [
          18.1993264,
          42.6249586
        ]
      },
      "properties": {
        "id": 6789129391,
        "osm_type": "node",
        "name": "Papa",
        "tourism": "apartment"
      }
    },
    {
      "type": "Feature",
      "geometry": {
        "type": "Point",
        "coordinates": [
          18.1931412,
          42.6249132
        ]
      },
      "properties": {
        "id": 6789129396,
        "osm_type": "node",
        "name": "One Suite",
        "tourism": "hotel"
      }
    },
    {
      "type": "Feature",
      "geometry": {
        "type": "Point",
        "coordinates": [
          17.0281633,
          43.0232752
        ]
      },
      "properties": {
        "id": 6822025694,
        "osm_type": "node",
        "name": "Sobe Suzana Srhoj",
        "tourism": "guest_house",
        "phone": "+385 20 718-029"
      }
    },
    {
      "type": "Feature",
      "geometry": {
        "type": "Point",
        "coordinates": [
          17.0330746,
          43.0235373
        ]
      },
      "properties": {
        "id": 6906897312,
        "osm_type": "node",
        "name": "Apartments Tamaris",
        "tourism": "apartment"
      }
    },
    {
      "type": "Feature",
      "geometry": {
        "type": "Point",
        "coordinates": [
          18.0772256,
          42.6558792
        ]
      },
      "properties": {
        "id": 7007551093,
        "osm_type": "node",
        "name": "Dubrovnik Home",
        "tourism": "apartment"
      }
    },
    {
      "type": "Feature",
      "geometry": {
        "type": "Point",
        "coordinates": [
          18.0050452,
          42.7041756
        ]
      },
      "properties": {
        "id": 7607036798,
        "osm_type": "node",
        "name": "Apartment Sladisic",
        "tourism": "apartment",
        "phone": "+385 915577195",
        "website": "http://www.apartmentsladisic.com"
      }
    },
    {
      "type": "Feature",
      "geometry": {
        "type": "Point",
        "coordinates": [
          16.8922466,
          42.7331519
        ]
      },
      "properties": {
        "id": 7832019785,
        "osm_type": "node",
        "name": "Aparatami Anthony, Konoba Nautica",
        "tourism": "apartment",
        "opening_hours": "24/7",
        "phone": "+385(0)20801260",
        "website": "https://www.apartmani-anthony.com"
      }
    },
    {
      "type": "Feature",
      "geometry": {
        "type": "Point",
        "coordinates": [
          17.0218077,
          42.9744533
        ]
      },
      "properties": {
        "id": 7848664085,
        "osm_type": "node",
        "tourism": "apartment",
        "phone": "+385 98 920 4262"
      }
    },
    {
      "type": "Feature",
      "geometry": {
        "type": "Point",
        "coordinates": [
          17.6995555,
          42.8339864
        ]
      },
      "properties": {
        "id": 7931438346,
        "osm_type": "node",
        "name": "Apartment Rita",
        "tourism": "apartment"
      }
    },
    {
      "type": "Feature",
      "geometry": {
        "type": "Point",
        "coordinates": [
          17.086798,
          42.9860994
        ]
      },
      "properties": {
        "id": 8375532387,
        "osm_type": "node",
        "name": "Apartments Kuća nebeska",
        "tourism": "guest_house"
      }
    },
    {
      "type": "Feature",
      "geometry": {
        "type": "Point",
        "coordinates": [
          17.9411366,
          42.6918805
        ]
      },
      "properties": {
        "id": 8510786423,
        "osm_type": "node",
        "name": "Lopud 1483",
        "tourism": "hotel",
        "website": "https://www.lopud1483.com/"
      }
    },
    {
      "type": "Feature",
      "geometry": {
        "type": "Point",
        "coordinates": [
          18.0163676,
          42.6718411
        ]
      },
      "properties": {
        "id": 8541852600,
        "osm_type": "node",
        "name": "Apartment Iva&Andro",
        "tourism": "guest_house",
        "phone": "+385 95 881 9066"
      }
    },
    {
      "type": "Feature",
      "geometry": {
        "type": "Point",
        "coordinates": [
          18.0176642,
          42.6691529
        ]
      },
      "properties": {
        "id": 8541852603,
        "osm_type": "node",
        "name": "Apartment Lujak",
        "tourism": "guest_house"
      }
    },
    {
      "type": "Feature",
      "geometry": {
        "type": "Point",
        "coordinates": [
          18.0149064,
          42.6712446
        ]
      },
      "properties": {
        "id": 8541852609,
        "osm_type": "node",
        "name": "Villa Sea Dream Koločep",
        "tourism": "guest_house",
        "phone": "+385 20 638 194"
      }
    },
    {
      "type": "Feature",
      "geometry": {
        "type": "Point",
        "coordinates": [
          18.0142234,
          42.6762213
        ]
      },
      "properties": {
        "id": 8541852610,
        "osm_type": "node",
        "name": "Villa Belluvue",
        "tourism": "guest_house"
      }
    },
    {
      "type": "Feature",
      "geometry": {
        "type": "Point",
        "coordinates": [
          18.0085268,
          42.6786817
        ]
      },
      "properties": {
        "id": 8541852614,
        "osm_type": "node",
        "name": "Stone House Kalamota",
        "tourism": "guest_house",
        "phone": "+385 98 214 486"
      }
    },
    {
      "type": "Feature",
      "geometry": {
        "type": "Point",
        "coordinates": [
          18.0088843,
          42.6784172
        ]
      },
      "properties": {
        "id": 8541852615,
        "osm_type": "node",
        "name": "Guest House Butorac",
        "tourism": "guest_house",
        "phone": "+385 20 757 066"
      }
    },
    {
      "type": "Feature",
      "geometry": {
        "type": "Point",
        "coordinates": [
          18.0058681,
          42.6792864
        ]
      },
      "properties": {
        "id": 8541874418,
        "osm_type": "node",
        "name": "Apartment Esperanza",
        "tourism": "guest_house",
        "phone": "+385 20 425 121"
      }
    },
    {
      "type": "Feature",
      "geometry": {
        "type": "Point",
        "coordinates": [
          18.0023049,
          42.6771082
        ]
      },
      "properties": {
        "id": 8541874420,
        "osm_type": "node",
        "name": "Guest House Oreb",
        "tourism": "guest_house"
      }
    },
    {
      "type": "Feature",
      "geometry": {
        "type": "Point",
        "coordinates": [
          18.0021018,
          42.6776127
        ]
      },
      "properties": {
        "id": 8541874422,
        "osm_type": "node",
        "name": "Apartments Tereza",
        "tourism": "guest_house",
        "phone": "+385 20 436 814"
      }
    },
    {
      "type": "Feature",
      "geometry": {
        "type": "Point",
        "coordinates": [
          18.0010528,
          42.678819
        ]
      },
      "properties": {
        "id": 8541874423,
        "osm_type": "node",
        "name": "Rooms Mačus",
        "tourism": "guest_house",
        "check_date": "2025-10-31"
      }
    },
    {
      "type": "Feature",
      "geometry": {
        "type": "Point",
        "coordinates": [
          17.9429866,
          42.6922567
        ]
      },
      "properties": {
        "id": 8544095336,
        "osm_type": "node",
        "name": "Lopud Residence",
        "tourism": "hotel",
        "phone": "+385 20 362 822"
      }
    },
    {
      "type": "Feature",
      "geometry": {
        "type": "Point",
        "coordinates": [
          17.9433535,
          42.692025
        ]
      },
      "properties": {
        "id": 8544095337,
        "osm_type": "node",
        "name": "Apartments Mihajlovic",
        "tourism": "guest_house",
        "phone": "+385 20 759 047",
        "website": "https://lopudapartments.com/"
      }
    },
    {
      "type": "Feature",
      "geometry": {
        "type": "Point",
        "coordinates": [
          17.9420287,
          42.6912359
        ]
      },
      "properties": {
        "id": 8544095339,
        "osm_type": "node",
        "name": "Villa Vilina",
        "tourism": "hotel",
        "phone": "+385 20 759 333"
      }
    },
    {
      "type": "Feature",
      "geometry": {
        "type": "Point",
        "coordinates": [
          17.9424441,
          42.6897632
        ]
      },
      "properties": {
        "id": 8544095344,
        "osm_type": "node",
        "name": "Hotel Glavović",
        "tourism": "hotel",
        "phone": "+385 20 759 359",
        "website": "https://www.hotel-glavovic.hr/en/"
      }
    },
    {
      "type": "Feature",
      "geometry": {
        "type": "Point",
        "coordinates": [
          17.9419011,
          42.6879885
        ]
      },
      "properties": {
        "id": 8544095348,
        "osm_type": "node",
        "name": "Villa tete Mare",
        "tourism": "guest_house",
        "phone": "+385 20 759 100",
        "website": "http://www.villabirimisa.com/"
      }
    },
    {
      "type": "Feature",
      "geometry": {
        "type": "Point",
        "coordinates": [
          17.9411518,
          42.6878272
        ]
      },
      "properties": {
        "id": 8544095349,
        "osm_type": "node",
        "name": "Villa Lola",
        "tourism": "guest_house",
        "website": "https://www.villa-lola-lopud.com/"
      }
    },
    {
      "type": "Feature",
      "geometry": {
        "type": "Point",
        "coordinates": [
          17.942047,
          42.686246
        ]
      },
      "properties": {
        "id": 8544095355,
        "osm_type": "node",
        "name": "Guest House Zec",
        "tourism": "guest_house",
        "phone": "+385 20 638 194"
      }
    },
    {
      "type": "Feature",
      "geometry": {
        "type": "Point",
        "coordinates": [
          17.9424133,
          42.6848892
        ]
      },
      "properties": {
        "id": 8544095356,
        "osm_type": "node",
        "name": "Villa Mirjana",
        "tourism": "guest_house",
        "phone": "+385 20 759 191",
        "website": "https://villamirjana.com/"
      }
    },
    {
      "type": "Feature",
      "geometry": {
        "type": "Point",
        "coordinates": [
          17.9401311,
          42.6841314
        ]
      },
      "properties": {
        "id": 8544095359,
        "osm_type": "node",
        "name": "Villa Lopud",
        "tourism": "hotel",
        "phone": "+385 91 296 5338"
      }
    },
    {
      "type": "Feature",
      "geometry": {
        "type": "Point",
        "coordinates": [
          17.9377408,
          42.6853748
        ]
      },
      "properties": {
        "id": 8544095360,
        "osm_type": "node",
        "name": "Guest House Tomić",
        "tourism": "guest_house",
        "phone": "+385 98 639 142"
      }
    },
    {
      "type": "Feature",
      "geometry": {
        "type": "Point",
        "coordinates": [
          17.9344433,
          42.6855851
        ]
      },
      "properties": {
        "id": 8544095361,
        "osm_type": "node",
        "name": "Lazure Luxury apartments",
        "tourism": "hotel",
        "phone": "+385 20 450 300",
        "website": "https://www.lazure-apartments.com/"
      }
    },
    {
      "type": "Feature",
      "geometry": {
        "type": "Point",
        "coordinates": [
          17.9438098,
          42.6878117
        ]
      },
      "properties": {
        "id": 8544095362,
        "osm_type": "node",
        "name": "Villa Mandofia",
        "tourism": "guest_house"
      }
    },
    {
      "type": "Feature",
      "geometry": {
        "type": "Point",
        "coordinates": [
          17.9459221,
          42.689103
        ]
      },
      "properties": {
        "id": 8544095369,
        "osm_type": "node",
        "name": "Apartments Cervelin",
        "tourism": "guest_house"
      }
    },
    {
      "type": "Feature",
      "geometry": {
        "type": "Point",
        "coordinates": [
          17.9147661,
          42.7123135
        ]
      },
      "properties": {
        "id": 8544364018,
        "osm_type": "node",
        "name": "Guest House Šimunović",
        "tourism": "guest_house",
        "phone": "+385 98 984 1801"
      }
    },
    {
      "type": "Feature",
      "geometry": {
        "type": "Point",
        "coordinates": [
          17.9122706,
          42.7124646
        ]
      },
      "properties": {
        "id": 8544364019,
        "osm_type": "node",
        "name": "Villa BoN-Temps SS",
        "tourism": "guest_house",
        "phone": "+385 91 107 1999"
      }
    },
    {
      "type": "Feature",
      "geometry": {
        "type": "Point",
        "coordinates": [
          17.9101731,
          42.7112371
        ]
      },
      "properties": {
        "id": 8544364020,
        "osm_type": "node",
        "name": "Eco Apartments Kate",
        "tourism": "guest_house",
        "phone": "+385 92 348 9634"
      }
    },
    {
      "type": "Feature",
      "geometry": {
        "type": "Point",
        "coordinates": [
          17.9098487,
          42.7104092
        ]
      },
      "properties": {
        "id": 8544364023,
        "osm_type": "node",
        "name": "Apartments Emily",
        "tourism": "guest_house"
      }
    },
    {
      "type": "Feature",
      "geometry": {
        "type": "Point",
        "coordinates": [
          17.8606701,
          42.7299338
        ]
      },
      "properties": {
        "id": 8544364067,
        "osm_type": "node",
        "name": "Apartments Island Šipan",
        "tourism": "guest_house"
      }
    },
    {
      "type": "Feature",
      "geometry": {
        "type": "Point",
        "coordinates": [
          17.8609601,
          42.7296753
        ]
      },
      "properties": {
        "id": 8544364068,
        "osm_type": "node",
        "name": "Guest House Boroje",
        "tourism": "guest_house",
        "phone": "+385 20 638 194"
      }
    },
    {
      "type": "Feature",
      "geometry": {
        "type": "Point",
        "coordinates": [
          17.8626893,
          42.7274288
        ]
      },
      "properties": {
        "id": 8544364071,
        "osm_type": "node",
        "name": "BoN-Temps SL1",
        "tourism": "guest_house",
        "phone": "+385 91 107 1999"
      }
    },
    {
      "type": "Feature",
      "geometry": {
        "type": "Point",
        "coordinates": [
          17.8625631,
          42.7272588
        ]
      },
      "properties": {
        "id": 8544364072,
        "osm_type": "node",
        "name": "Hotel Šipan",
        "tourism": "hotel",
        "phone": "+385 20 361 700",
        "website": "https://www.hotel-sipan.com/"
      }
    },
    {
      "type": "Feature",
      "geometry": {
        "type": "Point",
        "coordinates": [
          17.9102908,
          42.7102203
        ]
      },
      "properties": {
        "id": 8551245114,
        "osm_type": "node",
        "name": "Apartment Mali Skoj",
        "tourism": "guest_house",
        "phone": "+385 20 638 194"
      }
    },
    {
      "type": "Feature",
      "geometry": {
        "type": "Point",
        "coordinates": [
          17.909332,
          42.711043
        ]
      },
      "properties": {
        "id": 8551245115,
        "osm_type": "node",
        "name": "Coral House",
        "tourism": "guest_house"
      }
    },
    {
      "type": "Feature",
      "geometry": {
        "type": "Point",
        "coordinates": [
          17.8993071,
          42.7114338
        ]
      },
      "properties": {
        "id": 8551245116,
        "osm_type": "node",
        "name": "Apartment Vukorep",
        "tourism": "guest_house"
      }
    },
    {
      "type": "Feature",
      "geometry": {
        "type": "Point",
        "coordinates": [
          17.9092744,
          42.7105694
        ]
      },
      "properties": {
        "id": 8551266917,
        "osm_type": "node",
        "name": "Apartment Pavlovic",
        "tourism": "guest_house"
      }
    },
    {
      "type": "Feature",
      "geometry": {
        "type": "Point",
        "coordinates": [
          17.9111401,
          42.7112981
        ]
      },
      "properties": {
        "id": 8551266919,
        "osm_type": "node",
        "name": "Apartment Tonka's Terrace",
        "tourism": "guest_house"
      }
    },
    {
      "type": "Feature",
      "geometry": {
        "type": "Point",
        "coordinates": [
          17.9116498,
          42.7118566
        ]
      },
      "properties": {
        "id": 8551266920,
        "osm_type": "node",
        "name": "Six-Bedroom Holiday Home in Sipan",
        "tourism": "guest_house"
      }
    },
    {
      "type": "Feature",
      "geometry": {
        "type": "Point",
        "coordinates": [
          17.9034347,
          42.7146347
        ]
      },
      "properties": {
        "id": 8551266921,
        "osm_type": "node",
        "name": "Villa Stella Maris",
        "tourism": "guest_house"
      }
    },
    {
      "type": "Feature",
      "geometry": {
        "type": "Point",
        "coordinates": [
          17.9097906,
          42.7105576
        ]
      },
      "properties": {
        "id": 8551266922,
        "osm_type": "node",
        "name": "Aparments Orica",
        "tourism": "guest_house",
        "phone": "+385 91 300 4414",
        "website": "http://www.villa-orica.com/en/default.asp"
      }
    },
    {
      "type": "Feature",
      "geometry": {
        "type": "Point",
        "coordinates": [
          17.9108702,
          42.7113198
        ]
      },
      "properties": {
        "id": 8551266923,
        "osm_type": "node",
        "name": "Villa Anka",
        "tourism": "guest_house"
      }
    },
    {
      "type": "Feature",
      "geometry": {
        "type": "Point",
        "coordinates": [
          17.9077673,
          42.7111359
        ]
      },
      "properties": {
        "id": 8551266924,
        "osm_type": "node",
        "name": "Holiday Home Kaštio-Šipan",
        "tourism": "guest_house",
        "phone": "+386 41 384 929"
      }
    },
    {
      "type": "Feature",
      "geometry": {
        "type": "Point",
        "coordinates": [
          17.8941954,
          42.7167398
        ]
      },
      "properties": {
        "id": 8551266925,
        "osm_type": "node",
        "name": "Villa Ella",
        "tourism": "guest_house",
        "phone": "+385 99 495 9501",
        "website": "https://www.villaelladubrovnik.com/"
      }
    },
    {
      "type": "Feature",
      "geometry": {
        "type": "Point",
        "coordinates": [
          17.8629231,
          42.7284679
        ]
      },
      "properties": {
        "id": 8551266927,
        "osm_type": "node",
        "name": "Studio Apartments & Rooms Lela",
        "tourism": "guest_house",
        "phone": "+385 95 550 8019"
      }
    },
    {
      "type": "Feature",
      "geometry": {
        "type": "Point",
        "coordinates": [
          17.8655731,
          42.7253078
        ]
      },
      "properties": {
        "id": 8551266928,
        "osm_type": "node",
        "name": "Bayview House",
        "tourism": "guest_house"
      }
    },
    {
      "type": "Feature",
      "geometry": {
        "type": "Point",
        "coordinates": [
          17.8570538,
          42.7348577
        ]
      },
      "properties": {
        "id": 8551266929,
        "osm_type": "node",
        "name": "Apartment Kod Jadranke",
        "tourism": "guest_house"
      }
    },
    {
      "type": "Feature",
      "geometry": {
        "type": "Point",
        "coordinates": [
          17.9385648,
          42.685704
        ]
      },
      "properties": {
        "id": 8557999202,
        "osm_type": "node",
        "name": "Pansion Tereza",
        "tourism": "guest_house"
      }
    },
    {
      "type": "Feature",
      "geometry": {
        "type": "Point",
        "coordinates": [
          17.9432895,
          42.6894052
        ]
      },
      "properties": {
        "id": 8557999208,
        "osm_type": "node",
        "name": "Apartments T&D",
        "tourism": "guest_house"
      }
    },
    {
      "type": "Feature",
      "geometry": {
        "type": "Point",
        "coordinates": [
          17.9400939,
          42.6854974
        ]
      },
      "properties": {
        "id": 8557999209,
        "osm_type": "node",
        "name": "Apartments Ana",
        "tourism": "guest_house",
        "phone": "+385 20 638 194"
      }
    },
    {
      "type": "Feature",
      "geometry": {
        "type": "Point",
        "coordinates": [
          17.9438839,
          42.6847399
        ]
      },
      "properties": {
        "id": 8557999210,
        "osm_type": "node",
        "name": "Villa Pincevic",
        "tourism": "guest_house"
      }
    },
    {
      "type": "Feature",
      "geometry": {
        "type": "Point",
        "coordinates": [
          17.9426503,
          42.6897872
        ]
      },
      "properties": {
        "id": 8557999215,
        "osm_type": "node",
        "name": "Rooms Milena",
        "tourism": "guest_house"
      }
    },
    {
      "type": "Feature",
      "geometry": {
        "type": "Point",
        "coordinates": [
          17.9454396,
          42.6878077
        ]
      },
      "properties": {
        "id": 8557999216,
        "osm_type": "node",
        "name": "Guesthouse Storelli",
        "tourism": "guest_house",
        "phone": "+385 98 512 866"
      }
    },
    {
      "type": "Feature",
      "geometry": {
        "type": "Point",
        "coordinates": [
          17.9371388,
          42.6856824
        ]
      },
      "properties": {
        "id": 8558003517,
        "osm_type": "node",
        "name": "Villa Birimiša",
        "tourism": "guest_house",
        "phone": "+385 20 759 100",
        "website": "http://www.villabirimisa.com/"
      }
    },
    {
      "type": "Feature",
      "geometry": {
        "type": "Point",
        "coordinates": [
          17.9419854,
          42.6886284
        ]
      },
      "properties": {
        "id": 8558003518,
        "osm_type": "node",
        "name": "Skipper's Suite",
        "tourism": "guest_house"
      }
    },
    {
      "type": "Feature",
      "geometry": {
        "type": "Point",
        "coordinates": [
          17.9437668,
          42.6917382
        ]
      },
      "properties": {
        "id": 8558003521,
        "osm_type": "node",
        "name": "Villa Aska",
        "tourism": "guest_house",
        "phone": "+385 20 759 047"
      }
    },
    {
      "type": "Feature",
      "geometry": {
        "type": "Point",
        "coordinates": [
          17.9419095,
          42.6888057
        ]
      },
      "properties": {
        "id": 8558003522,
        "osm_type": "node",
        "name": "Apartment Tina",
        "tourism": "guest_house"
      }
    },
    {
      "type": "Feature",
      "geometry": {
        "type": "Point",
        "coordinates": [
          17.9440391,
          42.6898982
        ]
      },
      "properties": {
        "id": 8558003523,
        "osm_type": "node",
        "name": "Villa Nisha",
        "tourism": "guest_house"
      }
    },
    {
      "type": "Feature",
      "geometry": {
        "type": "Point",
        "coordinates": [
          17.9450446,
          42.6890342
        ]
      },
      "properties": {
        "id": 8558003524,
        "osm_type": "node",
        "name": "Villa Divine",
        "tourism": "guest_house"
      }
    },
    {
      "type": "Feature",
      "geometry": {
        "type": "Point",
        "coordinates": [
          17.9453353,
          42.6849367
        ]
      },
      "properties": {
        "id": 8558003534,
        "osm_type": "node",
        "name": "Villa Authentica",
        "tourism": "guest_house",
        "phone": "+385 91 442 3303"
      }
    },
    {
      "type": "Feature",
      "geometry": {
        "type": "Point",
        "coordinates": [
          17.9422255,
          42.6879431
        ]
      },
      "properties": {
        "id": 8558003535,
        "osm_type": "node",
        "name": "Pinos Haus",
        "tourism": "guest_house",
        "phone": "+385 98 512 913"
      }
    },
    {
      "type": "Feature",
      "geometry": {
        "type": "Point",
        "coordinates": [
          18.0068325,
          42.6793797
        ]
      },
      "properties": {
        "id": 8558020793,
        "osm_type": "node",
        "name": "Villa Baburizza",
        "tourism": "guest_house"
      }
    },
    {
      "type": "Feature",
      "geometry": {
        "type": "Point",
        "coordinates": [
          18.007163,
          42.6771709
        ]
      },
      "properties": {
        "id": 8558020802,
        "osm_type": "node",
        "name": "Apartments Elica",
        "tourism": "guest_house"
      }
    },
    {
      "type": "Feature",
      "geometry": {
        "type": "Point",
        "coordinates": [
          18.0062983,
          42.6768902
        ]
      },
      "properties": {
        "id": 8558020803,
        "osm_type": "node",
        "name": "Apartments Maria",
        "tourism": "guest_house",
        "phone": "+385 20 757 006"
      }
    },
    {
      "type": "Feature",
      "geometry": {
        "type": "Point",
        "coordinates": [
          18.0071379,
          42.6789845
        ]
      },
      "properties": {
        "id": 8558020804,
        "osm_type": "node",
        "name": "Apartments Mišković",
        "tourism": "guest_house"
      }
    },
    {
      "type": "Feature",
      "geometry": {
        "type": "Point",
        "coordinates": [
          18.0212227,
          42.6684578
        ]
      },
      "properties": {
        "id": 8558020809,
        "osm_type": "node",
        "name": "Villa Kolocep Palazio",
        "tourism": "guest_house"
      }
    },
    {
      "type": "Feature",
      "geometry": {
        "type": "Point",
        "coordinates": [
          18.0151089,
          42.6708137
        ]
      },
      "properties": {
        "id": 8558020810,
        "osm_type": "node",
        "name": "Sandy Beach Apartments",
        "tourism": "guest_house"
      }
    },
    {
      "type": "Feature",
      "geometry": {
        "type": "Point",
        "coordinates": [
          18.1001125,
          42.6467355
        ]
      },
      "properties": {
        "id": 8882223318,
        "osm_type": "node",
        "name": "Hedera",
        "tourism": "hotel"
      }
    },
    {
      "type": "Feature",
      "geometry": {
        "type": "Point",
        "coordinates": [
          18.2219798,
          42.5816657
        ]
      },
      "properties": {
        "id": 9072990621,
        "osm_type": "node",
        "tourism": "apartment"
      }
    },
    {
      "type": "Feature",
      "geometry": {
        "type": "Point",
        "coordinates": [
          17.3443758,
          42.7878684
        ]
      },
      "properties": {
        "id": 9072990622,
        "osm_type": "node",
        "tourism": "guest_house"
      }
    },
    {
      "type": "Feature",
      "geometry": {
        "type": "Point",
        "coordinates": [
          16.7160894,
          42.9612992
        ]
      },
      "properties": {
        "id": 9083868717,
        "osm_type": "node",
        "name": "B&B Vela Luka",
        "tourism": "apartment",
        "website": "https://bb-vela-luka.business.site/"
      }
    },
    {
      "type": "Feature",
      "geometry": {
        "type": "Point",
        "coordinates": [
          18.1068889,
          42.6403104
        ]
      },
      "properties": {
        "id": 9107655117,
        "osm_type": "node",
        "name": "Imperia",
        "tourism": "apartment",
        "check_date": "2024-05-04"
      }
    },
    {
      "type": "Feature",
      "geometry": {
        "type": "Point",
        "coordinates": [
          17.0338882,
          43.0233586
        ]
      },
      "properties": {
        "id": 9114056728,
        "osm_type": "node",
        "name": "Pension Tamara",
        "tourism": "apartment"
      }
    },
    {
      "type": "Feature",
      "geometry": {
        "type": "Point",
        "coordinates": [
          18.1086041,
          42.642087
        ]
      },
      "properties": {
        "id": 9126515817,
        "osm_type": "node",
        "tourism": "hotel"
      }
    },
    {
      "type": "Feature",
      "geometry": {
        "type": "Point",
        "coordinates": [
          17.3456213,
          42.9237006
        ]
      },
      "properties": {
        "id": 9221868362,
        "osm_type": "node",
        "name": "Villa Maslina",
        "tourism": "apartment"
      }
    },
    {
      "type": "Feature",
      "geometry": {
        "type": "Point",
        "coordinates": [
          17.3479279,
          42.9232612
        ]
      },
      "properties": {
        "id": 9221874577,
        "osm_type": "node",
        "name": "Villa Dingac",
        "tourism": "apartment"
      }
    },
    {
      "type": "Feature",
      "geometry": {
        "type": "Point",
        "coordinates": [
          17.3460056,
          42.9234484
        ]
      },
      "properties": {
        "id": 9221875812,
        "osm_type": "node",
        "name": "Nikolica",
        "tourism": "apartment"
      }
    },
    {
      "type": "Feature",
      "geometry": {
        "type": "Point",
        "coordinates": [
          17.3486081,
          42.9220118
        ]
      },
      "properties": {
        "id": 9221876037,
        "osm_type": "node",
        "name": "Villa Gloria",
        "tourism": "apartment",
        "website": "http://www.villagloriadingac.com"
      }
    },
    {
      "type": "Feature",
      "geometry": {
        "type": "Point",
        "coordinates": [
          17.3486808,
          42.9211475
        ]
      },
      "properties": {
        "id": 9221876392,
        "osm_type": "node",
        "name": "Vinca Dingac",
        "tourism": "apartment"
      }
    },
    {
      "type": "Feature",
      "geometry": {
        "type": "Point",
        "coordinates": [
          17.3458115,
          42.9235171
        ]
      },
      "properties": {
        "id": 9221882815,
        "osm_type": "node",
        "name": "Jadranka",
        "tourism": "apartment"
      }
    },
    {
      "type": "Feature",
      "geometry": {
        "type": "Point",
        "coordinates": [
          17.3457877,
          42.9232358
        ]
      },
      "properties": {
        "id": 9221882920,
        "osm_type": "node",
        "name": "Simunovic",
        "tourism": "apartment"
      }
    },
    {
      "type": "Feature",
      "geometry": {
        "type": "Point",
        "coordinates": [
          17.3500016,
          42.9204293
        ]
      },
      "properties": {
        "id": 9272055448,
        "osm_type": "node",
        "name": "Villa Ana - Dingač",
        "tourism": "apartment"
      }
    },
    {
      "type": "Feature",
      "geometry": {
        "type": "Point",
        "coordinates": [
          17.8764885,
          42.784409
        ]
      },
      "properties": {
        "id": 9696752222,
        "osm_type": "node",
        "name": "Maslina",
        "tourism": "camp_site",
        "opening_hours": "May-Sep",
        "website": "https://camp-maslina.business.site"
      }
    },
    {
      "type": "Feature",
      "geometry": {
        "type": "Point",
        "coordinates": [
          18.1026825,
          42.642473
        ]
      },
      "properties": {
        "id": 9797455826,
        "osm_type": "node",
        "name": "Dormitorij",
        "tourism": "hostel",
        "phone": "+38520326320",
        "website": "https://www.dormitory.hr/"
      }
    },
    {
      "type": "Feature",
      "geometry": {
        "type": "Point",
        "coordinates": [
          18.092967,
          42.6506663
        ]
      },
      "properties": {
        "id": 9911404490,
        "osm_type": "node",
        "name": "Hostel 365 For U",
        "tourism": "hostel"
      }
    },
    {
      "type": "Feature",
      "geometry": {
        "type": "Point",
        "coordinates": [
          17.4280953,
          42.9255879
        ]
      },
      "properties": {
        "id": 9922176717,
        "osm_type": "node",
        "tourism": "apartment"
      }
    },
    {
      "type": "Feature",
      "geometry": {
        "type": "Point",
        "coordinates": [
          18.2497964,
          42.563344
        ]
      },
      "properties": {
        "id": 9941817951,
        "osm_type": "node",
        "name": "Sky Apartments",
        "tourism": "apartment",
        "phone": "+38 598 9763265"
      }
    },
    {
      "type": "Feature",
      "geometry": {
        "type": "Point",
        "coordinates": [
          16.8273077,
          42.7437891
        ]
      },
      "properties": {
        "id": 9964877785,
        "osm_type": "node",
        "tourism": "hotel"
      }
    },
    {
      "type": "Feature",
      "geometry": {
        "type": "Point",
        "coordinates": [
          18.2277888,
          42.6073511
        ]
      },
      "properties": {
        "id": 9986705385,
        "osm_type": "node",
        "name": "Laguna Autokamp",
        "tourism": "camp_site",
        "tents": "yes"
      }
    },
    {
      "type": "Feature",
      "geometry": {
        "type": "Point",
        "coordinates": [
          18.2277127,
          42.6072257
        ]
      },
      "properties": {
        "id": 9986705386,
        "osm_type": "node",
        "name": "Autokamp Paradiso",
        "tourism": "camp_site",
        "tents": "yes"
      }
    },
    {
      "type": "Feature",
      "geometry": {
        "type": "Point",
        "coordinates": [
          17.13998,
          42.9747795
        ]
      },
      "properties": {
        "id": 10042290892,
        "osm_type": "node",
        "name": "Villa Vrgorac",
        "tourism": "hotel",
        "website": "http://www.villa-vrgorac.com"
      }
    },
    {
      "type": "Feature",
      "geometry": {
        "type": "Point",
        "coordinates": [
          17.17389,
          42.9841264
        ]
      },
      "properties": {
        "id": 10043376701,
        "osm_type": "node",
        "name": "Kuća za odmor",
        "tourism": "apartment"
      }
    },
    {
      "type": "Feature",
      "geometry": {
        "type": "Point",
        "coordinates": [
          17.1778983,
          42.9776411
        ]
      },
      "properties": {
        "id": 10043388726,
        "osm_type": "node",
        "name": "Apartman",
        "tourism": "apartment"
      }
    },
    {
      "type": "Feature",
      "geometry": {
        "type": "Point",
        "coordinates": [
          17.1776947,
          42.9776632
        ]
      },
      "properties": {
        "id": 10043388727,
        "osm_type": "node",
        "name": "Apartman",
        "tourism": "apartment"
      }
    },
    {
      "type": "Feature",
      "geometry": {
        "type": "Point",
        "coordinates": [
          17.1735661,
          42.9756681
        ]
      },
      "properties": {
        "id": 10043389153,
        "osm_type": "node",
        "tourism": "apartment"
      }
    },
    {
      "type": "Feature",
      "geometry": {
        "type": "Point",
        "coordinates": [
          17.1820116,
          42.9770028
        ]
      },
      "properties": {
        "id": 10043389727,
        "osm_type": "node",
        "name": "Villa Vidić",
        "tourism": "apartment"
      }
    },
    {
      "type": "Feature",
      "geometry": {
        "type": "Point",
        "coordinates": [
          17.1895415,
          42.9811972
        ]
      },
      "properties": {
        "id": 10043390833,
        "osm_type": "node",
        "name": "Villa Charlotte",
        "tourism": "apartment"
      }
    },
    {
      "type": "Feature",
      "geometry": {
        "type": "Point",
        "coordinates": [
          17.1410234,
          42.9748553
        ]
      },
      "properties": {
        "id": 10043393229,
        "osm_type": "node",
        "name": "Apartmani marko",
        "tourism": "apartment"
      }
    },
    {
      "type": "Feature",
      "geometry": {
        "type": "Point",
        "coordinates": [
          17.1413032,
          42.9747611
        ]
      },
      "properties": {
        "id": 10043393230,
        "osm_type": "node",
        "name": "Apartmani jurkovic",
        "tourism": "apartment"
      }
    },
    {
      "type": "Feature",
      "geometry": {
        "type": "Point",
        "coordinates": [
          17.1818738,
          42.9767834
        ]
      },
      "properties": {
        "id": 10043394732,
        "osm_type": "node",
        "tourism": "apartment"
      }
    },
    {
      "type": "Feature",
      "geometry": {
        "type": "Point",
        "coordinates": [
          17.1707448,
          42.9765123
        ]
      },
      "properties": {
        "id": 10043396893,
        "osm_type": "node",
        "name": "Apartmani Villa Roso",
        "tourism": "apartment"
      }
    },
    {
      "type": "Feature",
      "geometry": {
        "type": "Point",
        "coordinates": [
          17.1705202,
          42.976481
        ]
      },
      "properties": {
        "id": 10043396894,
        "osm_type": "node",
        "name": "Apartmani Villa Sally",
        "tourism": "apartment"
      }
    },
    {
      "type": "Feature",
      "geometry": {
        "type": "Point",
        "coordinates": [
          17.1702763,
          42.9764657
        ]
      },
      "properties": {
        "id": 10043396897,
        "osm_type": "node",
        "name": "Apartmani Kristina",
        "tourism": "apartment"
      }
    },
    {
      "type": "Feature",
      "geometry": {
        "type": "Point",
        "coordinates": [
          17.1699999,
          42.9763903
        ]
      },
      "properties": {
        "id": 10043396898,
        "osm_type": "node",
        "name": "Villa Agnes",
        "tourism": "apartment"
      }
    },
    {
      "type": "Feature",
      "geometry": {
        "type": "Point",
        "coordinates": [
          17.1678512,
          42.9750715
        ]
      },
      "properties": {
        "id": 10043408392,
        "osm_type": "node",
        "name": "Apartments Šurjak",
        "tourism": "apartment"
      }
    },
    {
      "type": "Feature",
      "geometry": {
        "type": "Point",
        "coordinates": [
          17.1827963,
          42.9762762
        ]
      },
      "properties": {
        "id": 10043413316,
        "osm_type": "node",
        "tourism": "apartment"
      }
    },
    {
      "type": "Feature",
      "geometry": {
        "type": "Point",
        "coordinates": [
          17.1882171,
          42.9778692
        ]
      },
      "properties": {
        "id": 10043420894,
        "osm_type": "node",
        "tourism": "apartment"
      }
    },
    {
      "type": "Feature",
      "geometry": {
        "type": "Point",
        "coordinates": [
          17.1661825,
          42.9758506
        ]
      },
      "properties": {
        "id": 10043424417,
        "osm_type": "node",
        "tourism": "apartment"
      }
    },
    {
      "type": "Feature",
      "geometry": {
        "type": "Point",
        "coordinates": [
          17.165678,
          42.9758551
        ]
      },
      "properties": {
        "id": 10043424418,
        "osm_type": "node",
        "tourism": "apartment"
      }
    },
    {
      "type": "Feature",
      "geometry": {
        "type": "Point",
        "coordinates": [
          17.1659372,
          42.9758523
        ]
      },
      "properties": {
        "id": 10043424419,
        "osm_type": "node",
        "tourism": "apartment"
      }
    },
    {
      "type": "Feature",
      "geometry": {
        "type": "Point",
        "coordinates": [
          17.1808147,
          42.9784627
        ]
      },
      "properties": {
        "id": 10043437464,
        "osm_type": "node",
        "tourism": "apartment"
      }
    },
    {
      "type": "Feature",
      "geometry": {
        "type": "Point",
        "coordinates": [
          17.1810483,
          42.9785771
        ]
      },
      "properties": {
        "id": 10043437465,
        "osm_type": "node",
        "tourism": "apartment"
      }
    },
    {
      "type": "Feature",
      "geometry": {
        "type": "Point",
        "coordinates": [
          17.1810586,
          42.9785192
        ]
      },
      "properties": {
        "id": 10043437466,
        "osm_type": "node",
        "tourism": "apartment"
      }
    },
    {
      "type": "Feature",
      "geometry": {
        "type": "Point",
        "coordinates": [
          17.1461649,
          42.974965
        ]
      },
      "properties": {
        "id": 10043443366,
        "osm_type": "node",
        "name": "Apartment Eva",
        "tourism": "apartment"
      }
    },
    {
      "type": "Feature",
      "geometry": {
        "type": "Point",
        "coordinates": [
          17.1461728,
          42.9748563
        ]
      },
      "properties": {
        "id": 10043443367,
        "osm_type": "node",
        "tourism": "apartment"
      }
    },
    {
      "type": "Feature",
      "geometry": {
        "type": "Point",
        "coordinates": [
          17.1741184,
          42.9763924
        ]
      },
      "properties": {
        "id": 10043467637,
        "osm_type": "node",
        "tourism": "apartment"
      }
    },
    {
      "type": "Feature",
      "geometry": {
        "type": "Point",
        "coordinates": [
          17.1744924,
          42.9762283
        ]
      },
      "properties": {
        "id": 10043467638,
        "osm_type": "node",
        "tourism": "apartment"
      }
    },
    {
      "type": "Feature",
      "geometry": {
        "type": "Point",
        "coordinates": [
          17.1814558,
          42.9772597
        ]
      },
      "properties": {
        "id": 10043468243,
        "osm_type": "node",
        "tourism": "apartment"
      }
    },
    {
      "type": "Feature",
      "geometry": {
        "type": "Point",
        "coordinates": [
          17.1774513,
          42.9765235
        ]
      },
      "properties": {
        "id": 10043482829,
        "osm_type": "node",
        "tourism": "apartment"
      }
    },
    {
      "type": "Feature",
      "geometry": {
        "type": "Point",
        "coordinates": [
          17.181777,
          42.9760631
        ]
      },
      "properties": {
        "id": 10043487180,
        "osm_type": "node",
        "tourism": "apartment"
      }
    },
    {
      "type": "Feature",
      "geometry": {
        "type": "Point",
        "coordinates": [
          17.1778425,
          42.9764774
        ]
      },
      "properties": {
        "id": 10043489824,
        "osm_type": "node",
        "name": "Apartman Jasenka",
        "tourism": "apartment"
      }
    },
    {
      "type": "Feature",
      "geometry": {
        "type": "Point",
        "coordinates": [
          17.1775267,
          42.9764179
        ]
      },
      "properties": {
        "id": 10043489825,
        "osm_type": "node",
        "tourism": "apartment"
      }
    },
    {
      "type": "Feature",
      "geometry": {
        "type": "Point",
        "coordinates": [
          17.188388,
          42.9759804
        ]
      },
      "properties": {
        "id": 10043501347,
        "osm_type": "node",
        "name": "Apartments Tomašević",
        "tourism": "apartment"
      }
    },
    {
      "type": "Feature",
      "geometry": {
        "type": "Point",
        "coordinates": [
          17.1864319,
          42.9799196
        ]
      },
      "properties": {
        "id": 10043501349,
        "osm_type": "node",
        "tourism": "apartment"
      }
    },
    {
      "type": "Feature",
      "geometry": {
        "type": "Point",
        "coordinates": [
          17.1847219,
          42.9794409
        ]
      },
      "properties": {
        "id": 10043518990,
        "osm_type": "node",
        "tourism": "apartment"
      }
    },
    {
      "type": "Feature",
      "geometry": {
        "type": "Point",
        "coordinates": [
          17.1828457,
          42.9780798
        ]
      },
      "properties": {
        "id": 10043520122,
        "osm_type": "node",
        "tourism": "apartment"
      }
    },
    {
      "type": "Feature",
      "geometry": {
        "type": "Point",
        "coordinates": [
          17.180408,
          42.9770681
        ]
      },
      "properties": {
        "id": 10043523630,
        "osm_type": "node",
        "tourism": "apartment"
      }
    },
    {
      "type": "Feature",
      "geometry": {
        "type": "Point",
        "coordinates": [
          17.1701932,
          42.9760922
        ]
      },
      "properties": {
        "id": 10043526273,
        "osm_type": "node",
        "name": "Lulak Family Apartments",
        "tourism": "apartment"
      }
    },
    {
      "type": "Feature",
      "geometry": {
        "type": "Point",
        "coordinates": [
          17.1430359,
          42.9747918
        ]
      },
      "properties": {
        "id": 10045871954,
        "osm_type": "node",
        "name": "Villa Perna",
        "tourism": "apartment"
      }
    },
    {
      "type": "Feature",
      "geometry": {
        "type": "Point",
        "coordinates": [
          17.143771,
          42.9750311
        ]
      },
      "properties": {
        "id": 10045871955,
        "osm_type": "node",
        "tourism": "apartment"
      }
    },
    {
      "type": "Feature",
      "geometry": {
        "type": "Point",
        "coordinates": [
          17.1433991,
          42.9750252
        ]
      },
      "properties": {
        "id": 10045871956,
        "osm_type": "node",
        "tourism": "apartment"
      }
    },
    {
      "type": "Feature",
      "geometry": {
        "type": "Point",
        "coordinates": [
          17.1428832,
          42.975021
        ]
      },
      "properties": {
        "id": 10045871957,
        "osm_type": "node",
        "tourism": "apartment"
      }
    },
    {
      "type": "Feature",
      "geometry": {
        "type": "Point",
        "coordinates": [
          17.1890144,
          42.9760419
        ]
      },
      "properties": {
        "id": 10045901956,
        "osm_type": "node",
        "name": "Villa Melita",
        "tourism": "apartment"
      }
    },
    {
      "type": "Feature",
      "geometry": {
        "type": "Point",
        "coordinates": [
          17.1887091,
          42.975851
        ]
      },
      "properties": {
        "id": 10045901957,
        "osm_type": "node",
        "name": "Apartmani Pretner",
        "tourism": "apartment"
      }
    },
    {
      "type": "Feature",
      "geometry": {
        "type": "Point",
        "coordinates": [
          17.188886,
          42.9758858
        ]
      },
      "properties": {
        "id": 10045901958,
        "osm_type": "node",
        "tourism": "apartment"
      }
    },
    {
      "type": "Feature",
      "geometry": {
        "type": "Point",
        "coordinates": [
          17.1396054,
          42.9749779
        ]
      },
      "properties": {
        "id": 10045925234,
        "osm_type": "node",
        "name": "Apartmani Jadra",
        "tourism": "apartment"
      }
    },
    {
      "type": "Feature",
      "geometry": {
        "type": "Point",
        "coordinates": [
          17.1451687,
          42.9752038
        ]
      },
      "properties": {
        "id": 10045931828,
        "osm_type": "node",
        "tourism": "apartment"
      }
    },
    {
      "type": "Feature",
      "geometry": {
        "type": "Point",
        "coordinates": [
          17.1444451,
          42.9752342
        ]
      },
      "properties": {
        "id": 10045931831,
        "osm_type": "node",
        "tourism": "apartment"
      }
    },
    {
      "type": "Feature",
      "geometry": {
        "type": "Point",
        "coordinates": [
          17.1689281,
          42.9752051
        ]
      },
      "properties": {
        "id": 10045934108,
        "osm_type": "node",
        "name": "Villa Iva Apartmani",
        "tourism": "apartment"
      }
    },
    {
      "type": "Feature",
      "geometry": {
        "type": "Point",
        "coordinates": [
          17.1671338,
          42.9752457
        ]
      },
      "properties": {
        "id": 10045934109,
        "osm_type": "node",
        "name": "Apartment Colonia",
        "tourism": "apartment"
      }
    },
    {
      "type": "Feature",
      "geometry": {
        "type": "Point",
        "coordinates": [
          17.1692906,
          42.9757881
        ]
      },
      "properties": {
        "id": 10045934110,
        "osm_type": "node",
        "tourism": "apartment"
      }
    },
    {
      "type": "Feature",
      "geometry": {
        "type": "Point",
        "coordinates": [
          17.1663938,
          42.9751014
        ]
      },
      "properties": {
        "id": 10045934111,
        "osm_type": "node",
        "name": "Villa Andrea",
        "tourism": "apartment"
      }
    },
    {
      "type": "Feature",
      "geometry": {
        "type": "Point",
        "coordinates": [
          17.1663828,
          42.9758718
        ]
      },
      "properties": {
        "id": 10045934112,
        "osm_type": "node",
        "tourism": "apartment"
      }
    },
    {
      "type": "Feature",
      "geometry": {
        "type": "Point",
        "coordinates": [
          17.1656075,
          42.9752675
        ]
      },
      "properties": {
        "id": 10045934113,
        "osm_type": "node",
        "name": "Apartments „Borovina”",
        "tourism": "apartment"
      }
    },
    {
      "type": "Feature",
      "geometry": {
        "type": "Point",
        "coordinates": [
          17.1654251,
          42.9751539
        ]
      },
      "properties": {
        "id": 10045934114,
        "osm_type": "node",
        "name": "Apartments Marijan Sea & Pine Paradise",
        "tourism": "apartment"
      }
    },
    {
      "type": "Feature",
      "geometry": {
        "type": "Point",
        "coordinates": [
          17.1653494,
          42.975887
        ]
      },
      "properties": {
        "id": 10045934115,
        "osm_type": "node",
        "tourism": "apartment"
      }
    },
    {
      "type": "Feature",
      "geometry": {
        "type": "Point",
        "coordinates": [
          17.1674278,
          42.9753601
        ]
      },
      "properties": {
        "id": 10045934116,
        "osm_type": "node",
        "name": "Apartmani Jadran",
        "tourism": "apartment"
      }
    },
    {
      "type": "Feature",
      "geometry": {
        "type": "Point",
        "coordinates": [
          17.1378596,
          42.9752624
        ]
      },
      "properties": {
        "id": 10045958469,
        "osm_type": "node",
        "name": "Apartmani Brajković",
        "tourism": "apartment"
      }
    },
    {
      "type": "Feature",
      "geometry": {
        "type": "Point",
        "coordinates": [
          17.1383522,
          42.9750563
        ]
      },
      "properties": {
        "id": 10045958471,
        "osm_type": "node",
        "tourism": "apartment"
      }
    },
    {
      "type": "Feature",
      "geometry": {
        "type": "Point",
        "coordinates": [
          17.1656313,
          42.9750928
        ]
      },
      "properties": {
        "id": 10045972417,
        "osm_type": "node",
        "name": "Apartments Duršanka",
        "tourism": "apartment"
      }
    },
    {
      "type": "Feature",
      "geometry": {
        "type": "Point",
        "coordinates": [
          17.1676842,
          42.9753824
        ]
      },
      "properties": {
        "id": 10045972418,
        "osm_type": "node",
        "tourism": "apartment"
      }
    },
    {
      "type": "Feature",
      "geometry": {
        "type": "Point",
        "coordinates": [
          17.1704602,
          42.9751742
        ]
      },
      "properties": {
        "id": 10045981503,
        "osm_type": "node",
        "tourism": "apartment"
      }
    },
    {
      "type": "Feature",
      "geometry": {
        "type": "Point",
        "coordinates": [
          17.1831856,
          42.9792688
        ]
      },
      "properties": {
        "id": 10045984002,
        "osm_type": "node",
        "tourism": "apartment"
      }
    },
    {
      "type": "Feature",
      "geometry": {
        "type": "Point",
        "coordinates": [
          17.1816676,
          42.9762598
        ]
      },
      "properties": {
        "id": 10045984003,
        "osm_type": "node",
        "name": "Villa Ljuba",
        "tourism": "apartment"
      }
    },
    {
      "type": "Feature",
      "geometry": {
        "type": "Point",
        "coordinates": [
          17.1820938,
          42.9759497
        ]
      },
      "properties": {
        "id": 10045984004,
        "osm_type": "node",
        "tourism": "apartment"
      }
    },
    {
      "type": "Feature",
      "geometry": {
        "type": "Point",
        "coordinates": [
          17.1827412,
          42.9765446
        ]
      },
      "properties": {
        "id": 10045984005,
        "osm_type": "node",
        "name": "Apartman Harfa",
        "tourism": "apartment"
      }
    },
    {
      "type": "Feature",
      "geometry": {
        "type": "Point",
        "coordinates": [
          17.1824112,
          42.9780315
        ]
      },
      "properties": {
        "id": 10045984006,
        "osm_type": "node",
        "tourism": "apartment"
      }
    },
    {
      "type": "Feature",
      "geometry": {
        "type": "Point",
        "coordinates": [
          17.1823148,
          42.9776445
        ]
      },
      "properties": {
        "id": 10045984007,
        "osm_type": "node",
        "tourism": "apartment"
      }
    },
    {
      "type": "Feature",
      "geometry": {
        "type": "Point",
        "coordinates": [
          17.1829946,
          42.9774909
        ]
      },
      "properties": {
        "id": 10045984008,
        "osm_type": "node",
        "tourism": "apartment"
      }
    },
    {
      "type": "Feature",
      "geometry": {
        "type": "Point",
        "coordinates": [
          17.1835887,
          42.9775457
        ]
      },
      "properties": {
        "id": 10045984009,
        "osm_type": "node",
        "tourism": "apartment"
      }
    },
    {
      "type": "Feature",
      "geometry": {
        "type": "Point",
        "coordinates": [
          17.1820796,
          42.977569
        ]
      },
      "properties": {
        "id": 10045984010,
        "osm_type": "node",
        "name": "Apartament Ekica",
        "tourism": "apartment"
      }
    },
    {
      "type": "Feature",
      "geometry": {
        "type": "Point",
        "coordinates": [
          17.1833765,
          42.9773614
        ]
      },
      "properties": {
        "id": 10045984011,
        "osm_type": "node",
        "tourism": "apartment"
      }
    },
    {
      "type": "Feature",
      "geometry": {
        "type": "Point",
        "coordinates": [
          17.1826799,
          42.9769843
        ]
      },
      "properties": {
        "id": 10045984012,
        "osm_type": "node",
        "name": "Apartman Mare ***",
        "tourism": "apartment"
      }
    },
    {
      "type": "Feature",
      "geometry": {
        "type": "Point",
        "coordinates": [
          17.1827491,
          42.9783428
        ]
      },
      "properties": {
        "id": 10045984013,
        "osm_type": "node",
        "tourism": "apartment"
      }
    },
    {
      "type": "Feature",
      "geometry": {
        "type": "Point",
        "coordinates": [
          17.1827434,
          42.9777398
        ]
      },
      "properties": {
        "id": 10045984014,
        "osm_type": "node",
        "tourism": "apartment"
      }
    },
    {
      "type": "Feature",
      "geometry": {
        "type": "Point",
        "coordinates": [
          17.177781,
          42.9778868
        ]
      },
      "properties": {
        "id": 10045985225,
        "osm_type": "node",
        "name": "IK apartaments",
        "tourism": "apartment"
      }
    },
    {
      "type": "Feature",
      "geometry": {
        "type": "Point",
        "coordinates": [
          17.1776772,
          42.9780538
        ]
      },
      "properties": {
        "id": 10045985226,
        "osm_type": "node",
        "tourism": "apartment"
      }
    },
    {
      "type": "Feature",
      "geometry": {
        "type": "Point",
        "coordinates": [
          17.1782038,
          42.9761272
        ]
      },
      "properties": {
        "id": 10045985227,
        "osm_type": "node",
        "name": "Apartmani Goran Orebic",
        "tourism": "apartment"
      }
    },
    {
      "type": "Feature",
      "geometry": {
        "type": "Point",
        "coordinates": [
          17.1777056,
          42.9776613
        ]
      },
      "properties": {
        "id": 10045985228,
        "osm_type": "node",
        "tourism": "apartment"
      }
    },
    {
      "type": "Feature",
      "geometry": {
        "type": "Point",
        "coordinates": [
          17.1776229,
          42.9773562
        ]
      },
      "properties": {
        "id": 10045985229,
        "osm_type": "node",
        "tourism": "apartment"
      }
    },
    {
      "type": "Feature",
      "geometry": {
        "type": "Point",
        "coordinates": [
          17.1797986,
          42.9765136
        ]
      },
      "properties": {
        "id": 10045985230,
        "osm_type": "node",
        "name": "Studio Apartman",
        "tourism": "apartment"
      }
    },
    {
      "type": "Feature",
      "geometry": {
        "type": "Point",
        "coordinates": [
          17.1778626,
          42.9762751
        ]
      },
      "properties": {
        "id": 10045985231,
        "osm_type": "node",
        "tourism": "apartment"
      }
    },
    {
      "type": "Feature",
      "geometry": {
        "type": "Point",
        "coordinates": [
          17.1776824,
          42.9768266
        ]
      },
      "properties": {
        "id": 10045985232,
        "osm_type": "node",
        "name": "Apartmani Klinci",
        "tourism": "apartment"
      }
    },
    {
      "type": "Feature",
      "geometry": {
        "type": "Point",
        "coordinates": [
          17.1775671,
          42.9762076
        ]
      },
      "properties": {
        "id": 10045985233,
        "osm_type": "node",
        "tourism": "apartment"
      }
    },
    {
      "type": "Feature",
      "geometry": {
        "type": "Point",
        "coordinates": [
          17.1794071,
          42.9766684
        ]
      },
      "properties": {
        "id": 10045985234,
        "osm_type": "node",
        "tourism": "apartment"
      }
    },
    {
      "type": "Feature",
      "geometry": {
        "type": "Point",
        "coordinates": [
          17.1801356,
          42.9769186
        ]
      },
      "properties": {
        "id": 10045985235,
        "osm_type": "node",
        "tourism": "apartment"
      }
    },
    {
      "type": "Feature",
      "geometry": {
        "type": "Point",
        "coordinates": [
          17.1778929,
          42.9776488
        ]
      },
      "properties": {
        "id": 10045985236,
        "osm_type": "node",
        "tourism": "apartment"
      }
    },
    {
      "type": "Feature",
      "geometry": {
        "type": "Point",
        "coordinates": [
          17.1765838,
          42.9766881
        ]
      },
      "properties": {
        "id": 10045985237,
        "osm_type": "node",
        "tourism": "apartment"
      }
    },
    {
      "type": "Feature",
      "geometry": {
        "type": "Point",
        "coordinates": [
          17.17394,
          42.9767979
        ]
      },
      "properties": {
        "id": 10045985240,
        "osm_type": "node",
        "tourism": "apartment"
      }
    },
    {
      "type": "Feature",
      "geometry": {
        "type": "Point",
        "coordinates": [
          17.1744625,
          42.9759747
        ]
      },
      "properties": {
        "id": 10045985241,
        "osm_type": "node",
        "tourism": "apartment"
      }
    },
    {
      "type": "Feature",
      "geometry": {
        "type": "Point",
        "coordinates": [
          17.1728434,
          42.9787315
        ]
      },
      "properties": {
        "id": 10045985243,
        "osm_type": "node",
        "name": "Apartmani",
        "tourism": "apartment"
      }
    },
    {
      "type": "Feature",
      "geometry": {
        "type": "Point",
        "coordinates": [
          17.1726563,
          42.978153
        ]
      },
      "properties": {
        "id": 10045985244,
        "osm_type": "node",
        "name": "Studio apartman",
        "tourism": "apartment"
      }
    },
    {
      "type": "Feature",
      "geometry": {
        "type": "Point",
        "coordinates": [
          17.1725736,
          42.9777605
        ]
      },
      "properties": {
        "id": 10045985245,
        "osm_type": "node",
        "name": "Lidia-Jomi apartmani",
        "tourism": "apartment"
      }
    },
    {
      "type": "Feature",
      "geometry": {
        "type": "Point",
        "coordinates": [
          17.1718553,
          42.9779559
        ]
      },
      "properties": {
        "id": 10045985246,
        "osm_type": "node",
        "name": "Apartman Marić",
        "tourism": "apartment"
      }
    },
    {
      "type": "Feature",
      "geometry": {
        "type": "Point",
        "coordinates": [
          17.1752833,
          42.9773055
        ]
      },
      "properties": {
        "id": 10045985248,
        "osm_type": "node",
        "name": "Apartmani Orion",
        "tourism": "apartment"
      }
    },
    {
      "type": "Feature",
      "geometry": {
        "type": "Point",
        "coordinates": [
          17.1754611,
          42.9779806
        ]
      },
      "properties": {
        "id": 10045985249,
        "osm_type": "node",
        "name": "Apartmani Marijela",
        "tourism": "apartment"
      }
    },
    {
      "type": "Feature",
      "geometry": {
        "type": "Point",
        "coordinates": [
          17.1774534,
          42.9783888
        ]
      },
      "properties": {
        "id": 10045985250,
        "osm_type": "node",
        "name": "Apartament Haus Heidi",
        "tourism": "apartment"
      }
    },
    {
      "type": "Feature",
      "geometry": {
        "type": "Point",
        "coordinates": [
          17.1718255,
          42.977687
        ]
      },
      "properties": {
        "id": 10045985251,
        "osm_type": "node",
        "tourism": "apartment"
      }
    },
    {
      "type": "Feature",
      "geometry": {
        "type": "Point",
        "coordinates": [
          17.1741783,
          42.9835763
        ]
      },
      "properties": {
        "id": 10045985252,
        "osm_type": "node",
        "tourism": "apartment"
      }
    },
    {
      "type": "Feature",
      "geometry": {
        "type": "Point",
        "coordinates": [
          17.1745575,
          42.9820034
        ]
      },
      "properties": {
        "id": 10045985253,
        "osm_type": "node",
        "tourism": "apartment"
      }
    },
    {
      "type": "Feature",
      "geometry": {
        "type": "Point",
        "coordinates": [
          17.141063,
          42.9790621
        ]
      },
      "properties": {
        "id": 10045995442,
        "osm_type": "node",
        "tourism": "apartment"
      }
    },
    {
      "type": "Feature",
      "geometry": {
        "type": "Point",
        "coordinates": [
          17.1580712,
          42.9809502
        ]
      },
      "properties": {
        "id": 10045995445,
        "osm_type": "node",
        "tourism": "apartment"
      }
    },
    {
      "type": "Feature",
      "geometry": {
        "type": "Point",
        "coordinates": [
          17.1888967,
          42.9764938
        ]
      },
      "properties": {
        "id": 10045997986,
        "osm_type": "node",
        "tourism": "apartment"
      }
    },
    {
      "type": "Feature",
      "geometry": {
        "type": "Point",
        "coordinates": [
          17.180595,
          42.9760916
        ]
      },
      "properties": {
        "id": 10045997988,
        "osm_type": "node",
        "name": "Ruža",
        "tourism": "apartment"
      }
    },
    {
      "type": "Feature",
      "geometry": {
        "type": "Point",
        "coordinates": [
          17.1908095,
          42.9786577
        ]
      },
      "properties": {
        "id": 10046027041,
        "osm_type": "node",
        "tourism": "apartment"
      }
    },
    {
      "type": "Feature",
      "geometry": {
        "type": "Point",
        "coordinates": [
          17.191958,
          42.9791222
        ]
      },
      "properties": {
        "id": 10046027042,
        "osm_type": "node",
        "tourism": "apartment"
      }
    },
    {
      "type": "Feature",
      "geometry": {
        "type": "Point",
        "coordinates": [
          17.1907802,
          42.9789312
        ]
      },
      "properties": {
        "id": 10046027043,
        "osm_type": "node",
        "name": "Villa Viktorija",
        "tourism": "apartment"
      }
    },
    {
      "type": "Feature",
      "geometry": {
        "type": "Point",
        "coordinates": [
          17.1910508,
          42.9794565
        ]
      },
      "properties": {
        "id": 10046027044,
        "osm_type": "node",
        "tourism": "apartment"
      }
    },
    {
      "type": "Feature",
      "geometry": {
        "type": "Point",
        "coordinates": [
          17.1938392,
          42.9797115
        ]
      },
      "properties": {
        "id": 10046027053,
        "osm_type": "node",
        "name": "Villa Korta Katarina",
        "tourism": "apartment"
      }
    },
    {
      "type": "Feature",
      "geometry": {
        "type": "Point",
        "coordinates": [
          17.1940787,
          42.980936
        ]
      },
      "properties": {
        "id": 10046027054,
        "osm_type": "node",
        "name": "Apartmani Nata",
        "tourism": "apartment"
      }
    },
    {
      "type": "Feature",
      "geometry": {
        "type": "Point",
        "coordinates": [
          17.1947792,
          42.9805084
        ]
      },
      "properties": {
        "id": 10046027055,
        "osm_type": "node",
        "name": "Villa Orebić",
        "tourism": "apartment"
      }
    },
    {
      "type": "Feature",
      "geometry": {
        "type": "Point",
        "coordinates": [
          17.1815621,
          42.9784018
        ]
      },
      "properties": {
        "id": 10046043321,
        "osm_type": "node",
        "tourism": "apartment"
      }
    },
    {
      "type": "Feature",
      "geometry": {
        "type": "Point",
        "coordinates": [
          17.1811107,
          42.9789024
        ]
      },
      "properties": {
        "id": 10046043322,
        "osm_type": "node",
        "tourism": "apartment"
      }
    },
    {
      "type": "Feature",
      "geometry": {
        "type": "Point",
        "coordinates": [
          17.1810065,
          42.9788641
        ]
      },
      "properties": {
        "id": 10046043323,
        "osm_type": "node",
        "tourism": "apartment"
      }
    },
    {
      "type": "Feature",
      "geometry": {
        "type": "Point",
        "coordinates": [
          17.1813161,
          42.9779894
        ]
      },
      "properties": {
        "id": 10046043324,
        "osm_type": "node",
        "tourism": "apartment"
      }
    },
    {
      "type": "Feature",
      "geometry": {
        "type": "Point",
        "coordinates": [
          17.1810944,
          42.9783379
        ]
      },
      "properties": {
        "id": 10046043325,
        "osm_type": "node",
        "name": "Kuca za odmor",
        "tourism": "apartment"
      }
    },
    {
      "type": "Feature",
      "geometry": {
        "type": "Point",
        "coordinates": [
          17.1887266,
          42.9791798
        ]
      },
      "properties": {
        "id": 10046048501,
        "osm_type": "node",
        "name": "Vila Claudia",
        "tourism": "apartment"
      }
    },
    {
      "type": "Feature",
      "geometry": {
        "type": "Point",
        "coordinates": [
          17.1890682,
          42.9791137
        ]
      },
      "properties": {
        "id": 10046048502,
        "osm_type": "node",
        "tourism": "apartment"
      }
    },
    {
      "type": "Feature",
      "geometry": {
        "type": "Point",
        "coordinates": [
          17.1893832,
          42.9785936
        ]
      },
      "properties": {
        "id": 10046048503,
        "osm_type": "node",
        "tourism": "apartment"
      }
    },
    {
      "type": "Feature",
      "geometry": {
        "type": "Point",
        "coordinates": [
          17.188054,
          42.97898
        ]
      },
      "properties": {
        "id": 10046048504,
        "osm_type": "node",
        "tourism": "apartment"
      }
    },
    {
      "type": "Feature",
      "geometry": {
        "type": "Point",
        "coordinates": [
          17.1893587,
          42.9791115
        ]
      },
      "properties": {
        "id": 10046048505,
        "osm_type": "node",
        "name": "Apartmani Iva",
        "tourism": "apartment"
      }
    },
    {
      "type": "Feature",
      "geometry": {
        "type": "Point",
        "coordinates": [
          17.1890239,
          42.9794136
        ]
      },
      "properties": {
        "id": 10046048506,
        "osm_type": "node",
        "name": "Villa Roza",
        "tourism": "apartment"
      }
    },
    {
      "type": "Feature",
      "geometry": {
        "type": "Point",
        "coordinates": [
          17.1888319,
          42.9788039
        ]
      },
      "properties": {
        "id": 10046048507,
        "osm_type": "node",
        "tourism": "apartment"
      }
    },
    {
      "type": "Feature",
      "geometry": {
        "type": "Point",
        "coordinates": [
          17.1882185,
          42.9790581
        ]
      },
      "properties": {
        "id": 10046048508,
        "osm_type": "node",
        "tourism": "apartment"
      }
    },
    {
      "type": "Feature",
      "geometry": {
        "type": "Point",
        "coordinates": [
          17.1844863,
          42.9774929
        ]
      },
      "properties": {
        "id": 10046051391,
        "osm_type": "node",
        "tourism": "apartment"
      }
    },
    {
      "type": "Feature",
      "geometry": {
        "type": "Point",
        "coordinates": [
          17.1843384,
          42.9774962
        ]
      },
      "properties": {
        "id": 10046051392,
        "osm_type": "node",
        "tourism": "apartment"
      }
    },
    {
      "type": "Feature",
      "geometry": {
        "type": "Point",
        "coordinates": [
          17.1848794,
          42.9778458
        ]
      },
      "properties": {
        "id": 10046051393,
        "osm_type": "node",
        "tourism": "apartment"
      }
    },
    {
      "type": "Feature",
      "geometry": {
        "type": "Point",
        "coordinates": [
          17.1845211,
          42.9776713
        ]
      },
      "properties": {
        "id": 10046051394,
        "osm_type": "node",
        "tourism": "apartment"
      }
    },
    {
      "type": "Feature",
      "geometry": {
        "type": "Point",
        "coordinates": [
          17.1859428,
          42.9769796
        ]
      },
      "properties": {
        "id": 10046051395,
        "osm_type": "node",
        "tourism": "apartment"
      }
    },
    {
      "type": "Feature",
      "geometry": {
        "type": "Point",
        "coordinates": [
          17.1863745,
          42.977564
        ]
      },
      "properties": {
        "id": 10046051396,
        "osm_type": "node",
        "tourism": "apartment"
      }
    },
    {
      "type": "Feature",
      "geometry": {
        "type": "Point",
        "coordinates": [
          17.1860333,
          42.9777415
        ]
      },
      "properties": {
        "id": 10046051397,
        "osm_type": "node",
        "tourism": "apartment"
      }
    },
    {
      "type": "Feature",
      "geometry": {
        "type": "Point",
        "coordinates": [
          17.1859807,
          42.9767946
        ]
      },
      "properties": {
        "id": 10046051398,
        "osm_type": "node",
        "tourism": "apartment"
      }
    },
    {
      "type": "Feature",
      "geometry": {
        "type": "Point",
        "coordinates": [
          17.1864699,
          42.9773594
        ]
      },
      "properties": {
        "id": 10046051399,
        "osm_type": "node",
        "tourism": "apartment"
      }
    },
    {
      "type": "Feature",
      "geometry": {
        "type": "Point",
        "coordinates": [
          17.1861101,
          42.9772328
        ]
      },
      "properties": {
        "id": 10046051400,
        "osm_type": "node",
        "tourism": "apartment"
      }
    },
    {
      "type": "Feature",
      "geometry": {
        "type": "Point",
        "coordinates": [
          17.1855107,
          42.9772223
        ]
      },
      "properties": {
        "id": 10046051401,
        "osm_type": "node",
        "tourism": "apartment"
      }
    },
    {
      "type": "Feature",
      "geometry": {
        "type": "Point",
        "coordinates": [
          17.1858532,
          42.9771499
        ]
      },
      "properties": {
        "id": 10046051402,
        "osm_type": "node",
        "tourism": "apartment"
      }
    },
    {
      "type": "Feature",
      "geometry": {
        "type": "Point",
        "coordinates": [
          17.1863271,
          42.9785246
        ]
      },
      "properties": {
        "id": 10046051403,
        "osm_type": "node",
        "tourism": "apartment"
      }
    },
    {
      "type": "Feature",
      "geometry": {
        "type": "Point",
        "coordinates": [
          17.1865646,
          42.9790234
        ]
      },
      "properties": {
        "id": 10046051404,
        "osm_type": "node",
        "tourism": "apartment"
      }
    },
    {
      "type": "Feature",
      "geometry": {
        "type": "Point",
        "coordinates": [
          17.1867113,
          42.9789045
        ]
      },
      "properties": {
        "id": 10046051405,
        "osm_type": "node",
        "tourism": "apartment"
      }
    },
    {
      "type": "Feature",
      "geometry": {
        "type": "Point",
        "coordinates": [
          17.1862918,
          42.9787194
        ]
      },
      "properties": {
        "id": 10046051406,
        "osm_type": "node",
        "tourism": "apartment"
      }
    },
    {
      "type": "Feature",
      "geometry": {
        "type": "Point",
        "coordinates": [
          17.1858536,
          42.9785201
        ]
      },
      "properties": {
        "id": 10046051407,
        "osm_type": "node",
        "tourism": "apartment"
      }
    },
    {
      "type": "Feature",
      "geometry": {
        "type": "Point",
        "coordinates": [
          17.1864359,
          42.9799106
        ]
      },
      "properties": {
        "id": 10046051408,
        "osm_type": "node",
        "tourism": "apartment"
      }
    },
    {
      "type": "Feature",
      "geometry": {
        "type": "Point",
        "coordinates": [
          17.1859323,
          42.9798953
        ]
      },
      "properties": {
        "id": 10046051409,
        "osm_type": "node",
        "tourism": "apartment"
      }
    },
    {
      "type": "Feature",
      "geometry": {
        "type": "Point",
        "coordinates": [
          17.1855494,
          42.9793622
        ]
      },
      "properties": {
        "id": 10046051410,
        "osm_type": "node",
        "tourism": "apartment"
      }
    },
    {
      "type": "Feature",
      "geometry": {
        "type": "Point",
        "coordinates": [
          17.1863164,
          42.980318
        ]
      },
      "properties": {
        "id": 10046051411,
        "osm_type": "node",
        "name": "Apartman Maria",
        "tourism": "apartment"
      }
    },
    {
      "type": "Feature",
      "geometry": {
        "type": "Point",
        "coordinates": [
          17.1880069,
          42.9776291
        ]
      },
      "properties": {
        "id": 10046051412,
        "osm_type": "node",
        "tourism": "apartment"
      }
    },
    {
      "type": "Feature",
      "geometry": {
        "type": "Point",
        "coordinates": [
          17.18811,
          42.9785614
        ]
      },
      "properties": {
        "id": 10046051413,
        "osm_type": "node",
        "tourism": "apartment"
      }
    },
    {
      "type": "Feature",
      "geometry": {
        "type": "Point",
        "coordinates": [
          17.187908,
          42.9780209
        ]
      },
      "properties": {
        "id": 10046051414,
        "osm_type": "node",
        "tourism": "apartment"
      }
    },
    {
      "type": "Feature",
      "geometry": {
        "type": "Point",
        "coordinates": [
          17.1879398,
          42.9777978
        ]
      },
      "properties": {
        "id": 10046051415,
        "osm_type": "node",
        "tourism": "apartment"
      }
    },
    {
      "type": "Feature",
      "geometry": {
        "type": "Point",
        "coordinates": [
          17.1892723,
          42.9800439
        ]
      },
      "properties": {
        "id": 10046057661,
        "osm_type": "node",
        "tourism": "apartment"
      }
    },
    {
      "type": "Feature",
      "geometry": {
        "type": "Point",
        "coordinates": [
          17.1892147,
          42.9798988
        ]
      },
      "properties": {
        "id": 10046057662,
        "osm_type": "node",
        "tourism": "apartment"
      }
    },
    {
      "type": "Feature",
      "geometry": {
        "type": "Point",
        "coordinates": [
          17.1892109,
          42.9801996
        ]
      },
      "properties": {
        "id": 10046057663,
        "osm_type": "node",
        "tourism": "apartment"
      }
    },
    {
      "type": "Feature",
      "geometry": {
        "type": "Point",
        "coordinates": [
          17.189028,
          42.9809784
        ]
      },
      "properties": {
        "id": 10046057664,
        "osm_type": "node",
        "tourism": "apartment"
      }
    },
    {
      "type": "Feature",
      "geometry": {
        "type": "Point",
        "coordinates": [
          17.1896245,
          42.9808532
        ]
      },
      "properties": {
        "id": 10046057665,
        "osm_type": "node",
        "tourism": "apartment"
      }
    },
    {
      "type": "Feature",
      "geometry": {
        "type": "Point",
        "coordinates": [
          17.1060155,
          42.9794641
        ]
      },
      "properties": {
        "id": 10051973563,
        "osm_type": "node",
        "name": "Lira Villa & apartments",
        "tourism": "apartment"
      }
    },
    {
      "type": "Feature",
      "geometry": {
        "type": "Point",
        "coordinates": [
          17.1032694,
          42.98139
        ]
      },
      "properties": {
        "id": 10051973576,
        "osm_type": "node",
        "name": "Apartmani Vicelić",
        "tourism": "apartment"
      }
    },
    {
      "type": "Feature",
      "geometry": {
        "type": "Point",
        "coordinates": [
          17.1005466,
          42.9834185
        ]
      },
      "properties": {
        "id": 10051973577,
        "osm_type": "node",
        "tourism": "apartment"
      }
    },
    {
      "type": "Feature",
      "geometry": {
        "type": "Point",
        "coordinates": [
          17.1024331,
          42.9830895
        ]
      },
      "properties": {
        "id": 10051973578,
        "osm_type": "node",
        "tourism": "apartment"
      }
    },
    {
      "type": "Feature",
      "geometry": {
        "type": "Point",
        "coordinates": [
          17.1041251,
          42.9828221
        ]
      },
      "properties": {
        "id": 10051973579,
        "osm_type": "node",
        "tourism": "apartment"
      }
    },
    {
      "type": "Feature",
      "geometry": {
        "type": "Point",
        "coordinates": [
          17.1033915,
          42.9827032
        ]
      },
      "properties": {
        "id": 10051973580,
        "osm_type": "node",
        "tourism": "apartment"
      }
    },
    {
      "type": "Feature",
      "geometry": {
        "type": "Point",
        "coordinates": [
          17.1040891,
          42.9821332
        ]
      },
      "properties": {
        "id": 10051973581,
        "osm_type": "node",
        "tourism": "apartment"
      }
    },
    {
      "type": "Feature",
      "geometry": {
        "type": "Point",
        "coordinates": [
          17.1058415,
          42.9795951
        ]
      },
      "properties": {
        "id": 10051973582,
        "osm_type": "node",
        "tourism": "apartment"
      }
    },
    {
      "type": "Feature",
      "geometry": {
        "type": "Point",
        "coordinates": [
          17.1160955,
          42.9807151
        ]
      },
      "properties": {
        "id": 10051973583,
        "osm_type": "node",
        "tourism": "apartment"
      }
    },
    {
      "type": "Feature",
      "geometry": {
        "type": "Point",
        "coordinates": [
          17.1260199,
          42.9781936
        ]
      },
      "properties": {
        "id": 10051973584,
        "osm_type": "node",
        "name": "Mala Ponta",
        "tourism": "apartment"
      }
    },
    {
      "type": "Feature",
      "geometry": {
        "type": "Point",
        "coordinates": [
          17.1000486,
          42.9835727
        ]
      },
      "properties": {
        "id": 10051973585,
        "osm_type": "node",
        "tourism": "apartment"
      }
    },
    {
      "type": "Feature",
      "geometry": {
        "type": "Point",
        "coordinates": [
          17.1014996,
          42.9821932
        ]
      },
      "properties": {
        "id": 10051973586,
        "osm_type": "node",
        "tourism": "apartment"
      }
    },
    {
      "type": "Feature",
      "geometry": {
        "type": "Point",
        "coordinates": [
          17.1019467,
          42.9818501
        ]
      },
      "properties": {
        "id": 10051973587,
        "osm_type": "node",
        "tourism": "apartment"
      }
    },
    {
      "type": "Feature",
      "geometry": {
        "type": "Point",
        "coordinates": [
          17.101669,
          42.9818327
        ]
      },
      "properties": {
        "id": 10051973588,
        "osm_type": "node",
        "tourism": "apartment"
      }
    },
    {
      "type": "Feature",
      "geometry": {
        "type": "Point",
        "coordinates": [
          17.1017618,
          42.9820242
        ]
      },
      "properties": {
        "id": 10051973589,
        "osm_type": "node",
        "tourism": "apartment"
      }
    },
    {
      "type": "Feature",
      "geometry": {
        "type": "Point",
        "coordinates": [
          17.1035341,
          42.9828832
        ]
      },
      "properties": {
        "id": 10051973590,
        "osm_type": "node",
        "tourism": "apartment"
      }
    },
    {
      "type": "Feature",
      "geometry": {
        "type": "Point",
        "coordinates": [
          17.103398,
          42.9821026
        ]
      },
      "properties": {
        "id": 10051973591,
        "osm_type": "node",
        "tourism": "apartment"
      }
    },
    {
      "type": "Feature",
      "geometry": {
        "type": "Point",
        "coordinates": [
          17.103089,
          42.9822961
        ]
      },
      "properties": {
        "id": 10051973592,
        "osm_type": "node",
        "tourism": "apartment"
      }
    },
    {
      "type": "Feature",
      "geometry": {
        "type": "Point",
        "coordinates": [
          17.105852,
          42.9797423
        ]
      },
      "properties": {
        "id": 10051973593,
        "osm_type": "node",
        "tourism": "apartment"
      }
    },
    {
      "type": "Feature",
      "geometry": {
        "type": "Point",
        "coordinates": [
          17.1031297,
          42.9816616
        ]
      },
      "properties": {
        "id": 10051973594,
        "osm_type": "node",
        "tourism": "apartment"
      }
    },
    {
      "type": "Feature",
      "geometry": {
        "type": "Point",
        "coordinates": [
          17.1170276,
          42.9802526
        ]
      },
      "properties": {
        "id": 10051973595,
        "osm_type": "node",
        "tourism": "apartment"
      }
    },
    {
      "type": "Feature",
      "geometry": {
        "type": "Point",
        "coordinates": [
          17.1173755,
          42.9802735
        ]
      },
      "properties": {
        "id": 10051973596,
        "osm_type": "node",
        "tourism": "apartment"
      }
    },
    {
      "type": "Feature",
      "geometry": {
        "type": "Point",
        "coordinates": [
          17.1257065,
          42.9783838
        ]
      },
      "properties": {
        "id": 10051973597,
        "osm_type": "node",
        "tourism": "apartment"
      }
    },
    {
      "type": "Feature",
      "geometry": {
        "type": "Point",
        "coordinates": [
          17.1093384,
          42.9789551
        ]
      },
      "properties": {
        "id": 10051973598,
        "osm_type": "node",
        "name": "Apartament Sanja",
        "tourism": "apartment"
      }
    },
    {
      "type": "Feature",
      "geometry": {
        "type": "Point",
        "coordinates": [
          17.1906268,
          42.9794022
        ]
      },
      "properties": {
        "id": 10052321704,
        "osm_type": "node",
        "name": "Apartmani Katalinić",
        "tourism": "apartment"
      }
    },
    {
      "type": "Feature",
      "geometry": {
        "type": "Point",
        "coordinates": [
          17.6236292,
          43.0433907
        ]
      },
      "properties": {
        "id": 10074483017,
        "osm_type": "node",
        "name": "Narenta",
        "tourism": "hotel",
        "website": "www.hotel-narenta.com"
      }
    },
    {
      "type": "Feature",
      "geometry": {
        "type": "Point",
        "coordinates": [
          17.1943291,
          42.9842967
        ]
      },
      "properties": {
        "id": 10077679417,
        "osm_type": "node",
        "tourism": "apartment"
      }
    },
    {
      "type": "Feature",
      "geometry": {
        "type": "Point",
        "coordinates": [
          17.1949781,
          42.9845964
        ]
      },
      "properties": {
        "id": 10078040817,
        "osm_type": "node",
        "tourism": "apartment"
      }
    },
    {
      "type": "Feature",
      "geometry": {
        "type": "Point",
        "coordinates": [
          18.098782,
          42.6457384
        ]
      },
      "properties": {
        "id": 10124881317,
        "osm_type": "node",
        "name": "Villa Elly",
        "tourism": "guest_house",
        "phone": "+385 98 9022436;+385 20 421913",
        "website": "http://www.villa-elly.com"
      }
    },
    {
      "type": "Feature",
      "geometry": {
        "type": "Point",
        "coordinates": [
          16.8772196,
          42.7729642
        ]
      },
      "properties": {
        "id": 10655478276,
        "osm_type": "node",
        "tourism": "apartment"
      }
    },
    {
      "type": "Feature",
      "geometry": {
        "type": "Point",
        "coordinates": [
          16.8773827,
          42.7729127
        ]
      },
      "properties": {
        "id": 10655485002,
        "osm_type": "node",
        "tourism": "apartment"
      }
    },
    {
      "type": "Feature",
      "geometry": {
        "type": "Point",
        "coordinates": [
          16.8759391,
          42.7720526
        ]
      },
      "properties": {
        "id": 10655486294,
        "osm_type": "node",
        "tourism": "guest_house"
      }
    },
    {
      "type": "Feature",
      "geometry": {
        "type": "Point",
        "coordinates": [
          17.7148937,
          42.8199488
        ]
      },
      "properties": {
        "id": 10844747703,
        "osm_type": "node",
        "name": "Apartment Varezic",
        "tourism": "apartment"
      }
    },
    {
      "type": "Feature",
      "geometry": {
        "type": "Point",
        "coordinates": [
          18.0884157,
          42.6627977
        ]
      },
      "properties": {
        "id": 10844816015,
        "osm_type": "node",
        "name": "Guest house Dubrovnik",
        "tourism": "apartment"
      }
    },
    {
      "type": "Feature",
      "geometry": {
        "type": "Point",
        "coordinates": [
          18.0599239,
          42.6582843
        ]
      },
      "properties": {
        "id": 10918247407,
        "osm_type": "node",
        "tourism": "hotel"
      }
    },
    {
      "type": "Feature",
      "geometry": {
        "type": "Point",
        "coordinates": [
          18.110095,
          42.6397213
        ]
      },
      "properties": {
        "id": 10960297214,
        "osm_type": "node",
        "name": "Angelina",
        "tourism": "hostel",
        "opening_hours": "24/7",
        "check_date": "2023-06-06"
      }
    },
    {
      "type": "Feature",
      "geometry": {
        "type": "Point",
        "coordinates": [
          18.0757285,
          42.6594938
        ]
      },
      "properties": {
        "id": 11037788305,
        "osm_type": "node",
        "name": "Skyline Apartment",
        "tourism": "apartment"
      }
    },
    {
      "type": "Feature",
      "geometry": {
        "type": "Point",
        "coordinates": [
          18.0851202,
          42.6496972
        ]
      },
      "properties": {
        "id": 11040337737,
        "osm_type": "node",
        "tourism": "apartment"
      }
    },
    {
      "type": "Feature",
      "geometry": {
        "type": "Point",
        "coordinates": [
          18.1764243,
          42.6274094
        ]
      },
      "properties": {
        "id": 11123347991,
        "osm_type": "node",
        "tourism": "apartment",
        "phone": "+385995700078"
      }
    },
    {
      "type": "Feature",
      "geometry": {
        "type": "Point",
        "coordinates": [
          17.5507172,
          43.0292738
        ]
      },
      "properties": {
        "id": 11160326800,
        "osm_type": "node",
        "name": "Good energy camping",
        "tourism": "camp_site"
      }
    },
    {
      "type": "Feature",
      "geometry": {
        "type": "Point",
        "coordinates": [
          18.1042081,
          42.6463665
        ]
      },
      "properties": {
        "id": 11188950579,
        "osm_type": "node",
        "name": "Ca' di Mamma II",
        "tourism": "guest_house"
      }
    },
    {
      "type": "Feature",
      "geometry": {
        "type": "Point",
        "coordinates": [
          18.1029366,
          42.6481807
        ]
      },
      "properties": {
        "id": 11202119862,
        "osm_type": "node",
        "name": "Palace Natali",
        "tourism": "hotel",
        "website": "https://palacenatali.com/"
      }
    },
    {
      "type": "Feature",
      "geometry": {
        "type": "Point",
        "coordinates": [
          18.2238233,
          42.5781839
        ]
      },
      "properties": {
        "id": 11223303673,
        "osm_type": "node",
        "name": "Villa Adria Apartments",
        "tourism": "apartment"
      }
    },
    {
      "type": "Feature",
      "geometry": {
        "type": "Point",
        "coordinates": [
          18.1039489,
          42.6476454
        ]
      },
      "properties": {
        "id": 11234488200,
        "osm_type": "node",
        "name": "Villa Klaic ORIGIN",
        "tourism": "hotel"
      }
    },
    {
      "type": "Feature",
      "geometry": {
        "type": "Point",
        "coordinates": [
          18.1029502,
          42.6466171
        ]
      },
      "properties": {
        "id": 11291807996,
        "osm_type": "node",
        "name": "Villa Dard",
        "tourism": "hotel"
      }
    },
    {
      "type": "Feature",
      "geometry": {
        "type": "Point",
        "coordinates": [
          18.1097293,
          42.6392499
        ]
      },
      "properties": {
        "id": 11611775869,
        "osm_type": "node",
        "tourism": "hotel"
      }
    },
    {
      "type": "Feature",
      "geometry": {
        "type": "Point",
        "coordinates": [
          16.7743176,
          42.9707802
        ]
      },
      "properties": {
        "id": 11775469967,
        "osm_type": "node",
        "tourism": "apartment"
      }
    },
    {
      "type": "Feature",
      "geometry": {
        "type": "Point",
        "coordinates": [
          18.091437,
          42.6598349
        ]
      },
      "properties": {
        "id": 11926675564,
        "osm_type": "node",
        "name": "Panorama",
        "tourism": "guest_house",
        "phone": "+385 99 202 5633"
      }
    },
    {
      "type": "Feature",
      "geometry": {
        "type": "Point",
        "coordinates": [
          18.0917919,
          42.6587791
        ]
      },
      "properties": {
        "id": 11926760155,
        "osm_type": "node",
        "name": "Adria",
        "tourism": "hotel",
        "phone": "+38520220500",
        "website": "https://www.hotel-adria-dubrovnik.com/"
      }
    },
    {
      "type": "Feature",
      "geometry": {
        "type": "Point",
        "coordinates": [
          18.1074285,
          42.6401641
        ]
      },
      "properties": {
        "id": 11990312469,
        "osm_type": "node",
        "tourism": "apartment"
      }
    },
    {
      "type": "Feature",
      "geometry": {
        "type": "Point",
        "coordinates": [
          18.2249576,
          42.6090745
        ]
      },
      "properties": {
        "id": 12000445369,
        "osm_type": "node",
        "name": "Villas Plat",
        "tourism": "hotel"
      }
    },
    {
      "type": "Feature",
      "geometry": {
        "type": "Point",
        "coordinates": [
          17.1358931,
          42.9611788
        ]
      },
      "properties": {
        "id": 12099086601,
        "osm_type": "node",
        "name": "Hostel Korcula",
        "tourism": "hostel"
      }
    },
    {
      "type": "Feature",
      "geometry": {
        "type": "Point",
        "coordinates": [
          18.220913,
          42.5795306
        ]
      },
      "properties": {
        "id": 12146833953,
        "osm_type": "node",
        "name": "Apartments & Rooms Cina",
        "tourism": "guest_house",
        "website": "http://www.cavtatapartments.net/"
      }
    },
    {
      "type": "Feature",
      "geometry": {
        "type": "Point",
        "coordinates": [
          18.0958978,
          42.6521524
        ]
      },
      "properties": {
        "id": 12154762851,
        "osm_type": "node",
        "name": "Miracle Apartments",
        "tourism": "apartment"
      }
    },
    {
      "type": "Feature",
      "geometry": {
        "type": "Point",
        "coordinates": [
          17.1644283,
          42.9742565
        ]
      },
      "properties": {
        "id": 12171599169,
        "osm_type": "node",
        "name": "Bellevue Maradiso Village by Aminess",
        "tourism": "guest_house",
        "website": "https://www.aminess.com/en/aminess-bellevue-village"
      }
    },
    {
      "type": "Feature",
      "geometry": {
        "type": "Point",
        "coordinates": [
          17.1657209,
          42.9746546
        ]
      },
      "properties": {
        "id": 12171599170,
        "osm_type": "node",
        "name": "Bellevue Maradiso Casa by Aminess",
        "tourism": "guest_house",
        "website": "https://www.aminess.com/en/aminess-casa-bellevue"
      }
    },
    {
      "type": "Feature",
      "geometry": {
        "type": "Point",
        "coordinates": [
          16.7126122,
          42.9637702
        ]
      },
      "properties": {
        "id": 12175023181,
        "osm_type": "node",
        "name": "Apartments Jobst",
        "tourism": "apartment"
      }
    },
    {
      "type": "Feature",
      "geometry": {
        "type": "Point",
        "coordinates": [
          17.1346539,
          42.9599315
        ]
      },
      "properties": {
        "id": 12175033202,
        "osm_type": "node",
        "name": "Studio Apartman TEDY",
        "tourism": "apartment"
      }
    },
    {
      "type": "Feature",
      "geometry": {
        "type": "Point",
        "coordinates": [
          18.0855346,
          42.6614467
        ]
      },
      "properties": {
        "id": 12281637793,
        "osm_type": "node",
        "name": "Anchi Guesthouse",
        "tourism": "hostel"
      }
    },
    {
      "type": "Feature",
      "geometry": {
        "type": "Point",
        "coordinates": [
          17.2791984,
          43.0043953
        ]
      },
      "properties": {
        "id": 12339006654,
        "osm_type": "node",
        "name": "Vila Nikol",
        "tourism": "apartment",
        "phone": "+385921749495",
        "website": "http://www.vila-nikol.com/"
      }
    },
    {
      "type": "Feature",
      "geometry": {
        "type": "Point",
        "coordinates": [
          18.1076841,
          42.640429
        ]
      },
      "properties": {
        "id": 12462621901,
        "osm_type": "node",
        "name": "Old Town Garden Apartements",
        "tourism": "apartment"
      }
    },
    {
      "type": "Feature",
      "geometry": {
        "type": "Point",
        "coordinates": [
          17.5769602,
          43.0564376
        ]
      },
      "properties": {
        "id": 12615413639,
        "osm_type": "node",
        "name": "Napuštena vojna baraka",
        "tourism": "chalet"
      }
    },
    {
      "type": "Feature",
      "geometry": {
        "type": "Point",
        "coordinates": [
          18.0932939,
          42.6557055
        ]
      },
      "properties": {
        "id": 12832291812,
        "osm_type": "node",
        "name": "Nautical Sunset Apartment",
        "tourism": "apartment"
      }
    },
    {
      "type": "Feature",
      "geometry": {
        "type": "Point",
        "coordinates": [
          17.6961183,
          42.8389108
        ]
      },
      "properties": {
        "id": 12920285001,
        "osm_type": "node",
        "name": "Rooms and apartments Tomic",
        "tourism": "apartment"
      }
    },
    {
      "type": "Feature",
      "geometry": {
        "type": "Point",
        "coordinates": [
          18.2215831,
          42.5807324
        ]
      },
      "properties": {
        "id": 12960943202,
        "osm_type": "node",
        "tourism": "apartment"
      }
    },
    {
      "type": "Feature",
      "geometry": {
        "type": "Point",
        "coordinates": [
          18.1322431,
          42.6731106
        ]
      },
      "properties": {
        "id": 13097902122,
        "osm_type": "node",
        "name": "RozART apartment",
        "tourism": "apartment",
        "phone": "+38598244880"
      }
    },
    {
      "type": "Feature",
      "geometry": {
        "type": "Point",
        "coordinates": [
          18.0839635,
          42.6536354
        ]
      },
      "properties": {
        "id": 13097930189,
        "osm_type": "node",
        "name": "Batala1- Dubrovnik City Marina Apartment",
        "tourism": "apartment",
        "phone": "+38598244880"
      }
    },
    {
      "type": "Feature",
      "geometry": {
        "type": "Point",
        "coordinates": [
          18.108789,
          42.6450314
        ]
      },
      "properties": {
        "id": 13153398301,
        "osm_type": "node",
        "name": "The View",
        "tourism": "apartment"
      }
    },
    {
      "type": "Feature",
      "geometry": {
        "type": "Point",
        "coordinates": [
          18.0888478,
          42.6624561
        ]
      },
      "properties": {
        "id": 13325090571,
        "osm_type": "node",
        "name": "Apartments Ivan",
        "tourism": "apartment",
        "phone": "098/856-196"
      }
    },
    {
      "type": "Feature",
      "geometry": {
        "type": "Point",
        "coordinates": [
          18.4324899,
          42.4528175
        ]
      },
      "properties": {
        "id": 13377066645,
        "osm_type": "node",
        "name": "Family Desin Apartments",
        "tourism": "apartment",
        "check_date": "2024-01-24"
      }
    },
    {
      "type": "Feature",
      "geometry": {
        "type": "Point",
        "coordinates": [
          18.0407036,
          42.6976121
        ]
      },
      "properties": {
        "id": 13379290519,
        "osm_type": "node",
        "name": "Luxe Apartment Nikolina",
        "tourism": "apartment",
        "check_date": "2024-10-29"
      }
    },
    {
      "type": "Feature",
      "geometry": {
        "type": "Point",
        "coordinates": [
          18.0245517,
          42.6978311
        ]
      },
      "properties": {
        "id": 13379290520,
        "osm_type": "node",
        "name": "Villa Leona",
        "tourism": "apartment",
        "check_date": "2025-09-06"
      }
    },
    {
      "type": "Feature",
      "geometry": {
        "type": "Point",
        "coordinates": [
          18.2230339,
          42.5789471
        ]
      },
      "properties": {
        "id": 13379568823,
        "osm_type": "node",
        "name": "BRBI",
        "tourism": "guest_house",
        "check_date": "2025-03-22"
      }
    },
    {
      "type": "Feature",
      "geometry": {
        "type": "Point",
        "coordinates": [
          18.0895686,
          42.6453129
        ]
      },
      "properties": {
        "id": 13390031985,
        "osm_type": "node",
        "name": "Apartman Nono",
        "tourism": "apartment",
        "check_date": "2024-10-29"
      }
    },
    {
      "type": "Feature",
      "geometry": {
        "type": "Point",
        "coordinates": [
          17.6413824,
          43.0469596
        ]
      },
      "properties": {
        "id": 13470935018,
        "osm_type": "node",
        "name": "Studio apartman Antonio",
        "tourism": "apartment",
        "check_date": "2023-07-06"
      }
    },
    {
      "type": "Feature",
      "geometry": {
        "type": "Point",
        "coordinates": [
          17.1157455,
          42.9809221
        ]
      },
      "properties": {
        "id": 13505656019,
        "osm_type": "node",
        "name": "Pelješac Apartment - Orsula",
        "tourism": "apartment",
        "website": "http://www.privatni-smjestaj-hrvatska.com.hr/peljesac-apartmani-orsula-3486/",
        "check_date": "2024-11-23"
      }
    },
    {
      "type": "Feature",
      "geometry": {
        "type": "Point",
        "coordinates": [
          17.8535288,
          42.7971536
        ]
      },
      "properties": {
        "id": 13516086949,
        "osm_type": "node",
        "name": "Guest House Nike Kola",
        "tourism": "guest_house",
        "check_date": "2025-08-30"
      }
    },
    {
      "type": "Feature",
      "geometry": {
        "type": "Point",
        "coordinates": [
          18.2586877,
          42.5588537
        ]
      },
      "properties": {
        "id": 13556368821,
        "osm_type": "node",
        "name": "Le Petit Apartment & Room",
        "tourism": "apartment",
        "phone": "+385919490998",
        "website": "https://lepetitapt.com"
      }
    },
    {
      "type": "Feature",
      "geometry": {
        "type": "Point",
        "coordinates": [
          18.2644612,
          42.5573438
        ]
      },
      "properties": {
        "id": 13597760684,
        "osm_type": "node",
        "name": "Villa Tereza",
        "tourism": "chalet",
        "phone": "+38520362900",
        "website": "https://www.pervanovo.com/villa-tereza"
      }
    },
    {
      "type": "Feature",
      "geometry": {
        "type": "Point",
        "coordinates": [
          18.2248598,
          42.5763614
        ]
      },
      "properties": {
        "id": 13597857559,
        "osm_type": "node",
        "name": "Indigo Cavtat Aparments Reception",
        "tourism": "apartment",
        "phone": "+385992150824"
      }
    },
    {
      "type": "Feature",
      "geometry": {
        "type": "Point",
        "coordinates": [
          18.1085855,
          42.640953
        ]
      },
      "properties": {
        "id": 13603446863,
        "osm_type": "node",
        "name": "Sunce Palace Apartments",
        "tourism": "apartment",
        "phone": "+38520362900",
        "website": "https://www.pervanovo.com/sunce-palace-apartments"
      }
    },
    {
      "type": "Feature",
      "geometry": {
        "type": "Point",
        "coordinates": [
          18.1081052,
          42.6404506
        ]
      },
      "properties": {
        "id": 13603446864,
        "osm_type": "node",
        "name": "Celenga Apartments",
        "tourism": "apartment",
        "phone": "+38520362900",
        "website": "https://www.pervanovo.com/celenga-apartments"
      }
    },
    {
      "type": "Feature",
      "geometry": {
        "type": "Point",
        "coordinates": [
          18.1104202,
          42.6414516
        ]
      },
      "properties": {
        "id": 13666491211,
        "osm_type": "node",
        "name": "Muziqa Apartments Dubrovnik",
        "tourism": "apartment",
        "phone": "+385 98 9388 918",
        "website": "https://muziqadu.com"
      }
    },
    {
      "type": "Feature",
      "geometry": {
        "type": "Point",
        "coordinates": [
          18.1079985,
          42.642419
        ]
      },
      "properties": {
        "id": 13711256657,
        "osm_type": "node",
        "name": "Franciscan Rooms",
        "tourism": "apartment",
        "check_date": "2026-04-06"
      }
    },
    {
      "type": "Feature",
      "geometry": {
        "type": "Point",
        "coordinates": [
          18.1076267,
          42.6411727
        ]
      },
      "properties": {
        "id": 13711748201,
        "osm_type": "node",
        "name": "Soleil Palace",
        "tourism": "apartment",
        "check_date": "2026-04-06"
      }
    },
    {
      "type": "Feature",
      "geometry": {
        "type": "Point",
        "coordinates": [
          17.67414,
          42.818224
        ]
      },
      "properties": {
        "id": 60573633,
        "osm_type": "way",
        "name": "Autocamp Prapratno",
        "tourism": "camp_site",
        "phone": "+385 20 754 000",
        "website": "https://www.camping-prapratno.com"
      }
    },
    {
      "type": "Feature",
      "geometry": {
        "type": "Point",
        "coordinates": [
          17.1999554,
          42.9818215
        ]
      },
      "properties": {
        "id": 60574781,
        "osm_type": "way",
        "name": "Camping Nevio",
        "tourism": "camp_site",
        "tents": "yes",
        "phone": "+385 20 713 100",
        "website": "https://www.nevio-camping.com"
      }
    },
    {
      "type": "Feature",
      "geometry": {
        "type": "Point",
        "coordinates": [
          17.3424746,
          42.7881084
        ]
      },
      "properties": {
        "id": 68758400,
        "osm_type": "way",
        "name": "Odisej",
        "tourism": "hotel"
      }
    },
    {
      "type": "Feature",
      "geometry": {
        "type": "Point",
        "coordinates": [
          17.3416643,
          42.7881429
        ]
      },
      "properties": {
        "id": 68758425,
        "osm_type": "way",
        "name": "Odisej",
        "tourism": "hotel"
      }
    },
    {
      "type": "Feature",
      "geometry": {
        "type": "Point",
        "coordinates": [
          18.0589322,
          42.6593072
        ]
      },
      "properties": {
        "id": 102693054,
        "osm_type": "way",
        "name": "Hotel Ariston",
        "tourism": "hotel",
        "website": "http://www.importanneresort.com/our-hotels/hotel-ariston-1.htm"
      }
    },
    {
      "type": "Feature",
      "geometry": {
        "type": "Point",
        "coordinates": [
          18.0579936,
          42.6598017
        ]
      },
      "properties": {
        "id": 102693055,
        "osm_type": "way",
        "name": "Royal Hotel Neptun",
        "tourism": "hotel",
        "phone": "+385 20 440 100",
        "website": "http://www.importanneresort.com/our-hotels/hotel-neptun-1.htm"
      }
    },
    {
      "type": "Feature",
      "geometry": {
        "type": "Point",
        "coordinates": [
          17.2425331,
          42.9670316
        ]
      },
      "properties": {
        "id": 129972763,
        "osm_type": "way",
        "name": "Kamp Paradiso",
        "tourism": "camp_site"
      }
    },
    {
      "type": "Feature",
      "geometry": {
        "type": "Point",
        "coordinates": [
          18.0619971,
          42.6601199
        ]
      },
      "properties": {
        "id": 131546181,
        "osm_type": "way",
        "name": "Valamar Lacroma Dubrovnik",
        "tourism": "hotel",
        "website": "https://www.valamar.com/en/hotels-dubrovnik/valamar-lacroma-dubrovnik-hotel"
      }
    },
    {
      "type": "Feature",
      "geometry": {
        "type": "Point",
        "coordinates": [
          18.208497,
          42.6250139
        ]
      },
      "properties": {
        "id": 148103940,
        "osm_type": "way",
        "name": "Gordana",
        "tourism": "hotel"
      }
    },
    {
      "type": "Feature",
      "geometry": {
        "type": "Point",
        "coordinates": [
          18.2087329,
          42.6251061
        ]
      },
      "properties": {
        "id": 148103941,
        "osm_type": "way",
        "name": "Villa Čakelić",
        "tourism": "hotel",
        "phone": "+38520486181",
        "website": "https://apartmani-cakelic.hr"
      }
    },
    {
      "type": "Feature",
      "geometry": {
        "type": "Point",
        "coordinates": [
          17.1846655,
          42.9744879
        ]
      },
      "properties": {
        "id": 167262110,
        "osm_type": "way",
        "name": "Apartmani Jerry/Bradicic",
        "tourism": "apartment"
      }
    },
    {
      "type": "Feature",
      "geometry": {
        "type": "Point",
        "coordinates": [
          17.1847936,
          42.9746184
        ]
      },
      "properties": {
        "id": 167262111,
        "osm_type": "way",
        "name": "Apartmani Jerry",
        "tourism": "apartment"
      }
    },
    {
      "type": "Feature",
      "geometry": {
        "type": "Point",
        "coordinates": [
          18.2257991,
          42.5844484
        ]
      },
      "properties": {
        "id": 171248209,
        "osm_type": "way",
        "name": "Remisens Albatros",
        "tourism": "hotel",
        "website": "https://www.remisens.com/hotel-albatros"
      }
    },
    {
      "type": "Feature",
      "geometry": {
        "type": "Point",
        "coordinates": [
          18.2098,
          42.6206361
        ]
      },
      "properties": {
        "id": 171251176,
        "osm_type": "way",
        "name": "Hotel Astarea II",
        "tourism": "hotel"
      }
    },
    {
      "type": "Feature",
      "geometry": {
        "type": "Point",
        "coordinates": [
          18.1885611,
          42.6251475
        ]
      },
      "properties": {
        "id": 171254624,
        "osm_type": "way",
        "name": "Autocamp Kupari",
        "tourism": "camp_site"
      }
    },
    {
      "type": "Feature",
      "geometry": {
        "type": "Point",
        "coordinates": [
          18.07487,
          42.6554847
        ]
      },
      "properties": {
        "id": 171487129,
        "osm_type": "way",
        "tourism": "hotel"
      }
    },
    {
      "type": "Feature",
      "geometry": {
        "type": "Point",
        "coordinates": [
          18.072797,
          42.6554706
        ]
      },
      "properties": {
        "id": 171487380,
        "osm_type": "way",
        "name": "Grand Hotel Park",
        "tourism": "hotel",
        "contact:phone": "+385 (20) 434-444",
        "contact:website": "http://www.grandhotel-park.hr/"
      }
    },
    {
      "type": "Feature",
      "geometry": {
        "type": "Point",
        "coordinates": [
          18.0816899,
          42.6570713
        ]
      },
      "properties": {
        "id": 171494065,
        "osm_type": "way",
        "name": "Hotel Lapad",
        "tourism": "hotel",
        "contact:phone": "+385 (20) 455 555",
        "contact:website": "http://www.hotel-lapad.hr/",
        "check_date": "2023-07-19"
      }
    },
    {
      "type": "Feature",
      "geometry": {
        "type": "Point",
        "coordinates": [
          18.0607292,
          42.6508802
        ]
      },
      "properties": {
        "id": 171515274,
        "osm_type": "way",
        "name": "Palace Hotel Dubrovnik",
        "tourism": "hotel",
        "contact:phone": "+385 (20) 430000",
        "contact:website": "http://www.dubrovnikpalace.hr/"
      }
    },
    {
      "type": "Feature",
      "geometry": {
        "type": "Point",
        "coordinates": [
          18.0655937,
          42.6537646
        ]
      },
      "properties": {
        "id": 171525099,
        "osm_type": "way",
        "name": "Hotel Splendid",
        "tourism": "hotel",
        "contact:phone": "+385 (20) 433 633",
        "contact:website": "http://www.dubrovnikhotels.travel/hotel-splendid-dubrovnik"
      }
    },
    {
      "type": "Feature",
      "geometry": {
        "type": "Point",
        "coordinates": [
          18.0679902,
          42.6531955
        ]
      },
      "properties": {
        "id": 171527228,
        "osm_type": "way",
        "name": "Hotel Vis",
        "tourism": "hotel",
        "contact:phone": "+385 (20) 433 605",
        "contact:website": "http://www.dubrovnikhotels.travel/hotel-vis-dubrovnik"
      }
    },
    {
      "type": "Feature",
      "geometry": {
        "type": "Point",
        "coordinates": [
          18.0685129,
          42.6527052
        ]
      },
      "properties": {
        "id": 171528074,
        "osm_type": "way",
        "name": "Hotel Uvala",
        "tourism": "hotel",
        "contact:phone": "+385 (20) 433 580",
        "contact:website": "http://www.dubrovnikhotels.travel/hotel-uvala-dubrovnik"
      }
    },
    {
      "type": "Feature",
      "geometry": {
        "type": "Point",
        "coordinates": [
          18.0691498,
          42.6534183
        ]
      },
      "properties": {
        "id": 171528948,
        "osm_type": "way",
        "name": "Hotel Adriatic",
        "tourism": "hotel",
        "contact:phone": "+385 (20) 433 609",
        "contact:website": "http://www.dubrovnikhotels.travel/hotel-adriatic-dubrovnik"
      }
    },
    {
      "type": "Feature",
      "geometry": {
        "type": "Point",
        "coordinates": [
          18.088426,
          42.6588722
        ]
      },
      "properties": {
        "id": 171536384,
        "osm_type": "way",
        "name": "Berkeley",
        "tourism": "hotel"
      }
    },
    {
      "type": "Feature",
      "geometry": {
        "type": "Point",
        "coordinates": [
          18.0872063,
          42.6587241
        ]
      },
      "properties": {
        "id": 171536762,
        "osm_type": "way",
        "name": "Hotel Petka",
        "tourism": "hotel",
        "website": "https://www.sol.hr/en/hotel-petka"
      }
    },
    {
      "type": "Feature",
      "geometry": {
        "type": "Point",
        "coordinates": [
          18.1211771,
          42.6404484
        ]
      },
      "properties": {
        "id": 171740967,
        "osm_type": "way",
        "name": "Grand Villa Argentina",
        "tourism": "hotel"
      }
    },
    {
      "type": "Feature",
      "geometry": {
        "type": "Point",
        "coordinates": [
          18.0654785,
          42.6621173
        ]
      },
      "properties": {
        "id": 171787387,
        "osm_type": "way",
        "name": "Valamar Club Dubrovnik",
        "tourism": "hotel",
        "website": "https://www.valamar.com/de/hotels-dubrovnik/valamar-club-dubrovnik"
      }
    },
    {
      "type": "Feature",
      "geometry": {
        "type": "Point",
        "coordinates": [
          18.0611276,
          42.6581541
        ]
      },
      "properties": {
        "id": 171790699,
        "osm_type": "way",
        "name": "Villa Elita",
        "tourism": "apartment"
      }
    },
    {
      "type": "Feature",
      "geometry": {
        "type": "Point",
        "coordinates": [
          18.1205147,
          42.6405261
        ]
      },
      "properties": {
        "id": 171870065,
        "osm_type": "way",
        "tourism": "hotel"
      }
    },
    {
      "type": "Feature",
      "geometry": {
        "type": "Point",
        "coordinates": [
          18.0701156,
          42.6619257
        ]
      },
      "properties": {
        "id": 171881585,
        "osm_type": "way",
        "name": "Camping Solitudo",
        "tourism": "camp_site",
        "website": "https://www.camping-adriatic.com/de/solitudo-camp-dubrovnik/unterkunft"
      }
    },
    {
      "type": "Feature",
      "geometry": {
        "type": "Point",
        "coordinates": [
          18.0708191,
          42.663797
        ]
      },
      "properties": {
        "id": 171885954,
        "osm_type": "way",
        "name": "Villa Franica",
        "tourism": "chalet",
        "phone": "+38520362900",
        "website": "https://www.pervanovo.com/villa-franica"
      }
    },
    {
      "type": "Feature",
      "geometry": {
        "type": "Point",
        "coordinates": [
          18.0885622,
          42.6483207
        ]
      },
      "properties": {
        "id": 171889308,
        "osm_type": "way",
        "name": "Hotel Lero",
        "tourism": "hotel",
        "phone": "+385 20 341 333",
        "website": "https://www.hotel-lero.hr"
      }
    },
    {
      "type": "Feature",
      "geometry": {
        "type": "Point",
        "coordinates": [
          18.0911564,
          42.6451683
        ]
      },
      "properties": {
        "id": 171890044,
        "osm_type": "way",
        "name": "Rixos Libertas",
        "tourism": "hotel"
      }
    },
    {
      "type": "Feature",
      "geometry": {
        "type": "Point",
        "coordinates": [
          18.0877066,
          42.6485474
        ]
      },
      "properties": {
        "id": 172007902,
        "osm_type": "way",
        "name": "Apartments Topolo Dubrovnik",
        "tourism": "apartment",
        "website": "http://www.apartmentstopolodubrovnik.com/"
      }
    },
    {
      "type": "Feature",
      "geometry": {
        "type": "Point",
        "coordinates": [
          18.1048254,
          42.6427556
        ]
      },
      "properties": {
        "id": 172010999,
        "osm_type": "way",
        "name": "Hilton Imperial Dubrovnik",
        "tourism": "hotel",
        "contact:phone": "+385-20-320-320",
        "website": "https://www.hilton.com/en/hotels/dbvhihi-hilton-imperial-dubrovnik/"
      }
    },
    {
      "type": "Feature",
      "geometry": {
        "type": "Point",
        "coordinates": [
          17.2007782,
          43.0164374
        ]
      },
      "properties": {
        "id": 176918148,
        "osm_type": "way",
        "name": "Divna",
        "tourism": "camp_site"
      }
    },
    {
      "type": "Feature",
      "geometry": {
        "type": "Point",
        "coordinates": [
          17.1020468,
          42.9610906
        ]
      },
      "properties": {
        "id": 176929693,
        "osm_type": "way",
        "name": "Vrbovica",
        "tourism": "camp_site",
        "website": "http://www.kamp-vrbovica.hr/"
      }
    },
    {
      "type": "Feature",
      "geometry": {
        "type": "Point",
        "coordinates": [
          18.0811534,
          42.6530351
        ]
      },
      "properties": {
        "id": 177009888,
        "osm_type": "way",
        "name": "Ivka",
        "tourism": "hotel",
        "website": "https://www.hotel-ivka.com/",
        "check_date": "2024-09-07"
      }
    },
    {
      "type": "Feature",
      "geometry": {
        "type": "Point",
        "coordinates": [
          17.4552119,
          42.89086
        ]
      },
      "properties": {
        "id": 180964166,
        "osm_type": "way",
        "name": "Apartments and rooms by the sea",
        "tourism": "guest_house"
      }
    },
    {
      "type": "Feature",
      "geometry": {
        "type": "Point",
        "coordinates": [
          17.4541682,
          42.8891716
        ]
      },
      "properties": {
        "id": 180986644,
        "osm_type": "way",
        "name": "Villa Filipović",
        "tourism": "guest_house",
        "phone": "+385 20 75 61 31",
        "website": "https://www.villafilipovic.com/"
      }
    },
    {
      "type": "Feature",
      "geometry": {
        "type": "Point",
        "coordinates": [
          17.1353698,
          42.9621674
        ]
      },
      "properties": {
        "id": 189337736,
        "osm_type": "way",
        "name": "Aminess Younique Korčula Heritage Hotel",
        "tourism": "hotel",
        "phone": "+385 52 858 600",
        "website": "https://www.aminess.com/en/accommodation/hotels-and-resorts/korcula/aminess-korcula-heritage-hotel/"
      }
    },
    {
      "type": "Feature",
      "geometry": {
        "type": "Point",
        "coordinates": [
          18.0696714,
          42.6563685
        ]
      },
      "properties": {
        "id": 191500626,
        "osm_type": "way",
        "name": "Kompas",
        "tourism": "hotel",
        "contact:phone": "+385 20 299 300",
        "contact:website": "http://www.adriaticluxuryhotels.com/en/hotel-kompas-dubrovnik",
        "check_date": "2022-10-27"
      }
    },
    {
      "type": "Feature",
      "geometry": {
        "type": "Point",
        "coordinates": [
          17.4698616,
          43.0124595
        ]
      },
      "properties": {
        "id": 193514744,
        "osm_type": "way",
        "name": "Rio",
        "tourism": "camp_site"
      }
    },
    {
      "type": "Feature",
      "geometry": {
        "type": "Point",
        "coordinates": [
          17.5509886,
          43.0081117
        ]
      },
      "properties": {
        "id": 193713863,
        "osm_type": "way",
        "name": "Hotel Merlot",
        "tourism": "hotel"
      }
    },
    {
      "type": "Feature",
      "geometry": {
        "type": "Point",
        "coordinates": [
          17.5895108,
          43.0203632
        ]
      },
      "properties": {
        "id": 193858780,
        "osm_type": "way",
        "name": "Hotel restaurant Villa Neretva",
        "tourism": "hotel",
        "website": "http://hotel-restaurant-villa-neretva.hr"
      }
    },
    {
      "type": "Feature",
      "geometry": {
        "type": "Point",
        "coordinates": [
          17.5019796,
          43.0421992
        ]
      },
      "properties": {
        "id": 195098851,
        "osm_type": "way",
        "tourism": "guest_house"
      }
    },
    {
      "type": "Feature",
      "geometry": {
        "type": "Point",
        "coordinates": [
          17.1375916,
          42.9554262
        ]
      },
      "properties": {
        "id": 195561413,
        "osm_type": "way",
        "name": "Marko Polo Maradiso Hotel by Aminess",
        "tourism": "hotel",
        "phone": "+385 52 858 600",
        "website": "https://www.aminess.com/en/accommodation/hotels-and-resorts/korcula/marko-polo-hotel-by-aminess/"
      }
    },
    {
      "type": "Feature",
      "geometry": {
        "type": "Point",
        "coordinates": [
          17.1384916,
          42.9552485
        ]
      },
      "properties": {
        "id": 195561416,
        "osm_type": "way",
        "name": "Marko Polo Maradiso Hotel by Aminess",
        "tourism": "hotel",
        "phone": "+385 52 858 600",
        "website": "https://www.aminess.com/en/accommodation/hotels-and-resorts/korcula/marko-polo-hotel-by-aminess/"
      }
    },
    {
      "type": "Feature",
      "geometry": {
        "type": "Point",
        "coordinates": [
          17.1379867,
          42.9553869
        ]
      },
      "properties": {
        "id": 195561418,
        "osm_type": "way",
        "name": "Marko Polo Maradiso Hotel by Aminess",
        "tourism": "hotel",
        "phone": "+385 52 858 600",
        "website": "https://www.aminess.com/en/accommodation/hotels-and-resorts/korcula/marko-polo-hotel-by-aminess/"
      }
    },
    {
      "type": "Feature",
      "geometry": {
        "type": "Point",
        "coordinates": [
          17.1377996,
          42.9554055
        ]
      },
      "properties": {
        "id": 195561420,
        "osm_type": "way",
        "name": "Marko Polo Maradiso Hotel by Aminess",
        "tourism": "hotel",
        "phone": "+385 52 858 600",
        "website": "https://www.aminess.com/en/accommodation/hotels-and-resorts/korcula/marko-polo-hotel-by-aminess/"
      }
    },
    {
      "type": "Feature",
      "geometry": {
        "type": "Point",
        "coordinates": [
          17.1375887,
          42.9553477
        ]
      },
      "properties": {
        "id": 195563417,
        "osm_type": "way",
        "name": "Marko Polo Maradiso Hotel by Aminess",
        "tourism": "hotel",
        "phone": "+385 52 858 600",
        "website": "https://www.aminess.com/en/accommodation/hotels-and-resorts/korcula/marko-polo-hotel-by-aminess/"
      }
    },
    {
      "type": "Feature",
      "geometry": {
        "type": "Point",
        "coordinates": [
          17.1377138,
          42.9553367
        ]
      },
      "properties": {
        "id": 195563418,
        "osm_type": "way",
        "name": "Marko Polo Maradiso Hotel by Aminess",
        "tourism": "hotel",
        "phone": "+385 52 858 600",
        "website": "https://www.aminess.com/en/accommodation/hotels-and-resorts/korcula/marko-polo-hotel-by-aminess/"
      }
    },
    {
      "type": "Feature",
      "geometry": {
        "type": "Point",
        "coordinates": [
          17.1379557,
          42.9552602
        ]
      },
      "properties": {
        "id": 195563419,
        "osm_type": "way",
        "name": "Marko Polo Maradiso Hotel by Aminess",
        "tourism": "hotel",
        "phone": "+385 52 858 600",
        "website": "https://www.aminess.com/en/accommodation/hotels-and-resorts/korcula/marko-polo-hotel-by-aminess/"
      }
    },
    {
      "type": "Feature",
      "geometry": {
        "type": "Point",
        "coordinates": [
          17.1378394,
          42.9553291
        ]
      },
      "properties": {
        "id": 195563420,
        "osm_type": "way",
        "name": "Marko Polo Maradiso Hotel by Aminess",
        "tourism": "hotel",
        "phone": "+385 52 858 600",
        "website": "https://www.aminess.com/en/accommodation/hotels-and-resorts/korcula/marko-polo-hotel-by-aminess/"
      }
    },
    {
      "type": "Feature",
      "geometry": {
        "type": "Point",
        "coordinates": [
          17.1381867,
          42.9552408
        ]
      },
      "properties": {
        "id": 195563421,
        "osm_type": "way",
        "name": "Marko Polo Maradiso Hotel by Aminess",
        "tourism": "hotel",
        "phone": "+385 52 858 600",
        "website": "https://www.aminess.com/en/accommodation/hotels-and-resorts/korcula/marko-polo-hotel-by-aminess/"
      }
    },
    {
      "type": "Feature",
      "geometry": {
        "type": "Point",
        "coordinates": [
          17.1379929,
          42.9551788
        ]
      },
      "properties": {
        "id": 195563422,
        "osm_type": "way",
        "name": "Marko Polo Maradiso Hotel by Aminess",
        "tourism": "hotel",
        "phone": "+385 52 858 600",
        "website": "https://www.aminess.com/en/accommodation/hotels-and-resorts/korcula/marko-polo-hotel-by-aminess/"
      }
    },
    {
      "type": "Feature",
      "geometry": {
        "type": "Point",
        "coordinates": [
          17.138042,
          42.9551617
        ]
      },
      "properties": {
        "id": 195563423,
        "osm_type": "way",
        "name": "Marko Polo Maradiso Hotel by Aminess",
        "tourism": "hotel",
        "phone": "+385 52 858 600",
        "website": "https://www.aminess.com/en/accommodation/hotels-and-resorts/korcula/marko-polo-hotel-by-aminess/"
      }
    },
    {
      "type": "Feature",
      "geometry": {
        "type": "Point",
        "coordinates": [
          17.1383668,
          42.9552406
        ]
      },
      "properties": {
        "id": 195563424,
        "osm_type": "way",
        "name": "Marko Polo Maradiso Hotel by Aminess",
        "tourism": "hotel",
        "phone": "+385 52 858 600",
        "website": "https://www.aminess.com/en/accommodation/hotels-and-resorts/korcula/marko-polo-hotel-by-aminess/"
      }
    },
    {
      "type": "Feature",
      "geometry": {
        "type": "Point",
        "coordinates": [
          17.1379053,
          42.9551531
        ]
      },
      "properties": {
        "id": 195563426,
        "osm_type": "way",
        "name": "Marko Polo Maradiso Hotel by Aminess",
        "tourism": "hotel",
        "phone": "+385 52 858 600",
        "website": "https://www.aminess.com/en/accommodation/hotels-and-resorts/korcula/marko-polo-hotel-by-aminess/"
      }
    },
    {
      "type": "Feature",
      "geometry": {
        "type": "Point",
        "coordinates": [
          17.1382493,
          42.9551599
        ]
      },
      "properties": {
        "id": 195563428,
        "osm_type": "way",
        "name": "Marko Polo Maradiso Hotel by Aminess",
        "tourism": "hotel",
        "phone": "+385 52 858 600",
        "website": "https://www.aminess.com/en/accommodation/hotels-and-resorts/korcula/marko-polo-hotel-by-aminess/"
      }
    },
    {
      "type": "Feature",
      "geometry": {
        "type": "Point",
        "coordinates": [
          17.1376671,
          42.9556205
        ]
      },
      "properties": {
        "id": 195563430,
        "osm_type": "way",
        "name": "Marko Polo Maradiso Hotel by Aminess",
        "tourism": "hotel",
        "phone": "+385 52 858 600",
        "website": "https://www.aminess.com/en/accommodation/hotels-and-resorts/korcula/marko-polo-hotel-by-aminess/"
      }
    },
    {
      "type": "Feature",
      "geometry": {
        "type": "Point",
        "coordinates": [
          17.1385441,
          42.9560744
        ]
      },
      "properties": {
        "id": 195565611,
        "osm_type": "way",
        "name": "Hotel Park",
        "tourism": "hotel",
        "phone": "+385 20 726336;+385 20 726480",
        "website": "www.korculahotels.com"
      }
    },
    {
      "type": "Feature",
      "geometry": {
        "type": "Point",
        "coordinates": [
          17.1463186,
          42.952891
        ]
      },
      "properties": {
        "id": 195658027,
        "osm_type": "way",
        "name": "Aminess Vival Port9 Residence",
        "tourism": "apartment",
        "website": "https://www.aminess.com/en/aminess-port9-residence"
      }
    },
    {
      "type": "Feature",
      "geometry": {
        "type": "Point",
        "coordinates": [
          17.1344069,
          42.9595695
        ]
      },
      "properties": {
        "id": 195709225,
        "osm_type": "way",
        "name": "Katija & Egon",
        "tourism": "guest_house",
        "website": "https://korcula360.press/katijaiegon/index.htm"
      }
    },
    {
      "type": "Feature",
      "geometry": {
        "type": "Point",
        "coordinates": [
          17.1425279,
          42.9478385
        ]
      },
      "properties": {
        "id": 195716220,
        "osm_type": "way",
        "name": "Dragan's Den Hostel",
        "tourism": "hostel",
        "phone": "+38 5981655914",
        "check_date": "2022-09-13"
      }
    },
    {
      "type": "Feature",
      "geometry": {
        "type": "Point",
        "coordinates": [
          17.1293031,
          42.9622955
        ]
      },
      "properties": {
        "id": 195721721,
        "osm_type": "way",
        "name": "Pecotic Guesthouse",
        "tourism": "guest_house"
      }
    },
    {
      "type": "Feature",
      "geometry": {
        "type": "Point",
        "coordinates": [
          17.1466106,
          42.947383
        ]
      },
      "properties": {
        "id": 195926100,
        "osm_type": "way",
        "name": "Apartment D&P",
        "tourism": "guest_house"
      }
    },
    {
      "type": "Feature",
      "geometry": {
        "type": "Point",
        "coordinates": [
          17.3666456,
          43.0819779
        ]
      },
      "properties": {
        "id": 196169830,
        "osm_type": "way",
        "tourism": "guest_house"
      }
    },
    {
      "type": "Feature",
      "geometry": {
        "type": "Point",
        "coordinates": [
          17.1066886,
          42.959086
        ]
      },
      "properties": {
        "id": 196832573,
        "osm_type": "way",
        "name": "grgic apartments",
        "tourism": "guest_house"
      }
    },
    {
      "type": "Feature",
      "geometry": {
        "type": "Point",
        "coordinates": [
          17.0469155,
          42.9719671
        ]
      },
      "properties": {
        "id": 197689730,
        "osm_type": "way",
        "name": "Apartmani Anton Matić \"TRCIN\"",
        "tourism": "apartment"
      }
    },
    {
      "type": "Feature",
      "geometry": {
        "type": "Point",
        "coordinates": [
          17.1649449,
          42.9742631
        ]
      },
      "properties": {
        "id": 200501560,
        "osm_type": "way",
        "name": "Aminess Younique Bellevue Hotel",
        "tourism": "hotel",
        "website": "https://www.aminess.com/en/aminess-bellevue-hotel"
      }
    },
    {
      "type": "Feature",
      "geometry": {
        "type": "Point",
        "coordinates": [
          17.1616188,
          42.9748173
        ]
      },
      "properties": {
        "id": 200501600,
        "osm_type": "way",
        "name": "Aminess Vival Grand Azur",
        "tourism": "hotel",
        "website": "https://www.aminess.com/en/aminess-grand-azur-hotel"
      }
    },
    {
      "type": "Feature",
      "geometry": {
        "type": "Point",
        "coordinates": [
          17.1576718,
          42.9747284
        ]
      },
      "properties": {
        "id": 200501601,
        "osm_type": "way",
        "name": "Orsan Maradiso Hotel by Aminess",
        "tourism": "hotel",
        "website": "https://www.aminess.com/en/orsan-hotel-by-aminessjBqNKgCALACAQ&FORM=ANAB01&PC=U531"
      }
    },
    {
      "type": "Feature",
      "geometry": {
        "type": "Point",
        "coordinates": [
          17.1066041,
          42.980116
        ]
      },
      "properties": {
        "id": 200501659,
        "osm_type": "way",
        "name": "Maestral",
        "tourism": "camp_site"
      }
    },
    {
      "type": "Feature",
      "geometry": {
        "type": "Point",
        "coordinates": [
          17.1044381,
          42.9802768
        ]
      },
      "properties": {
        "id": 200501663,
        "osm_type": "way",
        "name": "Ponta",
        "tourism": "camp_site"
      }
    },
    {
      "type": "Feature",
      "geometry": {
        "type": "Point",
        "coordinates": [
          17.0354139,
          43.0252732
        ]
      },
      "properties": {
        "id": 200666295,
        "osm_type": "way",
        "name": "Autocamp Denka",
        "tourism": "camp_site",
        "phone": "+385 20 688 886",
        "website": "https://www.denka.info/en"
      }
    },
    {
      "type": "Feature",
      "geometry": {
        "type": "Point",
        "coordinates": [
          17.0182421,
          42.971823
        ]
      },
      "properties": {
        "id": 201035046,
        "osm_type": "way",
        "name": "Apartments Lovrić",
        "tourism": "apartment",
        "website": "https://www.facebook.com/apartmajilovric/"
      }
    },
    {
      "type": "Feature",
      "geometry": {
        "type": "Point",
        "coordinates": [
          17.1395329,
          42.9559838
        ]
      },
      "properties": {
        "id": 201331736,
        "osm_type": "way",
        "name": "Aminess Younique Liburna Hotel",
        "tourism": "hotel",
        "phone": "+385 52 858 600",
        "website": "https://www.aminess.com/en/aminess-liburna-hotel"
      }
    },
    {
      "type": "Feature",
      "geometry": {
        "type": "Point",
        "coordinates": [
          17.564555,
          42.9438952
        ]
      },
      "properties": {
        "id": 207895243,
        "osm_type": "way",
        "name": "Vila Čović",
        "tourism": "guest_house"
      }
    },
    {
      "type": "Feature",
      "geometry": {
        "type": "Point",
        "coordinates": [
          17.9352471,
          42.6855584
        ]
      },
      "properties": {
        "id": 207921137,
        "osm_type": "way",
        "name": "Lafodia sea resort",
        "tourism": "hotel"
      }
    },
    {
      "type": "Feature",
      "geometry": {
        "type": "Point",
        "coordinates": [
          17.9358743,
          42.6855409
        ]
      },
      "properties": {
        "id": 207921141,
        "osm_type": "way",
        "name": "Lafodia sea resort",
        "tourism": "hotel"
      }
    },
    {
      "type": "Feature",
      "geometry": {
        "type": "Point",
        "coordinates": [
          17.3427032,
          42.7876296
        ]
      },
      "properties": {
        "id": 209052475,
        "osm_type": "way",
        "name": "Guesthouse Pomena",
        "tourism": "guest_house",
        "website": "https://www.mljetpomena.com/"
      }
    },
    {
      "type": "Feature",
      "geometry": {
        "type": "Point",
        "coordinates": [
          18.0172561,
          42.6951881
        ]
      },
      "properties": {
        "id": 209355613,
        "osm_type": "way",
        "name": "Dubrovački Vrtovi Sunca",
        "tourism": "hotel"
      }
    },
    {
      "type": "Feature",
      "geometry": {
        "type": "Point",
        "coordinates": [
          17.8624775,
          42.727246
        ]
      },
      "properties": {
        "id": 220785616,
        "osm_type": "way",
        "name": "Hotel Šipan",
        "tourism": "hotel",
        "phone": "+385 20 361 700",
        "website": "https://www.hotel-sipan.com/"
      }
    },
    {
      "type": "Feature",
      "geometry": {
        "type": "Point",
        "coordinates": [
          18.4357502,
          42.4535297
        ]
      },
      "properties": {
        "id": 221369585,
        "osm_type": "way",
        "name": "Autocamp Molunat",
        "tourism": "camp_site"
      }
    },
    {
      "type": "Feature",
      "geometry": {
        "type": "Point",
        "coordinates": [
          16.8607918,
          42.9039097
        ]
      },
      "properties": {
        "id": 224986056,
        "osm_type": "way",
        "name": "BLEUS APARTMENTS",
        "tourism": "hotel"
      }
    },
    {
      "type": "Feature",
      "geometry": {
        "type": "Point",
        "coordinates": [
          17.5639484,
          43.0158347
        ]
      },
      "properties": {
        "id": 229564266,
        "osm_type": "way",
        "name": "Villa Opuzen",
        "tourism": "apartment"
      }
    },
    {
      "type": "Feature",
      "geometry": {
        "type": "Point",
        "coordinates": [
          17.5637905,
          43.0170194
        ]
      },
      "properties": {
        "id": 229604791,
        "osm_type": "way",
        "name": "Apartman IVKA",
        "tourism": "apartment"
      }
    },
    {
      "type": "Feature",
      "geometry": {
        "type": "Point",
        "coordinates": [
          17.5644574,
          43.0172467
        ]
      },
      "properties": {
        "id": 229604896,
        "osm_type": "way",
        "name": "Delta",
        "tourism": "motel"
      }
    },
    {
      "type": "Feature",
      "geometry": {
        "type": "Point",
        "coordinates": [
          17.8600045,
          42.7842679
        ]
      },
      "properties": {
        "id": 230861853,
        "osm_type": "way",
        "name": "Autokamp Milic",
        "tourism": "camp_site"
      }
    },
    {
      "type": "Feature",
      "geometry": {
        "type": "Point",
        "coordinates": [
          18.0607608,
          42.6624202
        ]
      },
      "properties": {
        "id": 232036606,
        "osm_type": "way",
        "name": "Valamar Argosy",
        "tourism": "hotel"
      }
    },
    {
      "type": "Feature",
      "geometry": {
        "type": "Point",
        "coordinates": [
          18.0633618,
          42.6612917
        ]
      },
      "properties": {
        "id": 232481245,
        "osm_type": "way",
        "name": "Valamar Tirena",
        "tourism": "hotel",
        "website": "https://www.valamar.com/de/hotels-dubrovnik/tirena-hotel"
      }
    },
    {
      "type": "Feature",
      "geometry": {
        "type": "Point",
        "coordinates": [
          17.34706,
          42.9227832
        ]
      },
      "properties": {
        "id": 233112062,
        "osm_type": "way",
        "tourism": "chalet"
      }
    },
    {
      "type": "Feature",
      "geometry": {
        "type": "Point",
        "coordinates": [
          17.3468647,
          42.9228684
        ]
      },
      "properties": {
        "id": 233112070,
        "osm_type": "way",
        "name": "Villa Plavac Mali",
        "tourism": "chalet"
      }
    },
    {
      "type": "Feature",
      "geometry": {
        "type": "Point",
        "coordinates": [
          18.2140458,
          42.5783433
        ]
      },
      "properties": {
        "id": 233566486,
        "osm_type": "way",
        "name": "Hotel Croatia Cavtat",
        "tourism": "hotel"
      }
    },
    {
      "type": "Feature",
      "geometry": {
        "type": "Point",
        "coordinates": [
          17.6239031,
          43.0445412
        ]
      },
      "properties": {
        "id": 233659907,
        "osm_type": "way",
        "name": "Metković",
        "tourism": "hotel",
        "phone": "+385 20 684 396",
        "website": "https://www.hotel-metkovic.com/"
      }
    },
    {
      "type": "Feature",
      "geometry": {
        "type": "Point",
        "coordinates": [
          17.4662971,
          42.7738657
        ]
      },
      "properties": {
        "id": 234539991,
        "osm_type": "way",
        "name": "Lovor",
        "tourism": "camp_site",
        "tents": "yes",
        "contact:phone": "+385 98 702 200",
        "website": "https://www.autocamp-mljet.com/"
      }
    },
    {
      "type": "Feature",
      "geometry": {
        "type": "Point",
        "coordinates": [
          17.4640909,
          42.7762448
        ]
      },
      "properties": {
        "id": 234540401,
        "osm_type": "way",
        "name": "Villa Vincencia",
        "tourism": "guest_house"
      }
    },
    {
      "type": "Feature",
      "geometry": {
        "type": "Point",
        "coordinates": [
          17.4643787,
          42.7756654
        ]
      },
      "properties": {
        "id": 234540404,
        "osm_type": "way",
        "name": "Villa Radulj",
        "tourism": "hotel",
        "website": "http://www.villaradulj.com/"
      }
    },
    {
      "type": "Feature",
      "geometry": {
        "type": "Point",
        "coordinates": [
          17.4645282,
          42.7762447
        ]
      },
      "properties": {
        "id": 234540405,
        "osm_type": "way",
        "name": "Pansion Hazdovac",
        "tourism": "guest_house",
        "website": "http://www.pansion-hazdovac-mljet.com/"
      }
    },
    {
      "type": "Feature",
      "geometry": {
        "type": "Point",
        "coordinates": [
          17.462936,
          42.7763892
        ]
      },
      "properties": {
        "id": 234549594,
        "osm_type": "way",
        "name": "Apartmani Kristijan",
        "tourism": "guest_house"
      }
    },
    {
      "type": "Feature",
      "geometry": {
        "type": "Point",
        "coordinates": [
          17.4632327,
          42.7762022
        ]
      },
      "properties": {
        "id": 234549596,
        "osm_type": "way",
        "name": "Apartmani Dora",
        "tourism": "guest_house"
      }
    },
    {
      "type": "Feature",
      "geometry": {
        "type": "Point",
        "coordinates": [
          17.5345661,
          42.7391561
        ]
      },
      "properties": {
        "id": 234550000,
        "osm_type": "way",
        "name": "Autokamp Mungos",
        "tourism": "camp_site"
      }
    },
    {
      "type": "Feature",
      "geometry": {
        "type": "Point",
        "coordinates": [
          17.4607101,
          42.7529715
        ]
      },
      "properties": {
        "id": 234585751,
        "osm_type": "way",
        "name": "Autokamp Marina",
        "tourism": "camp_site"
      }
    },
    {
      "type": "Feature",
      "geometry": {
        "type": "Point",
        "coordinates": [
          17.7037394,
          42.8471985
        ]
      },
      "properties": {
        "id": 235921289,
        "osm_type": "way",
        "name": "Ostrea",
        "tourism": "hotel",
        "website": "www.ostrea.hr"
      }
    },
    {
      "type": "Feature",
      "geometry": {
        "type": "Point",
        "coordinates": [
          17.0734698,
          42.9671537
        ]
      },
      "properties": {
        "id": 238127100,
        "osm_type": "way",
        "name": "Autocamp Oskorušica",
        "tourism": "camp_site",
        "tents": "yes",
        "phone": "+385 20 710897",
        "website": "https://camposkorusica.com/"
      }
    },
    {
      "type": "Feature",
      "geometry": {
        "type": "Point",
        "coordinates": [
          17.0908572,
          42.9642836
        ]
      },
      "properties": {
        "id": 238361030,
        "osm_type": "way",
        "name": "Tri Žala",
        "tourism": "camp_site",
        "contact:phone": "+385 20 721244"
      }
    },
    {
      "type": "Feature",
      "geometry": {
        "type": "Point",
        "coordinates": [
          18.2174486,
          42.583574
        ]
      },
      "properties": {
        "id": 239798041,
        "osm_type": "way",
        "tourism": "apartment"
      }
    },
    {
      "type": "Feature",
      "geometry": {
        "type": "Point",
        "coordinates": [
          18.2164703,
          42.5839068
        ]
      },
      "properties": {
        "id": 239912636,
        "osm_type": "way",
        "name": "Villa Ista",
        "tourism": "apartment"
      }
    },
    {
      "type": "Feature",
      "geometry": {
        "type": "Point",
        "coordinates": [
          18.2303764,
          42.5854733
        ]
      },
      "properties": {
        "id": 240434641,
        "osm_type": "way",
        "name": "Villa Bellevue",
        "tourism": "apartment"
      }
    },
    {
      "type": "Feature",
      "geometry": {
        "type": "Point",
        "coordinates": [
          18.2223003,
          42.5803062
        ]
      },
      "properties": {
        "id": 240434729,
        "osm_type": "way",
        "name": "Villa Kipre",
        "tourism": "guest_house"
      }
    },
    {
      "type": "Feature",
      "geometry": {
        "type": "Point",
        "coordinates": [
          18.2222611,
          42.5804266
        ]
      },
      "properties": {
        "id": 240434772,
        "osm_type": "way",
        "name": "Villa Karacic",
        "tourism": "guest_house"
      }
    },
    {
      "type": "Feature",
      "geometry": {
        "type": "Point",
        "coordinates": [
          18.2267939,
          42.5873373
        ]
      },
      "properties": {
        "id": 240434789,
        "osm_type": "way",
        "name": "Remisens Epidaurus",
        "tourism": "hotel"
      }
    },
    {
      "type": "Feature",
      "geometry": {
        "type": "Point",
        "coordinates": [
          18.2247195,
          42.5760579
        ]
      },
      "properties": {
        "id": 240434824,
        "osm_type": "way",
        "name": "Indigo Cavtat Apartments",
        "tourism": "apartment",
        "phone": "+385992150824",
        "website": "https://www.indigocavtatapartments.com/"
      }
    },
    {
      "type": "Feature",
      "geometry": {
        "type": "Point",
        "coordinates": [
          17.1706716,
          42.9216707
        ]
      },
      "properties": {
        "id": 257807483,
        "osm_type": "way",
        "name": "Borik",
        "tourism": "hotel"
      }
    },
    {
      "type": "Feature",
      "geometry": {
        "type": "Point",
        "coordinates": [
          17.1705782,
          42.92158
        ]
      },
      "properties": {
        "id": 257807491,
        "osm_type": "way",
        "tourism": "hotel"
      }
    },
    {
      "type": "Feature",
      "geometry": {
        "type": "Point",
        "coordinates": [
          17.1706718,
          42.9215574
        ]
      },
      "properties": {
        "id": 257807493,
        "osm_type": "way",
        "tourism": "hotel"
      }
    },
    {
      "type": "Feature",
      "geometry": {
        "type": "Point",
        "coordinates": [
          17.1718819,
          42.9224457
        ]
      },
      "properties": {
        "id": 257809907,
        "osm_type": "way",
        "tourism": "hotel"
      }
    },
    {
      "type": "Feature",
      "geometry": {
        "type": "Point",
        "coordinates": [
          17.1726453,
          42.9231408
        ]
      },
      "properties": {
        "id": 258080081,
        "osm_type": "way",
        "name": "Hotel Lumbarda",
        "tourism": "hotel",
        "contact:website": "https://hotellumbarda.com/"
      }
    },
    {
      "type": "Feature",
      "geometry": {
        "type": "Point",
        "coordinates": [
          18.1961013,
          42.6234183
        ]
      },
      "properties": {
        "id": 258878319,
        "osm_type": "way",
        "name": "Hotel Sheraton Dubrovnik Riviera",
        "tourism": "hotel"
      }
    },
    {
      "type": "Feature",
      "geometry": {
        "type": "Point",
        "coordinates": [
          17.1730711,
          42.9218308
        ]
      },
      "properties": {
        "id": 259196153,
        "osm_type": "way",
        "name": "Vela Postrana",
        "tourism": "camp_site",
        "tents": "yes"
      }
    },
    {
      "type": "Feature",
      "geometry": {
        "type": "Point",
        "coordinates": [
          16.6998628,
          42.9684733
        ]
      },
      "properties": {
        "id": 260077470,
        "osm_type": "way",
        "name": "Hotel Adria",
        "tourism": "hotel",
        "check_date": "2024-09-26"
      }
    },
    {
      "type": "Feature",
      "geometry": {
        "type": "Point",
        "coordinates": [
          18.0659668,
          42.6570534
        ]
      },
      "properties": {
        "id": 261241621,
        "osm_type": "way",
        "name": "More",
        "tourism": "hotel"
      }
    },
    {
      "type": "Feature",
      "geometry": {
        "type": "Point",
        "coordinates": [
          16.8564801,
          42.9040839
        ]
      },
      "properties": {
        "id": 261936169,
        "osm_type": "way",
        "name": "Aminess Younique Lume Hotel",
        "tourism": "hotel",
        "phone": "+385 52 858 600",
        "website": "https://www.aminess.com/en/accommodation/hotels-and-resorts/korcula/aminess-lume-hotel/"
      }
    },
    {
      "type": "Feature",
      "geometry": {
        "type": "Point",
        "coordinates": [
          16.8560395,
          42.9040337
        ]
      },
      "properties": {
        "id": 261936170,
        "osm_type": "way",
        "name": "Aminess Younique Lume Hotel",
        "tourism": "hotel",
        "phone": "+385 52 858 600",
        "website": "https://www.aminess.com/en/accommodation/hotels-and-resorts/korcula/aminess-lume-hotel/"
      }
    },
    {
      "type": "Feature",
      "geometry": {
        "type": "Point",
        "coordinates": [
          16.8556381,
          42.9041918
        ]
      },
      "properties": {
        "id": 261936172,
        "osm_type": "way",
        "name": "Aminess Younique Lume Hotel",
        "tourism": "hotel",
        "phone": "+385 52 858 600",
        "website": "https://www.aminess.com/en/accommodation/hotels-and-resorts/korcula/aminess-lume-hotel/"
      }
    },
    {
      "type": "Feature",
      "geometry": {
        "type": "Point",
        "coordinates": [
          16.8568443,
          42.9042008
        ]
      },
      "properties": {
        "id": 261936176,
        "osm_type": "way",
        "name": "Aminess Younique Lume Hotel",
        "tourism": "hotel",
        "phone": "+385 52 858 600",
        "website": "https://www.aminess.com/en/accommodation/hotels-and-resorts/korcula/aminess-lume-hotel/"
      }
    },
    {
      "type": "Feature",
      "geometry": {
        "type": "Point",
        "coordinates": [
          16.8554379,
          42.9044583
        ]
      },
      "properties": {
        "id": 261965327,
        "osm_type": "way",
        "name": "Aminess Younique Lume Hotel",
        "tourism": "hotel",
        "phone": "+385 52 858 600",
        "website": "https://www.aminess.com/en/accommodation/hotels-and-resorts/korcula/aminess-lume-hotel/"
      }
    },
    {
      "type": "Feature",
      "geometry": {
        "type": "Point",
        "coordinates": [
          16.8553148,
          42.904486
        ]
      },
      "properties": {
        "id": 261965335,
        "osm_type": "way",
        "name": "Aminess Younique Lume Hotel",
        "tourism": "hotel",
        "phone": "+385 52 858 600",
        "website": "https://www.aminess.com/en/accommodation/hotels-and-resorts/korcula/aminess-lume-hotel/"
      }
    },
    {
      "type": "Feature",
      "geometry": {
        "type": "Point",
        "coordinates": [
          16.7479539,
          42.959806
        ]
      },
      "properties": {
        "id": 262351613,
        "osm_type": "way",
        "name": "Holiday Home Liberan",
        "tourism": "chalet"
      }
    },
    {
      "type": "Feature",
      "geometry": {
        "type": "Point",
        "coordinates": [
          16.7973426,
          42.907082
        ]
      },
      "properties": {
        "id": 262671757,
        "osm_type": "way",
        "name": "Ravno",
        "tourism": "camp_site"
      }
    },
    {
      "type": "Feature",
      "geometry": {
        "type": "Point",
        "coordinates": [
          18.0815866,
          42.656481
        ]
      },
      "properties": {
        "id": 277905071,
        "osm_type": "way",
        "tourism": "hotel"
      }
    },
    {
      "type": "Feature",
      "geometry": {
        "type": "Point",
        "coordinates": [
          17.0474899,
          42.9717132
        ]
      },
      "properties": {
        "id": 280266463,
        "osm_type": "way",
        "name": "Apartments \"Botica\"",
        "tourism": "apartment",
        "phone": "+385 91 171 18 61"
      }
    },
    {
      "type": "Feature",
      "geometry": {
        "type": "Point",
        "coordinates": [
          18.039916,
          42.6971308
        ]
      },
      "properties": {
        "id": 288078234,
        "osm_type": "way",
        "name": "Vila Ivanka",
        "tourism": "guest_house"
      }
    },
    {
      "type": "Feature",
      "geometry": {
        "type": "Point",
        "coordinates": [
          18.0427616,
          42.7011911
        ]
      },
      "properties": {
        "id": 288088303,
        "osm_type": "way",
        "name": "Zamagna",
        "tourism": "guest_house"
      }
    },
    {
      "type": "Feature",
      "geometry": {
        "type": "Point",
        "coordinates": [
          17.1381688,
          42.9555156
        ]
      },
      "properties": {
        "id": 289810493,
        "osm_type": "way",
        "name": "Marko Polo by Aminess",
        "tourism": "hotel",
        "phone": "+385 52 858 600",
        "website": "https://www.aminess.com/en/marko-polo-hotel-by-aminess"
      }
    },
    {
      "type": "Feature",
      "geometry": {
        "type": "Point",
        "coordinates": [
          18.3126464,
          42.5260164
        ]
      },
      "properties": {
        "id": 291738358,
        "osm_type": "way",
        "name": "Apartments Banac",
        "tourism": "guest_house",
        "website": "http://www.apartmentsdubanac.eu/"
      }
    },
    {
      "type": "Feature",
      "geometry": {
        "type": "Point",
        "coordinates": [
          17.4422346,
          42.9503693
        ]
      },
      "properties": {
        "id": 293992004,
        "osm_type": "way",
        "name": "Apartmani Helena",
        "tourism": "apartment",
        "website": "http://www.accommodationincroatia.net/sreser/apartman-helena/"
      }
    },
    {
      "type": "Feature",
      "geometry": {
        "type": "Point",
        "coordinates": [
          17.3449555,
          42.9251697
        ]
      },
      "properties": {
        "id": 297236557,
        "osm_type": "way",
        "name": "Apartmány Vedrana",
        "tourism": "apartment"
      }
    },
    {
      "type": "Feature",
      "geometry": {
        "type": "Point",
        "coordinates": [
          17.1883991,
          42.9754963
        ]
      },
      "properties": {
        "id": 301387697,
        "osm_type": "way",
        "name": "Apartmani Ruvo",
        "tourism": "guest_house",
        "contact:phone": "+385 20 713 207",
        "website": "http://my-vacation-rent.com/hr/apartman/Hrvatska-Dalmacija-Peljesac-Orebic-Apartmani%20Ruvo-56"
      }
    },
    {
      "type": "Feature",
      "geometry": {
        "type": "Point",
        "coordinates": [
          17.1881507,
          42.9754943
        ]
      },
      "properties": {
        "id": 301387715,
        "osm_type": "way",
        "name": "Holiday Home Luna",
        "tourism": "guest_house",
        "website": "https://plus.google.com/+HolidayHomeLunaOrebi%C4%87"
      }
    },
    {
      "type": "Feature",
      "geometry": {
        "type": "Point",
        "coordinates": [
          17.9098572,
          42.710401
        ]
      },
      "properties": {
        "id": 301457715,
        "osm_type": "way",
        "name": "Apartments Emily",
        "tourism": "apartment",
        "phone": "+385 99 766 9197",
        "website": "https://emilyapartments.com/"
      }
    },
    {
      "type": "Feature",
      "geometry": {
        "type": "Point",
        "coordinates": [
          17.9101607,
          42.7112249
        ]
      },
      "properties": {
        "id": 301457726,
        "osm_type": "way",
        "name": "Eco Apartments Kate",
        "tourism": "apartment",
        "phone": "+385 92 348 9634"
      }
    },
    {
      "type": "Feature",
      "geometry": {
        "type": "Point",
        "coordinates": [
          17.9147838,
          42.7122906
        ]
      },
      "properties": {
        "id": 301457751,
        "osm_type": "way",
        "name": "Guest House Šimunović",
        "tourism": "guest_house",
        "phone": "+385 98 984 1801"
      }
    },
    {
      "type": "Feature",
      "geometry": {
        "type": "Point",
        "coordinates": [
          17.9122196,
          42.7124549
        ]
      },
      "properties": {
        "id": 301632772,
        "osm_type": "way",
        "name": "Villa BoN-Temps SS",
        "tourism": "guest_house",
        "phone": "+385 91 107 1999"
      }
    },
    {
      "type": "Feature",
      "geometry": {
        "type": "Point",
        "coordinates": [
          17.9442847,
          42.6845396
        ]
      },
      "properties": {
        "id": 302557014,
        "osm_type": "way",
        "name": "White House Lopud",
        "tourism": "hotel",
        "phone": "+385 91 540 6688"
      }
    },
    {
      "type": "Feature",
      "geometry": {
        "type": "Point",
        "coordinates": [
          17.9424441,
          42.6848601
        ]
      },
      "properties": {
        "id": 302557049,
        "osm_type": "way",
        "name": "Villa Mirjana",
        "tourism": "apartment",
        "phone": "+385 20 759 191",
        "website": "https://villamirjana.com/"
      }
    },
    {
      "type": "Feature",
      "geometry": {
        "type": "Point",
        "coordinates": [
          17.9411608,
          42.6878249
        ]
      },
      "properties": {
        "id": 302557107,
        "osm_type": "way",
        "name": "Villa Lola",
        "tourism": "apartment",
        "website": "https://www.villa-lola-lopud.com/"
      }
    },
    {
      "type": "Feature",
      "geometry": {
        "type": "Point",
        "coordinates": [
          17.9378409,
          42.6853428
        ]
      },
      "properties": {
        "id": 302557143,
        "osm_type": "way",
        "name": "Guest House Tomić",
        "tourism": "guest_house",
        "phone": "+385 98 639 142"
      }
    },
    {
      "type": "Feature",
      "geometry": {
        "type": "Point",
        "coordinates": [
          17.9420786,
          42.6912176
        ]
      },
      "properties": {
        "id": 302557190,
        "osm_type": "way",
        "name": "Villa Vilina",
        "tourism": "hotel",
        "phone": "+385 20 759 333"
      }
    },
    {
      "type": "Feature",
      "geometry": {
        "type": "Point",
        "coordinates": [
          17.9459227,
          42.6890794
        ]
      },
      "properties": {
        "id": 335368279,
        "osm_type": "way",
        "name": "Apartments Cervelin",
        "tourism": "apartment"
      }
    },
    {
      "type": "Feature",
      "geometry": {
        "type": "Point",
        "coordinates": [
          17.4541265,
          42.9239133
        ]
      },
      "properties": {
        "id": 338364543,
        "osm_type": "way",
        "name": "Apartments Glavor",
        "tourism": "chalet",
        "phone": "+385 98 244 800",
        "website": "https://apartmentcroatia.webs.com/"
      }
    },
    {
      "type": "Feature",
      "geometry": {
        "type": "Point",
        "coordinates": [
          18.0041234,
          42.6767152
        ]
      },
      "properties": {
        "id": 344398752,
        "osm_type": "way",
        "name": "TUI BLUE Kalamota Island",
        "tourism": "hotel",
        "phone": "+385 12002001",
        "website": "https://www.tuibluekalamota.com/"
      }
    },
    {
      "type": "Feature",
      "geometry": {
        "type": "Point",
        "coordinates": [
          18.0061482,
          42.6781453
        ]
      },
      "properties": {
        "id": 344400165,
        "osm_type": "way",
        "name": "Villa Sea Whisper",
        "tourism": "apartment",
        "phone": "+385 99 607 6899"
      }
    },
    {
      "type": "Feature",
      "geometry": {
        "type": "Point",
        "coordinates": [
          18.0084735,
          42.678656
        ]
      },
      "properties": {
        "id": 344400956,
        "osm_type": "way",
        "name": "Stone House Kalamota",
        "tourism": "guest_house",
        "phone": "+385 98 214 486"
      }
    },
    {
      "type": "Feature",
      "geometry": {
        "type": "Point",
        "coordinates": [
          18.0088464,
          42.6784008
        ]
      },
      "properties": {
        "id": 344401254,
        "osm_type": "way",
        "name": "Guest House Butorac",
        "tourism": "guest_house",
        "phone": "+385 20 757 066"
      }
    },
    {
      "type": "Feature",
      "geometry": {
        "type": "Point",
        "coordinates": [
          18.017627,
          42.669151
        ]
      },
      "properties": {
        "id": 344404674,
        "osm_type": "way",
        "name": "Apartment Lujak",
        "tourism": "apartment"
      }
    },
    {
      "type": "Feature",
      "geometry": {
        "type": "Point",
        "coordinates": [
          18.0160547,
          42.6711696
        ]
      },
      "properties": {
        "id": 344406006,
        "osm_type": "way",
        "name": "Kalamota Beach House",
        "tourism": "hotel",
        "phone": "+385 20 202 100",
        "website": "https://www.kalamota-beachhouse.com/"
      }
    },
    {
      "type": "Feature",
      "geometry": {
        "type": "Point",
        "coordinates": [
          18.0921011,
          42.6467026
        ]
      },
      "properties": {
        "id": 358389457,
        "osm_type": "way",
        "name": "Bellevue",
        "tourism": "hotel"
      }
    },
    {
      "type": "Feature",
      "geometry": {
        "type": "Point",
        "coordinates": [
          17.1929439,
          42.9792143
        ]
      },
      "properties": {
        "id": 363425615,
        "osm_type": "way",
        "name": "Camping Mario",
        "tourism": "caravan_site"
      }
    },
    {
      "type": "Feature",
      "geometry": {
        "type": "Point",
        "coordinates": [
          18.207337,
          42.6240252
        ]
      },
      "properties": {
        "id": 374551269,
        "osm_type": "way",
        "name": "Camping Kate",
        "tourism": "camp_site",
        "tents": "yes",
        "contact:phone": "+385 20 487 006",
        "website": "https://campingkate.com"
      }
    },
    {
      "type": "Feature",
      "geometry": {
        "type": "Point",
        "coordinates": [
          18.208022,
          42.6243247
        ]
      },
      "properties": {
        "id": 374553887,
        "osm_type": "way",
        "tourism": "caravan_site"
      }
    },
    {
      "type": "Feature",
      "geometry": {
        "type": "Point",
        "coordinates": [
          17.8904924,
          42.785976
        ]
      },
      "properties": {
        "id": 375983038,
        "osm_type": "way",
        "tourism": "camp_site"
      }
    },
    {
      "type": "Feature",
      "geometry": {
        "type": "Point",
        "coordinates": [
          17.8892385,
          42.7857422
        ]
      },
      "properties": {
        "id": 375983120,
        "osm_type": "way",
        "name": "Vila Riva Apartments",
        "tourism": "apartment",
        "phone": "+38520362900",
        "website": "https://www.pervanovo.com/vila-riva-apartments"
      }
    },
    {
      "type": "Feature",
      "geometry": {
        "type": "Point",
        "coordinates": [
          17.8928787,
          42.7845395
        ]
      },
      "properties": {
        "id": 375983127,
        "osm_type": "way",
        "name": "Apartments Villa Cerjak",
        "tourism": "apartment",
        "phone": "+385 99 526 0858"
      }
    },
    {
      "type": "Feature",
      "geometry": {
        "type": "Point",
        "coordinates": [
          17.8892966,
          42.7864713
        ]
      },
      "properties": {
        "id": 375983276,
        "osm_type": "way",
        "name": "Kolarin",
        "tourism": "guest_house"
      }
    },
    {
      "type": "Feature",
      "geometry": {
        "type": "Point",
        "coordinates": [
          18.265029,
          42.5524847
        ]
      },
      "properties": {
        "id": 406512014,
        "osm_type": "way",
        "tourism": "guest_house"
      }
    },
    {
      "type": "Feature",
      "geometry": {
        "type": "Point",
        "coordinates": [
          18.0919514,
          42.6579962
        ]
      },
      "properties": {
        "id": 428064334,
        "osm_type": "way",
        "name": "Adria Hotel - Dubrovnik",
        "tourism": "hotel"
      }
    },
    {
      "type": "Feature",
      "geometry": {
        "type": "Point",
        "coordinates": [
          17.8464555,
          42.8030421
        ]
      },
      "properties": {
        "id": 434557784,
        "osm_type": "way",
        "name": "Budina",
        "tourism": "camp_site",
        "tents": "yes"
      }
    },
    {
      "type": "Feature",
      "geometry": {
        "type": "Point",
        "coordinates": [
          17.443612,
          42.9458201
        ]
      },
      "properties": {
        "id": 438467059,
        "osm_type": "way",
        "name": "Villa Marijana",
        "tourism": "apartment"
      }
    },
    {
      "type": "Feature",
      "geometry": {
        "type": "Point",
        "coordinates": [
          17.4546504,
          42.8898601
        ]
      },
      "properties": {
        "id": 440957902,
        "osm_type": "way",
        "name": "Zuljana campsite",
        "tourism": "camp_site",
        "tents": "yes",
        "phone": "+385 98 165 2096",
        "website": "https://www.campsitezuljana.com/"
      }
    },
    {
      "type": "Feature",
      "geometry": {
        "type": "Point",
        "coordinates": [
          16.8973739,
          42.770962
        ]
      },
      "properties": {
        "id": 479911355,
        "osm_type": "way",
        "name": "Pansion Žore",
        "tourism": "guest_house",
        "contact:phone": "+385 20 801027",
        "contact:website": "http://tz-lastovo.hr/smjestaj/objekt/bruno-vodanovic"
      }
    },
    {
      "type": "Feature",
      "geometry": {
        "type": "Point",
        "coordinates": [
          17.8627013,
          42.7274161
        ]
      },
      "properties": {
        "id": 491933422,
        "osm_type": "way",
        "name": "BoN-Temps SL1",
        "tourism": "guest_house",
        "phone": "+385 91 107 1999"
      }
    },
    {
      "type": "Feature",
      "geometry": {
        "type": "Point",
        "coordinates": [
          18.0680809,
          42.6564654
        ]
      },
      "properties": {
        "id": 499721511,
        "osm_type": "way",
        "name": "Dubrovnik Apartments",
        "tourism": "apartment"
      }
    },
    {
      "type": "Feature",
      "geometry": {
        "type": "Point",
        "coordinates": [
          18.0679358,
          42.6565339
        ]
      },
      "properties": {
        "id": 499721512,
        "osm_type": "way",
        "tourism": "apartment"
      }
    },
    {
      "type": "Feature",
      "geometry": {
        "type": "Point",
        "coordinates": [
          18.0695296,
          42.6561481
        ]
      },
      "properties": {
        "id": 499938518,
        "osm_type": "way",
        "name": "Villa Wolff",
        "tourism": "hotel",
        "contact:phone": "+385 20 438710",
        "contact:website": "http://villa-wolff.hr/"
      }
    },
    {
      "type": "Feature",
      "geometry": {
        "type": "Point",
        "coordinates": [
          18.0915586,
          42.6492299
        ]
      },
      "properties": {
        "id": 517340764,
        "osm_type": "way",
        "name": "Berina apartments",
        "tourism": "apartment"
      }
    },
    {
      "type": "Feature",
      "geometry": {
        "type": "Point",
        "coordinates": [
          17.9534175,
          42.7289629
        ]
      },
      "properties": {
        "id": 518433342,
        "osm_type": "way",
        "name": "Fisherman's House Brsecine",
        "tourism": "guest_house",
        "website": "https://www.lsadriatic.com/private-accommodations/fishermans-house-brsecine/82"
      }
    },
    {
      "type": "Feature",
      "geometry": {
        "type": "Point",
        "coordinates": [
          18.0709401,
          42.6575234
        ]
      },
      "properties": {
        "id": 528335691,
        "osm_type": "way",
        "name": "Villa Bakara",
        "tourism": "hotel"
      }
    },
    {
      "type": "Feature",
      "geometry": {
        "type": "Point",
        "coordinates": [
          17.5406655,
          42.9461048
        ]
      },
      "properties": {
        "id": 553547739,
        "osm_type": "way",
        "name": "Villa Marija",
        "tourism": "apartment"
      }
    },
    {
      "type": "Feature",
      "geometry": {
        "type": "Point",
        "coordinates": [
          17.1291292,
          42.9770892
        ]
      },
      "properties": {
        "id": 567908711,
        "osm_type": "way",
        "name": "Kamp Palme",
        "tourism": "camp_site",
        "tents": "yes",
        "phone": "+385 20719164",
        "website": "https://www.kamp-palme.com/en/"
      }
    },
    {
      "type": "Feature",
      "geometry": {
        "type": "Point",
        "coordinates": [
          17.1326785,
          42.9759538
        ]
      },
      "properties": {
        "id": 568329992,
        "osm_type": "way",
        "name": "Kamp Perna",
        "tourism": "camp_site",
        "tents": "yes",
        "phone": "+385 20 719 286",
        "website": "http://www.club-adriatic.hr/kamp-perna/"
      }
    },
    {
      "type": "Feature",
      "geometry": {
        "type": "Point",
        "coordinates": [
          17.1339782,
          42.9758264
        ]
      },
      "properties": {
        "id": 602161201,
        "osm_type": "way",
        "name": "Hotel Komodor",
        "tourism": "hotel"
      }
    },
    {
      "type": "Feature",
      "geometry": {
        "type": "Point",
        "coordinates": [
          18.2096909,
          42.6222613
        ]
      },
      "properties": {
        "id": 622380529,
        "osm_type": "way",
        "name": "Hotel Astarea",
        "tourism": "hotel"
      }
    },
    {
      "type": "Feature",
      "geometry": {
        "type": "Point",
        "coordinates": [
          16.8230391,
          42.7659604
        ]
      },
      "properties": {
        "id": 631215199,
        "osm_type": "way",
        "name": "Solitudo",
        "tourism": "hotel"
      }
    },
    {
      "type": "Feature",
      "geometry": {
        "type": "Point",
        "coordinates": [
          18.0747261,
          42.6551847
        ]
      },
      "properties": {
        "id": 636084629,
        "osm_type": "way",
        "name": "Hostel Villa Micika",
        "tourism": "hostel",
        "phone": "+385 20 437 332",
        "website": "https://www.vilamicika.hr/"
      }
    },
    {
      "type": "Feature",
      "geometry": {
        "type": "Point",
        "coordinates": [
          17.9410989,
          42.6865855
        ]
      },
      "properties": {
        "id": 669522940,
        "osm_type": "way",
        "name": "Hotel Grand",
        "tourism": "hotel"
      }
    },
    {
      "type": "Feature",
      "geometry": {
        "type": "Point",
        "coordinates": [
          17.2055074,
          42.9826524
        ]
      },
      "properties": {
        "id": 732738289,
        "osm_type": "way",
        "name": "Camping Lavanda",
        "tourism": "camp_site",
        "tents": "yes",
        "phone": "+385 20 454 484",
        "website": "https://www.lavanda-camping.com/"
      }
    },
    {
      "type": "Feature",
      "geometry": {
        "type": "Point",
        "coordinates": [
          17.1893382,
          42.9769921
        ]
      },
      "properties": {
        "id": 732766221,
        "osm_type": "way",
        "name": "Camp Trstenica",
        "tourism": "camp_site"
      }
    },
    {
      "type": "Feature",
      "geometry": {
        "type": "Point",
        "coordinates": [
          17.1720579,
          42.975571
        ]
      },
      "properties": {
        "id": 734583950,
        "osm_type": "way",
        "tourism": "hotel"
      }
    },
    {
      "type": "Feature",
      "geometry": {
        "type": "Point",
        "coordinates": [
          17.1037435,
          42.9807642
        ]
      },
      "properties": {
        "id": 737405454,
        "osm_type": "way",
        "name": "Liberan",
        "tourism": "camp_site"
      }
    },
    {
      "type": "Feature",
      "geometry": {
        "type": "Point",
        "coordinates": [
          17.108248,
          42.9795365
        ]
      },
      "properties": {
        "id": 737420161,
        "osm_type": "way",
        "name": "Antony Boy",
        "tourism": "camp_site"
      }
    },
    {
      "type": "Feature",
      "geometry": {
        "type": "Point",
        "coordinates": [
          17.0309094,
          43.028232
        ]
      },
      "properties": {
        "id": 737709108,
        "osm_type": "way",
        "name": "Autocamp Lupis",
        "tourism": "camp_site",
        "tents": "yes",
        "phone": "+385 20 718 063",
        "website": "https://www.peljesac-lupis.com/en/"
      }
    },
    {
      "type": "Feature",
      "geometry": {
        "type": "Point",
        "coordinates": [
          17.2850619,
          43.0029407
        ]
      },
      "properties": {
        "id": 738676850,
        "osm_type": "way",
        "name": "Camping Vrila",
        "tourism": "camp_site"
      }
    },
    {
      "type": "Feature",
      "geometry": {
        "type": "Point",
        "coordinates": [
          17.1516032,
          42.9952883
        ]
      },
      "properties": {
        "id": 741719313,
        "osm_type": "way",
        "name": "Planinarski dom Sveti Ilija",
        "tourism": "alpine_hut"
      }
    },
    {
      "type": "Feature",
      "geometry": {
        "type": "Point",
        "coordinates": [
          17.1307921,
          42.9969797
        ]
      },
      "properties": {
        "id": 741719315,
        "osm_type": "way",
        "tourism": "alpine_hut"
      }
    },
    {
      "type": "Feature",
      "geometry": {
        "type": "Point",
        "coordinates": [
          16.8231077,
          42.7679508
        ]
      },
      "properties": {
        "id": 753494812,
        "osm_type": "way",
        "name": "Apartmani Malo Lago",
        "tourism": "apartment"
      }
    },
    {
      "type": "Feature",
      "geometry": {
        "type": "Point",
        "coordinates": [
          18.0799903,
          42.657735
        ]
      },
      "properties": {
        "id": 792186368,
        "osm_type": "way",
        "name": "Hotel Kazbek",
        "tourism": "hotel",
        "phone": "+38520362999",
        "website": "https://www.kazbekdubrovnik.com/"
      }
    },
    {
      "type": "Feature",
      "geometry": {
        "type": "Point",
        "coordinates": [
          17.4494084,
          42.8875562
        ]
      },
      "properties": {
        "id": 833135977,
        "osm_type": "way",
        "name": "Camping Vučine Žuljana",
        "tourism": "camp_site",
        "tents": "yes",
        "phone": "+385 20 756 143",
        "website": "https://www.vucinezuljana.com/"
      }
    },
    {
      "type": "Feature",
      "geometry": {
        "type": "Point",
        "coordinates": [
          18.3409115,
          42.6025981
        ]
      },
      "properties": {
        "id": 903892503,
        "osm_type": "way",
        "name": "Matković Holiday Home",
        "tourism": "chalet"
      }
    },
    {
      "type": "Feature",
      "geometry": {
        "type": "Point",
        "coordinates": [
          17.934428,
          42.6855588
        ]
      },
      "properties": {
        "id": 915153838,
        "osm_type": "way",
        "name": "Lazure Luxury apartments",
        "tourism": "hotel",
        "phone": "+385 20 450 300",
        "website": "https://www.lazure-apartments.com/"
      }
    },
    {
      "type": "Feature",
      "geometry": {
        "type": "Point",
        "coordinates": [
          17.9401802,
          42.6841045
        ]
      },
      "properties": {
        "id": 915153854,
        "osm_type": "way",
        "name": "Villa Lopud",
        "tourism": "hotel",
        "phone": "+385 91 296 5338"
      }
    },
    {
      "type": "Feature",
      "geometry": {
        "type": "Point",
        "coordinates": [
          17.9420641,
          42.6861454
        ]
      },
      "properties": {
        "id": 915153858,
        "osm_type": "way",
        "name": "Guest House Zec",
        "tourism": "guest_house",
        "phone": "+385 20 638 194"
      }
    },
    {
      "type": "Feature",
      "geometry": {
        "type": "Point",
        "coordinates": [
          17.9437715,
          42.6877429
        ]
      },
      "properties": {
        "id": 915153859,
        "osm_type": "way",
        "name": "Villa Mandofia",
        "tourism": "apartment"
      }
    },
    {
      "type": "Feature",
      "geometry": {
        "type": "Point",
        "coordinates": [
          17.942485,
          42.6897644
        ]
      },
      "properties": {
        "id": 915153866,
        "osm_type": "way",
        "name": "Hotel Glavović",
        "tourism": "hotel",
        "phone": "+385 20 759 359",
        "website": "https://www.hotel-glavovic.hr/en/"
      }
    },
    {
      "type": "Feature",
      "geometry": {
        "type": "Point",
        "coordinates": [
          17.9432961,
          42.6920289
        ]
      },
      "properties": {
        "id": 915162155,
        "osm_type": "way",
        "name": "Apartments Mihajlovic",
        "tourism": "apartment",
        "phone": "+385 20 759 047",
        "website": "https://lopudapartments.com/"
      }
    },
    {
      "type": "Feature",
      "geometry": {
        "type": "Point",
        "coordinates": [
          17.9430018,
          42.6921985
        ]
      },
      "properties": {
        "id": 915162157,
        "osm_type": "way",
        "name": "Lopud Residence",
        "tourism": "hotel",
        "phone": "+385 20 362 822"
      }
    },
    {
      "type": "Feature",
      "geometry": {
        "type": "Point",
        "coordinates": [
          17.0315005,
          43.0223707
        ]
      },
      "properties": {
        "id": 966501697,
        "osm_type": "way",
        "name": "Apartmani Nerium",
        "tourism": "apartment",
        "phone": "+385993117994",
        "website": "https://holidaynerium.com/"
      }
    },
    {
      "type": "Feature",
      "geometry": {
        "type": "Point",
        "coordinates": [
          18.0581923,
          42.6613731
        ]
      },
      "properties": {
        "id": 969821319,
        "osm_type": "way",
        "name": "Valamar Collection Dubrovnik President",
        "tourism": "hotel",
        "phone": "+38520441100",
        "website": "https://www.valamar.com/en/hotels-dubrovnik/valamar-dubrovnik-president-hotel",
        "check_date": "2024-06-23"
      }
    },
    {
      "type": "Feature",
      "geometry": {
        "type": "Point",
        "coordinates": [
          17.5337328,
          42.903484
        ]
      },
      "properties": {
        "id": 1025703758,
        "osm_type": "way",
        "name": "Brijesta Dubrovnik Camping",
        "tourism": "camp_site",
        "phone": "+38598344204",
        "website": "https://www.brijesta-dubrovnik.camp/"
      }
    },
    {
      "type": "Feature",
      "geometry": {
        "type": "Point",
        "coordinates": [
          17.5327659,
          42.9040016
        ]
      },
      "properties": {
        "id": 1025703760,
        "osm_type": "way",
        "name": "Camping VrelaCamping Vrela - Brijesta",
        "tourism": "camp_site",
        "tents": "yes",
        "website": "https://www.brijesta-dubrovnik.camp/"
      }
    },
    {
      "type": "Feature",
      "geometry": {
        "type": "Point",
        "coordinates": [
          17.7186271,
          42.81769
        ]
      },
      "properties": {
        "id": 1025703820,
        "osm_type": "way",
        "tourism": "camp_site",
        "tents": "yes"
      }
    },
    {
      "type": "Feature",
      "geometry": {
        "type": "Point",
        "coordinates": [
          18.2176856,
          42.5819773
        ]
      },
      "properties": {
        "id": 1079254339,
        "osm_type": "way",
        "name": "Villa Schwarz",
        "tourism": "apartment"
      }
    },
    {
      "type": "Feature",
      "geometry": {
        "type": "Point",
        "coordinates": [
          17.1914794,
          42.9791101
        ]
      },
      "properties": {
        "id": 1097125685,
        "osm_type": "way",
        "name": "Camping Dalmata",
        "tourism": "camp_site"
      }
    },
    {
      "type": "Feature",
      "geometry": {
        "type": "Point",
        "coordinates": [
          17.1933978,
          42.9806406
        ]
      },
      "properties": {
        "id": 1097125686,
        "osm_type": "way",
        "name": "Camping Orebić",
        "tourism": "camp_site"
      }
    },
    {
      "type": "Feature",
      "geometry": {
        "type": "Point",
        "coordinates": [
          17.1892702,
          42.9761558
        ]
      },
      "properties": {
        "id": 1097739578,
        "osm_type": "way",
        "name": "Camp Glavna Plaža",
        "tourism": "camp_site"
      }
    },
    {
      "type": "Feature",
      "geometry": {
        "type": "Point",
        "coordinates": [
          18.2115196,
          42.6202438
        ]
      },
      "properties": {
        "id": 1178631038,
        "osm_type": "way",
        "name": "Villa Barbara",
        "tourism": "hotel"
      }
    },
    {
      "type": "Feature",
      "geometry": {
        "type": "Point",
        "coordinates": [
          18.215794,
          42.6168342
        ]
      },
      "properties": {
        "id": 1178767239,
        "osm_type": "way",
        "name": "Apartments Burin",
        "tourism": "hotel"
      }
    },
    {
      "type": "Feature",
      "geometry": {
        "type": "Point",
        "coordinates": [
          18.2114891,
          42.6235359
        ]
      },
      "properties": {
        "id": 1178767261,
        "osm_type": "way",
        "name": "Villa Narona",
        "tourism": "hotel"
      }
    },
    {
      "type": "Feature",
      "geometry": {
        "type": "Point",
        "coordinates": [
          17.9773516,
          42.7141117
        ]
      },
      "properties": {
        "id": 1182777588,
        "osm_type": "way",
        "name": "Camping Trsteno",
        "tourism": "camp_site",
        "tents": "yes",
        "phone": "+385 20 751 060",
        "website": "https://trsteno.hr"
      }
    },
    {
      "type": "Feature",
      "geometry": {
        "type": "Point",
        "coordinates": [
          18.0501581,
          42.6873201
        ]
      },
      "properties": {
        "id": 1194255481,
        "osm_type": "way",
        "name": "Villa Lanterna",
        "tourism": "guest_house"
      }
    },
    {
      "type": "Feature",
      "geometry": {
        "type": "Point",
        "coordinates": [
          18.0509325,
          42.6878461
        ]
      },
      "properties": {
        "id": 1194255483,
        "osm_type": "way",
        "name": "Villa Orlando's dream",
        "tourism": "guest_house"
      }
    },
    {
      "type": "Feature",
      "geometry": {
        "type": "Point",
        "coordinates": [
          18.050606,
          42.6877021
        ]
      },
      "properties": {
        "id": 1194255484,
        "osm_type": "way",
        "name": "Apartmani Tonina",
        "tourism": "guest_house"
      }
    },
    {
      "type": "Feature",
      "geometry": {
        "type": "Point",
        "coordinates": [
          18.0507179,
          42.6872613
        ]
      },
      "properties": {
        "id": 1195552951,
        "osm_type": "way",
        "name": "Villa Toni",
        "tourism": "guest_house"
      }
    },
    {
      "type": "Feature",
      "geometry": {
        "type": "Point",
        "coordinates": [
          18.0500017,
          42.6871346
        ]
      },
      "properties": {
        "id": 1195552956,
        "osm_type": "way",
        "name": "Villa Marijeta",
        "tourism": "guest_house"
      }
    },
    {
      "type": "Feature",
      "geometry": {
        "type": "Point",
        "coordinates": [
          18.0508257,
          42.6865067
        ]
      },
      "properties": {
        "id": 1195552958,
        "osm_type": "way",
        "name": "Melanie Apartments",
        "tourism": "guest_house"
      }
    },
    {
      "type": "Feature",
      "geometry": {
        "type": "Point",
        "coordinates": [
          18.0500903,
          42.6868795
        ]
      },
      "properties": {
        "id": 1195552961,
        "osm_type": "way",
        "tourism": "guest_house"
      }
    },
    {
      "type": "Feature",
      "geometry": {
        "type": "Point",
        "coordinates": [
          18.0498746,
          42.6863623
        ]
      },
      "properties": {
        "id": 1195552965,
        "osm_type": "way",
        "name": "Villa Amelie",
        "tourism": "guest_house"
      }
    },
    {
      "type": "Feature",
      "geometry": {
        "type": "Point",
        "coordinates": [
          18.0500275,
          42.6861771
        ]
      },
      "properties": {
        "id": 1195552966,
        "osm_type": "way",
        "name": "Villa Plantis",
        "tourism": "guest_house"
      }
    },
    {
      "type": "Feature",
      "geometry": {
        "type": "Point",
        "coordinates": [
          18.0500743,
          42.6860138
        ]
      },
      "properties": {
        "id": 1195552967,
        "osm_type": "way",
        "name": "Villa Vacanza",
        "tourism": "guest_house"
      }
    },
    {
      "type": "Feature",
      "geometry": {
        "type": "Point",
        "coordinates": [
          18.050428,
          42.6855832
        ]
      },
      "properties": {
        "id": 1195552968,
        "osm_type": "way",
        "name": "Villa M",
        "tourism": "guest_house"
      }
    },
    {
      "type": "Feature",
      "geometry": {
        "type": "Point",
        "coordinates": [
          18.0509073,
          42.6862397
        ]
      },
      "properties": {
        "id": 1195552969,
        "osm_type": "way",
        "name": "Villa Paradiso 2",
        "tourism": "hotel"
      }
    },
    {
      "type": "Feature",
      "geometry": {
        "type": "Point",
        "coordinates": [
          18.0505871,
          42.6861617
        ]
      },
      "properties": {
        "id": 1195552970,
        "osm_type": "way",
        "name": "Apartments Francesca",
        "tourism": "guest_house"
      }
    },
    {
      "type": "Feature",
      "geometry": {
        "type": "Point",
        "coordinates": [
          18.0505951,
          42.6859245
        ]
      },
      "properties": {
        "id": 1195552971,
        "osm_type": "way",
        "name": "Sunset Apartments",
        "tourism": "guest_house"
      }
    },
    {
      "type": "Feature",
      "geometry": {
        "type": "Point",
        "coordinates": [
          18.0509224,
          42.6857893
        ]
      },
      "properties": {
        "id": 1195552973,
        "osm_type": "way",
        "name": "Paradis Apartments",
        "tourism": "guest_house"
      }
    },
    {
      "type": "Feature",
      "geometry": {
        "type": "Point",
        "coordinates": [
          18.0508407,
          42.6854333
        ]
      },
      "properties": {
        "id": 1195552975,
        "osm_type": "way",
        "tourism": "guest_house"
      }
    },
    {
      "type": "Feature",
      "geometry": {
        "type": "Point",
        "coordinates": [
          18.050491,
          42.6852565
        ]
      },
      "properties": {
        "id": 1195552976,
        "osm_type": "way",
        "tourism": "guest_house"
      }
    },
    {
      "type": "Feature",
      "geometry": {
        "type": "Point",
        "coordinates": [
          18.0505358,
          42.6851133
        ]
      },
      "properties": {
        "id": 1195552977,
        "osm_type": "way",
        "tourism": "guest_house"
      }
    },
    {
      "type": "Feature",
      "geometry": {
        "type": "Point",
        "coordinates": [
          18.0509749,
          42.6874818
        ]
      },
      "properties": {
        "id": 1195552982,
        "osm_type": "way",
        "name": "Apartments Fig&Olive",
        "tourism": "guest_house"
      }
    },
    {
      "type": "Feature",
      "geometry": {
        "type": "Point",
        "coordinates": [
          18.050229,
          42.6878327
        ]
      },
      "properties": {
        "id": 1195552983,
        "osm_type": "way",
        "name": "Villa Ana",
        "tourism": "guest_house"
      }
    },
    {
      "type": "Feature",
      "geometry": {
        "type": "Point",
        "coordinates": [
          18.0502557,
          42.6879653
        ]
      },
      "properties": {
        "id": 1195552984,
        "osm_type": "way",
        "name": "Apartments Boris",
        "tourism": "guest_house"
      }
    },
    {
      "type": "Feature",
      "geometry": {
        "type": "Point",
        "coordinates": [
          18.0502556,
          42.6884152
        ]
      },
      "properties": {
        "id": 1195552986,
        "osm_type": "way",
        "name": "Apartments Ivo Batinić",
        "tourism": "guest_house"
      }
    },
    {
      "type": "Feature",
      "geometry": {
        "type": "Point",
        "coordinates": [
          17.1429363,
          42.950952
        ]
      },
      "properties": {
        "id": 1311935177,
        "osm_type": "way",
        "name": "Aminess Planet Camping Port9",
        "tourism": "camp_site",
        "tents": "yes"
      }
    },
    {
      "type": "Feature",
      "geometry": {
        "type": "Point",
        "coordinates": [
          18.2263182,
          42.5886449
        ]
      },
      "properties": {
        "id": 1467035413,
        "osm_type": "way",
        "name": "Vallum",
        "tourism": "hotel",
        "phone": "+385 20 354 543",
        "website": "https://vallum-hotel.com"
      }
    },
    {
      "type": "Feature",
      "geometry": {
        "type": "Point",
        "coordinates": [
          17.4593303,
          42.8897174
        ]
      },
      "properties": {
        "id": 1480106206,
        "osm_type": "way",
        "name": "Villa Skrivena",
        "tourism": "guest_house"
      }
    },
    {
      "type": "Feature",
      "geometry": {
        "type": "Point",
        "coordinates": [
          17.4595056,
          42.8896233
        ]
      },
      "properties": {
        "id": 1480106207,
        "osm_type": "way",
        "name": "Villa",
        "tourism": "guest_house"
      }
    },
    {
      "type": "Feature",
      "geometry": {
        "type": "Point",
        "coordinates": [
          18.1964895,
          42.6248932
        ]
      },
      "properties": {
        "id": 1482240827,
        "osm_type": "way",
        "name": "Hotel Župa",
        "tourism": "hotel"
      }
    },
    {
      "type": "Feature",
      "geometry": {
        "type": "Point",
        "coordinates": [
          17.8889488,
          42.7872854
        ]
      },
      "properties": {
        "id": 2795833,
        "osm_type": "relation",
        "name": "Admiral",
        "tourism": "hotel"
      }
    }
  ]
}