{
  "type": "FeatureCollection",
  "features": [
    {
      "type": "Feature",
      "geometry": {
        "type": "Point",
        "coordinates": [
          19.5779629,
          49.0341366
        ]
      },
      "properties": {
        "id": 26860805,
        "osm_type": "node",
        "name": "Bystrina",
        "tourism": "camp_site",
        "tents": "yes",
        "phone": "+421 445 548 163",
        "website": "https://bystrinaresort.sk/kemping-bystrina/"
      }
    },
    {
      "type": "Feature",
      "geometry": {
        "type": "Point",
        "coordinates": [
          19.5453951,
          49.1102674
        ]
      },
      "properties": {
        "id": 26860817,
        "osm_type": "node",
        "name": "Mara CAMPING / ATC Liptovský Trnovec",
        "tourism": "camp_site",
        "tents": "yes",
        "phone": "+421 44 559 84 58",
        "website": "https://maracamping.sk/"
      }
    },
    {
      "type": "Feature",
      "geometry": {
        "type": "Point",
        "coordinates": [
          19.746389,
          49.298889
        ]
      },
      "properties": {
        "id": 26860821,
        "osm_type": "node",
        "name": "Kemp ORAVICE",
        "tourism": "camp_site",
        "tents": "yes",
        "contact:website": "https://kemporavice.sk/"
      }
    },
    {
      "type": "Feature",
      "geometry": {
        "type": "Point",
        "coordinates": [
          18.7191877,
          49.142043
        ]
      },
      "properties": {
        "id": 26860826,
        "osm_type": "node",
        "name": "Slnečné skaly",
        "tourism": "camp_site",
        "tents": "yes",
        "website": "http://camping-raj.sk/"
      }
    },
    {
      "type": "Feature",
      "geometry": {
        "type": "Point",
        "coordinates": [
          19.769443,
          49.068346
        ]
      },
      "properties": {
        "id": 26860829,
        "osm_type": "node",
        "name": "Vavrisovo",
        "tourism": "camp_site"
      }
    },
    {
      "type": "Feature",
      "geometry": {
        "type": "Point",
        "coordinates": [
          19.5853857,
          48.9668471
        ]
      },
      "properties": {
        "id": 245578150,
        "osm_type": "node",
        "name": "Hotel Družba",
        "tourism": "hotel",
        "phone": "+421 44 5591555",
        "website": "https://www.druzbahotel.sk/"
      }
    },
    {
      "type": "Feature",
      "geometry": {
        "type": "Point",
        "coordinates": [
          19.6775193,
          49.048406
        ]
      },
      "properties": {
        "id": 254104065,
        "osm_type": "node",
        "name": "Poludnica",
        "tourism": "hotel"
      }
    },
    {
      "type": "Feature",
      "geometry": {
        "type": "Point",
        "coordinates": [
          19.6806669,
          49.0478173
        ]
      },
      "properties": {
        "id": 254106566,
        "osm_type": "node",
        "name": "Penzión Sankt Johann",
        "tourism": "guest_house"
      }
    },
    {
      "type": "Feature",
      "geometry": {
        "type": "Point",
        "coordinates": [
          19.6737501,
          49.0344178
        ]
      },
      "properties": {
        "id": 254307877,
        "osm_type": "node",
        "name": "Strachanovka",
        "tourism": "hotel",
        "website": "https://www.strachanovka.sk/"
      }
    },
    {
      "type": "Feature",
      "geometry": {
        "type": "Point",
        "coordinates": [
          19.6693123,
          49.0333744
        ]
      },
      "properties": {
        "id": 254307878,
        "osm_type": "node",
        "name": "Štiavnica",
        "tourism": "hotel"
      }
    },
    {
      "type": "Feature",
      "geometry": {
        "type": "Point",
        "coordinates": [
          19.671613,
          49.0285645
        ]
      },
      "properties": {
        "id": 254308901,
        "osm_type": "node",
        "name": "Kúpeľno-rehabilitačný ústav MV SR Bystrá",
        "tourism": "hotel",
        "phone": "+421 44 52 63 201",
        "website": "https://www.krubystra.sk/"
      }
    },
    {
      "type": "Feature",
      "geometry": {
        "type": "Point",
        "coordinates": [
          19.6740199,
          49.0370579
        ]
      },
      "properties": {
        "id": 254309444,
        "osm_type": "node",
        "name": "Penzión Horec",
        "tourism": "hotel",
        "contact:phone": "+421 914 333 021",
        "website": "https://horecliptov.sk/"
      }
    },
    {
      "type": "Feature",
      "geometry": {
        "type": "Point",
        "coordinates": [
          19.6717134,
          49.023771
        ]
      },
      "properties": {
        "id": 254309456,
        "osm_type": "node",
        "name": "Alexandra Wellness Hotel",
        "tourism": "hotel",
        "website": "https://www.alexandrawellnesshotel.sk/"
      }
    },
    {
      "type": "Feature",
      "geometry": {
        "type": "Point",
        "coordinates": [
          19.4464267,
          49.1084526
        ]
      },
      "properties": {
        "id": 302980442,
        "osm_type": "node",
        "name": "Gazdovský dvor",
        "tourism": "guest_house",
        "phone": "+421 944441908",
        "contact:website": "https://gazdovskydvor.com/"
      }
    },
    {
      "type": "Feature",
      "geometry": {
        "type": "Point",
        "coordinates": [
          18.889495,
          49.1196242
        ]
      },
      "properties": {
        "id": 312853775,
        "osm_type": "node",
        "name": "U Očenáša",
        "tourism": "hotel"
      }
    },
    {
      "type": "Feature",
      "geometry": {
        "type": "Point",
        "coordinates": [
          18.7381281,
          49.2235492
        ]
      },
      "properties": {
        "id": 355571169,
        "osm_type": "node",
        "name": "Grand",
        "tourism": "hotel"
      }
    },
    {
      "type": "Feature",
      "geometry": {
        "type": "Point",
        "coordinates": [
          18.5142127,
          48.9533447
        ]
      },
      "properties": {
        "id": 357357225,
        "osm_type": "node",
        "name": "Penzión Javorina",
        "tourism": "guest_house",
        "phone": "+421 905 835 089",
        "website": "https://www.penzionjavorina.sk/"
      }
    },
    {
      "type": "Feature",
      "geometry": {
        "type": "Point",
        "coordinates": [
          18.7857329,
          49.4394315
        ]
      },
      "properties": {
        "id": 369895572,
        "osm_type": "node",
        "name": "Lipa",
        "tourism": "hotel",
        "website": "http://www.hotel-lipa.sk"
      }
    },
    {
      "type": "Feature",
      "geometry": {
        "type": "Point",
        "coordinates": [
          19.1292618,
          49.1516105
        ]
      },
      "properties": {
        "id": 437292002,
        "osm_type": "node",
        "name": "Penzión Rosnička",
        "tourism": "guest_house"
      }
    },
    {
      "type": "Feature",
      "geometry": {
        "type": "Point",
        "coordinates": [
          19.2932322,
          49.2096214
        ]
      },
      "properties": {
        "id": 452585797,
        "osm_type": "node",
        "name": "Hotel Park****",
        "tourism": "hotel",
        "phone": "+421 918 913 012",
        "website": "https://www.cityhotelpark.sk/"
      }
    },
    {
      "type": "Feature",
      "geometry": {
        "type": "Point",
        "coordinates": [
          18.8833882,
          49.050677
        ]
      },
      "properties": {
        "id": 491478585,
        "osm_type": "node",
        "name": "Hotel Bystrička",
        "tourism": "hotel",
        "website": "https://www.hotelbystricka.sk/"
      }
    },
    {
      "type": "Feature",
      "geometry": {
        "type": "Point",
        "coordinates": [
          19.8030637,
          49.133623
        ]
      },
      "properties": {
        "id": 494763267,
        "osm_type": "node",
        "name": "Domov J. A. Komenského",
        "tourism": "hotel"
      }
    },
    {
      "type": "Feature",
      "geometry": {
        "type": "Point",
        "coordinates": [
          19.3165154,
          49.0734285
        ]
      },
      "properties": {
        "id": 611578921,
        "osm_type": "node",
        "name": "Ikar",
        "tourism": "hostel"
      }
    },
    {
      "type": "Feature",
      "geometry": {
        "type": "Point",
        "coordinates": [
          19.3023788,
          49.0825962
        ]
      },
      "properties": {
        "id": 616262729,
        "osm_type": "node",
        "name": "Hotel Kultúra",
        "tourism": "hotel",
        "phone": "+421 918 913 016",
        "website": "https://hotelkultura.sk/kontakt/"
      }
    },
    {
      "type": "Feature",
      "geometry": {
        "type": "Point",
        "coordinates": [
          19.2975381,
          49.0850592
        ]
      },
      "properties": {
        "id": 616262754,
        "osm_type": "node",
        "name": "Penzión Andrej",
        "tourism": "guest_house"
      }
    },
    {
      "type": "Feature",
      "geometry": {
        "type": "Point",
        "coordinates": [
          19.2921281,
          49.0797875
        ]
      },
      "properties": {
        "id": 616262794,
        "osm_type": "node",
        "name": "Penzión Anna",
        "tourism": "guest_house"
      }
    },
    {
      "type": "Feature",
      "geometry": {
        "type": "Point",
        "coordinates": [
          19.051015,
          49.2359787
        ]
      },
      "properties": {
        "id": 622000284,
        "osm_type": "node",
        "name": "Boboty",
        "tourism": "hotel"
      }
    },
    {
      "type": "Feature",
      "geometry": {
        "type": "Point",
        "coordinates": [
          18.8582428,
          48.8616948
        ]
      },
      "properties": {
        "id": 660714193,
        "osm_type": "node",
        "name": "Hotel Vyšehrad",
        "tourism": "hotel"
      }
    },
    {
      "type": "Feature",
      "geometry": {
        "type": "Point",
        "coordinates": [
          18.8609842,
          48.8619295
        ]
      },
      "properties": {
        "id": 660714197,
        "osm_type": "node",
        "name": "Rezident",
        "tourism": "hotel",
        "opening_hours": "Mo-Su 08:00-22:00"
      }
    },
    {
      "type": "Feature",
      "geometry": {
        "type": "Point",
        "coordinates": [
          18.8659871,
          48.8598394
        ]
      },
      "properties": {
        "id": 660714198,
        "osm_type": "node",
        "name": "Hotel Lesník",
        "tourism": "hotel"
      }
    },
    {
      "type": "Feature",
      "geometry": {
        "type": "Point",
        "coordinates": [
          18.8636393,
          48.8617807
        ]
      },
      "properties": {
        "id": 660720854,
        "osm_type": "node",
        "name": "Hotel G",
        "tourism": "hotel"
      }
    },
    {
      "type": "Feature",
      "geometry": {
        "type": "Point",
        "coordinates": [
          18.8607905,
          48.8605465
        ]
      },
      "properties": {
        "id": 660896386,
        "osm_type": "node",
        "name": "Veľká Fatra",
        "tourism": "hotel"
      }
    },
    {
      "type": "Feature",
      "geometry": {
        "type": "Point",
        "coordinates": [
          18.8582257,
          48.8622566
        ]
      },
      "properties": {
        "id": 660896387,
        "osm_type": "node",
        "name": "Aqua",
        "tourism": "hotel"
      }
    },
    {
      "type": "Feature",
      "geometry": {
        "type": "Point",
        "coordinates": [
          18.8593983,
          48.8614896
        ]
      },
      "properties": {
        "id": 660896388,
        "osm_type": "node",
        "name": "Royal Palace",
        "tourism": "hotel",
        "phone": "+421434918010",
        "website": "https://royalpalace.therme.sk/"
      }
    },
    {
      "type": "Feature",
      "geometry": {
        "type": "Point",
        "coordinates": [
          19.2679329,
          49.0716289
        ]
      },
      "properties": {
        "id": 661212289,
        "osm_type": "node",
        "name": "Chata pod Brdom",
        "tourism": "chalet"
      }
    },
    {
      "type": "Feature",
      "geometry": {
        "type": "Point",
        "coordinates": [
          18.7446914,
          49.2095324
        ]
      },
      "properties": {
        "id": 676636909,
        "osm_type": "node",
        "name": "Kamélia",
        "tourism": "guest_house"
      }
    },
    {
      "type": "Feature",
      "geometry": {
        "type": "Point",
        "coordinates": [
          19.614423,
          49.0822022
        ]
      },
      "properties": {
        "id": 680055881,
        "osm_type": "node",
        "name": "Steve",
        "tourism": "hotel"
      }
    },
    {
      "type": "Feature",
      "geometry": {
        "type": "Point",
        "coordinates": [
          19.6130207,
          49.0848854
        ]
      },
      "properties": {
        "id": 680055938,
        "osm_type": "node",
        "name": "Rotunda",
        "tourism": "guest_house",
        "check_date": "2025-05-24"
      }
    },
    {
      "type": "Feature",
      "geometry": {
        "type": "Point",
        "coordinates": [
          18.8937257,
          49.4979173
        ]
      },
      "properties": {
        "id": 720622003,
        "osm_type": "node",
        "name": "Hotel Koloniál",
        "tourism": "hotel",
        "website": "https://www.hotelkolonial.sk/"
      }
    },
    {
      "type": "Feature",
      "geometry": {
        "type": "Point",
        "coordinates": [
          18.5863156,
          49.1618338
        ]
      },
      "properties": {
        "id": 803385442,
        "osm_type": "node",
        "name": "Penzion Štefanik Autokemp",
        "tourism": "camp_site",
        "website": "https://www.penzionstefanik.sk/"
      }
    },
    {
      "type": "Feature",
      "geometry": {
        "type": "Point",
        "coordinates": [
          18.9322187,
          49.4401843
        ]
      },
      "properties": {
        "id": 822122531,
        "osm_type": "node",
        "name": "Chata Yetti",
        "tourism": "chalet",
        "website": "http://www.chatayetti.sk/"
      }
    },
    {
      "type": "Feature",
      "geometry": {
        "type": "Point",
        "coordinates": [
          18.6894789,
          49.1286503
        ]
      },
      "properties": {
        "id": 829848805,
        "osm_type": "node",
        "name": "Relax",
        "tourism": "hotel"
      }
    },
    {
      "type": "Feature",
      "geometry": {
        "type": "Point",
        "coordinates": [
          18.6893578,
          49.1279761
        ]
      },
      "properties": {
        "id": 829848816,
        "osm_type": "node",
        "name": "Diplomat",
        "tourism": "hotel"
      }
    },
    {
      "type": "Feature",
      "geometry": {
        "type": "Point",
        "coordinates": [
          19.5118628,
          49.1361454
        ]
      },
      "properties": {
        "id": 832432780,
        "osm_type": "node",
        "name": "Penzion Restaurant Villa Betula",
        "tourism": "guest_house",
        "website": "http://www.villabetula.sk/sk"
      }
    },
    {
      "type": "Feature",
      "geometry": {
        "type": "Point",
        "coordinates": [
          19.350864,
          49.0883439
        ]
      },
      "properties": {
        "id": 832472220,
        "osm_type": "node",
        "name": "Stará Pekáreň",
        "tourism": "guest_house"
      }
    },
    {
      "type": "Feature",
      "geometry": {
        "type": "Point",
        "coordinates": [
          19.3084871,
          49.0887795
        ]
      },
      "properties": {
        "id": 832796503,
        "osm_type": "node",
        "name": "Penzión Igor",
        "tourism": "guest_house"
      }
    },
    {
      "type": "Feature",
      "geometry": {
        "type": "Point",
        "coordinates": [
          19.3057887,
          49.1010486
        ]
      },
      "properties": {
        "id": 833754923,
        "osm_type": "node",
        "tourism": "hostel"
      }
    },
    {
      "type": "Feature",
      "geometry": {
        "type": "Point",
        "coordinates": [
          19.6085587,
          49.0823964
        ]
      },
      "properties": {
        "id": 874359799,
        "osm_type": "node",
        "name": "Penzion Bowling, café & bar",
        "tourism": "guest_house"
      }
    },
    {
      "type": "Feature",
      "geometry": {
        "type": "Point",
        "coordinates": [
          19.6085587,
          49.080196
        ]
      },
      "properties": {
        "id": 874359818,
        "osm_type": "node",
        "name": "Združenie športových klubov Jasná, ubytovanie",
        "tourism": "hostel"
      }
    },
    {
      "type": "Feature",
      "geometry": {
        "type": "Point",
        "coordinates": [
          19.4126888,
          49.3645144
        ]
      },
      "properties": {
        "id": 875681136,
        "osm_type": "node",
        "name": "Penzion Bakala",
        "tourism": "hostel",
        "phone": "+421 949 432 187,+421 944 043 569",
        "website": "https://www.penzionorava.eu/"
      }
    },
    {
      "type": "Feature",
      "geometry": {
        "type": "Point",
        "coordinates": [
          19.5481675,
          49.1123898
        ]
      },
      "properties": {
        "id": 925357992,
        "osm_type": "node",
        "name": "RENDEZ-VOUS",
        "tourism": "guest_house",
        "phone": "+421 44 55 988 00",
        "website": "http://www.rendez-vous.sk"
      }
    },
    {
      "type": "Feature",
      "geometry": {
        "type": "Point",
        "coordinates": [
          19.0665491,
          49.2350104
        ]
      },
      "properties": {
        "id": 951616915,
        "osm_type": "node",
        "name": "Penzión Sagan",
        "tourism": "hotel"
      }
    },
    {
      "type": "Feature",
      "geometry": {
        "type": "Point",
        "coordinates": [
          19.156214,
          49.2776248
        ]
      },
      "properties": {
        "id": 966304973,
        "osm_type": "node",
        "name": "Penzión Solisko",
        "tourism": "guest_house",
        "phone": "+421 435 896 565",
        "website": "https://www.penzion-solisko.sk/"
      }
    },
    {
      "type": "Feature",
      "geometry": {
        "type": "Point",
        "coordinates": [
          19.483501,
          49.4050669
        ]
      },
      "properties": {
        "id": 970747772,
        "osm_type": "node",
        "name": "Cocktail Bar",
        "tourism": "hotel"
      }
    },
    {
      "type": "Feature",
      "geometry": {
        "type": "Point",
        "coordinates": [
          19.5017965,
          49.4125576
        ]
      },
      "properties": {
        "id": 970792014,
        "osm_type": "node",
        "name": "Ranč u Edyho",
        "tourism": "hotel",
        "phone": "+421 4355 21 840",
        "website": "https://www.rancuedyho.sk/"
      }
    },
    {
      "type": "Feature",
      "geometry": {
        "type": "Point",
        "coordinates": [
          19.5482752,
          49.431868
        ]
      },
      "properties": {
        "id": 970954555,
        "osm_type": "node",
        "tourism": "guest_house"
      }
    },
    {
      "type": "Feature",
      "geometry": {
        "type": "Point",
        "coordinates": [
          19.5151224,
          49.3996617
        ]
      },
      "properties": {
        "id": 970967402,
        "osm_type": "node",
        "name": "U RYBÁRA",
        "tourism": "guest_house"
      }
    },
    {
      "type": "Feature",
      "geometry": {
        "type": "Point",
        "coordinates": [
          19.473354,
          49.5261767
        ]
      },
      "properties": {
        "id": 971014559,
        "osm_type": "node",
        "name": "Chata Slaná voda",
        "tourism": "alpine_hut"
      }
    },
    {
      "type": "Feature",
      "geometry": {
        "type": "Point",
        "coordinates": [
          19.4806166,
          49.404791
        ]
      },
      "properties": {
        "id": 971039088,
        "osm_type": "node",
        "name": "Turistická ubytovňa Magura",
        "tourism": "guest_house"
      }
    },
    {
      "type": "Feature",
      "geometry": {
        "type": "Point",
        "coordinates": [
          19.4397287,
          49.5268825
        ]
      },
      "properties": {
        "id": 971101074,
        "osm_type": "node",
        "name": "Hrubjak",
        "tourism": "guest_house"
      }
    },
    {
      "type": "Feature",
      "geometry": {
        "type": "Point",
        "coordinates": [
          19.4403128,
          49.5254923
        ]
      },
      "properties": {
        "id": 971101105,
        "osm_type": "node",
        "name": "Turistická ubytovňa",
        "tourism": "hostel"
      }
    },
    {
      "type": "Feature",
      "geometry": {
        "type": "Point",
        "coordinates": [
          19.1879631,
          49.3021426
        ]
      },
      "properties": {
        "id": 972200925,
        "osm_type": "node",
        "name": "Hotel Havrania",
        "tourism": "hotel",
        "phone": "+421 43 58 96 362",
        "website": "https://www.hotelhavrania.sk/sk/"
      }
    },
    {
      "type": "Feature",
      "geometry": {
        "type": "Point",
        "coordinates": [
          19.2753269,
          49.2127202
        ]
      },
      "properties": {
        "id": 972975714,
        "osm_type": "node",
        "name": "Penzión kúria",
        "tourism": "guest_house"
      }
    },
    {
      "type": "Feature",
      "geometry": {
        "type": "Point",
        "coordinates": [
          19.4849927,
          49.4076211
        ]
      },
      "properties": {
        "id": 973856484,
        "osm_type": "node",
        "name": "Oravia",
        "tourism": "hotel"
      }
    },
    {
      "type": "Feature",
      "geometry": {
        "type": "Point",
        "coordinates": [
          19.1328193,
          49.2636579
        ]
      },
      "properties": {
        "id": 974903372,
        "osm_type": "node",
        "name": "Jánošíkov dvor",
        "tourism": "hotel",
        "opening_hours": "off \"Uzavreté z dôvodu požiaru 16.08.2025\"",
        "phone": "+421 908 803 687;+421 907 826 250",
        "website": "https://www.janosikovdvor.sk/"
      }
    },
    {
      "type": "Feature",
      "geometry": {
        "type": "Point",
        "coordinates": [
          18.9076429,
          49.2233358
        ]
      },
      "properties": {
        "id": 974903433,
        "osm_type": "node",
        "name": "Diana",
        "tourism": "hotel",
        "check_date": "2024-10-27"
      }
    },
    {
      "type": "Feature",
      "geometry": {
        "type": "Point",
        "coordinates": [
          19.0665423,
          49.2573015
        ]
      },
      "properties": {
        "id": 974903481,
        "osm_type": "node",
        "name": "Hotel Diery",
        "tourism": "hotel",
        "phone": "+421 911 569532",
        "website": "https://www.hotel-diery.sk"
      }
    },
    {
      "type": "Feature",
      "geometry": {
        "type": "Point",
        "coordinates": [
          19.3484144,
          49.320729
        ]
      },
      "properties": {
        "id": 975433597,
        "osm_type": "node",
        "name": "Penzión U Peťa",
        "tourism": "guest_house"
      }
    },
    {
      "type": "Feature",
      "geometry": {
        "type": "Point",
        "coordinates": [
          19.1263729,
          49.1521645
        ]
      },
      "properties": {
        "id": 980566751,
        "osm_type": "node",
        "name": "Privat",
        "tourism": "guest_house"
      }
    },
    {
      "type": "Feature",
      "geometry": {
        "type": "Point",
        "coordinates": [
          18.7804325,
          49.2881062
        ]
      },
      "properties": {
        "id": 1059225112,
        "osm_type": "node",
        "name": "Skalka",
        "tourism": "motel",
        "phone": "+421414212156, +421915766766",
        "website": "https://www.motelskalka.sk"
      }
    },
    {
      "type": "Feature",
      "geometry": {
        "type": "Point",
        "coordinates": [
          19.184436,
          49.369376
        ]
      },
      "properties": {
        "id": 1071216480,
        "osm_type": "node",
        "name": "Tyrapol",
        "tourism": "hotel"
      }
    },
    {
      "type": "Feature",
      "geometry": {
        "type": "Point",
        "coordinates": [
          18.8362991,
          49.417231
        ]
      },
      "properties": {
        "id": 1077021456,
        "osm_type": "node",
        "name": "Drevorubač",
        "tourism": "hotel"
      }
    },
    {
      "type": "Feature",
      "geometry": {
        "type": "Point",
        "coordinates": [
          19.6407377,
          49.2569214
        ]
      },
      "properties": {
        "id": 1227846749,
        "osm_type": "node",
        "name": "Tatrawest",
        "tourism": "hotel"
      }
    },
    {
      "type": "Feature",
      "geometry": {
        "type": "Point",
        "coordinates": [
          19.6787258,
          49.0475916
        ]
      },
      "properties": {
        "id": 1265840001,
        "osm_type": "node",
        "name": "Chata Trenčan",
        "tourism": "guest_house"
      }
    },
    {
      "type": "Feature",
      "geometry": {
        "type": "Point",
        "coordinates": [
          19.6794521,
          49.0480688
        ]
      },
      "properties": {
        "id": 1265840022,
        "osm_type": "node",
        "name": "Kristian",
        "tourism": "guest_house"
      }
    },
    {
      "type": "Feature",
      "geometry": {
        "type": "Point",
        "coordinates": [
          19.6780789,
          49.0458664
        ]
      },
      "properties": {
        "id": 1265840049,
        "osm_type": "node",
        "name": "Villa Jozef",
        "tourism": "guest_house"
      }
    },
    {
      "type": "Feature",
      "geometry": {
        "type": "Point",
        "coordinates": [
          19.6755321,
          49.0456026
        ]
      },
      "properties": {
        "id": 1268058125,
        "osm_type": "node",
        "name": "Penzión Moravica",
        "tourism": "guest_house"
      }
    },
    {
      "type": "Feature",
      "geometry": {
        "type": "Point",
        "coordinates": [
          19.674706,
          49.0453925
        ]
      },
      "properties": {
        "id": 1268058254,
        "osm_type": "node",
        "name": "Villa Victoria",
        "tourism": "guest_house",
        "contact:phone": "+421 903 238 669",
        "website": "https://www.villavictoria.sk"
      }
    },
    {
      "type": "Feature",
      "geometry": {
        "type": "Point",
        "coordinates": [
          19.6759092,
          49.045092
        ]
      },
      "properties": {
        "id": 1268058273,
        "osm_type": "node",
        "name": "Ubytovanie a Bistro U koníka",
        "tourism": "guest_house",
        "opening_hours": "Mo-Su 15:00-22:00",
        "phone": "+421 908 844 155",
        "website": "https://www.ukonika.sk/"
      }
    },
    {
      "type": "Feature",
      "geometry": {
        "type": "Point",
        "coordinates": [
          19.6760186,
          49.0456093
        ]
      },
      "properties": {
        "id": 1268058856,
        "osm_type": "node",
        "name": "Maco",
        "tourism": "guest_house"
      }
    },
    {
      "type": "Feature",
      "geometry": {
        "type": "Point",
        "coordinates": [
          19.6752725,
          49.0452972
        ]
      },
      "properties": {
        "id": 1268059098,
        "osm_type": "node",
        "name": "Vila Anita",
        "tourism": "guest_house"
      }
    },
    {
      "type": "Feature",
      "geometry": {
        "type": "Point",
        "coordinates": [
          19.6781112,
          49.0489883
        ]
      },
      "properties": {
        "id": 1268059154,
        "osm_type": "node",
        "name": "Penzión u Rudolfa",
        "tourism": "guest_house",
        "phone": "+421 905 160 900",
        "website": "https://urudolfa.sk/sk/"
      }
    },
    {
      "type": "Feature",
      "geometry": {
        "type": "Point",
        "coordinates": [
          19.6796363,
          49.0471003
        ]
      },
      "properties": {
        "id": 1268059607,
        "osm_type": "node",
        "name": "Penzión Za vodou",
        "tourism": "guest_house"
      }
    },
    {
      "type": "Feature",
      "geometry": {
        "type": "Point",
        "coordinates": [
          19.6790968,
          49.0462159
        ]
      },
      "properties": {
        "id": 1268059677,
        "osm_type": "node",
        "name": "Martuška",
        "tourism": "guest_house"
      }
    },
    {
      "type": "Feature",
      "geometry": {
        "type": "Point",
        "coordinates": [
          19.6721644,
          49.0259489
        ]
      },
      "properties": {
        "id": 1268059681,
        "osm_type": "node",
        "name": "Chata Majka",
        "tourism": "chalet"
      }
    },
    {
      "type": "Feature",
      "geometry": {
        "type": "Point",
        "coordinates": [
          19.6739097,
          49.0306034
        ]
      },
      "properties": {
        "id": 1268060107,
        "osm_type": "node",
        "name": "Hotel Liptovský dvor",
        "tourism": "chalet"
      }
    },
    {
      "type": "Feature",
      "geometry": {
        "type": "Point",
        "coordinates": [
          19.2750198,
          49.071193
        ]
      },
      "properties": {
        "id": 1304867806,
        "osm_type": "node",
        "name": "Chata Sunday",
        "tourism": "chalet",
        "website": "https://www.hrabovo.com/chatasunday"
      }
    },
    {
      "type": "Feature",
      "geometry": {
        "type": "Point",
        "coordinates": [
          19.2721805,
          49.0703787
        ]
      },
      "properties": {
        "id": 1304867829,
        "osm_type": "node",
        "name": "Hotel Hrabovo",
        "tourism": "hotel",
        "phone": "+421 44 432 3178",
        "website": "https://hrabovohotel.sk/"
      }
    },
    {
      "type": "Feature",
      "geometry": {
        "type": "Point",
        "coordinates": [
          19.2756796,
          49.0717338
        ]
      },
      "properties": {
        "id": 1304867846,
        "osm_type": "node",
        "name": "Chata Malina",
        "tourism": "chalet",
        "phone": "+421 918 750 589",
        "website": "https://www.hrabovo.com/chatamalina"
      }
    },
    {
      "type": "Feature",
      "geometry": {
        "type": "Point",
        "coordinates": [
          19.2914462,
          49.0232398
        ]
      },
      "properties": {
        "id": 1354722229,
        "osm_type": "node",
        "name": "Apartmany Sidorovo",
        "tourism": "guest_house",
        "website": "www.apartmanysidorovo.sk"
      }
    },
    {
      "type": "Feature",
      "geometry": {
        "type": "Point",
        "coordinates": [
          19.8279351,
          49.0414538
        ]
      },
      "properties": {
        "id": 1372113500,
        "osm_type": "node",
        "name": "Chata Lucka",
        "tourism": "guest_house",
        "website": "http://www.chatalucka.szm.com"
      }
    },
    {
      "type": "Feature",
      "geometry": {
        "type": "Point",
        "coordinates": [
          18.936736,
          48.9349721
        ]
      },
      "properties": {
        "id": 1385733490,
        "osm_type": "node",
        "name": "Chatová osada Gader",
        "tourism": "hotel"
      }
    },
    {
      "type": "Feature",
      "geometry": {
        "type": "Point",
        "coordinates": [
          19.4378052,
          49.1010136
        ]
      },
      "properties": {
        "id": 1405414514,
        "osm_type": "node",
        "name": "Penzión Fontána",
        "tourism": "hotel"
      }
    },
    {
      "type": "Feature",
      "geometry": {
        "type": "Point",
        "coordinates": [
          18.920193,
          49.2138033
        ]
      },
      "properties": {
        "id": 1409790499,
        "osm_type": "node",
        "name": "Penzión u Adama",
        "tourism": "guest_house",
        "phone": "+421 905 471 361",
        "website": "https://www.uadama.sk/"
      }
    },
    {
      "type": "Feature",
      "geometry": {
        "type": "Point",
        "coordinates": [
          19.53095,
          49.3115981
        ]
      },
      "properties": {
        "id": 1460380199,
        "osm_type": "node",
        "name": "Oravský zrub",
        "tourism": "guest_house",
        "opening_hours": "We-Sa 10:30-18:00",
        "phone": "+421 915334488",
        "website": "https://oravskyzrub.sk/"
      }
    },
    {
      "type": "Feature",
      "geometry": {
        "type": "Point",
        "coordinates": [
          18.9759336,
          49.2412374
        ]
      },
      "properties": {
        "id": 1502801865,
        "osm_type": "node",
        "name": "Hotel Bránica",
        "tourism": "hotel",
        "phone": "+421 41 5693035",
        "website": "https://www.hotelbranica.sk/"
      }
    },
    {
      "type": "Feature",
      "geometry": {
        "type": "Point",
        "coordinates": [
          19.4141036,
          49.0952749
        ]
      },
      "properties": {
        "id": 1537040113,
        "osm_type": "node",
        "name": "Happy village kaštieľ Ivachnová",
        "tourism": "guest_house",
        "contact:website": "http://www.happyvillageslovensko.com"
      }
    },
    {
      "type": "Feature",
      "geometry": {
        "type": "Point",
        "coordinates": [
          19.4133101,
          49.0921649
        ]
      },
      "properties": {
        "id": 1537045943,
        "osm_type": "node",
        "name": "Drevenica u Luptákov",
        "tourism": "guest_house"
      }
    },
    {
      "type": "Feature",
      "geometry": {
        "type": "Point",
        "coordinates": [
          19.7666221,
          48.94977
        ]
      },
      "properties": {
        "id": 1540740672,
        "osm_type": "node",
        "name": "Šafrán - ubytovanie",
        "tourism": "chalet",
        "website": "https://www.boca-ubytovanie.sk/"
      }
    },
    {
      "type": "Feature",
      "geometry": {
        "type": "Point",
        "coordinates": [
          19.7043081,
          49.0377046
        ]
      },
      "properties": {
        "id": 1655568878,
        "osm_type": "node",
        "tourism": "camp_site"
      }
    },
    {
      "type": "Feature",
      "geometry": {
        "type": "Point",
        "coordinates": [
          19.7032595,
          49.0377985
        ]
      },
      "properties": {
        "id": 1655568880,
        "osm_type": "node",
        "tourism": "caravan_site"
      }
    },
    {
      "type": "Feature",
      "geometry": {
        "type": "Point",
        "coordinates": [
          19.7121311,
          49.0386948
        ]
      },
      "properties": {
        "id": 1658588672,
        "osm_type": "node",
        "name": "F-Hotel",
        "tourism": "motel"
      }
    },
    {
      "type": "Feature",
      "geometry": {
        "type": "Point",
        "coordinates": [
          18.903405,
          49.4455201
        ]
      },
      "properties": {
        "id": 1671084373,
        "osm_type": "node",
        "name": "Fiesta",
        "tourism": "guest_house"
      }
    },
    {
      "type": "Feature",
      "geometry": {
        "type": "Point",
        "coordinates": [
          18.9252956,
          49.0676435
        ]
      },
      "properties": {
        "id": 1738703303,
        "osm_type": "node",
        "name": "martINN",
        "tourism": "guest_house"
      }
    },
    {
      "type": "Feature",
      "geometry": {
        "type": "Point",
        "coordinates": [
          18.9766,
          49.2256804
        ]
      },
      "properties": {
        "id": 1744636842,
        "osm_type": "node",
        "name": "Božka",
        "tourism": "chalet"
      }
    },
    {
      "type": "Feature",
      "geometry": {
        "type": "Point",
        "coordinates": [
          19.1616455,
          49.1150962
        ]
      },
      "properties": {
        "id": 1852543497,
        "osm_type": "node",
        "name": "Vila Hanka",
        "tourism": "guest_house"
      }
    },
    {
      "type": "Feature",
      "geometry": {
        "type": "Point",
        "coordinates": [
          19.6171188,
          49.2592978
        ]
      },
      "properties": {
        "id": 1916883875,
        "osm_type": "node",
        "name": "Roháčik",
        "tourism": "hostel",
        "check_date": "2025-07-18"
      }
    },
    {
      "type": "Feature",
      "geometry": {
        "type": "Point",
        "coordinates": [
          19.616374,
          49.2601068
        ]
      },
      "properties": {
        "id": 1916884270,
        "osm_type": "node",
        "name": "Hubert",
        "tourism": "guest_house",
        "check_date": "2025-07-18"
      }
    },
    {
      "type": "Feature",
      "geometry": {
        "type": "Point",
        "coordinates": [
          19.6122704,
          49.258652
        ]
      },
      "properties": {
        "id": 1916888440,
        "osm_type": "node",
        "name": "Škerda",
        "tourism": "guest_house"
      }
    },
    {
      "type": "Feature",
      "geometry": {
        "type": "Point",
        "coordinates": [
          19.6116686,
          49.2591648
        ]
      },
      "properties": {
        "id": 1916888978,
        "osm_type": "node",
        "name": "Rima",
        "tourism": "chalet"
      }
    },
    {
      "type": "Feature",
      "geometry": {
        "type": "Point",
        "coordinates": [
          19.6185136,
          49.2595289
        ]
      },
      "properties": {
        "id": 1917082555,
        "osm_type": "node",
        "name": "Jas",
        "tourism": "guest_house",
        "check_date": "2025-07-19"
      }
    },
    {
      "type": "Feature",
      "geometry": {
        "type": "Point",
        "coordinates": [
          19.618535,
          49.2591088
        ]
      },
      "properties": {
        "id": 1917083315,
        "osm_type": "node",
        "name": "U Laca",
        "tourism": "hostel",
        "check_date": "2025-07-19"
      }
    },
    {
      "type": "Feature",
      "geometry": {
        "type": "Point",
        "coordinates": [
          19.6224618,
          49.259809
        ]
      },
      "properties": {
        "id": 1917093392,
        "osm_type": "node",
        "name": "Rekreačný dom u Stana",
        "tourism": "hostel"
      }
    },
    {
      "type": "Feature",
      "geometry": {
        "type": "Point",
        "coordinates": [
          19.6228266,
          49.259809
        ]
      },
      "properties": {
        "id": 1917094329,
        "osm_type": "node",
        "name": "Škerda",
        "tourism": "hostel"
      }
    },
    {
      "type": "Feature",
      "geometry": {
        "type": "Point",
        "coordinates": [
          19.6277618,
          49.260103
        ]
      },
      "properties": {
        "id": 1917096873,
        "osm_type": "node",
        "name": "Penzión",
        "tourism": "hostel",
        "check_date": "2024-08-24"
      }
    },
    {
      "type": "Feature",
      "geometry": {
        "type": "Point",
        "coordinates": [
          19.6275473,
          49.2596829
        ]
      },
      "properties": {
        "id": 1917097031,
        "osm_type": "node",
        "name": "Rekreačné domy Roháče",
        "tourism": "hostel",
        "check_date": "2024-08-24"
      }
    },
    {
      "type": "Feature",
      "geometry": {
        "type": "Point",
        "coordinates": [
          19.7124092,
          49.2441547
        ]
      },
      "properties": {
        "id": 1919735933,
        "osm_type": "node",
        "name": "Horský hotel Osobitá",
        "tourism": "hotel",
        "website": "https://hotelosobita.sk/"
      }
    },
    {
      "type": "Feature",
      "geometry": {
        "type": "Point",
        "coordinates": [
          19.704363,
          49.2516793
        ]
      },
      "properties": {
        "id": 1919735935,
        "osm_type": "node",
        "name": "Primula",
        "tourism": "hotel"
      }
    },
    {
      "type": "Feature",
      "geometry": {
        "type": "Point",
        "coordinates": [
          19.7139888,
          49.2428147
        ]
      },
      "properties": {
        "id": 1919736151,
        "osm_type": "node",
        "name": "Šindľovec",
        "tourism": "hostel",
        "website": "https://www.sindlovec.sk/"
      }
    },
    {
      "type": "Feature",
      "geometry": {
        "type": "Point",
        "coordinates": [
          19.6123724,
          49.258848
        ]
      },
      "properties": {
        "id": 1920399480,
        "osm_type": "node",
        "name": "Drevenica pri kostole",
        "tourism": "chalet",
        "phone": "+421 948 399 065",
        "website": "https://www.zuberec.sk/navstevnik/ubytovanie/samostatny-dom/drevenica-pri-kostole-47sk.html"
      }
    },
    {
      "type": "Feature",
      "geometry": {
        "type": "Point",
        "coordinates": [
          19.6083968,
          49.2645442
        ]
      },
      "properties": {
        "id": 1920399493,
        "osm_type": "node",
        "name": "Penzión Timea",
        "tourism": "hostel",
        "website": "http://www.penziontimea.sk/"
      }
    },
    {
      "type": "Feature",
      "geometry": {
        "type": "Point",
        "coordinates": [
          19.6097455,
          49.2614713
        ]
      },
      "properties": {
        "id": 1920399500,
        "osm_type": "node",
        "name": "Privát",
        "tourism": "hostel"
      }
    },
    {
      "type": "Feature",
      "geometry": {
        "type": "Point",
        "coordinates": [
          19.6108633,
          49.2597352
        ]
      },
      "properties": {
        "id": 1920399503,
        "osm_type": "node",
        "name": "U nás",
        "tourism": "chalet"
      }
    },
    {
      "type": "Feature",
      "geometry": {
        "type": "Point",
        "coordinates": [
          19.609618,
          49.261733
        ]
      },
      "properties": {
        "id": 1920399507,
        "osm_type": "node",
        "name": "Ubytovanie",
        "tourism": "hostel"
      }
    },
    {
      "type": "Feature",
      "geometry": {
        "type": "Point",
        "coordinates": [
          19.6081758,
          49.2631874
        ]
      },
      "properties": {
        "id": 1920399510,
        "osm_type": "node",
        "name": "Ubytovňa",
        "tourism": "hostel"
      }
    },
    {
      "type": "Feature",
      "geometry": {
        "type": "Point",
        "coordinates": [
          19.611463,
          49.2599814
        ]
      },
      "properties": {
        "id": 1920399530,
        "osm_type": "node",
        "name": "Penzión Zuberec",
        "tourism": "guest_house",
        "phone": "+421 907 394 030",
        "website": "https://zuberec.eu/"
      }
    },
    {
      "type": "Feature",
      "geometry": {
        "type": "Point",
        "coordinates": [
          18.7846288,
          49.4385341
        ]
      },
      "properties": {
        "id": 1963755942,
        "osm_type": "node",
        "name": "Hotel Centrum",
        "tourism": "hotel",
        "website": "https://www.hotelcadca.sk/"
      }
    },
    {
      "type": "Feature",
      "geometry": {
        "type": "Point",
        "coordinates": [
          18.7823656,
          49.4378454
        ]
      },
      "properties": {
        "id": 1970865049,
        "osm_type": "node",
        "name": "Penzión Medea",
        "tourism": "hotel",
        "website": "https://www.penzionmedea.sk/"
      }
    },
    {
      "type": "Feature",
      "geometry": {
        "type": "Point",
        "coordinates": [
          19.605299,
          49.271839
        ]
      },
      "properties": {
        "id": 1971706878,
        "osm_type": "node",
        "name": "Penzion Milka",
        "tourism": "hotel"
      }
    },
    {
      "type": "Feature",
      "geometry": {
        "type": "Point",
        "coordinates": [
          19.5121709,
          49.4014689
        ]
      },
      "properties": {
        "id": 1979800935,
        "osm_type": "node",
        "name": "Camp Marina",
        "tourism": "camp_site"
      }
    },
    {
      "type": "Feature",
      "geometry": {
        "type": "Point",
        "coordinates": [
          18.9446915,
          49.238367
        ]
      },
      "properties": {
        "id": 2017404402,
        "osm_type": "node",
        "name": "Penzión v Starom mlyne",
        "tourism": "guest_house",
        "phone": "+421 907 294 724",
        "website": "http://www.mlynbela.sk/"
      }
    },
    {
      "type": "Feature",
      "geometry": {
        "type": "Point",
        "coordinates": [
          18.9527552,
          49.2430977
        ]
      },
      "properties": {
        "id": 2017404725,
        "osm_type": "node",
        "name": "Country Saloon",
        "tourism": "hotel"
      }
    },
    {
      "type": "Feature",
      "geometry": {
        "type": "Point",
        "coordinates": [
          18.9413127,
          49.3469148
        ]
      },
      "properties": {
        "id": 2017411452,
        "osm_type": "node",
        "name": "Hotel Bystričan",
        "tourism": "hotel"
      }
    },
    {
      "type": "Feature",
      "geometry": {
        "type": "Point",
        "coordinates": [
          18.9244727,
          49.127991
        ]
      },
      "properties": {
        "id": 2032079268,
        "osm_type": "node",
        "name": "Penzión Gitka",
        "tourism": "guest_house",
        "website": "http://www.gitka.sk/"
      }
    },
    {
      "type": "Feature",
      "geometry": {
        "type": "Point",
        "coordinates": [
          18.5672313,
          49.357381
        ]
      },
      "properties": {
        "id": 2048561255,
        "osm_type": "node",
        "name": "Turistická ubytovňa U Cipára",
        "tourism": "motel",
        "phone": "+421 915 880 042",
        "website": "https://u-cipara.sk/"
      }
    },
    {
      "type": "Feature",
      "geometry": {
        "type": "Point",
        "coordinates": [
          19.1654072,
          48.9085958
        ]
      },
      "properties": {
        "id": 2093356382,
        "osm_type": "node",
        "name": "Chata Horec",
        "tourism": "hotel",
        "phone": "+421 0907 239 377",
        "website": "https://www.chata-horec.sk/"
      }
    },
    {
      "type": "Feature",
      "geometry": {
        "type": "Point",
        "coordinates": [
          19.3379814,
          48.9340323
        ]
      },
      "properties": {
        "id": 2093554188,
        "osm_type": "node",
        "name": "Penzión Baltazár",
        "tourism": "hotel"
      }
    },
    {
      "type": "Feature",
      "geometry": {
        "type": "Point",
        "coordinates": [
          19.0460199,
          49.2568621
        ]
      },
      "properties": {
        "id": 2122823052,
        "osm_type": "node",
        "name": "Hotel Gavurky",
        "tourism": "hotel",
        "phone": "+421 41 500 35 02",
        "website": "https://www.hotelgavurky.sk/",
        "check_date": "2025-09-04"
      }
    },
    {
      "type": "Feature",
      "geometry": {
        "type": "Point",
        "coordinates": [
          19.2707446,
          49.0701094
        ]
      },
      "properties": {
        "id": 2157694441,
        "osm_type": "node",
        "name": "Fatrapark 1",
        "tourism": "hotel",
        "contact:website": "http://www.apartmanyfatra.sk/"
      }
    },
    {
      "type": "Feature",
      "geometry": {
        "type": "Point",
        "coordinates": [
          19.379886,
          49.3312526
        ]
      },
      "properties": {
        "id": 2188328100,
        "osm_type": "node",
        "name": "Penzion Pohoda",
        "tourism": "guest_house"
      }
    },
    {
      "type": "Feature",
      "geometry": {
        "type": "Point",
        "coordinates": [
          19.5194425,
          49.3091282
        ]
      },
      "properties": {
        "id": 2193980858,
        "osm_type": "node",
        "name": "Hotel ARMAN",
        "tourism": "hotel",
        "phone": "+421433709042",
        "website": "https://hotelarman.sk/"
      }
    },
    {
      "type": "Feature",
      "geometry": {
        "type": "Point",
        "coordinates": [
          18.9630047,
          49.1276462
        ]
      },
      "properties": {
        "id": 2195974533,
        "osm_type": "node",
        "name": "Mikanova",
        "tourism": "alpine_hut"
      }
    },
    {
      "type": "Feature",
      "geometry": {
        "type": "Point",
        "coordinates": [
          19.0307616,
          49.2602565
        ]
      },
      "properties": {
        "id": 2276583586,
        "osm_type": "node",
        "name": "Penzión pod Oblazom",
        "tourism": "guest_house",
        "phone": "+421 41 569 5375",
        "website": "https://www.podoblazom.sk/"
      }
    },
    {
      "type": "Feature",
      "geometry": {
        "type": "Point",
        "coordinates": [
          19.7734484,
          48.9777575
        ]
      },
      "properties": {
        "id": 2294296907,
        "osm_type": "node",
        "name": "Chata Luna",
        "tourism": "guest_house"
      }
    },
    {
      "type": "Feature",
      "geometry": {
        "type": "Point",
        "coordinates": [
          18.4580211,
          49.3685101
        ]
      },
      "properties": {
        "id": 2348975501,
        "osm_type": "node",
        "name": "Penzión Makov",
        "tourism": "guest_house"
      }
    },
    {
      "type": "Feature",
      "geometry": {
        "type": "Point",
        "coordinates": [
          18.4587216,
          49.3681733
        ]
      },
      "properties": {
        "id": 2365575373,
        "osm_type": "node",
        "name": "Adam",
        "tourism": "guest_house"
      }
    },
    {
      "type": "Feature",
      "geometry": {
        "type": "Point",
        "coordinates": [
          18.4795392,
          49.3706701
        ]
      },
      "properties": {
        "id": 2367445101,
        "osm_type": "node",
        "name": "Poľana",
        "tourism": "guest_house"
      }
    },
    {
      "type": "Feature",
      "geometry": {
        "type": "Point",
        "coordinates": [
          19.2656316,
          49.0527325
        ]
      },
      "properties": {
        "id": 2378233264,
        "osm_type": "node",
        "name": "Hotel Malina",
        "tourism": "hotel",
        "phone": "+421 444319999",
        "website": "https://www.hotelmalina.sk/"
      }
    },
    {
      "type": "Feature",
      "geometry": {
        "type": "Point",
        "coordinates": [
          19.6483059,
          49.0526076
        ]
      },
      "properties": {
        "id": 2382567722,
        "osm_type": "node",
        "name": "J&M",
        "tourism": "guest_house"
      }
    },
    {
      "type": "Feature",
      "geometry": {
        "type": "Point",
        "coordinates": [
          19.6501791,
          49.0604103
        ]
      },
      "properties": {
        "id": 2382567723,
        "osm_type": "node",
        "name": "Kamilka",
        "tourism": "guest_house"
      }
    },
    {
      "type": "Feature",
      "geometry": {
        "type": "Point",
        "coordinates": [
          19.6489079,
          49.0543784
        ]
      },
      "properties": {
        "id": 2382567730,
        "osm_type": "node",
        "tourism": "guest_house"
      }
    },
    {
      "type": "Feature",
      "geometry": {
        "type": "Point",
        "coordinates": [
          18.8336817,
          49.0939099
        ]
      },
      "properties": {
        "id": 2385541042,
        "osm_type": "node",
        "name": "Nová Ponorka",
        "tourism": "guest_house"
      }
    },
    {
      "type": "Feature",
      "geometry": {
        "type": "Point",
        "coordinates": [
          18.5859447,
          49.1614244
        ]
      },
      "properties": {
        "id": 2385541244,
        "osm_type": "node",
        "tourism": "guest_house",
        "website": "https://www.penzionstefanik.sk/"
      }
    },
    {
      "type": "Feature",
      "geometry": {
        "type": "Point",
        "coordinates": [
          19.0298172,
          49.2583867
        ]
      },
      "properties": {
        "id": 2389212513,
        "osm_type": "node",
        "name": "Kúzelná Špajza",
        "tourism": "guest_house",
        "phone": "+421 908 248 675"
      }
    },
    {
      "type": "Feature",
      "geometry": {
        "type": "Point",
        "coordinates": [
          18.7579921,
          49.223323
        ]
      },
      "properties": {
        "id": 2404780399,
        "osm_type": "node",
        "name": "Tavros",
        "tourism": "hostel",
        "phone": "+421 41 763 41 29",
        "website": "http://tavros.szm.com/"
      }
    },
    {
      "type": "Feature",
      "geometry": {
        "type": "Point",
        "coordinates": [
          19.0441581,
          48.9065062
        ]
      },
      "properties": {
        "id": 2411436038,
        "osm_type": "node",
        "name": "Chata Drobkov",
        "tourism": "chalet"
      }
    },
    {
      "type": "Feature",
      "geometry": {
        "type": "Point",
        "coordinates": [
          18.744605,
          49.2083969
        ]
      },
      "properties": {
        "id": 2415616126,
        "osm_type": "node",
        "name": "Šport Hotel Bôrik",
        "tourism": "hotel",
        "website": "http://www.hotelborik.sk"
      }
    },
    {
      "type": "Feature",
      "geometry": {
        "type": "Point",
        "coordinates": [
          19.8106427,
          48.9608599
        ]
      },
      "properties": {
        "id": 2425940714,
        "osm_type": "node",
        "name": "Predné",
        "tourism": "chalet"
      }
    },
    {
      "type": "Feature",
      "geometry": {
        "type": "Point",
        "coordinates": [
          19.8643253,
          48.9288206
        ]
      },
      "properties": {
        "id": 2427593002,
        "osm_type": "node",
        "name": "Hodruša",
        "tourism": "chalet",
        "website": "https://ubytovanie.lesy.sk/chata.html/312/hodrusa"
      }
    },
    {
      "type": "Feature",
      "geometry": {
        "type": "Point",
        "coordinates": [
          19.7455785,
          48.9227593
        ]
      },
      "properties": {
        "id": 2427593104,
        "osm_type": "node",
        "tourism": "guest_house"
      }
    },
    {
      "type": "Feature",
      "geometry": {
        "type": "Point",
        "coordinates": [
          19.5242052,
          49.2885742
        ]
      },
      "properties": {
        "id": 2447711638,
        "osm_type": "node",
        "tourism": "camp_site"
      }
    },
    {
      "type": "Feature",
      "geometry": {
        "type": "Point",
        "coordinates": [
          18.8580027,
          48.8610172
        ]
      },
      "properties": {
        "id": 2449351714,
        "osm_type": "node",
        "name": "Anesis",
        "tourism": "guest_house"
      }
    },
    {
      "type": "Feature",
      "geometry": {
        "type": "Point",
        "coordinates": [
          18.8559144,
          48.8577085
        ]
      },
      "properties": {
        "id": 2449655904,
        "osm_type": "node",
        "name": "Privát Turčan",
        "tourism": "guest_house"
      }
    },
    {
      "type": "Feature",
      "geometry": {
        "type": "Point",
        "coordinates": [
          19.6087324,
          49.3597355
        ]
      },
      "properties": {
        "id": 2482096254,
        "osm_type": "node",
        "name": "Skalka",
        "tourism": "hotel"
      }
    },
    {
      "type": "Feature",
      "geometry": {
        "type": "Point",
        "coordinates": [
          19.1548961,
          49.2761369
        ]
      },
      "properties": {
        "id": 2495439394,
        "osm_type": "node",
        "name": "Chalupa Fatra",
        "tourism": "guest_house",
        "phone": "+421 435 896 224;+421 905 310 334;+421 908 900 515",
        "website": "http://www.zazrivaubytovanie.sk/"
      }
    },
    {
      "type": "Feature",
      "geometry": {
        "type": "Point",
        "coordinates": [
          19.5973391,
          48.979868
        ]
      },
      "properties": {
        "id": 2499524474,
        "osm_type": "node",
        "name": "Bungalovy Jasná Lúčky",
        "tourism": "chalet",
        "phone": "+421903800124",
        "website": "https://www.bungalovyjasnalucky.sk/"
      }
    },
    {
      "type": "Feature",
      "geometry": {
        "type": "Point",
        "coordinates": [
          19.6728168,
          49.0333932
        ]
      },
      "properties": {
        "id": 2500366791,
        "osm_type": "node",
        "name": "Chaty pod Bielym",
        "tourism": "chalet"
      }
    },
    {
      "type": "Feature",
      "geometry": {
        "type": "Point",
        "coordinates": [
          19.0972379,
          49.1516866
        ]
      },
      "properties": {
        "id": 2503091788,
        "osm_type": "node",
        "name": "Motorest Rieka",
        "tourism": "motel",
        "opening_hours": "Mo-Fr 08:00-20:00; Sa-Su 09:00-20:00",
        "website": "https://www.motorest-rieka.sk/"
      }
    },
    {
      "type": "Feature",
      "geometry": {
        "type": "Point",
        "coordinates": [
          19.2553773,
          49.0956628
        ]
      },
      "properties": {
        "id": 2503091789,
        "osm_type": "node",
        "name": "Ranč",
        "tourism": "motel"
      }
    },
    {
      "type": "Feature",
      "geometry": {
        "type": "Point",
        "coordinates": [
          19.5209618,
          49.1972242
        ]
      },
      "properties": {
        "id": 2520805761,
        "osm_type": "node",
        "name": "Penzión Borovec",
        "tourism": "guest_house",
        "website": "http://www.penzionborovec.sk/"
      }
    },
    {
      "type": "Feature",
      "geometry": {
        "type": "Point",
        "coordinates": [
          19.5000041,
          49.2023044
        ]
      },
      "properties": {
        "id": 2520805762,
        "osm_type": "node",
        "name": "Penzión pri Veži",
        "tourism": "guest_house",
        "website": "http://www.svorad.sk/"
      }
    },
    {
      "type": "Feature",
      "geometry": {
        "type": "Point",
        "coordinates": [
          19.3539251,
          49.1992338
        ]
      },
      "properties": {
        "id": 2526035446,
        "osm_type": "node",
        "name": "Hotel Orava",
        "tourism": "hotel",
        "website": "https://www.hotelorava.sk/"
      }
    },
    {
      "type": "Feature",
      "geometry": {
        "type": "Point",
        "coordinates": [
          18.8565137,
          48.8596433
        ]
      },
      "properties": {
        "id": 2568296937,
        "osm_type": "node",
        "name": "Panda",
        "tourism": "guest_house",
        "phone": "+421434924169",
        "website": "https://penzionpanda.sk/"
      }
    },
    {
      "type": "Feature",
      "geometry": {
        "type": "Point",
        "coordinates": [
          18.8598546,
          48.8648721
        ]
      },
      "properties": {
        "id": 2571547257,
        "osm_type": "node",
        "name": "Mliečna víla",
        "tourism": "guest_house",
        "opening_hours": "Mo-Sa 08:00-20:00; Su 08:00-16:00"
      }
    },
    {
      "type": "Feature",
      "geometry": {
        "type": "Point",
        "coordinates": [
          19.3202621,
          48.9449134
        ]
      },
      "properties": {
        "id": 2590809999,
        "osm_type": "node",
        "name": "Penzión Salatín",
        "tourism": "guest_house"
      }
    },
    {
      "type": "Feature",
      "geometry": {
        "type": "Point",
        "coordinates": [
          18.9228634,
          49.0503139
        ]
      },
      "properties": {
        "id": 2754730312,
        "osm_type": "node",
        "name": "Penzión Ľadoveň",
        "tourism": "hostel",
        "website": "https://www.penzionladoven.sk/"
      }
    },
    {
      "type": "Feature",
      "geometry": {
        "type": "Point",
        "coordinates": [
          19.6140252,
          49.3598808
        ]
      },
      "properties": {
        "id": 2785610116,
        "osm_type": "node",
        "name": "Hostinec Tatra",
        "tourism": "guest_house",
        "phone": "+421 43 5392 485"
      }
    },
    {
      "type": "Feature",
      "geometry": {
        "type": "Point",
        "coordinates": [
          19.6098534,
          49.3594823
        ]
      },
      "properties": {
        "id": 2786117483,
        "osm_type": "node",
        "name": "Roháč",
        "tourism": "hotel",
        "phone": "+421 43 532 4961",
        "contact:phone": "+421 43 5324961",
        "website": "https://hotelrohac.sk/",
        "contact:website": "http://www.hotelrohac.sk"
      }
    },
    {
      "type": "Feature",
      "geometry": {
        "type": "Point",
        "coordinates": [
          19.2047754,
          48.9990353
        ]
      },
      "properties": {
        "id": 2836845979,
        "osm_type": "node",
        "name": "Horský hotel Granit",
        "tourism": "hotel",
        "phone": "+421 44 4323 516",
        "website": "https://horezza.sk/hotel-granit-smrekovica/"
      }
    },
    {
      "type": "Feature",
      "geometry": {
        "type": "Point",
        "coordinates": [
          19.2006156,
          48.9911025
        ]
      },
      "properties": {
        "id": 2836845981,
        "osm_type": "node",
        "name": "Horská chata Smrekovica",
        "tourism": "hotel",
        "phone": "+421 910 779 756",
        "website": "https://smrekovica.sk/"
      }
    },
    {
      "type": "Feature",
      "geometry": {
        "type": "Point",
        "coordinates": [
          19.0334288,
          49.2546436
        ]
      },
      "properties": {
        "id": 2866796930,
        "osm_type": "node",
        "name": "Pri Hati",
        "tourism": "guest_house",
        "phone": "+421903393339",
        "website": "http://www.penzionprihati.sk/"
      }
    },
    {
      "type": "Feature",
      "geometry": {
        "type": "Point",
        "coordinates": [
          18.9910219,
          49.1003376
        ]
      },
      "properties": {
        "id": 2975289580,
        "osm_type": "node",
        "name": "Turistická ubytovňa",
        "tourism": "hostel",
        "phone": "+421 905 205 476"
      }
    },
    {
      "type": "Feature",
      "geometry": {
        "type": "Point",
        "coordinates": [
          19.2972354,
          49.2073042
        ]
      },
      "properties": {
        "id": 2978032750,
        "osm_type": "node",
        "name": "Penzión Marína",
        "tourism": "hotel",
        "website": "http://marina.sk"
      }
    },
    {
      "type": "Feature",
      "geometry": {
        "type": "Point",
        "coordinates": [
          19.4870061,
          49.4784029
        ]
      },
      "properties": {
        "id": 3179729287,
        "osm_type": "node",
        "name": "Penzión Amito",
        "tourism": "guest_house",
        "website": "http://www.amito.sk/"
      }
    },
    {
      "type": "Feature",
      "geometry": {
        "type": "Point",
        "coordinates": [
          18.7231286,
          49.2156337
        ]
      },
      "properties": {
        "id": 3181056475,
        "osm_type": "node",
        "name": "Drevenica",
        "tourism": "guest_house"
      }
    },
    {
      "type": "Feature",
      "geometry": {
        "type": "Point",
        "coordinates": [
          18.725091,
          49.2104423
        ]
      },
      "properties": {
        "id": 3181059935,
        "osm_type": "node",
        "name": "U Jakuba",
        "tourism": "guest_house"
      }
    },
    {
      "type": "Feature",
      "geometry": {
        "type": "Point",
        "coordinates": [
          19.3384753,
          49.3746834
        ]
      },
      "properties": {
        "id": 3196950408,
        "osm_type": "node",
        "name": "Penzión Krušetnica",
        "tourism": "guest_house",
        "phone": "+421 905 852 695",
        "website": "https://www.penzionkrusetnica.sk/"
      }
    },
    {
      "type": "Feature",
      "geometry": {
        "type": "Point",
        "coordinates": [
          19.6775831,
          49.0462284
        ]
      },
      "properties": {
        "id": 3199320258,
        "osm_type": "node",
        "name": "Diplomat",
        "tourism": "guest_house"
      }
    },
    {
      "type": "Feature",
      "geometry": {
        "type": "Point",
        "coordinates": [
          19.6756222,
          49.0458432
        ]
      },
      "properties": {
        "id": 3199320260,
        "osm_type": "node",
        "name": "Privát U Staroňa",
        "tourism": "hostel"
      }
    },
    {
      "type": "Feature",
      "geometry": {
        "type": "Point",
        "coordinates": [
          19.4343398,
          49.0995163
        ]
      },
      "properties": {
        "id": 3251996107,
        "osm_type": "node",
        "name": "Summit",
        "tourism": "hotel",
        "website": "http://www.hotelsummit.sk/"
      }
    },
    {
      "type": "Feature",
      "geometry": {
        "type": "Point",
        "coordinates": [
          19.4557189,
          49.0591574
        ]
      },
      "properties": {
        "id": 3270241075,
        "osm_type": "node",
        "name": "Sojka",
        "tourism": "hotel"
      }
    },
    {
      "type": "Feature",
      "geometry": {
        "type": "Point",
        "coordinates": [
          19.4992679,
          49.0392508
        ]
      },
      "properties": {
        "id": 3270321874,
        "osm_type": "node",
        "name": "Baník",
        "tourism": "hostel"
      }
    },
    {
      "type": "Feature",
      "geometry": {
        "type": "Point",
        "coordinates": [
          19.4897571,
          49.4143427
        ]
      },
      "properties": {
        "id": 3336802577,
        "osm_type": "node",
        "name": "Penzión Korytnačka",
        "tourism": "guest_house",
        "website": "https://www.penzionkorytnacka.sk/"
      }
    },
    {
      "type": "Feature",
      "geometry": {
        "type": "Point",
        "coordinates": [
          19.5508969,
          49.2857357
        ]
      },
      "properties": {
        "id": 3343875232,
        "osm_type": "node",
        "name": "Penzión Centrum",
        "tourism": "guest_house",
        "phone": "+421 901 742 222;+421435395575",
        "website": "https://rodach.sk/obp/contact/"
      }
    },
    {
      "type": "Feature",
      "geometry": {
        "type": "Point",
        "coordinates": [
          19.5037891,
          49.4117334
        ]
      },
      "properties": {
        "id": 3387816127,
        "osm_type": "node",
        "name": "Hotel Studnička",
        "tourism": "hotel",
        "phone": "+421 4355 22 111,+421 911511 111",
        "website": "https://www.hotelstudnicka.sk/"
      }
    },
    {
      "type": "Feature",
      "geometry": {
        "type": "Point",
        "coordinates": [
          18.8832107,
          49.4374669
        ]
      },
      "properties": {
        "id": 3424971356,
        "osm_type": "node",
        "name": "Kýčera",
        "tourism": "guest_house"
      }
    },
    {
      "type": "Feature",
      "geometry": {
        "type": "Point",
        "coordinates": [
          18.8817348,
          49.437158
        ]
      },
      "properties": {
        "id": 3424971359,
        "osm_type": "node",
        "name": "Villa Ľudmila",
        "tourism": "guest_house"
      }
    },
    {
      "type": "Feature",
      "geometry": {
        "type": "Point",
        "coordinates": [
          18.8831091,
          49.4364041
        ]
      },
      "properties": {
        "id": 3424971360,
        "osm_type": "node",
        "name": "Rača",
        "tourism": "hotel"
      }
    },
    {
      "type": "Feature",
      "geometry": {
        "type": "Point",
        "coordinates": [
          18.8826338,
          49.4428555
        ]
      },
      "properties": {
        "id": 3424972802,
        "osm_type": "node",
        "name": "Rami",
        "tourism": "guest_house",
        "website": "http://www.penzionrami.sk/"
      }
    },
    {
      "type": "Feature",
      "geometry": {
        "type": "Point",
        "coordinates": [
          19.2686927,
          49.0496902
        ]
      },
      "properties": {
        "id": 3479626292,
        "osm_type": "node",
        "name": "Skalka",
        "tourism": "hotel"
      }
    },
    {
      "type": "Feature",
      "geometry": {
        "type": "Point",
        "coordinates": [
          19.0689597,
          49.2911518
        ]
      },
      "properties": {
        "id": 3515744005,
        "osm_type": "node",
        "name": "Chata Ivanka",
        "tourism": "chalet",
        "phone": "+421 903 711 356",
        "website": "http://www.chataivanka.sk/"
      }
    },
    {
      "type": "Feature",
      "geometry": {
        "type": "Point",
        "coordinates": [
          19.1517159,
          49.3771943
        ]
      },
      "properties": {
        "id": 3520092796,
        "osm_type": "node",
        "name": "Pohoda",
        "tourism": "guest_house"
      }
    },
    {
      "type": "Feature",
      "geometry": {
        "type": "Point",
        "coordinates": [
          19.3547553,
          49.0478728
        ]
      },
      "properties": {
        "id": 3535121624,
        "osm_type": "node",
        "name": "Chalúpka 23",
        "tourism": "chalet",
        "contact:website": "http://www.chalupky.sk/chalupky"
      }
    },
    {
      "type": "Feature",
      "geometry": {
        "type": "Point",
        "coordinates": [
          19.7314195,
          49.0442165
        ]
      },
      "properties": {
        "id": 3607878976,
        "osm_type": "node",
        "name": "Penzion pod Skalou",
        "tourism": "guest_house"
      }
    },
    {
      "type": "Feature",
      "geometry": {
        "type": "Point",
        "coordinates": [
          19.2969547,
          49.0413164
        ]
      },
      "properties": {
        "id": 3608288281,
        "osm_type": "node",
        "name": "Trio",
        "tourism": "guest_house"
      }
    },
    {
      "type": "Feature",
      "geometry": {
        "type": "Point",
        "coordinates": [
          19.3030252,
          49.0413581
        ]
      },
      "properties": {
        "id": 3608288282,
        "osm_type": "node",
        "name": "Vila Michaela",
        "tourism": "guest_house",
        "website": "http://www.vilamichaela.sk/"
      }
    },
    {
      "type": "Feature",
      "geometry": {
        "type": "Point",
        "coordinates": [
          18.4575934,
          49.3674664
        ]
      },
      "properties": {
        "id": 3637367871,
        "osm_type": "node",
        "name": "Chata Makovica",
        "tourism": "apartment",
        "website": "https://www.chatamakovica.sk/"
      }
    },
    {
      "type": "Feature",
      "geometry": {
        "type": "Point",
        "coordinates": [
          19.4122033,
          49.1039199
        ]
      },
      "properties": {
        "id": 3641454867,
        "osm_type": "node",
        "name": "Penzión Motýľ",
        "tourism": "guest_house",
        "phone": "+421 905 833 069",
        "website": "http://penzionmotyl.sk/"
      }
    },
    {
      "type": "Feature",
      "geometry": {
        "type": "Point",
        "coordinates": [
          19.3905557,
          49.0907354
        ]
      },
      "properties": {
        "id": 3641600359,
        "osm_type": "node",
        "name": "Penzión po Lipami",
        "tourism": "guest_house"
      }
    },
    {
      "type": "Feature",
      "geometry": {
        "type": "Point",
        "coordinates": [
          19.2574795,
          48.9651509
        ]
      },
      "properties": {
        "id": 3643325861,
        "osm_type": "node",
        "name": "Škutovky",
        "tourism": "hotel"
      }
    },
    {
      "type": "Feature",
      "geometry": {
        "type": "Point",
        "coordinates": [
          19.2575114,
          48.9658024
        ]
      },
      "properties": {
        "id": 3643325862,
        "osm_type": "node",
        "name": "Škutovky",
        "tourism": "hotel"
      }
    },
    {
      "type": "Feature",
      "geometry": {
        "type": "Point",
        "coordinates": [
          19.459245,
          49.067763
        ]
      },
      "properties": {
        "id": 3647596283,
        "osm_type": "node",
        "name": "Penzión Dvita",
        "tourism": "guest_house"
      }
    },
    {
      "type": "Feature",
      "geometry": {
        "type": "Point",
        "coordinates": [
          19.4601235,
          49.0685126
        ]
      },
      "properties": {
        "id": 3647596284,
        "osm_type": "node",
        "name": "Penzión Havránok",
        "tourism": "guest_house"
      }
    },
    {
      "type": "Feature",
      "geometry": {
        "type": "Point",
        "coordinates": [
          19.6165104,
          49.0530565
        ]
      },
      "properties": {
        "id": 3662219701,
        "osm_type": "node",
        "name": "Penzión Miška",
        "tourism": "guest_house"
      }
    },
    {
      "type": "Feature",
      "geometry": {
        "type": "Point",
        "coordinates": [
          18.5180622,
          48.958822
        ]
      },
      "properties": {
        "id": 3664506817,
        "osm_type": "node",
        "name": "Chata Erika",
        "tourism": "hostel"
      }
    },
    {
      "type": "Feature",
      "geometry": {
        "type": "Point",
        "coordinates": [
          19.0519013,
          49.1405368
        ]
      },
      "properties": {
        "id": 3671754537,
        "osm_type": "node",
        "name": "Autocamping Trusalova",
        "tourism": "camp_site",
        "tents": "yes",
        "phone": "+421 43 429 26 36",
        "website": "https://www.atctrusalova.sk/"
      }
    },
    {
      "type": "Feature",
      "geometry": {
        "type": "Point",
        "coordinates": [
          18.6767086,
          49.0277774
        ]
      },
      "properties": {
        "id": 3689011954,
        "osm_type": "node",
        "name": "Chata Žiar",
        "tourism": "chalet",
        "phone": "+421 903 589 411;+421 415 424 442",
        "website": "https://www.chataziar.sk/"
      }
    },
    {
      "type": "Feature",
      "geometry": {
        "type": "Point",
        "coordinates": [
          19.3971288,
          49.1301962
        ]
      },
      "properties": {
        "id": 3705571261,
        "osm_type": "node",
        "name": "Markuška",
        "tourism": "chalet"
      }
    },
    {
      "type": "Feature",
      "geometry": {
        "type": "Point",
        "coordinates": [
          18.5168024,
          48.9576277
        ]
      },
      "properties": {
        "id": 3706201119,
        "osm_type": "node",
        "name": "Penzión Katka",
        "tourism": "guest_house",
        "phone": "+421 948 975 136",
        "website": "https://www.penzion-katka.sk/"
      }
    },
    {
      "type": "Feature",
      "geometry": {
        "type": "Point",
        "coordinates": [
          19.2861311,
          49.0828914
        ]
      },
      "properties": {
        "id": 3741419802,
        "osm_type": "node",
        "name": "Penzión Blesk",
        "tourism": "guest_house",
        "phone": "+421 44 432 0025",
        "website": "https://penzionblesk.sk/sk/"
      }
    },
    {
      "type": "Feature",
      "geometry": {
        "type": "Point",
        "coordinates": [
          19.0424113,
          49.2546217
        ]
      },
      "properties": {
        "id": 3781825411,
        "osm_type": "node",
        "name": "Drevenice Terchová",
        "tourism": "hotel",
        "website": "https://www.dreveniceterchova.sk/"
      }
    },
    {
      "type": "Feature",
      "geometry": {
        "type": "Point",
        "coordinates": [
          18.8847172,
          49.4385621
        ]
      },
      "properties": {
        "id": 3785069666,
        "osm_type": "node",
        "name": "Penzión Centrál",
        "tourism": "guest_house",
        "phone": "+421 905 477 501",
        "website": "https://www.penzion-central.sk/"
      }
    },
    {
      "type": "Feature",
      "geometry": {
        "type": "Point",
        "coordinates": [
          18.9253251,
          49.4124482
        ]
      },
      "properties": {
        "id": 3812946168,
        "osm_type": "node",
        "name": "Chata Čučoriedka",
        "tourism": "chalet"
      }
    },
    {
      "type": "Feature",
      "geometry": {
        "type": "Point",
        "coordinates": [
          18.8384326,
          49.4143407
        ]
      },
      "properties": {
        "id": 3815913130,
        "osm_type": "node",
        "name": "Duo",
        "tourism": "motel"
      }
    },
    {
      "type": "Feature",
      "geometry": {
        "type": "Point",
        "coordinates": [
          18.9489232,
          49.4381674
        ]
      },
      "properties": {
        "id": 3825230148,
        "osm_type": "node",
        "name": "Chata pod Kykulou",
        "tourism": "chalet"
      }
    },
    {
      "type": "Feature",
      "geometry": {
        "type": "Point",
        "coordinates": [
          18.9465684,
          49.4350966
        ]
      },
      "properties": {
        "id": 3825231041,
        "osm_type": "node",
        "tourism": "guest_house"
      }
    },
    {
      "type": "Feature",
      "geometry": {
        "type": "Point",
        "coordinates": [
          18.953195,
          49.4355431
        ]
      },
      "properties": {
        "id": 3825306056,
        "osm_type": "node",
        "name": "chata Lienka",
        "tourism": "guest_house"
      }
    },
    {
      "type": "Feature",
      "geometry": {
        "type": "Point",
        "coordinates": [
          18.8849717,
          49.4365489
        ]
      },
      "properties": {
        "id": 3826278316,
        "osm_type": "node",
        "name": "Privát Jola",
        "tourism": "guest_house"
      }
    },
    {
      "type": "Feature",
      "geometry": {
        "type": "Point",
        "coordinates": [
          18.7665443,
          49.1795432
        ]
      },
      "properties": {
        "id": 3833481529,
        "osm_type": "node",
        "tourism": "hotel"
      }
    },
    {
      "type": "Feature",
      "geometry": {
        "type": "Point",
        "coordinates": [
          19.6067564,
          49.056497
        ]
      },
      "properties": {
        "id": 3844586974,
        "osm_type": "node",
        "name": "Rys Apartmány - Liptov",
        "tourism": "apartment",
        "website": "http://rys-apartmany-liptov.eu/"
      }
    },
    {
      "type": "Feature",
      "geometry": {
        "type": "Point",
        "coordinates": [
          18.8540086,
          49.4202787
        ]
      },
      "properties": {
        "id": 3881583566,
        "osm_type": "node",
        "name": "Fuňák",
        "tourism": "guest_house"
      }
    },
    {
      "type": "Feature",
      "geometry": {
        "type": "Point",
        "coordinates": [
          19.3049609,
          49.0889024
        ]
      },
      "properties": {
        "id": 3957938019,
        "osm_type": "node",
        "name": "Penzion RENY",
        "tourism": "guest_house"
      }
    },
    {
      "type": "Feature",
      "geometry": {
        "type": "Point",
        "coordinates": [
          19.9781245,
          49.0548783
        ]
      },
      "properties": {
        "id": 3963631949,
        "osm_type": "node",
        "name": "Birutova",
        "tourism": "chalet"
      }
    },
    {
      "type": "Feature",
      "geometry": {
        "type": "Point",
        "coordinates": [
          19.6358914,
          49.1565336
        ]
      },
      "properties": {
        "id": 4008490761,
        "osm_type": "node",
        "name": "Hotel Mních",
        "tourism": "hotel"
      }
    },
    {
      "type": "Feature",
      "geometry": {
        "type": "Point",
        "coordinates": [
          19.3566789,
          49.2658465
        ]
      },
      "properties": {
        "id": 4033713206,
        "osm_type": "node",
        "name": "penzión Reduta",
        "tourism": "guest_house"
      }
    },
    {
      "type": "Feature",
      "geometry": {
        "type": "Point",
        "coordinates": [
          19.0642606,
          49.233011
        ]
      },
      "properties": {
        "id": 4043633531,
        "osm_type": "node",
        "name": "Balát",
        "tourism": "guest_house",
        "check_date": "2025-06-05"
      }
    },
    {
      "type": "Feature",
      "geometry": {
        "type": "Point",
        "coordinates": [
          19.053812,
          49.2339488
        ]
      },
      "properties": {
        "id": 4043633532,
        "osm_type": "node",
        "name": "Dom horskej služby",
        "tourism": "guest_house",
        "phone": "+421 915 350 120",
        "website": "https://domhs.sk/"
      }
    },
    {
      "type": "Feature",
      "geometry": {
        "type": "Point",
        "coordinates": [
          19.3094901,
          49.0651461
        ]
      },
      "properties": {
        "id": 4075414468,
        "osm_type": "node",
        "name": "Biely dom",
        "tourism": "guest_house"
      }
    },
    {
      "type": "Feature",
      "geometry": {
        "type": "Point",
        "coordinates": [
          19.60487,
          49.2775
        ]
      },
      "properties": {
        "id": 4076115496,
        "osm_type": "node",
        "name": "Penzión ORAVA",
        "tourism": "guest_house"
      }
    },
    {
      "type": "Feature",
      "geometry": {
        "type": "Point",
        "coordinates": [
          18.6469472,
          49.2392519
        ]
      },
      "properties": {
        "id": 4083539675,
        "osm_type": "node",
        "name": "Borina",
        "tourism": "motel"
      }
    },
    {
      "type": "Feature",
      "geometry": {
        "type": "Point",
        "coordinates": [
          18.6533961,
          49.2391938
        ]
      },
      "properties": {
        "id": 4083539676,
        "osm_type": "node",
        "name": "Dúbravy",
        "tourism": "guest_house"
      }
    },
    {
      "type": "Feature",
      "geometry": {
        "type": "Point",
        "coordinates": [
          18.7726651,
          49.2086087
        ]
      },
      "properties": {
        "id": 4175569443,
        "osm_type": "node",
        "name": "A - Club Žilina",
        "tourism": "guest_house",
        "website": "http://www.aclub.rekreas.sk/hlavna-stranka-a-club-zilina"
      }
    },
    {
      "type": "Feature",
      "geometry": {
        "type": "Point",
        "coordinates": [
          19.2981806,
          49.0846553
        ]
      },
      "properties": {
        "id": 4235411273,
        "osm_type": "node",
        "name": "alžbetka",
        "tourism": "guest_house"
      }
    },
    {
      "type": "Feature",
      "geometry": {
        "type": "Point",
        "coordinates": [
          18.7491615,
          49.2187812
        ]
      },
      "properties": {
        "id": 4239745514,
        "osm_type": "node",
        "name": "Sentami",
        "tourism": "guest_house"
      }
    },
    {
      "type": "Feature",
      "geometry": {
        "type": "Point",
        "coordinates": [
          19.5291118,
          49.3857144
        ]
      },
      "properties": {
        "id": 4248423062,
        "osm_type": "node",
        "name": "Autocamp Stará Hora",
        "tourism": "camp_site"
      }
    },
    {
      "type": "Feature",
      "geometry": {
        "type": "Point",
        "coordinates": [
          19.4325966,
          49.098915
        ]
      },
      "properties": {
        "id": 4262776028,
        "osm_type": "node",
        "name": "Apartmány Best",
        "tourism": "guest_house"
      }
    },
    {
      "type": "Feature",
      "geometry": {
        "type": "Point",
        "coordinates": [
          19.4267971,
          49.0975125
        ]
      },
      "properties": {
        "id": 4262776029,
        "osm_type": "node",
        "name": "Apartmány Butterfly",
        "tourism": "guest_house"
      }
    },
    {
      "type": "Feature",
      "geometry": {
        "type": "Point",
        "coordinates": [
          19.4105231,
          49.1009055
        ]
      },
      "properties": {
        "id": 4262776033,
        "osm_type": "node",
        "name": "Ubytovanie Family",
        "tourism": "guest_house",
        "phone": "+421917364016",
        "website": "http://www.ubytovanie-family.sk/"
      }
    },
    {
      "type": "Feature",
      "geometry": {
        "type": "Point",
        "coordinates": [
          19.4428179,
          49.1002317
        ]
      },
      "properties": {
        "id": 4262776034,
        "osm_type": "node",
        "name": "Flóra",
        "tourism": "hotel"
      }
    },
    {
      "type": "Feature",
      "geometry": {
        "type": "Point",
        "coordinates": [
          19.4357883,
          49.1003055
        ]
      },
      "properties": {
        "id": 4262776037,
        "osm_type": "node",
        "name": "Marka 99",
        "tourism": "guest_house"
      }
    },
    {
      "type": "Feature",
      "geometry": {
        "type": "Point",
        "coordinates": [
          19.4364544,
          49.1003803
        ]
      },
      "properties": {
        "id": 4262776038,
        "osm_type": "node",
        "name": "Miluška",
        "tourism": "guest_house",
        "website": "https://miluska.sk/"
      }
    },
    {
      "type": "Feature",
      "geometry": {
        "type": "Point",
        "coordinates": [
          19.4351573,
          49.100545
        ]
      },
      "properties": {
        "id": 4262776040,
        "osm_type": "node",
        "name": "Penzión Ivana",
        "tourism": "guest_house"
      }
    },
    {
      "type": "Feature",
      "geometry": {
        "type": "Point",
        "coordinates": [
          19.4386809,
          49.1008575
        ]
      },
      "properties": {
        "id": 4262776043,
        "osm_type": "node",
        "name": "Privát Magdaléna",
        "tourism": "guest_house"
      }
    },
    {
      "type": "Feature",
      "geometry": {
        "type": "Point",
        "coordinates": [
          19.4425164,
          49.1000011
        ]
      },
      "properties": {
        "id": 4262776044,
        "osm_type": "node",
        "name": "Privát Maja",
        "tourism": "guest_house"
      }
    },
    {
      "type": "Feature",
      "geometry": {
        "type": "Point",
        "coordinates": [
          19.4348406,
          49.0998513
        ]
      },
      "properties": {
        "id": 4262776045,
        "osm_type": "node",
        "name": "Privát Mária Zacharova",
        "tourism": "guest_house"
      }
    },
    {
      "type": "Feature",
      "geometry": {
        "type": "Point",
        "coordinates": [
          19.4412602,
          49.1003628
        ]
      },
      "properties": {
        "id": 4262776046,
        "osm_type": "node",
        "name": "Privát Thermal Bešeňová",
        "tourism": "guest_house"
      }
    },
    {
      "type": "Feature",
      "geometry": {
        "type": "Point",
        "coordinates": [
          19.4437419,
          49.1004507
        ]
      },
      "properties": {
        "id": 4262776047,
        "osm_type": "node",
        "name": "Viktória",
        "tourism": "guest_house"
      }
    },
    {
      "type": "Feature",
      "geometry": {
        "type": "Point",
        "coordinates": [
          19.442314,
          49.1000744
        ]
      },
      "properties": {
        "id": 4262776048,
        "osm_type": "node",
        "name": "Vila Ajka",
        "tourism": "guest_house",
        "website": "http://www.vilaajkabesenova.sk/"
      }
    },
    {
      "type": "Feature",
      "geometry": {
        "type": "Point",
        "coordinates": [
          19.4138637,
          49.097938
        ]
      },
      "properties": {
        "id": 4262776049,
        "osm_type": "node",
        "name": "Vila pri Váhu",
        "tourism": "guest_house"
      }
    },
    {
      "type": "Feature",
      "geometry": {
        "type": "Point",
        "coordinates": [
          19.4110976,
          49.1033066
        ]
      },
      "properties": {
        "id": 4262776050,
        "osm_type": "node",
        "name": "Villa Lienka",
        "tourism": "guest_house",
        "phone": "+421 907 106 705;+421 918 282 533",
        "website": "https://www.villalienka.sk/"
      }
    },
    {
      "type": "Feature",
      "geometry": {
        "type": "Point",
        "coordinates": [
          19.4367893,
          49.1006886
        ]
      },
      "properties": {
        "id": 4262776052,
        "osm_type": "node",
        "name": "Zaria",
        "tourism": "guest_house"
      }
    },
    {
      "type": "Feature",
      "geometry": {
        "type": "Point",
        "coordinates": [
          19.4367035,
          49.1003957
        ]
      },
      "properties": {
        "id": 4262776642,
        "osm_type": "node",
        "name": "Čabaj",
        "tourism": "guest_house"
      }
    },
    {
      "type": "Feature",
      "geometry": {
        "type": "Point",
        "coordinates": [
          19.7943151,
          49.096163
        ]
      },
      "properties": {
        "id": 4264494893,
        "osm_type": "node",
        "name": "Privat Pallo",
        "tourism": "guest_house"
      }
    },
    {
      "type": "Feature",
      "geometry": {
        "type": "Point",
        "coordinates": [
          19.3826228,
          49.180158
        ]
      },
      "properties": {
        "id": 4270604810,
        "osm_type": "node",
        "name": "Tatranský ranč",
        "tourism": "guest_house"
      }
    },
    {
      "type": "Feature",
      "geometry": {
        "type": "Point",
        "coordinates": [
          19.783953,
          49.0258782
        ]
      },
      "properties": {
        "id": 4273111519,
        "osm_type": "node",
        "name": "Penzion Larion",
        "tourism": "guest_house"
      }
    },
    {
      "type": "Feature",
      "geometry": {
        "type": "Point",
        "coordinates": [
          19.1814284,
          49.2847352
        ]
      },
      "properties": {
        "id": 4287087888,
        "osm_type": "node",
        "name": "Chata Potôčik Zázrivá",
        "tourism": "guest_house",
        "phone": "+421 915 587 863",
        "website": "https://www.chatapotocik.sk/"
      }
    },
    {
      "type": "Feature",
      "geometry": {
        "type": "Point",
        "coordinates": [
          18.8524313,
          49.2100061
        ]
      },
      "properties": {
        "id": 4297668856,
        "osm_type": "node",
        "name": "Bukovina",
        "tourism": "guest_house",
        "website": "https://penzionbukovina.sk/"
      }
    },
    {
      "type": "Feature",
      "geometry": {
        "type": "Point",
        "coordinates": [
          19.6336227,
          49.1555324
        ]
      },
      "properties": {
        "id": 4308462305,
        "osm_type": "node",
        "name": "Táborisko pri studničke",
        "tourism": "camp_site"
      }
    },
    {
      "type": "Feature",
      "geometry": {
        "type": "Point",
        "coordinates": [
          19.6966152,
          49.143271
        ]
      },
      "properties": {
        "id": 4331422419,
        "osm_type": "node",
        "name": "Chata Kožiar",
        "tourism": "chalet"
      }
    },
    {
      "type": "Feature",
      "geometry": {
        "type": "Point",
        "coordinates": [
          19.5911949,
          49.0957573
        ]
      },
      "properties": {
        "id": 4356842891,
        "osm_type": "node",
        "name": "Privat Petráš",
        "tourism": "guest_house",
        "phone": "+421917623486",
        "website": "http://www.privatpetras.hej.pl"
      }
    },
    {
      "type": "Feature",
      "geometry": {
        "type": "Point",
        "coordinates": [
          18.8929094,
          48.9013485
        ]
      },
      "properties": {
        "id": 4365178967,
        "osm_type": "node",
        "name": "Camping Drienok",
        "tourism": "camp_site"
      }
    },
    {
      "type": "Feature",
      "geometry": {
        "type": "Point",
        "coordinates": [
          19.9712644,
          49.0563518
        ]
      },
      "properties": {
        "id": 4372570126,
        "osm_type": "node",
        "name": "Važecká chata",
        "tourism": "chalet"
      }
    },
    {
      "type": "Feature",
      "geometry": {
        "type": "Point",
        "coordinates": [
          19.5476196,
          49.1209833
        ]
      },
      "properties": {
        "id": 4373613635,
        "osm_type": "node",
        "name": "Aquatherm Cottages",
        "tourism": "chalet"
      }
    },
    {
      "type": "Feature",
      "geometry": {
        "type": "Point",
        "coordinates": [
          18.7548501,
          49.1502039
        ]
      },
      "properties": {
        "id": 4382641945,
        "osm_type": "node",
        "name": "Turistická ubytovňa Rosen",
        "tourism": "hostel"
      }
    },
    {
      "type": "Feature",
      "geometry": {
        "type": "Point",
        "coordinates": [
          19.7444214,
          48.9062378
        ]
      },
      "properties": {
        "id": 4385064864,
        "osm_type": "node",
        "name": "Chata pod Čertovicou",
        "tourism": "hotel",
        "website": "http://www.chatapodcertovicou.eu/"
      }
    },
    {
      "type": "Feature",
      "geometry": {
        "type": "Point",
        "coordinates": [
          19.404458,
          49.131778
        ]
      },
      "properties": {
        "id": 4387911205,
        "osm_type": "node",
        "name": "Apartmán Liptov",
        "tourism": "guest_house"
      }
    },
    {
      "type": "Feature",
      "geometry": {
        "type": "Point",
        "coordinates": [
          19.4037868,
          49.1319184
        ]
      },
      "properties": {
        "id": 4387911206,
        "osm_type": "node",
        "name": "Ján Barbuš",
        "tourism": "guest_house"
      }
    },
    {
      "type": "Feature",
      "geometry": {
        "type": "Point",
        "coordinates": [
          19.7621281,
          49.0490222
        ]
      },
      "properties": {
        "id": 4391223289,
        "osm_type": "node",
        "name": "The Old School House",
        "tourism": "guest_house",
        "phone": "+421940223939"
      }
    },
    {
      "type": "Feature",
      "geometry": {
        "type": "Point",
        "coordinates": [
          19.3528054,
          49.0476959
        ]
      },
      "properties": {
        "id": 4395506627,
        "osm_type": "node",
        "name": "Chalúpka 07 s vírivkou a so saunou",
        "tourism": "chalet",
        "website": "https://www.chalupky.sk/"
      }
    },
    {
      "type": "Feature",
      "geometry": {
        "type": "Point",
        "coordinates": [
          19.3538498,
          49.047801
        ]
      },
      "properties": {
        "id": 4395506629,
        "osm_type": "node",
        "name": "Chalúpka 03 s vírivkou, saunou",
        "tourism": "chalet",
        "website": "https://www.chalupky.sk/"
      }
    },
    {
      "type": "Feature",
      "geometry": {
        "type": "Point",
        "coordinates": [
          19.3536845,
          49.04788
        ]
      },
      "properties": {
        "id": 4395506630,
        "osm_type": "node",
        "name": "Chalúpka 04 s vírivkou",
        "tourism": "chalet"
      }
    },
    {
      "type": "Feature",
      "geometry": {
        "type": "Point",
        "coordinates": [
          19.3527847,
          49.0478942
        ]
      },
      "properties": {
        "id": 4395506631,
        "osm_type": "node",
        "name": "Chalúpka 08 s bazénom, vírivkou a saunou",
        "tourism": "chalet"
      }
    },
    {
      "type": "Feature",
      "geometry": {
        "type": "Point",
        "coordinates": [
          19.353471,
          49.048306
        ]
      },
      "properties": {
        "id": 4395506632,
        "osm_type": "node",
        "name": "Chalúpka 18",
        "tourism": "chalet",
        "phone": "+421 915494600",
        "website": "https://www.chalupky.sk/"
      }
    },
    {
      "type": "Feature",
      "geometry": {
        "type": "Point",
        "coordinates": [
          19.3539657,
          49.0481333
        ]
      },
      "properties": {
        "id": 4395506633,
        "osm_type": "node",
        "name": "Chalúpka 20 s vírivkou",
        "tourism": "chalet"
      }
    },
    {
      "type": "Feature",
      "geometry": {
        "type": "Point",
        "coordinates": [
          19.3544989,
          49.0479492
        ]
      },
      "properties": {
        "id": 4395506634,
        "osm_type": "node",
        "name": "Chalúpka 22",
        "tourism": "chalet"
      }
    },
    {
      "type": "Feature",
      "geometry": {
        "type": "Point",
        "coordinates": [
          19.3504046,
          49.0489033
        ]
      },
      "properties": {
        "id": 4395506636,
        "osm_type": "node",
        "name": "Frederika",
        "tourism": "guest_house"
      }
    },
    {
      "type": "Feature",
      "geometry": {
        "type": "Point",
        "coordinates": [
          19.3526191,
          49.0481061
        ]
      },
      "properties": {
        "id": 4395506637,
        "osm_type": "node",
        "name": "Natália",
        "tourism": "guest_house"
      }
    },
    {
      "type": "Feature",
      "geometry": {
        "type": "Point",
        "coordinates": [
          19.3526901,
          49.0485306
        ]
      },
      "properties": {
        "id": 4395506639,
        "osm_type": "node",
        "name": "Virgi",
        "tourism": "guest_house"
      }
    },
    {
      "type": "Feature",
      "geometry": {
        "type": "Point",
        "coordinates": [
          18.8293067,
          48.9437833
        ]
      },
      "properties": {
        "id": 4424619704,
        "osm_type": "node",
        "tourism": "chalet"
      }
    },
    {
      "type": "Feature",
      "geometry": {
        "type": "Point",
        "coordinates": [
          18.7526548,
          49.2213411
        ]
      },
      "properties": {
        "id": 4448093989,
        "osm_type": "node",
        "name": "Fram",
        "tourism": "hotel"
      }
    },
    {
      "type": "Feature",
      "geometry": {
        "type": "Point",
        "coordinates": [
          19.067704,
          49.23158
        ]
      },
      "properties": {
        "id": 4460985914,
        "osm_type": "node",
        "name": "Chata pod Lampášom",
        "tourism": "guest_house"
      }
    },
    {
      "type": "Feature",
      "geometry": {
        "type": "Point",
        "coordinates": [
          18.8477507,
          49.2021366
        ]
      },
      "properties": {
        "id": 4473067485,
        "osm_type": "node",
        "tourism": "hostel"
      }
    },
    {
      "type": "Feature",
      "geometry": {
        "type": "Point",
        "coordinates": [
          18.7889779,
          49.4378308
        ]
      },
      "properties": {
        "id": 4494751395,
        "osm_type": "node",
        "name": "Tatra Inn",
        "tourism": "hotel",
        "website": "https://www.tatrainn.sk/"
      }
    },
    {
      "type": "Feature",
      "geometry": {
        "type": "Point",
        "coordinates": [
          18.9186184,
          49.067138
        ]
      },
      "properties": {
        "id": 4506519028,
        "osm_type": "node",
        "name": "Penzión Čierna pani",
        "tourism": "guest_house",
        "phone": "+421(0)43/413 15 23",
        "website": "http://www.penzion-cierna-pani.sk"
      }
    },
    {
      "type": "Feature",
      "geometry": {
        "type": "Point",
        "coordinates": [
          19.3382264,
          49.2539965
        ]
      },
      "properties": {
        "id": 4588572808,
        "osm_type": "node",
        "name": "Penzión Racibor",
        "tourism": "guest_house",
        "contact:phone": "+421 43 5823353",
        "website": "http://www.racibor.eu/penzion/sk/ubytovanie/"
      }
    },
    {
      "type": "Feature",
      "geometry": {
        "type": "Point",
        "coordinates": [
          19.3120866,
          49.0724375
        ]
      },
      "properties": {
        "id": 4589427713,
        "osm_type": "node",
        "tourism": "apartment"
      }
    },
    {
      "type": "Feature",
      "geometry": {
        "type": "Point",
        "coordinates": [
          19.4433475,
          49.0999337
        ]
      },
      "properties": {
        "id": 4589430092,
        "osm_type": "node",
        "name": "Apartment Pharamis",
        "tourism": "guest_house"
      }
    },
    {
      "type": "Feature",
      "geometry": {
        "type": "Point",
        "coordinates": [
          19.2927724,
          49.0855968
        ]
      },
      "properties": {
        "id": 4590601447,
        "osm_type": "node",
        "tourism": "guest_house"
      }
    },
    {
      "type": "Feature",
      "geometry": {
        "type": "Point",
        "coordinates": [
          19.4329222,
          49.0991495
        ]
      },
      "properties": {
        "id": 4665365047,
        "osm_type": "node",
        "name": "Privat4you",
        "tourism": "guest_house"
      }
    },
    {
      "type": "Feature",
      "geometry": {
        "type": "Point",
        "coordinates": [
          19.4359102,
          49.0997396
        ]
      },
      "properties": {
        "id": 4665384260,
        "osm_type": "node",
        "name": "Privát Bystrá",
        "tourism": "guest_house"
      }
    },
    {
      "type": "Feature",
      "geometry": {
        "type": "Point",
        "coordinates": [
          19.5062135,
          48.999654
        ]
      },
      "properties": {
        "id": 4680954103,
        "osm_type": "node",
        "name": "Horáreň DÚBRAVKA",
        "tourism": "chalet"
      }
    },
    {
      "type": "Feature",
      "geometry": {
        "type": "Point",
        "coordinates": [
          18.8617299,
          49.4209244
        ]
      },
      "properties": {
        "id": 4683039359,
        "osm_type": "node",
        "name": "Chata pod horou",
        "tourism": "guest_house",
        "website": "https://www.megaubytovanie.sk/chata-pod-horou-oscadnica"
      }
    },
    {
      "type": "Feature",
      "geometry": {
        "type": "Point",
        "coordinates": [
          19.7362542,
          49.3461629
        ]
      },
      "properties": {
        "id": 4686507889,
        "osm_type": "node",
        "name": "ubytovanie maria vitanova",
        "tourism": "guest_house"
      }
    },
    {
      "type": "Feature",
      "geometry": {
        "type": "Point",
        "coordinates": [
          19.7367268,
          49.3453571
        ]
      },
      "properties": {
        "id": 4691879211,
        "osm_type": "node",
        "name": "Hotel Gobor",
        "tourism": "hotel"
      }
    },
    {
      "type": "Feature",
      "geometry": {
        "type": "Point",
        "coordinates": [
          19.3072241,
          49.4525032
        ]
      },
      "properties": {
        "id": 4692013615,
        "osm_type": "node",
        "name": "Zlatný potok",
        "tourism": "guest_house",
        "website": "https://zlatnypotok.sk/"
      }
    },
    {
      "type": "Feature",
      "geometry": {
        "type": "Point",
        "coordinates": [
          18.6785427,
          49.1261869
        ]
      },
      "properties": {
        "id": 4709834043,
        "osm_type": "node",
        "name": "Villa Amélia",
        "tourism": "guest_house",
        "website": "http://www.villa-amelia.sk/"
      }
    },
    {
      "type": "Feature",
      "geometry": {
        "type": "Point",
        "coordinates": [
          19.0306934,
          49.1242546
        ]
      },
      "properties": {
        "id": 4722573610,
        "osm_type": "node",
        "tourism": "chalet"
      }
    },
    {
      "type": "Feature",
      "geometry": {
        "type": "Point",
        "coordinates": [
          19.5855812,
          48.9656803
        ]
      },
      "properties": {
        "id": 4731900151,
        "osm_type": "node",
        "name": "Dom Horskej služby",
        "tourism": "hostel",
        "phone": "+421 911 268 279",
        "website": "http://liptov-jasna.sk"
      }
    },
    {
      "type": "Feature",
      "geometry": {
        "type": "Point",
        "coordinates": [
          19.2711815,
          49.0701407
        ]
      },
      "properties": {
        "id": 4743562082,
        "osm_type": "node",
        "name": "Halinka",
        "tourism": "chalet"
      }
    },
    {
      "type": "Feature",
      "geometry": {
        "type": "Point",
        "coordinates": [
          19.2714873,
          49.0701583
        ]
      },
      "properties": {
        "id": 4743562083,
        "osm_type": "node",
        "name": "Halina",
        "tourism": "chalet"
      }
    },
    {
      "type": "Feature",
      "geometry": {
        "type": "Point",
        "coordinates": [
          19.7210323,
          49.3590755
        ]
      },
      "properties": {
        "id": 4748590637,
        "osm_type": "node",
        "tourism": "guest_house"
      }
    },
    {
      "type": "Feature",
      "geometry": {
        "type": "Point",
        "coordinates": [
          19.5277558,
          49.0208954
        ]
      },
      "properties": {
        "id": 4751203280,
        "osm_type": "node",
        "name": "Horáreň Dobák",
        "tourism": "chalet"
      }
    },
    {
      "type": "Feature",
      "geometry": {
        "type": "Point",
        "coordinates": [
          19.2626113,
          49.0556039
        ]
      },
      "properties": {
        "id": 4799881635,
        "osm_type": "node",
        "name": "Majekova chata",
        "tourism": "alpine_hut"
      }
    },
    {
      "type": "Feature",
      "geometry": {
        "type": "Point",
        "coordinates": [
          19.1453062,
          49.0943632
        ]
      },
      "properties": {
        "id": 4842599440,
        "osm_type": "node",
        "name": "Chata Lúčka",
        "tourism": "chalet"
      }
    },
    {
      "type": "Feature",
      "geometry": {
        "type": "Point",
        "coordinates": [
          18.8670987,
          49.1897856
        ]
      },
      "properties": {
        "id": 4843299547,
        "osm_type": "node",
        "name": "Stredisko internátnej prípravy ŽSR",
        "tourism": "guest_house"
      }
    },
    {
      "type": "Feature",
      "geometry": {
        "type": "Point",
        "coordinates": [
          19.3794249,
          49.109993
        ]
      },
      "properties": {
        "id": 4885189616,
        "osm_type": "node",
        "name": "U dobrého hospodára",
        "tourism": "apartment",
        "website": "https://www.chalupapodchocom.sk/"
      }
    },
    {
      "type": "Feature",
      "geometry": {
        "type": "Point",
        "coordinates": [
          19.2503053,
          49.0470773
        ]
      },
      "properties": {
        "id": 4902528659,
        "osm_type": "node",
        "name": "Mederlyho chata",
        "tourism": "apartment"
      }
    },
    {
      "type": "Feature",
      "geometry": {
        "type": "Point",
        "coordinates": [
          18.8622316,
          49.0786334
        ]
      },
      "properties": {
        "id": 4913292051,
        "osm_type": "node",
        "name": "Wellnes penzión Ferrata",
        "tourism": "hotel",
        "opening_hours": "Mo-Th, Su 08:00-21:30; Fr, Sa 08:00-22:30",
        "phone": "+421 908 700 888",
        "website": "https://penzionferrata.sk/"
      }
    },
    {
      "type": "Feature",
      "geometry": {
        "type": "Point",
        "coordinates": [
          19.1023426,
          49.1251724
        ]
      },
      "properties": {
        "id": 4921134101,
        "osm_type": "node",
        "tourism": "camp_site"
      }
    },
    {
      "type": "Feature",
      "geometry": {
        "type": "Point",
        "coordinates": [
          19.2908321,
          49.2056883
        ]
      },
      "properties": {
        "id": 4937447597,
        "osm_type": "node",
        "name": "Chata Kuzmínovo",
        "tourism": "guest_house"
      }
    },
    {
      "type": "Feature",
      "geometry": {
        "type": "Point",
        "coordinates": [
          18.7886433,
          49.305096
        ]
      },
      "properties": {
        "id": 4954900547,
        "osm_type": "node",
        "name": "Hotel KNM",
        "tourism": "hotel"
      }
    },
    {
      "type": "Feature",
      "geometry": {
        "type": "Point",
        "coordinates": [
          19.0543069,
          49.2824814
        ]
      },
      "properties": {
        "id": 4966913950,
        "osm_type": "node",
        "name": "Drevenica Bukovina",
        "tourism": "guest_house",
        "phone": "+421 948 456 899",
        "website": "https://drevenicabukovina.sk/"
      }
    },
    {
      "type": "Feature",
      "geometry": {
        "type": "Point",
        "coordinates": [
          19.0540053,
          49.2825758
        ]
      },
      "properties": {
        "id": 4966913963,
        "osm_type": "node",
        "name": "Chata Uhorčík",
        "tourism": "guest_house",
        "phone": "+421 905 861 385"
      }
    },
    {
      "type": "Feature",
      "geometry": {
        "type": "Point",
        "coordinates": [
          18.9616524,
          49.4979885
        ]
      },
      "properties": {
        "id": 4969816931,
        "osm_type": "node",
        "name": "Penzión Mária",
        "tourism": "guest_house"
      }
    },
    {
      "type": "Feature",
      "geometry": {
        "type": "Point",
        "coordinates": [
          19.4311988,
          49.1000781
        ]
      },
      "properties": {
        "id": 4991644774,
        "osm_type": "node",
        "name": "Pension Agrothermal",
        "tourism": "guest_house",
        "contact:phone": "+421 911 521 636"
      }
    },
    {
      "type": "Feature",
      "geometry": {
        "type": "Point",
        "coordinates": [
          19.794246,
          49.094803
        ]
      },
      "properties": {
        "id": 4998722021,
        "osm_type": "node",
        "name": "Villa Juno",
        "tourism": "guest_house",
        "opening_hours": "Mo-Su 08:00-21:00",
        "website": "https://www.ubytko.sk/villa-juno/"
      }
    },
    {
      "type": "Feature",
      "geometry": {
        "type": "Point",
        "coordinates": [
          19.7329205,
          49.0460014
        ]
      },
      "properties": {
        "id": 5029901389,
        "osm_type": "node",
        "name": "Grand castle Liptovský Hrádok",
        "tourism": "hotel",
        "website": "https://www.grandcastle.sk/sk/uvod"
      }
    },
    {
      "type": "Feature",
      "geometry": {
        "type": "Point",
        "coordinates": [
          19.7680755,
          48.9476936
        ]
      },
      "properties": {
        "id": 5029985626,
        "osm_type": "node",
        "name": "Privát Merčúň",
        "tourism": "guest_house"
      }
    },
    {
      "type": "Feature",
      "geometry": {
        "type": "Point",
        "coordinates": [
          19.3167409,
          48.941854
        ]
      },
      "properties": {
        "id": 5037538460,
        "osm_type": "node",
        "name": "VV ubytovanie",
        "tourism": "guest_house"
      }
    },
    {
      "type": "Feature",
      "geometry": {
        "type": "Point",
        "coordinates": [
          19.2653025,
          49.0710335
        ]
      },
      "properties": {
        "id": 5038492086,
        "osm_type": "node",
        "name": "Chata Malino",
        "tourism": "chalet"
      }
    },
    {
      "type": "Feature",
      "geometry": {
        "type": "Point",
        "coordinates": [
          19.2617583,
          48.9526611
        ]
      },
      "properties": {
        "id": 5039918294,
        "osm_type": "node",
        "name": "Penzion a pekáreň",
        "tourism": "guest_house"
      }
    },
    {
      "type": "Feature",
      "geometry": {
        "type": "Point",
        "coordinates": [
          19.4345931,
          49.0645087
        ]
      },
      "properties": {
        "id": 5040060577,
        "osm_type": "node",
        "name": "Evanielický penzion",
        "tourism": "guest_house"
      }
    },
    {
      "type": "Feature",
      "geometry": {
        "type": "Point",
        "coordinates": [
          19.6696871,
          49.0331733
        ]
      },
      "properties": {
        "id": 5044725241,
        "osm_type": "node",
        "name": "Limba",
        "tourism": "hotel"
      }
    },
    {
      "type": "Feature",
      "geometry": {
        "type": "Point",
        "coordinates": [
          19.5629154,
          49.0346501
        ]
      },
      "properties": {
        "id": 5065964415,
        "osm_type": "node",
        "name": "Apártmány Centrum",
        "tourism": "hotel"
      }
    },
    {
      "type": "Feature",
      "geometry": {
        "type": "Point",
        "coordinates": [
          19.4791661,
          49.1184466
        ]
      },
      "properties": {
        "id": 5072422680,
        "osm_type": "node",
        "name": "Marína",
        "tourism": "hotel"
      }
    },
    {
      "type": "Feature",
      "geometry": {
        "type": "Point",
        "coordinates": [
          19.5612077,
          49.0364034
        ]
      },
      "properties": {
        "id": 5083495696,
        "osm_type": "node",
        "name": "Ubytovanie Hôrky",
        "tourism": "apartment",
        "phone": "+421 948 421 225",
        "website": "http://www.horky.sk/"
      }
    },
    {
      "type": "Feature",
      "geometry": {
        "type": "Point",
        "coordinates": [
          19.2683217,
          49.0871301
        ]
      },
      "properties": {
        "id": 5084607564,
        "osm_type": "node",
        "name": "u Šulov",
        "tourism": "guest_house"
      }
    },
    {
      "type": "Feature",
      "geometry": {
        "type": "Point",
        "coordinates": [
          19.6812156,
          49.0474448
        ]
      },
      "properties": {
        "id": 5084706693,
        "osm_type": "node",
        "name": "Penzión Sankt Johann",
        "tourism": "hotel"
      }
    },
    {
      "type": "Feature",
      "geometry": {
        "type": "Point",
        "coordinates": [
          19.6803461,
          49.0513774
        ]
      },
      "properties": {
        "id": 5084737241,
        "osm_type": "node",
        "name": "Penzión Una",
        "tourism": "guest_house"
      }
    },
    {
      "type": "Feature",
      "geometry": {
        "type": "Point",
        "coordinates": [
          19.7317105,
          49.3554665
        ]
      },
      "properties": {
        "id": 5089742882,
        "osm_type": "node",
        "name": "Penzión Sabinka",
        "tourism": "guest_house"
      }
    },
    {
      "type": "Feature",
      "geometry": {
        "type": "Point",
        "coordinates": [
          19.7306734,
          49.3555768
        ]
      },
      "properties": {
        "id": 5089754843,
        "osm_type": "node",
        "name": "Penzión Zelený dom",
        "tourism": "guest_house"
      }
    },
    {
      "type": "Feature",
      "geometry": {
        "type": "Point",
        "coordinates": [
          18.7916685,
          49.2264078
        ]
      },
      "properties": {
        "id": 5102066051,
        "osm_type": "node",
        "name": "Penzión Anton",
        "tourism": "hotel",
        "website": "http://www.penzionanton.sk/"
      }
    },
    {
      "type": "Feature",
      "geometry": {
        "type": "Point",
        "coordinates": [
          19.6102666,
          49.260128
        ]
      },
      "properties": {
        "id": 5140221521,
        "osm_type": "node",
        "name": "Apartmány Kovalčíková",
        "tourism": "apartment",
        "opening_hours": "24/7",
        "phone": "+421904962100",
        "website": "http://zuberec-rohace.sk"
      }
    },
    {
      "type": "Feature",
      "geometry": {
        "type": "Point",
        "coordinates": [
          19.0991313,
          49.2647227
        ]
      },
      "properties": {
        "id": 5174339142,
        "osm_type": "node",
        "name": "Hacienda Pod skalkou",
        "tourism": "guest_house",
        "phone": "+421 905 350 002",
        "website": "http://www.podskalkou.szm.com"
      }
    },
    {
      "type": "Feature",
      "geometry": {
        "type": "Point",
        "coordinates": [
          19.0794296,
          49.1674252
        ]
      },
      "properties": {
        "id": 5181235421,
        "osm_type": "node",
        "name": "Chata Vodopad",
        "tourism": "hostel"
      }
    },
    {
      "type": "Feature",
      "geometry": {
        "type": "Point",
        "coordinates": [
          19.4368257,
          49.0638398
        ]
      },
      "properties": {
        "id": 5182040893,
        "osm_type": "node",
        "name": "Villa Lypche",
        "tourism": "apartment",
        "phone": "+421 917 505 756",
        "website": "https://www.lypche.sk/"
      }
    },
    {
      "type": "Feature",
      "geometry": {
        "type": "Point",
        "coordinates": [
          19.4276154,
          48.9438606
        ]
      },
      "properties": {
        "id": 5182420948,
        "osm_type": "node",
        "name": "Chata pod Javormi",
        "tourism": "chalet"
      }
    },
    {
      "type": "Feature",
      "geometry": {
        "type": "Point",
        "coordinates": [
          18.8294831,
          49.0115985
        ]
      },
      "properties": {
        "id": 5203626022,
        "osm_type": "node",
        "name": "Chata Sen",
        "tourism": "chalet",
        "phone": "+421 915 808 394",
        "website": "http://www.chatasen-valca.sk/"
      }
    },
    {
      "type": "Feature",
      "geometry": {
        "type": "Point",
        "coordinates": [
          19.6793803,
          49.0464212
        ]
      },
      "properties": {
        "id": 5218700121,
        "osm_type": "node",
        "name": "Apartmany martha",
        "tourism": "apartment"
      }
    },
    {
      "type": "Feature",
      "geometry": {
        "type": "Point",
        "coordinates": [
          19.57674,
          49.060417
        ]
      },
      "properties": {
        "id": 5244968324,
        "osm_type": "node",
        "name": "Privat KIKA",
        "tourism": "apartment"
      }
    },
    {
      "type": "Feature",
      "geometry": {
        "type": "Point",
        "coordinates": [
          19.5857869,
          49.0858485
        ]
      },
      "properties": {
        "id": 5277608929,
        "osm_type": "node",
        "name": "Privát Inka",
        "tourism": "apartment",
        "phone": "+421 907 200 352",
        "website": "http://privatinka.sk"
      }
    },
    {
      "type": "Feature",
      "geometry": {
        "type": "Point",
        "coordinates": [
          19.2033938,
          49.197975
        ]
      },
      "properties": {
        "id": 5393420602,
        "osm_type": "node",
        "name": "Minikemp Šíp",
        "tourism": "camp_site",
        "website": "https://minikemp.wbl.sk/"
      }
    },
    {
      "type": "Feature",
      "geometry": {
        "type": "Point",
        "coordinates": [
          18.8607795,
          48.8598351
        ]
      },
      "properties": {
        "id": 5424061334,
        "osm_type": "node",
        "name": "Velka Fatra",
        "tourism": "hotel"
      }
    },
    {
      "type": "Feature",
      "geometry": {
        "type": "Point",
        "coordinates": [
          19.0363586,
          49.1115226
        ]
      },
      "properties": {
        "id": 5465372830,
        "osm_type": "node",
        "tourism": "hostel"
      }
    },
    {
      "type": "Feature",
      "geometry": {
        "type": "Point",
        "coordinates": [
          19.03615,
          49.1064334
        ]
      },
      "properties": {
        "id": 5465392822,
        "osm_type": "node",
        "name": "Ubytovanie u Grófa",
        "tourism": "apartment",
        "contact:phone": "+421 905 792 677"
      }
    },
    {
      "type": "Feature",
      "geometry": {
        "type": "Point",
        "coordinates": [
          18.7812876,
          49.1642959
        ]
      },
      "properties": {
        "id": 5489816421,
        "osm_type": "node",
        "name": "Hlavacovci",
        "tourism": "hotel"
      }
    },
    {
      "type": "Feature",
      "geometry": {
        "type": "Point",
        "coordinates": [
          19.2934885,
          49.0345554
        ]
      },
      "properties": {
        "id": 5518462359,
        "osm_type": "node",
        "name": "Villa u Medveda",
        "tourism": "guest_house"
      }
    },
    {
      "type": "Feature",
      "geometry": {
        "type": "Point",
        "coordinates": [
          19.2787434,
          49.0390909
        ]
      },
      "properties": {
        "id": 5546185220,
        "osm_type": "node",
        "name": "Chata 9005",
        "tourism": "apartment"
      }
    },
    {
      "type": "Feature",
      "geometry": {
        "type": "Point",
        "coordinates": [
          19.8008371,
          49.1146317
        ]
      },
      "properties": {
        "id": 5556717365,
        "osm_type": "node",
        "name": "Penzion Sileo",
        "tourism": "apartment",
        "phone": "+421 905 394 537",
        "website": "https://www.sileo.sk/"
      }
    },
    {
      "type": "Feature",
      "geometry": {
        "type": "Point",
        "coordinates": [
          19.2784381,
          49.0402266
        ]
      },
      "properties": {
        "id": 5560026557,
        "osm_type": "node",
        "name": "Chata Evka",
        "tourism": "apartment",
        "website": "http://www.chataevka.sk/"
      }
    },
    {
      "type": "Feature",
      "geometry": {
        "type": "Point",
        "coordinates": [
          19.2782922,
          49.0398849
        ]
      },
      "properties": {
        "id": 5560034388,
        "osm_type": "node",
        "name": "Chata Margita",
        "tourism": "apartment",
        "website": "http://www.vypadni.sk/sk/chalupa-margita"
      }
    },
    {
      "type": "Feature",
      "geometry": {
        "type": "Point",
        "coordinates": [
          18.9199027,
          48.9420953
        ]
      },
      "properties": {
        "id": 5598374547,
        "osm_type": "node",
        "name": "Hotel Gader",
        "tourism": "hotel"
      }
    },
    {
      "type": "Feature",
      "geometry": {
        "type": "Point",
        "coordinates": [
          19.2341651,
          49.0566506
        ]
      },
      "properties": {
        "id": 5602787410,
        "osm_type": "node",
        "name": "Chata pod Kozím",
        "tourism": "apartment"
      }
    },
    {
      "type": "Feature",
      "geometry": {
        "type": "Point",
        "coordinates": [
          19.3914726,
          48.9533938
        ]
      },
      "properties": {
        "id": 5607218379,
        "osm_type": "node",
        "name": "Turistická ubytovňa Vila A. Žuffu",
        "tourism": "hostel",
        "website": "https://zelezno.sk/turisticka-ubytovna-vila-a-zuffu/"
      }
    },
    {
      "type": "Feature",
      "geometry": {
        "type": "Point",
        "coordinates": [
          18.7905291,
          49.4376851
        ]
      },
      "properties": {
        "id": 5610930787,
        "osm_type": "node",
        "name": "U Jozefka",
        "tourism": "guest_house"
      }
    },
    {
      "type": "Feature",
      "geometry": {
        "type": "Point",
        "coordinates": [
          19.3001633,
          49.3070229
        ]
      },
      "properties": {
        "id": 5621484513,
        "osm_type": "node",
        "name": "Oravská Horáreň",
        "tourism": "guest_house",
        "contact:phone": "+421 918 494 494",
        "contact:website": "http://www.oravskahoraren.sk"
      }
    },
    {
      "type": "Feature",
      "geometry": {
        "type": "Point",
        "coordinates": [
          18.9234458,
          49.0252343
        ]
      },
      "properties": {
        "id": 5637016321,
        "osm_type": "node",
        "name": "Ranč",
        "tourism": "guest_house"
      }
    },
    {
      "type": "Feature",
      "geometry": {
        "type": "Point",
        "coordinates": [
          19.5609823,
          49.287365
        ]
      },
      "properties": {
        "id": 5674997375,
        "osm_type": "node",
        "name": "Apartmány pri Studničke",
        "tourism": "hotel"
      }
    },
    {
      "type": "Feature",
      "geometry": {
        "type": "Point",
        "coordinates": [
          19.3533608,
          49.0478788
        ]
      },
      "properties": {
        "id": 5721130208,
        "osm_type": "node",
        "name": "Chalúpka 05 s vírivkou",
        "tourism": "chalet"
      }
    },
    {
      "type": "Feature",
      "geometry": {
        "type": "Point",
        "coordinates": [
          18.5888632,
          49.1650464
        ]
      },
      "properties": {
        "id": 5740576624,
        "osm_type": "node",
        "name": "Na Kopečku",
        "tourism": "guest_house",
        "website": "http://nakopecku.sk/"
      }
    },
    {
      "type": "Feature",
      "geometry": {
        "type": "Point",
        "coordinates": [
          19.666847,
          49.3290447
        ]
      },
      "properties": {
        "id": 5742904093,
        "osm_type": "node",
        "name": "Teplica",
        "tourism": "hotel"
      }
    },
    {
      "type": "Feature",
      "geometry": {
        "type": "Point",
        "coordinates": [
          19.6624603,
          49.3481521
        ]
      },
      "properties": {
        "id": 5744287281,
        "osm_type": "node",
        "name": "Oravský háj",
        "tourism": "hotel"
      }
    },
    {
      "type": "Feature",
      "geometry": {
        "type": "Point",
        "coordinates": [
          18.7373103,
          49.2111461
        ]
      },
      "properties": {
        "id": 5758516632,
        "osm_type": "node",
        "name": "Turistická ubytovňa Hliny",
        "tourism": "hostel",
        "phone": "+421417233914",
        "website": "http://hliny.internaty.sk/?i=kontakt"
      }
    },
    {
      "type": "Feature",
      "geometry": {
        "type": "Point",
        "coordinates": [
          19.5773792,
          49.0632515
        ]
      },
      "properties": {
        "id": 5773295461,
        "osm_type": "node",
        "tourism": "guest_house"
      }
    },
    {
      "type": "Feature",
      "geometry": {
        "type": "Point",
        "coordinates": [
          18.7697365,
          49.217215
        ]
      },
      "properties": {
        "id": 5773691057,
        "osm_type": "node",
        "name": "Villa Nečas",
        "tourism": "hotel",
        "phone": "+421 918 980 084",
        "website": "https://www.villanecas.sk/"
      }
    },
    {
      "type": "Feature",
      "geometry": {
        "type": "Point",
        "coordinates": [
          18.4812029,
          49.3698241
        ]
      },
      "properties": {
        "id": 5779214998,
        "osm_type": "node",
        "name": "Penzión Stará fara",
        "tourism": "guest_house",
        "contact:phone": "+421 414 364 015",
        "website": "http://www.starafara.sk/"
      }
    },
    {
      "type": "Feature",
      "geometry": {
        "type": "Point",
        "coordinates": [
          19.3514236,
          49.048692
        ]
      },
      "properties": {
        "id": 5793285974,
        "osm_type": "node",
        "name": "Malino",
        "tourism": "guest_house"
      }
    },
    {
      "type": "Feature",
      "geometry": {
        "type": "Point",
        "coordinates": [
          19.3513107,
          49.0489287
        ]
      },
      "properties": {
        "id": 5793285975,
        "osm_type": "node",
        "name": "Snežienka",
        "tourism": "guest_house"
      }
    },
    {
      "type": "Feature",
      "geometry": {
        "type": "Point",
        "coordinates": [
          19.3501194,
          49.0491267
        ]
      },
      "properties": {
        "id": 5793285981,
        "osm_type": "node",
        "name": "Fialka",
        "tourism": "guest_house"
      }
    },
    {
      "type": "Feature",
      "geometry": {
        "type": "Point",
        "coordinates": [
          19.3500054,
          49.0487867
        ]
      },
      "properties": {
        "id": 5793285982,
        "osm_type": "node",
        "name": "Anička",
        "tourism": "guest_house"
      }
    },
    {
      "type": "Feature",
      "geometry": {
        "type": "Point",
        "coordinates": [
          19.3499037,
          49.0485639
        ]
      },
      "properties": {
        "id": 5793285983,
        "osm_type": "node",
        "name": "Romana",
        "tourism": "guest_house"
      }
    },
    {
      "type": "Feature",
      "geometry": {
        "type": "Point",
        "coordinates": [
          18.7685942,
          49.2164276
        ]
      },
      "properties": {
        "id": 5800887621,
        "osm_type": "node",
        "name": "Ubytovňa Žilina",
        "tourism": "hostel"
      }
    },
    {
      "type": "Feature",
      "geometry": {
        "type": "Point",
        "coordinates": [
          19.5722316,
          49.0260364
        ]
      },
      "properties": {
        "id": 5824031853,
        "osm_type": "node",
        "name": "Privat Helena",
        "tourism": "apartment",
        "phone": "+421910980211",
        "website": "www.chatahelena.dvp.sk",
        "check_date": "2025-10-24"
      }
    },
    {
      "type": "Feature",
      "geometry": {
        "type": "Point",
        "coordinates": [
          19.5021861,
          49.4107625
        ]
      },
      "properties": {
        "id": 5840382385,
        "osm_type": "node",
        "name": "Autocamp JAMI",
        "tourism": "camp_site",
        "tents": "yes"
      }
    },
    {
      "type": "Feature",
      "geometry": {
        "type": "Point",
        "coordinates": [
          18.945483,
          48.9449732
        ]
      },
      "properties": {
        "id": 5850796543,
        "osm_type": "node",
        "name": "Chata pod hradom Blatnica",
        "tourism": "guest_house"
      }
    },
    {
      "type": "Feature",
      "geometry": {
        "type": "Point",
        "coordinates": [
          19.291951,
          49.2073065
        ]
      },
      "properties": {
        "id": 5864866369,
        "osm_type": "node",
        "name": "Rozprávková dedinka",
        "tourism": "guest_house"
      }
    },
    {
      "type": "Feature",
      "geometry": {
        "type": "Point",
        "coordinates": [
          19.2922413,
          49.2079357
        ]
      },
      "properties": {
        "id": 5864866370,
        "osm_type": "node",
        "name": "Penzión Koliba **",
        "tourism": "guest_house"
      }
    },
    {
      "type": "Feature",
      "geometry": {
        "type": "Point",
        "coordinates": [
          19.3038632,
          49.210686
        ]
      },
      "properties": {
        "id": 5865030734,
        "osm_type": "node",
        "name": "Ubytovanie Radka",
        "tourism": "guest_house"
      }
    },
    {
      "type": "Feature",
      "geometry": {
        "type": "Point",
        "coordinates": [
          19.3063198,
          49.2105409
        ]
      },
      "properties": {
        "id": 5865030737,
        "osm_type": "node",
        "name": "Ubytovanie Valika",
        "tourism": "guest_house"
      }
    },
    {
      "type": "Feature",
      "geometry": {
        "type": "Point",
        "coordinates": [
          19.3011814,
          49.2102738
        ]
      },
      "properties": {
        "id": 5865030741,
        "osm_type": "node",
        "name": "Ubytovanie Kováč",
        "tourism": "guest_house"
      }
    },
    {
      "type": "Feature",
      "geometry": {
        "type": "Point",
        "coordinates": [
          19.5246612,
          49.2993346
        ]
      },
      "properties": {
        "id": 5911821863,
        "osm_type": "node",
        "name": "Chata Hldočín, Uhliská, Ostražica, Zmrazov",
        "tourism": "apartment",
        "website": "http://www.skinizna.sk/chata-hldocin"
      }
    },
    {
      "type": "Feature",
      "geometry": {
        "type": "Point",
        "coordinates": [
          18.744465,
          49.2253503
        ]
      },
      "properties": {
        "id": 5959670316,
        "osm_type": "node",
        "name": "Penzión Majovey",
        "tourism": "guest_house"
      }
    },
    {
      "type": "Feature",
      "geometry": {
        "type": "Point",
        "coordinates": [
          19.0289943,
          49.2581342
        ]
      },
      "properties": {
        "id": 5962590783,
        "osm_type": "node",
        "name": "Penzión Eden",
        "tourism": "guest_house",
        "phone": "+421 915 210 353",
        "website": "http://www.edenterchova.sk/ubytovanie.html"
      }
    },
    {
      "type": "Feature",
      "geometry": {
        "type": "Point",
        "coordinates": [
          19.4344853,
          49.4053215
        ]
      },
      "properties": {
        "id": 5977994387,
        "osm_type": "node",
        "name": "Penzión Kriš",
        "tourism": "guest_house"
      }
    },
    {
      "type": "Feature",
      "geometry": {
        "type": "Point",
        "coordinates": [
          19.0679305,
          49.290781
        ]
      },
      "properties": {
        "id": 5993670632,
        "osm_type": "node",
        "name": "Škola v prírode Terchová",
        "tourism": "hostel"
      }
    },
    {
      "type": "Feature",
      "geometry": {
        "type": "Point",
        "coordinates": [
          19.0721579,
          49.2602501
        ]
      },
      "properties": {
        "id": 6003055986,
        "osm_type": "node",
        "name": "Oľga",
        "tourism": "apartment",
        "contact:phone": "+421 915 869 535",
        "website": "http://www.chalupaolga.sk/"
      }
    },
    {
      "type": "Feature",
      "geometry": {
        "type": "Point",
        "coordinates": [
          19.3012046,
          49.2165824
        ]
      },
      "properties": {
        "id": 6019791101,
        "osm_type": "node",
        "name": "Penzión Kika",
        "tourism": "guest_house"
      }
    },
    {
      "type": "Feature",
      "geometry": {
        "type": "Point",
        "coordinates": [
          19.3571786,
          49.261139
        ]
      },
      "properties": {
        "id": 6026936977,
        "osm_type": "node",
        "name": "Toliar",
        "tourism": "guest_house"
      }
    },
    {
      "type": "Feature",
      "geometry": {
        "type": "Point",
        "coordinates": [
          19.7695997,
          48.9466052
        ]
      },
      "properties": {
        "id": 6030763814,
        "osm_type": "node",
        "name": "Chata Diamír",
        "tourism": "apartment"
      }
    },
    {
      "type": "Feature",
      "geometry": {
        "type": "Point",
        "coordinates": [
          18.9488228,
          49.0520337
        ]
      },
      "properties": {
        "id": 6225072467,
        "osm_type": "node",
        "name": "U Martina",
        "tourism": "guest_house"
      }
    },
    {
      "type": "Feature",
      "geometry": {
        "type": "Point",
        "coordinates": [
          18.9334401,
          49.4086292
        ]
      },
      "properties": {
        "id": 6241018502,
        "osm_type": "node",
        "name": "Plemenár",
        "tourism": "hotel",
        "website": "http://www.chataplemenar.sk/default.htm"
      }
    },
    {
      "type": "Feature",
      "geometry": {
        "type": "Point",
        "coordinates": [
          19.5721887,
          49.0287389
        ]
      },
      "properties": {
        "id": 6241812533,
        "osm_type": "node",
        "name": "Apartmány Pacific",
        "tourism": "apartment",
        "website": "http://www.apartmany-demanovskadolina.sk/"
      }
    },
    {
      "type": "Feature",
      "geometry": {
        "type": "Point",
        "coordinates": [
          18.8789733,
          49.0494606
        ]
      },
      "properties": {
        "id": 6248648767,
        "osm_type": "node",
        "name": "Eso",
        "tourism": "guest_house",
        "website": "http://www.penzioneso.sk/"
      }
    },
    {
      "type": "Feature",
      "geometry": {
        "type": "Point",
        "coordinates": [
          19.0269175,
          49.0118807
        ]
      },
      "properties": {
        "id": 6294294062,
        "osm_type": "node",
        "name": "Penzion Brest",
        "tourism": "guest_house",
        "website": "http://www.penzionbrest.sk"
      }
    },
    {
      "type": "Feature",
      "geometry": {
        "type": "Point",
        "coordinates": [
          18.8615392,
          49.1844954
        ]
      },
      "properties": {
        "id": 6297226060,
        "osm_type": "node",
        "name": "Penzion Alžbetka",
        "tourism": "guest_house",
        "phone": "+421 915 666 386",
        "website": "https://www.pizzeriaalzbetka.sk/ubytovanie-rezervacia/"
      }
    },
    {
      "type": "Feature",
      "geometry": {
        "type": "Point",
        "coordinates": [
          18.8637306,
          49.1803823
        ]
      },
      "properties": {
        "id": 6297226063,
        "osm_type": "node",
        "name": "Penzión Irenka",
        "tourism": "guest_house",
        "check_date": "2025-07-03"
      }
    },
    {
      "type": "Feature",
      "geometry": {
        "type": "Point",
        "coordinates": [
          19.610793,
          49.2597997
        ]
      },
      "properties": {
        "id": 6298773885,
        "osm_type": "node",
        "name": "U nás",
        "tourism": "guest_house"
      }
    },
    {
      "type": "Feature",
      "geometry": {
        "type": "Point",
        "coordinates": [
          19.6115161,
          49.2595294
        ]
      },
      "properties": {
        "id": 6299276485,
        "osm_type": "node",
        "name": "Drevenica pri pizzérii",
        "tourism": "guest_house"
      }
    },
    {
      "type": "Feature",
      "geometry": {
        "type": "Point",
        "coordinates": [
          19.6197581,
          49.2584488
        ]
      },
      "properties": {
        "id": 6299821765,
        "osm_type": "node",
        "name": "Chatár",
        "tourism": "guest_house",
        "phone": "+421 907 835 690;+421 905 488 302",
        "website": "https://penzion-chatar.webnode.sk/"
      }
    },
    {
      "type": "Feature",
      "geometry": {
        "type": "Point",
        "coordinates": [
          19.6191224,
          49.2584313
        ]
      },
      "properties": {
        "id": 6299821769,
        "osm_type": "node",
        "name": "Penzión Roháč",
        "tourism": "guest_house",
        "phone": "+421 904 238 388",
        "website": "http://www.penzion-rohac.sk",
        "check_date": "2025-07-19"
      }
    },
    {
      "type": "Feature",
      "geometry": {
        "type": "Point",
        "coordinates": [
          19.6184653,
          49.2586851
        ]
      },
      "properties": {
        "id": 6299821770,
        "osm_type": "node",
        "name": "Penzión U Jurka",
        "tourism": "guest_house",
        "contact:phone": "+421 949 826 529",
        "website": "http://www.penzionujurka.sk"
      }
    },
    {
      "type": "Feature",
      "geometry": {
        "type": "Point",
        "coordinates": [
          18.9876362,
          49.1687504
        ]
      },
      "properties": {
        "id": 6307544843,
        "osm_type": "node",
        "name": "Vendovka",
        "tourism": "alpine_hut"
      }
    },
    {
      "type": "Feature",
      "geometry": {
        "type": "Point",
        "coordinates": [
          19.6177679,
          49.2585845
        ]
      },
      "properties": {
        "id": 6313168200,
        "osm_type": "node",
        "name": "Apartmány Bistár",
        "tourism": "guest_house",
        "phone": "+421 908 085 090;+421 908 935 911",
        "check_date": "2024-08-24"
      }
    },
    {
      "type": "Feature",
      "geometry": {
        "type": "Point",
        "coordinates": [
          19.6286976,
          49.2592336
        ]
      },
      "properties": {
        "id": 6315020605,
        "osm_type": "node",
        "name": "Apartmány Bea",
        "tourism": "guest_house",
        "phone": "+421 910 343 020"
      }
    },
    {
      "type": "Feature",
      "geometry": {
        "type": "Point",
        "coordinates": [
          19.6273705,
          49.2592688
        ]
      },
      "properties": {
        "id": 6315020606,
        "osm_type": "node",
        "tourism": "guest_house",
        "phone": "+421 903 535 730"
      }
    },
    {
      "type": "Feature",
      "geometry": {
        "type": "Point",
        "coordinates": [
          19.6248147,
          49.2589689
        ]
      },
      "properties": {
        "id": 6315020607,
        "osm_type": "node",
        "name": "Privát Otília",
        "tourism": "guest_house",
        "phone": "+421 907 854 742"
      }
    },
    {
      "type": "Feature",
      "geometry": {
        "type": "Point",
        "coordinates": [
          19.624204,
          49.2585413
        ]
      },
      "properties": {
        "id": 6315020608,
        "osm_type": "node",
        "tourism": "guest_house",
        "phone": "+421 904 485 492"
      }
    },
    {
      "type": "Feature",
      "geometry": {
        "type": "Point",
        "coordinates": [
          19.6232248,
          49.2581043
        ]
      },
      "properties": {
        "id": 6315020609,
        "osm_type": "node",
        "name": "Penzión Anna",
        "tourism": "guest_house",
        "phone": "+421 908 252 164;+421 908 253 476"
      }
    },
    {
      "type": "Feature",
      "geometry": {
        "type": "Point",
        "coordinates": [
          19.6241356,
          49.2588295
        ]
      },
      "properties": {
        "id": 6315020610,
        "osm_type": "node",
        "name": "Privát Mičík",
        "tourism": "guest_house",
        "phone": "+421 915 362 854"
      }
    },
    {
      "type": "Feature",
      "geometry": {
        "type": "Point",
        "coordinates": [
          19.1473983,
          49.2651468
        ]
      },
      "properties": {
        "id": 6316281904,
        "osm_type": "node",
        "name": "Korbáčikovo",
        "tourism": "guest_house",
        "phone": "+421 907 826 250",
        "website": "https://www.korbacikovozazriva.sk"
      }
    },
    {
      "type": "Feature",
      "geometry": {
        "type": "Point",
        "coordinates": [
          19.4262599,
          49.0964469
        ]
      },
      "properties": {
        "id": 6426690038,
        "osm_type": "node",
        "name": "Apartmány Kriváň",
        "tourism": "apartment"
      }
    },
    {
      "type": "Feature",
      "geometry": {
        "type": "Point",
        "coordinates": [
          18.7148192,
          49.1039412
        ]
      },
      "properties": {
        "id": 6466649585,
        "osm_type": "node",
        "name": "Theresia",
        "tourism": "guest_house"
      }
    },
    {
      "type": "Feature",
      "geometry": {
        "type": "Point",
        "coordinates": [
          18.9174188,
          49.1123732
        ]
      },
      "properties": {
        "id": 6479957339,
        "osm_type": "node",
        "name": "Linda",
        "tourism": "guest_house"
      }
    },
    {
      "type": "Feature",
      "geometry": {
        "type": "Point",
        "coordinates": [
          18.9177862,
          49.1124276
        ]
      },
      "properties": {
        "id": 6479957752,
        "osm_type": "node",
        "tourism": "guest_house"
      }
    },
    {
      "type": "Feature",
      "geometry": {
        "type": "Point",
        "coordinates": [
          18.7417098,
          49.2296425
        ]
      },
      "properties": {
        "id": 6496074286,
        "osm_type": "node",
        "name": "Holiday Inn",
        "tourism": "hotel",
        "opening_hours": "24/7",
        "phone": "+421 41 5050 100",
        "website": "https://www.holidayinn-zilina.sk"
      }
    },
    {
      "type": "Feature",
      "geometry": {
        "type": "Point",
        "coordinates": [
          18.9508742,
          49.5018639
        ]
      },
      "properties": {
        "id": 6498555159,
        "osm_type": "node",
        "name": "Cechospol",
        "tourism": "guest_house",
        "website": "http://www.cechospol.sk/"
      }
    },
    {
      "type": "Feature",
      "geometry": {
        "type": "Point",
        "coordinates": [
          18.5808842,
          49.4720631
        ]
      },
      "properties": {
        "id": 6528158106,
        "osm_type": "node",
        "name": "Sudopark - Drevená dedina",
        "tourism": "guest_house",
        "website": "https://www.sudopark.sk/"
      }
    },
    {
      "type": "Feature",
      "geometry": {
        "type": "Point",
        "coordinates": [
          18.6941613,
          49.424223
        ]
      },
      "properties": {
        "id": 6573243181,
        "osm_type": "node",
        "name": "Kovox",
        "tourism": "guest_house",
        "website": "https://www.penzion.kovox.sk/"
      }
    },
    {
      "type": "Feature",
      "geometry": {
        "type": "Point",
        "coordinates": [
          18.8862245,
          48.8809313
        ]
      },
      "properties": {
        "id": 6579134730,
        "osm_type": "node",
        "name": "Diana",
        "tourism": "guest_house",
        "contact:phone": "+421 918 326 345",
        "contact:website": "https://www.facebook.com/pg/PenzioDianaRaksa/about/"
      }
    },
    {
      "type": "Feature",
      "geometry": {
        "type": "Point",
        "coordinates": [
          18.8805299,
          48.8827699
        ]
      },
      "properties": {
        "id": 6579134737,
        "osm_type": "node",
        "name": "Vila Harmónia",
        "tourism": "apartment",
        "contact:phone": "+421910296655",
        "contact:website": "https://vilaharmonia.sk/"
      }
    },
    {
      "type": "Feature",
      "geometry": {
        "type": "Point",
        "coordinates": [
          18.8296282,
          48.7860839
        ]
      },
      "properties": {
        "id": 6595103742,
        "osm_type": "node",
        "name": "Penzion Fiesta",
        "tourism": "guest_house",
        "opening_hours": "Mo-Th 14:00-22:00; Fr 14:00-00:00; Sa 12:00-00:00; Su 12:00-22:00",
        "phone": "+421905937113",
        "website": "http://www.fiesta-sklene.sk/"
      }
    },
    {
      "type": "Feature",
      "geometry": {
        "type": "Point",
        "coordinates": [
          18.5492042,
          49.4105484
        ]
      },
      "properties": {
        "id": 6602126952,
        "osm_type": "node",
        "name": "Maria",
        "tourism": "guest_house"
      }
    },
    {
      "type": "Feature",
      "geometry": {
        "type": "Point",
        "coordinates": [
          18.7260403,
          49.3782333
        ]
      },
      "properties": {
        "id": 6637009685,
        "osm_type": "node",
        "name": "Resort Barborka",
        "tourism": "guest_house",
        "phone": "+420732284009",
        "website": "https://www.resortbarborka.cz/"
      }
    },
    {
      "type": "Feature",
      "geometry": {
        "type": "Point",
        "coordinates": [
          19.9012372,
          49.0595982
        ]
      },
      "properties": {
        "id": 6652748413,
        "osm_type": "node",
        "name": "Karavany",
        "tourism": "caravan_site"
      }
    },
    {
      "type": "Feature",
      "geometry": {
        "type": "Point",
        "coordinates": [
          19.8993382,
          49.0598776
        ]
      },
      "properties": {
        "id": 6652748442,
        "osm_type": "node",
        "name": "Stanové mestečko",
        "tourism": "camp_site"
      }
    },
    {
      "type": "Feature",
      "geometry": {
        "type": "Point",
        "coordinates": [
          19.4121389,
          49.0485833
        ]
      },
      "properties": {
        "id": 6712570759,
        "osm_type": "node",
        "name": "Dom na strome",
        "tourism": "chalet",
        "phone": "+421 944 266 078",
        "website": "https://nastrome.sk"
      }
    },
    {
      "type": "Feature",
      "geometry": {
        "type": "Point",
        "coordinates": [
          19.6092788,
          49.2610628
        ]
      },
      "properties": {
        "id": 6714783836,
        "osm_type": "node",
        "name": "Penzión Urban",
        "tourism": "guest_house",
        "website": "http://www.penzionurban.sk/"
      }
    },
    {
      "type": "Feature",
      "geometry": {
        "type": "Point",
        "coordinates": [
          19.794067,
          49.0951357
        ]
      },
      "properties": {
        "id": 6776599287,
        "osm_type": "node",
        "name": "Penzión TOMI",
        "tourism": "guest_house",
        "contact:phone": "+421907870109",
        "website": "https://www.penziontomi.sk"
      }
    },
    {
      "type": "Feature",
      "geometry": {
        "type": "Point",
        "coordinates": [
          18.92297,
          49.1149451
        ]
      },
      "properties": {
        "id": 6817576183,
        "osm_type": "node",
        "name": "Burra",
        "tourism": "guest_house"
      }
    },
    {
      "type": "Feature",
      "geometry": {
        "type": "Point",
        "coordinates": [
          18.8607671,
          48.8621181
        ]
      },
      "properties": {
        "id": 6831336272,
        "osm_type": "node",
        "name": "Milka",
        "tourism": "guest_house"
      }
    },
    {
      "type": "Feature",
      "geometry": {
        "type": "Point",
        "coordinates": [
          19.5632983,
          49.3680615
        ]
      },
      "properties": {
        "id": 6905997985,
        "osm_type": "node",
        "name": "Chata Orava",
        "tourism": "hostel"
      }
    },
    {
      "type": "Feature",
      "geometry": {
        "type": "Point",
        "coordinates": [
          19.4657784,
          49.1389906
        ]
      },
      "properties": {
        "id": 6925321894,
        "osm_type": "node",
        "name": "Penzión Sestrč",
        "tourism": "guest_house"
      }
    },
    {
      "type": "Feature",
      "geometry": {
        "type": "Point",
        "coordinates": [
          18.8389142,
          49.0013745
        ]
      },
      "properties": {
        "id": 6958525985,
        "osm_type": "node",
        "tourism": "chalet"
      }
    },
    {
      "type": "Feature",
      "geometry": {
        "type": "Point",
        "coordinates": [
          18.8387016,
          49.0014077
        ]
      },
      "properties": {
        "id": 6958526085,
        "osm_type": "node",
        "tourism": "chalet"
      }
    },
    {
      "type": "Feature",
      "geometry": {
        "type": "Point",
        "coordinates": [
          19.051856,
          49.2775323
        ]
      },
      "properties": {
        "id": 6992128229,
        "osm_type": "node",
        "name": "Chalupa VIKA",
        "tourism": "guest_house"
      }
    },
    {
      "type": "Feature",
      "geometry": {
        "type": "Point",
        "coordinates": [
          18.9383813,
          49.3475276
        ]
      },
      "properties": {
        "id": 7008539853,
        "osm_type": "node",
        "name": "Apartmány Stará Bystrica",
        "tourism": "apartment",
        "website": "https://www.apartmanysb.sk/"
      }
    },
    {
      "type": "Feature",
      "geometry": {
        "type": "Point",
        "coordinates": [
          19.6099275,
          49.0803491
        ]
      },
      "properties": {
        "id": 7026155174,
        "osm_type": "node",
        "name": "Timeout City Hotel",
        "tourism": "hotel",
        "opening_hours": "Mo-Su 06:00-22:00",
        "phone": "+421 903 807 357;+421 948 603 522",
        "website": "https://www.timeouthotel.sk/"
      }
    },
    {
      "type": "Feature",
      "geometry": {
        "type": "Point",
        "coordinates": [
          18.5708533,
          49.4516718
        ]
      },
      "properties": {
        "id": 7082516411,
        "osm_type": "node",
        "name": "Klokočovan",
        "tourism": "motel"
      }
    },
    {
      "type": "Feature",
      "geometry": {
        "type": "Point",
        "coordinates": [
          19.2844724,
          49.2082284
        ]
      },
      "properties": {
        "id": 7096146733,
        "osm_type": "node",
        "name": "Ubytovňa Kopačka",
        "tourism": "hotel"
      }
    },
    {
      "type": "Feature",
      "geometry": {
        "type": "Point",
        "coordinates": [
          18.8878193,
          49.1202974
        ]
      },
      "properties": {
        "id": 7200224412,
        "osm_type": "node",
        "name": "Junior",
        "tourism": "hotel"
      }
    },
    {
      "type": "Feature",
      "geometry": {
        "type": "Point",
        "coordinates": [
          19.5899561,
          48.9436888
        ]
      },
      "properties": {
        "id": 7240895449,
        "osm_type": "node",
        "name": "Hotel Rotunda",
        "tourism": "hotel",
        "website": "https://www.tmrhotels.com/hotel-rotunda/"
      }
    },
    {
      "type": "Feature",
      "geometry": {
        "type": "Point",
        "coordinates": [
          19.5761615,
          48.9668785
        ]
      },
      "properties": {
        "id": 7248743784,
        "osm_type": "node",
        "name": "Chalets Jasná Collection",
        "tourism": "apartment",
        "opening_hours": "Mo-Fr 08:00-18:30; Sa,Su 08:00-16:30",
        "phone": "+421 44 290 13 46",
        "website": "https://www.tmrhotels.com/chalets-jasna-collection/"
      }
    },
    {
      "type": "Feature",
      "geometry": {
        "type": "Point",
        "coordinates": [
          19.2617878,
          48.9479307
        ]
      },
      "properties": {
        "id": 7404221980,
        "osm_type": "node",
        "name": "Poľana",
        "tourism": "guest_house"
      }
    },
    {
      "type": "Feature",
      "geometry": {
        "type": "Point",
        "coordinates": [
          18.5762206,
          49.1718035
        ]
      },
      "properties": {
        "id": 7593606355,
        "osm_type": "node",
        "name": "Penzión Súľov",
        "tourism": "guest_house",
        "website": "http://www.penzion.sulov.com/"
      }
    },
    {
      "type": "Feature",
      "geometry": {
        "type": "Point",
        "coordinates": [
          18.5923208,
          49.1736416
        ]
      },
      "properties": {
        "id": 7593708208,
        "osm_type": "node",
        "name": "Chata pod skalami",
        "tourism": "apartment",
        "website": "http://www.chatapodskalami.sk/"
      }
    },
    {
      "type": "Feature",
      "geometry": {
        "type": "Point",
        "coordinates": [
          18.5146647,
          48.9541808
        ]
      },
      "properties": {
        "id": 7608505276,
        "osm_type": "node",
        "name": "Kaštieľ Čičmany",
        "tourism": "hotel",
        "phone": "+421 917 997 229",
        "website": "http://www.kastielcicmany.sk/"
      }
    },
    {
      "type": "Feature",
      "geometry": {
        "type": "Point",
        "coordinates": [
          18.5188293,
          48.9573038
        ]
      },
      "properties": {
        "id": 7608646912,
        "osm_type": "node",
        "name": "Drevenica Čičmany",
        "tourism": "chalet",
        "phone": "+421 905 934 938",
        "website": "https://www.penzion-katka.sk/"
      }
    },
    {
      "type": "Feature",
      "geometry": {
        "type": "Point",
        "coordinates": [
          18.5173941,
          48.9557013
        ]
      },
      "properties": {
        "id": 7608646913,
        "osm_type": "node",
        "name": "Penzión Bystrík",
        "tourism": "guest_house",
        "phone": "+421 903 483 454",
        "website": "https://bystrikpenzion.sk/"
      }
    },
    {
      "type": "Feature",
      "geometry": {
        "type": "Point",
        "coordinates": [
          19.0577254,
          49.0840032
        ]
      },
      "properties": {
        "id": 7623848941,
        "osm_type": "node",
        "tourism": "chalet"
      }
    },
    {
      "type": "Feature",
      "geometry": {
        "type": "Point",
        "coordinates": [
          19.0738115,
          49.2603126
        ]
      },
      "properties": {
        "id": 7642960811,
        "osm_type": "node",
        "name": "Penzión Biely Potok",
        "tourism": "guest_house",
        "phone": "+421 41 5695 950",
        "website": "http://www.penzionbielypotok.sk/"
      }
    },
    {
      "type": "Feature",
      "geometry": {
        "type": "Point",
        "coordinates": [
          18.4709465,
          49.2511573
        ]
      },
      "properties": {
        "id": 7703866047,
        "osm_type": "node",
        "tourism": "hostel",
        "opening_hours": "Mo 20:00-24:00; Tu-Fr 00:00-04:00,20:00-24:00; Sa,Su 00:00-04:00",
        "website": "https://www.ktrans.sk/"
      }
    },
    {
      "type": "Feature",
      "geometry": {
        "type": "Point",
        "coordinates": [
          19.3430534,
          48.9354051
        ]
      },
      "properties": {
        "id": 7728255231,
        "osm_type": "node",
        "name": "Serafín",
        "tourism": "guest_house"
      }
    },
    {
      "type": "Feature",
      "geometry": {
        "type": "Point",
        "coordinates": [
          18.9220403,
          48.9386617
        ]
      },
      "properties": {
        "id": 7736453803,
        "osm_type": "node",
        "name": "Dom Pod Lipami",
        "tourism": "apartment"
      }
    },
    {
      "type": "Feature",
      "geometry": {
        "type": "Point",
        "coordinates": [
          19.6347746,
          49.2568476
        ]
      },
      "properties": {
        "id": 7758114169,
        "osm_type": "node",
        "name": "Penzion Pribiskô",
        "tourism": "hotel"
      }
    },
    {
      "type": "Feature",
      "geometry": {
        "type": "Point",
        "coordinates": [
          19.6110112,
          49.2631773
        ]
      },
      "properties": {
        "id": 7779198508,
        "osm_type": "node",
        "name": "Agnesa Harmatová - Privát",
        "tourism": "hostel"
      }
    },
    {
      "type": "Feature",
      "geometry": {
        "type": "Point",
        "coordinates": [
          19.7660611,
          49.0692913
        ]
      },
      "properties": {
        "id": 7803042913,
        "osm_type": "node",
        "name": "Autocamping Vavrišovo",
        "tourism": "camp_site",
        "tents": "yes",
        "contact:website": "http://www.autocampingvavrisovo.sk/uvod"
      }
    },
    {
      "type": "Feature",
      "geometry": {
        "type": "Point",
        "coordinates": [
          19.0823838,
          49.2643803
        ]
      },
      "properties": {
        "id": 7846609540,
        "osm_type": "node",
        "name": "Chata Vlček",
        "tourism": "guest_house",
        "contact:website": "http://ubytovanie-terchova.net/"
      }
    },
    {
      "type": "Feature",
      "geometry": {
        "type": "Point",
        "coordinates": [
          18.7799853,
          49.4557501
        ]
      },
      "properties": {
        "id": 7904491285,
        "osm_type": "node",
        "name": "Domes",
        "tourism": "guest_house",
        "website": "https://www.domes.sk/penzion"
      }
    },
    {
      "type": "Feature",
      "geometry": {
        "type": "Point",
        "coordinates": [
          19.545502,
          49.1116862
        ]
      },
      "properties": {
        "id": 7934131672,
        "osm_type": "node",
        "name": "Penzión Ravence",
        "tourism": "guest_house"
      }
    },
    {
      "type": "Feature",
      "geometry": {
        "type": "Point",
        "coordinates": [
          19.3532994,
          49.0482453
        ]
      },
      "properties": {
        "id": 7951944452,
        "osm_type": "node",
        "name": "Chalúpky u babky",
        "tourism": "hotel",
        "phone": "+421915494600",
        "contact:phone": "+421915494600",
        "website": "https://chalupky.sk/",
        "contact:website": "https://chalupky.sk/"
      }
    },
    {
      "type": "Feature",
      "geometry": {
        "type": "Point",
        "coordinates": [
          19.5641059,
          49.0318905
        ]
      },
      "properties": {
        "id": 7953868182,
        "osm_type": "node",
        "name": "Apartmány Pod Chopkom",
        "tourism": "apartment",
        "phone": "+421907756858",
        "contact:website": "https://www.podchopkom.sk/"
      }
    },
    {
      "type": "Feature",
      "geometry": {
        "type": "Point",
        "coordinates": [
          18.7072586,
          49.2344895
        ]
      },
      "properties": {
        "id": 8032928941,
        "osm_type": "node",
        "name": "Ubytovacie zariadenie Mária Bullová",
        "tourism": "guest_house",
        "phone": "+421 41 562 2505",
        "website": "https://zilina-gallery.sk/picture.php?/34012/category/2522"
      }
    },
    {
      "type": "Feature",
      "geometry": {
        "type": "Point",
        "coordinates": [
          18.8636984,
          49.1813869
        ]
      },
      "properties": {
        "id": 8033050405,
        "osm_type": "node",
        "name": "ubytovanie v súkromí",
        "tourism": "guest_house"
      }
    },
    {
      "type": "Feature",
      "geometry": {
        "type": "Point",
        "coordinates": [
          19.2717706,
          49.2120695
        ]
      },
      "properties": {
        "id": 8414737961,
        "osm_type": "node",
        "name": "Privát MLYN",
        "tourism": "apartment",
        "contact:website": "http://www.privat-mlyn.sk/contact.html"
      }
    },
    {
      "type": "Feature",
      "geometry": {
        "type": "Point",
        "coordinates": [
          19.2831508,
          49.4337106
        ]
      },
      "properties": {
        "id": 8421510606,
        "osm_type": "node",
        "tourism": "guest_house"
      }
    },
    {
      "type": "Feature",
      "geometry": {
        "type": "Point",
        "coordinates": [
          19.5418125,
          49.164942
        ]
      },
      "properties": {
        "id": 8581238637,
        "osm_type": "node",
        "name": "Drevenica MAK Oliver",
        "tourism": "apartment"
      }
    },
    {
      "type": "Feature",
      "geometry": {
        "type": "Point",
        "coordinates": [
          19.5418634,
          49.1650455
        ]
      },
      "properties": {
        "id": 8581238638,
        "osm_type": "node",
        "name": "Drevenica MAK Kristian",
        "tourism": "apartment"
      }
    },
    {
      "type": "Feature",
      "geometry": {
        "type": "Point",
        "coordinates": [
          19.6143628,
          49.262788
        ]
      },
      "properties": {
        "id": 8704775986,
        "osm_type": "node",
        "name": "Apartmány Zuberec",
        "tourism": "apartment",
        "phone": "+421905299872",
        "website": "https://zuberecapartmany.sk/"
      }
    },
    {
      "type": "Feature",
      "geometry": {
        "type": "Point",
        "coordinates": [
          19.6080169,
          49.2646788
        ]
      },
      "properties": {
        "id": 8764683843,
        "osm_type": "node",
        "name": "Privát Andrea",
        "tourism": "hostel",
        "phone": "+421 904 373 950",
        "website": "zuberec.privat.szm.com"
      }
    },
    {
      "type": "Feature",
      "geometry": {
        "type": "Point",
        "coordinates": [
          18.8971617,
          49.4490835
        ]
      },
      "properties": {
        "id": 8778029688,
        "osm_type": "node",
        "name": "Chalet Le Pré",
        "tourism": "guest_house",
        "website": "https://lepre.123u.sk"
      }
    },
    {
      "type": "Feature",
      "geometry": {
        "type": "Point",
        "coordinates": [
          18.8625315,
          48.8578506
        ]
      },
      "properties": {
        "id": 8778381077,
        "osm_type": "node",
        "name": "Apartmány Park",
        "tourism": "guest_house",
        "website": "https://apartmanypark.123u.sk"
      }
    },
    {
      "type": "Feature",
      "geometry": {
        "type": "Point",
        "coordinates": [
          19.5756991,
          49.0199368
        ]
      },
      "properties": {
        "id": 8817449096,
        "osm_type": "node",
        "name": "Chata CHOPOK",
        "tourism": "guest_house",
        "website": "https://chatachopok.123u.sk/"
      }
    },
    {
      "type": "Feature",
      "geometry": {
        "type": "Point",
        "coordinates": [
          18.6225211,
          48.9740309
        ]
      },
      "properties": {
        "id": 8817729498,
        "osm_type": "node",
        "name": "Chata Pod Kľakom",
        "tourism": "guest_house",
        "website": "https://podklakom.123u.sk/"
      }
    },
    {
      "type": "Feature",
      "geometry": {
        "type": "Point",
        "coordinates": [
          19.9771352,
          49.056661
        ]
      },
      "properties": {
        "id": 8817756738,
        "osm_type": "node",
        "name": "Apartmán Katarína",
        "tourism": "guest_house",
        "website": "https://siroka.123u.sk/"
      }
    },
    {
      "type": "Feature",
      "geometry": {
        "type": "Point",
        "coordinates": [
          19.516067,
          49.1457095
        ]
      },
      "properties": {
        "id": 8817793324,
        "osm_type": "node",
        "name": "Resort Villa Flora ***",
        "tourism": "guest_house",
        "website": "https://villaflora.123u.sk/"
      }
    },
    {
      "type": "Feature",
      "geometry": {
        "type": "Point",
        "coordinates": [
          19.262435,
          48.9514142
        ]
      },
      "properties": {
        "id": 8824401539,
        "osm_type": "node",
        "name": "Turistická ubytovňa Osada",
        "tourism": "guest_house",
        "website": "https://osada.123u.sk/"
      }
    },
    {
      "type": "Feature",
      "geometry": {
        "type": "Point",
        "coordinates": [
          18.6592713,
          49.4536511
        ]
      },
      "properties": {
        "id": 8824431332,
        "osm_type": "node",
        "name": "Apartmán Pod lipou",
        "tourism": "guest_house",
        "website": "https://apartmanpodlipou.123u.sk/"
      }
    },
    {
      "type": "Feature",
      "geometry": {
        "type": "Point",
        "coordinates": [
          19.5008361,
          49.1453482
        ]
      },
      "properties": {
        "id": 8831633067,
        "osm_type": "node",
        "name": "Chata Prosiek",
        "tourism": "guest_house",
        "website": "https://chataprosiek.123u.sk/"
      }
    },
    {
      "type": "Feature",
      "geometry": {
        "type": "Point",
        "coordinates": [
          19.2781409,
          49.0740717
        ]
      },
      "properties": {
        "id": 8831676718,
        "osm_type": "node",
        "name": "Chata Helena",
        "tourism": "guest_house",
        "website": "https://chatahelena.123u.sk/"
      }
    },
    {
      "type": "Feature",
      "geometry": {
        "type": "Point",
        "coordinates": [
          19.609374,
          49.2778655
        ]
      },
      "properties": {
        "id": 8868764094,
        "osm_type": "node",
        "name": "Penzión Bučník",
        "tourism": "guest_house",
        "phone": "+421 949 615 045",
        "website": "https://www.penzionbucnik.sk/"
      }
    },
    {
      "type": "Feature",
      "geometry": {
        "type": "Point",
        "coordinates": [
          19.606571,
          49.2727985
        ]
      },
      "properties": {
        "id": 8868809318,
        "osm_type": "node",
        "name": "Restaurant & Penzion Victória",
        "tourism": "guest_house"
      }
    },
    {
      "type": "Feature",
      "geometry": {
        "type": "Point",
        "coordinates": [
          19.5643598,
          49.0321468
        ]
      },
      "properties": {
        "id": 8949524897,
        "osm_type": "node",
        "name": "Privát Severka",
        "tourism": "apartment",
        "contact:website": "https://privatseverka.sk/"
      }
    },
    {
      "type": "Feature",
      "geometry": {
        "type": "Point",
        "coordinates": [
          19.5935118,
          49.1031757
        ]
      },
      "properties": {
        "id": 8996709752,
        "osm_type": "node",
        "name": "Penzión Harmónia",
        "tourism": "guest_house"
      }
    },
    {
      "type": "Feature",
      "geometry": {
        "type": "Point",
        "coordinates": [
          18.9128062,
          49.3475067
        ]
      },
      "properties": {
        "id": 9017627813,
        "osm_type": "node",
        "name": "Chalupa Mariana",
        "tourism": "guest_house",
        "website": "http://www.chalupa-mariana.eu/"
      }
    },
    {
      "type": "Feature",
      "geometry": {
        "type": "Point",
        "coordinates": [
          18.9206068,
          48.8494851
        ]
      },
      "properties": {
        "id": 9027934327,
        "osm_type": "node",
        "name": "Penzión Kráľov dvor",
        "tourism": "apartment",
        "contact:phone": "+421 908 206 150",
        "website": "https://www.kralovdvor.sk/"
      }
    },
    {
      "type": "Feature",
      "geometry": {
        "type": "Point",
        "coordinates": [
          18.7472235,
          49.2135455
        ]
      },
      "properties": {
        "id": 9032954376,
        "osm_type": "node",
        "name": "Ubytovňa Dom techniky",
        "tourism": "hotel"
      }
    },
    {
      "type": "Feature",
      "geometry": {
        "type": "Point",
        "coordinates": [
          19.4060929,
          49.1253225
        ]
      },
      "properties": {
        "id": 9093770938,
        "osm_type": "node",
        "name": "Ubytovanie Štvorlístok",
        "tourism": "apartment"
      }
    },
    {
      "type": "Feature",
      "geometry": {
        "type": "Point",
        "coordinates": [
          19.7967781,
          49.0968867
        ]
      },
      "properties": {
        "id": 9112817428,
        "osm_type": "node",
        "name": "Apartmány Matilda",
        "tourism": "apartment"
      }
    },
    {
      "type": "Feature",
      "geometry": {
        "type": "Point",
        "coordinates": [
          19.1637504,
          49.3792087
        ]
      },
      "properties": {
        "id": 9114403856,
        "osm_type": "node",
        "name": "Chata Sylvester",
        "tourism": "chalet"
      }
    },
    {
      "type": "Feature",
      "geometry": {
        "type": "Point",
        "coordinates": [
          19.2789768,
          49.0741005
        ]
      },
      "properties": {
        "id": 9115405550,
        "osm_type": "node",
        "name": "Chata Volko",
        "tourism": "guest_house"
      }
    },
    {
      "type": "Feature",
      "geometry": {
        "type": "Point",
        "coordinates": [
          19.6092999,
          49.2672365
        ]
      },
      "properties": {
        "id": 9121923332,
        "osm_type": "node",
        "name": "Apartmán Art",
        "tourism": "apartment"
      }
    },
    {
      "type": "Feature",
      "geometry": {
        "type": "Point",
        "coordinates": [
          19.6335299,
          49.2583394
        ]
      },
      "properties": {
        "id": 9147422843,
        "osm_type": "node",
        "name": "Drevenice Zuberec",
        "tourism": "chalet",
        "contact:phone": "+421 908 445 747",
        "website": "https://www.drevenicezuberec.sk/"
      }
    },
    {
      "type": "Feature",
      "geometry": {
        "type": "Point",
        "coordinates": [
          19.5640759,
          49.0317686
        ]
      },
      "properties": {
        "id": 9165420560,
        "osm_type": "node",
        "name": "Apartmánový dom Vila Maroš",
        "tourism": "apartment",
        "phone": "+421 940 799 120",
        "website": "https://vilamaros.sk/"
      }
    },
    {
      "type": "Feature",
      "geometry": {
        "type": "Point",
        "coordinates": [
          18.5779061,
          49.1667584
        ]
      },
      "properties": {
        "id": 9169136687,
        "osm_type": "node",
        "name": "Chata Súľovčanka",
        "tourism": "chalet",
        "website": "https://www.chata-sulovcanka.sk/"
      }
    },
    {
      "type": "Feature",
      "geometry": {
        "type": "Point",
        "coordinates": [
          19.1759746,
          49.3728842
        ]
      },
      "properties": {
        "id": 9185307262,
        "osm_type": "node",
        "name": "Drevenica Orava",
        "tourism": "chalet",
        "contact:phone": "+421 908 091 552",
        "website": "https://www.drevenicaorava.sk/"
      }
    },
    {
      "type": "Feature",
      "geometry": {
        "type": "Point",
        "coordinates": [
          19.6729949,
          49.0249637
        ]
      },
      "properties": {
        "id": 9190479347,
        "osm_type": "node",
        "name": "Chata Smrekovica",
        "tourism": "chalet"
      }
    },
    {
      "type": "Feature",
      "geometry": {
        "type": "Point",
        "coordinates": [
          19.5908855,
          49.0982473
        ]
      },
      "properties": {
        "id": 9216354356,
        "osm_type": "node",
        "name": "Penzión Ajda",
        "tourism": "apartment",
        "contact:phone": "+421 903 504 233",
        "website": "https://www.ajda.sk/"
      }
    },
    {
      "type": "Feature",
      "geometry": {
        "type": "Point",
        "coordinates": [
          19.6043515,
          49.2730094
        ]
      },
      "properties": {
        "id": 9335377552,
        "osm_type": "node",
        "name": "Chata pod Roháčmi - Mores",
        "tourism": "guest_house",
        "phone": "+421 902 375 373",
        "website": "http://www.rohace-mores.sk"
      }
    },
    {
      "type": "Feature",
      "geometry": {
        "type": "Point",
        "coordinates": [
          18.5164622,
          48.9535084
        ]
      },
      "properties": {
        "id": 9336630533,
        "osm_type": "node",
        "name": "Chalupa Nad lipou",
        "tourism": "chalet",
        "phone": "+421903244980",
        "website": "https://www.nadlipou.sk/"
      }
    },
    {
      "type": "Feature",
      "geometry": {
        "type": "Point",
        "coordinates": [
          19.7642554,
          49.0683106
        ]
      },
      "properties": {
        "id": 9341148009,
        "osm_type": "node",
        "name": "chata Alpine",
        "tourism": "chalet",
        "phone": "+421 908 920 617",
        "website": "https://www.chataalpine.sk"
      }
    },
    {
      "type": "Feature",
      "geometry": {
        "type": "Point",
        "coordinates": [
          19.4413789,
          49.2555472
        ]
      },
      "properties": {
        "id": 9373658632,
        "osm_type": "node",
        "name": "Ubytovanie u Božky",
        "tourism": "hostel"
      }
    },
    {
      "type": "Feature",
      "geometry": {
        "type": "Point",
        "coordinates": [
          19.181866,
          49.3853568
        ]
      },
      "properties": {
        "id": 9394663063,
        "osm_type": "node",
        "name": "Chata Zuzka",
        "tourism": "chalet",
        "phone": "+421 918 494 797",
        "website": "https://www.hauzi.sk/chata-zuzka-oravska-lesna"
      }
    },
    {
      "type": "Feature",
      "geometry": {
        "type": "Point",
        "coordinates": [
          19.1257589,
          49.277706
        ]
      },
      "properties": {
        "id": 9444160519,
        "osm_type": "node",
        "name": "Family Resort Zázrivá",
        "tourism": "chalet",
        "contact:phone": "+421 918 995 342",
        "website": "https://drevenicezazriva.sk/"
      }
    },
    {
      "type": "Feature",
      "geometry": {
        "type": "Point",
        "coordinates": [
          19.9918583,
          49.0722186
        ]
      },
      "properties": {
        "id": 9451999550,
        "osm_type": "node",
        "name": "Kriváň",
        "tourism": "motel"
      }
    },
    {
      "type": "Feature",
      "geometry": {
        "type": "Point",
        "coordinates": [
          19.6798007,
          49.1349456
        ]
      },
      "properties": {
        "id": 9466147376,
        "osm_type": "node",
        "name": "Chaty Dolinky",
        "tourism": "chalet",
        "phone": "+421 907 857 933",
        "website": "https://www.chatydolinky.sk/"
      }
    },
    {
      "type": "Feature",
      "geometry": {
        "type": "Point",
        "coordinates": [
          19.1604932,
          49.3654398
        ]
      },
      "properties": {
        "id": 9542839923,
        "osm_type": "node",
        "name": "Vila Johanka",
        "tourism": "guest_house",
        "phone": "+421 915 320 610",
        "website": "https://vilajohanka.sk/"
      }
    },
    {
      "type": "Feature",
      "geometry": {
        "type": "Point",
        "coordinates": [
          19.5942007,
          48.9802248
        ]
      },
      "properties": {
        "id": 9550315537,
        "osm_type": "node",
        "name": "FF Apartments Jasná",
        "tourism": "apartment",
        "phone": "+421 903 634 064",
        "website": "http://www.ffapartments.sk"
      }
    },
    {
      "type": "Feature",
      "geometry": {
        "type": "Point",
        "coordinates": [
          19.6207879,
          49.1269582
        ]
      },
      "properties": {
        "id": 9570830536,
        "osm_type": "node",
        "tourism": "guest_house"
      }
    },
    {
      "type": "Feature",
      "geometry": {
        "type": "Point",
        "coordinates": [
          19.3075714,
          49.1852677
        ]
      },
      "properties": {
        "id": 9751988577,
        "osm_type": "node",
        "name": "Kaštieľ Kubínyi",
        "tourism": "hotel",
        "phone": "+421 948 000 634",
        "website": "https://www.kastielkubinyi.sk/"
      }
    },
    {
      "type": "Feature",
      "geometry": {
        "type": "Point",
        "coordinates": [
          19.1634728,
          48.9068271
        ]
      },
      "properties": {
        "id": 9762881293,
        "osm_type": "node",
        "name": "Chata u Baníkov",
        "tourism": "guest_house"
      }
    },
    {
      "type": "Feature",
      "geometry": {
        "type": "Point",
        "coordinates": [
          19.5856808,
          48.9644824
        ]
      },
      "properties": {
        "id": 9788705444,
        "osm_type": "node",
        "name": "Hotel Jasná",
        "tourism": "hotel",
        "phone": "+4214452190",
        "website": "https://www.hoteljasna.sk/"
      }
    },
    {
      "type": "Feature",
      "geometry": {
        "type": "Point",
        "coordinates": [
          19.5852064,
          48.9640588
        ]
      },
      "properties": {
        "id": 9788705445,
        "osm_type": "node",
        "name": "Športklub Kvasničník",
        "tourism": "apartment",
        "phone": "+421445219012",
        "website": "https://www.jasnavj.sk/"
      }
    },
    {
      "type": "Feature",
      "geometry": {
        "type": "Point",
        "coordinates": [
          18.7367897,
          49.2287569
        ]
      },
      "properties": {
        "id": 9820728505,
        "osm_type": "node",
        "name": "Ubytovanie Sasinkova",
        "tourism": "hostel",
        "website": "https://www.sasinkova.sk"
      }
    },
    {
      "type": "Feature",
      "geometry": {
        "type": "Point",
        "coordinates": [
          18.7158123,
          49.1047981
        ]
      },
      "properties": {
        "id": 9822649074,
        "osm_type": "node",
        "name": "Rekreačné zariadenie Paradise",
        "tourism": "guest_house",
        "phone": "+421 41 54 94 514",
        "website": "https://www.rzparadise.sk/"
      }
    },
    {
      "type": "Feature",
      "geometry": {
        "type": "Point",
        "coordinates": [
          19.7678201,
          48.9816385
        ]
      },
      "properties": {
        "id": 9852818053,
        "osm_type": "node",
        "name": "Speleocamping Malužiná",
        "tourism": "camp_site",
        "opening_hours": "Jun-Sep Tu-Sa 09:00-17:00; Jun-Sep Su 09:00-16:00",
        "phone": "+421 907 474 508",
        "website": "https://www.facebook.com/profile.php?id=61576952532928"
      }
    },
    {
      "type": "Feature",
      "geometry": {
        "type": "Point",
        "coordinates": [
          19.98637,
          49.0564417
        ]
      },
      "properties": {
        "id": 9860322859,
        "osm_type": "node",
        "name": "Vila Rhea",
        "tourism": "guest_house",
        "phone": "+421 903 138 361",
        "website": "https://www.vilarhea.sk/"
      }
    },
    {
      "type": "Feature",
      "geometry": {
        "type": "Point",
        "coordinates": [
          18.853958,
          48.8776223
        ]
      },
      "properties": {
        "id": 9868095226,
        "osm_type": "node",
        "name": "Rekreačný vidiecky dom",
        "tourism": "apartment",
        "website": "https://rekreacnydom.123u.sk/"
      }
    },
    {
      "type": "Feature",
      "geometry": {
        "type": "Point",
        "coordinates": [
          18.853423,
          48.8819395
        ]
      },
      "properties": {
        "id": 9870475102,
        "osm_type": "node",
        "name": "Chateau Diva",
        "tourism": "hotel",
        "phone": "+421 948 920 622",
        "website": "https://www.chateaudiva.sk/"
      }
    },
    {
      "type": "Feature",
      "geometry": {
        "type": "Point",
        "coordinates": [
          19.0651765,
          49.2326701
        ]
      },
      "properties": {
        "id": 9931559316,
        "osm_type": "node",
        "name": "U Belianky",
        "tourism": "apartment",
        "website": "https://ubelianky.bedsandhotels.com/",
        "check_date": "2025-06-05"
      }
    },
    {
      "type": "Feature",
      "geometry": {
        "type": "Point",
        "coordinates": [
          19.40173,
          49.131301
        ]
      },
      "properties": {
        "id": 9956297278,
        "osm_type": "node",
        "name": "Hotel Kubo",
        "tourism": "hotel",
        "contact:phone": "+421 44 43 75 130",
        "website": "https://www.hotelkubo.sk/"
      }
    },
    {
      "type": "Feature",
      "geometry": {
        "type": "Point",
        "coordinates": [
          19.4015262,
          49.1322452
        ]
      },
      "properties": {
        "id": 9956297279,
        "osm_type": "node",
        "name": "Dependance Diana",
        "tourism": "hotel",
        "check_date": "2025-05-25"
      }
    },
    {
      "type": "Feature",
      "geometry": {
        "type": "Point",
        "coordinates": [
          18.5703715,
          49.4334054
        ]
      },
      "properties": {
        "id": 9959179194,
        "osm_type": "node",
        "name": "Dom Navštívenia",
        "tourism": "guest_house",
        "contact:phone": "+421 903 821 804",
        "website": "http://domnavstivenia.sk/"
      }
    },
    {
      "type": "Feature",
      "geometry": {
        "type": "Point",
        "coordinates": [
          19.573699,
          49.0232936
        ]
      },
      "properties": {
        "id": 9970893850,
        "osm_type": "node",
        "name": "Dragon's Lair Ski Chalet",
        "tourism": "chalet",
        "contact:website": "https://dragonslairjasna.sk/",
        "check_date": "2025-10-24"
      }
    },
    {
      "type": "Feature",
      "geometry": {
        "type": "Point",
        "coordinates": [
          18.8185519,
          49.383359
        ]
      },
      "properties": {
        "id": 9984185558,
        "osm_type": "node",
        "name": "Hotel Brainy",
        "tourism": "hotel",
        "phone": "+421 915 793 931",
        "website": "https://hotelbrainy.com/contact.html"
      }
    },
    {
      "type": "Feature",
      "geometry": {
        "type": "Point",
        "coordinates": [
          19.5199218,
          49.3951323
        ]
      },
      "properties": {
        "id": 10003789992,
        "osm_type": "node",
        "name": "Chatka Gos",
        "tourism": "chalet",
        "phone": "+421 908 100 700",
        "website": "https://www.sorger.sk/chatka-gos-na-oravskej-priehrade-namestovo"
      }
    },
    {
      "type": "Feature",
      "geometry": {
        "type": "Point",
        "coordinates": [
          18.6477551,
          49.1488229
        ]
      },
      "properties": {
        "id": 10024843806,
        "osm_type": "node",
        "name": "Chata Patúch",
        "tourism": "chalet",
        "phone": "+421 904 802 192",
        "website": "http://www.chatapatuch.sk"
      }
    },
    {
      "type": "Feature",
      "geometry": {
        "type": "Point",
        "coordinates": [
          19.0411274,
          49.2548589
        ]
      },
      "properties": {
        "id": 10053201949,
        "osm_type": "node",
        "name": "Drevenica Pod Smrekom",
        "tourism": "guest_house",
        "phone": "+420 724 533 807",
        "website": "http://podsmrekom.com/"
      }
    },
    {
      "type": "Feature",
      "geometry": {
        "type": "Point",
        "coordinates": [
          18.9023669,
          49.0324467
        ]
      },
      "properties": {
        "id": 10103257625,
        "osm_type": "node",
        "name": "Apartmány Turiec",
        "tourism": "guest_house",
        "phone": "+421 908 255 558",
        "website": "https://turcianskydvor.sk/ubytovanie/"
      }
    },
    {
      "type": "Feature",
      "geometry": {
        "type": "Point",
        "coordinates": [
          19.6792502,
          49.0521208
        ]
      },
      "properties": {
        "id": 10156878535,
        "osm_type": "node",
        "name": "Svätojánsky kaštieľ",
        "tourism": "hotel",
        "phone": "+421 44 521 9293",
        "website": "https://svatojanskykastiel.sk"
      }
    },
    {
      "type": "Feature",
      "geometry": {
        "type": "Point",
        "coordinates": [
          18.915633,
          49.0888121
        ]
      },
      "properties": {
        "id": 10207231599,
        "osm_type": "node",
        "name": "Penzión Pri Kaštieli",
        "tourism": "guest_house",
        "website": "http://www.kastielzaturcie.sk/"
      }
    },
    {
      "type": "Feature",
      "geometry": {
        "type": "Point",
        "coordinates": [
          18.8474727,
          49.2136736
        ]
      },
      "properties": {
        "id": 10232990908,
        "osm_type": "node",
        "name": "Château Gbeľany",
        "tourism": "hotel",
        "phone": "+421 41 420 41 41",
        "website": "https://www.chateaugbelany.com/sk/"
      }
    },
    {
      "type": "Feature",
      "geometry": {
        "type": "Point",
        "coordinates": [
          19.0204133,
          49.0814533
        ]
      },
      "properties": {
        "id": 10248427419,
        "osm_type": "node",
        "tourism": "hotel",
        "phone": "+421 905 283 041",
        "website": "https://chateaurevay.sk/"
      }
    },
    {
      "type": "Feature",
      "geometry": {
        "type": "Point",
        "coordinates": [
          18.6777123,
          49.1275554
        ]
      },
      "properties": {
        "id": 10248443509,
        "osm_type": "node",
        "tourism": "apartment"
      }
    },
    {
      "type": "Feature",
      "geometry": {
        "type": "Point",
        "coordinates": [
          19.3158093,
          49.1825031
        ]
      },
      "properties": {
        "id": 10249251927,
        "osm_type": "node",
        "name": "Penzión Zemianska kúria",
        "tourism": "guest_house",
        "phone": "+421 903 399 500",
        "website": "http://penzionzemianskakuria.sk/"
      }
    },
    {
      "type": "Feature",
      "geometry": {
        "type": "Point",
        "coordinates": [
          18.677773,
          49.1272997
        ]
      },
      "properties": {
        "id": 10249289413,
        "osm_type": "node",
        "name": "Apartmán NIKA",
        "tourism": "apartment",
        "phone": "+421 918 379 531",
        "website": "https://www.apartmannika.sk/"
      }
    },
    {
      "type": "Feature",
      "geometry": {
        "type": "Point",
        "coordinates": [
          19.2829259,
          48.8899853
        ]
      },
      "properties": {
        "id": 10277613297,
        "osm_type": "node",
        "name": "Penzión Vila Martin",
        "tourism": "guest_house",
        "opening_hours": "closed",
        "phone": "+421 911 919 911"
      }
    },
    {
      "type": "Feature",
      "geometry": {
        "type": "Point",
        "coordinates": [
          18.5801335,
          49.4707334
        ]
      },
      "properties": {
        "id": 10538651804,
        "osm_type": "node",
        "name": "Drevenica u Studniara",
        "tourism": "guest_house",
        "website": "https://www.drevenicaustudniara.eu/"
      }
    },
    {
      "type": "Feature",
      "geometry": {
        "type": "Point",
        "coordinates": [
          18.8731504,
          48.9950391
        ]
      },
      "properties": {
        "id": 10554829875,
        "osm_type": "node",
        "name": "Penzión",
        "tourism": "hotel"
      }
    },
    {
      "type": "Feature",
      "geometry": {
        "type": "Point",
        "coordinates": [
          19.5061786,
          49.4011358
        ]
      },
      "properties": {
        "id": 10574187432,
        "osm_type": "node",
        "name": "Chata Ester Oravská priehrada",
        "tourism": "guest_house",
        "phone": "+421911763285",
        "website": "https://en.megaubytovanie.sk/chata-ester-oravska-priehrada"
      }
    },
    {
      "type": "Feature",
      "geometry": {
        "type": "Point",
        "coordinates": [
          19.4068889,
          49.0563565
        ]
      },
      "properties": {
        "id": 10578852681,
        "osm_type": "node",
        "name": "Apartments Riviera",
        "tourism": "apartment",
        "phone": "+421908519405;+ 421907446810",
        "website": "https://www.apartmanyriviera.sk/"
      }
    },
    {
      "type": "Feature",
      "geometry": {
        "type": "Point",
        "coordinates": [
          18.9935663,
          49.2436443
        ]
      },
      "properties": {
        "id": 10595738871,
        "osm_type": "node",
        "name": "Chalupa U Toma",
        "tourism": "chalet",
        "phone": "+421 915 063 910;+420 725 586 699",
        "website": "https://www.chalupautoma.eu/"
      }
    },
    {
      "type": "Feature",
      "geometry": {
        "type": "Point",
        "coordinates": [
          19.5867307,
          49.0646246
        ]
      },
      "properties": {
        "id": 10611862957,
        "osm_type": "node",
        "name": "Veranda Rooms",
        "tourism": "guest_house",
        "website": "https://veranda.sk/"
      }
    },
    {
      "type": "Feature",
      "geometry": {
        "type": "Point",
        "coordinates": [
          19.5783475,
          49.0592431
        ]
      },
      "properties": {
        "id": 10611862963,
        "osm_type": "node",
        "name": "Privat Majo",
        "tourism": "guest_house",
        "website": "http://privatmajo.sk"
      }
    },
    {
      "type": "Feature",
      "geometry": {
        "type": "Point",
        "coordinates": [
          18.9192841,
          48.8474665
        ]
      },
      "properties": {
        "id": 10636672270,
        "osm_type": "node",
        "name": "Chata 108",
        "tourism": "chalet"
      }
    },
    {
      "type": "Feature",
      "geometry": {
        "type": "Point",
        "coordinates": [
          19.0728175,
          49.2604136
        ]
      },
      "properties": {
        "id": 10679511252,
        "osm_type": "node",
        "name": "Chalupa Václav",
        "tourism": "apartment",
        "phone": "+421 904 485 154"
      }
    },
    {
      "type": "Feature",
      "geometry": {
        "type": "Point",
        "coordinates": [
          19.5797602,
          49.28616
        ]
      },
      "properties": {
        "id": 10715875315,
        "osm_type": "node",
        "name": "Chata Sekaniská",
        "tourism": "apartment",
        "website": "http://chata-sekaniska.eu/"
      }
    },
    {
      "type": "Feature",
      "geometry": {
        "type": "Point",
        "coordinates": [
          19.5738186,
          49.1408312
        ]
      },
      "properties": {
        "id": 10763568063,
        "osm_type": "node",
        "name": "Teepeecko",
        "tourism": "camp_site",
        "phone": "+421911382923",
        "website": "https://www.teepeecko.com/"
      }
    },
    {
      "type": "Feature",
      "geometry": {
        "type": "Point",
        "coordinates": [
          18.7457693,
          49.197891
        ]
      },
      "properties": {
        "id": 10779246405,
        "osm_type": "node",
        "tourism": "chalet"
      }
    },
    {
      "type": "Feature",
      "geometry": {
        "type": "Point",
        "coordinates": [
          19.5453939,
          49.1522118
        ]
      },
      "properties": {
        "id": 10796661725,
        "osm_type": "node",
        "name": "Apartmán Ladislav",
        "tourism": "apartment"
      }
    },
    {
      "type": "Feature",
      "geometry": {
        "type": "Point",
        "coordinates": [
          19.5452531,
          49.1521969
        ]
      },
      "properties": {
        "id": 10796661726,
        "osm_type": "node",
        "name": "Apartmán Helena",
        "tourism": "apartment"
      }
    },
    {
      "type": "Feature",
      "geometry": {
        "type": "Point",
        "coordinates": [
          19.6310838,
          49.1645553
        ]
      },
      "properties": {
        "id": 10855463719,
        "osm_type": "node",
        "name": "Chata Bobrovecká vápenica",
        "tourism": "apartment",
        "phone": "+421 918 533 945",
        "website": "https://www.trigan.sk"
      }
    },
    {
      "type": "Feature",
      "geometry": {
        "type": "Point",
        "coordinates": [
          19.6309637,
          49.1640923
        ]
      },
      "properties": {
        "id": 10855463720,
        "osm_type": "node",
        "name": "obec Bobrovec, privat č.25",
        "tourism": "apartment"
      }
    },
    {
      "type": "Feature",
      "geometry": {
        "type": "Point",
        "coordinates": [
          19.6020388,
          49.1430829
        ]
      },
      "properties": {
        "id": 10872867158,
        "osm_type": "node",
        "name": "Privat",
        "tourism": "apartment"
      }
    },
    {
      "type": "Feature",
      "geometry": {
        "type": "Point",
        "coordinates": [
          18.8996266,
          49.4952678
        ]
      },
      "properties": {
        "id": 10873888525,
        "osm_type": "node",
        "name": "Penzion Silvester",
        "tourism": "guest_house"
      }
    },
    {
      "type": "Feature",
      "geometry": {
        "type": "Point",
        "coordinates": [
          18.7379041,
          49.2236457
        ]
      },
      "properties": {
        "id": 10907510929,
        "osm_type": "node",
        "name": "VIX",
        "tourism": "guest_house"
      }
    },
    {
      "type": "Feature",
      "geometry": {
        "type": "Point",
        "coordinates": [
          19.5309173,
          49.2059849
        ]
      },
      "properties": {
        "id": 10968715396,
        "osm_type": "node",
        "name": "Chata Katka",
        "tourism": "chalet",
        "phone": "+421 904 244 394",
        "website": "https://www.chatyvraztoke.sk"
      }
    },
    {
      "type": "Feature",
      "geometry": {
        "type": "Point",
        "coordinates": [
          19.8969135,
          49.1379464
        ]
      },
      "properties": {
        "id": 11044547030,
        "osm_type": "node",
        "name": "Rezort pri jazere",
        "tourism": "guest_house",
        "website": "https://www.rezortprijazere.sk"
      }
    },
    {
      "type": "Feature",
      "geometry": {
        "type": "Point",
        "coordinates": [
          19.0563965,
          49.2587106
        ]
      },
      "properties": {
        "id": 11076185931,
        "osm_type": "node",
        "name": "Chata pod Kyčerou",
        "tourism": "chalet",
        "phone": "+421915602219",
        "website": "https://www.ubytovanie-terchova.sk/"
      }
    },
    {
      "type": "Feature",
      "geometry": {
        "type": "Point",
        "coordinates": [
          19.067037,
          49.2561713
        ]
      },
      "properties": {
        "id": 11101439847,
        "osm_type": "node",
        "tourism": "caravan_site"
      }
    },
    {
      "type": "Feature",
      "geometry": {
        "type": "Point",
        "coordinates": [
          18.6856145,
          49.1316366
        ]
      },
      "properties": {
        "id": 11126104542,
        "osm_type": "node",
        "name": "Malá Fatra",
        "tourism": "hotel",
        "website": "https://www.spa.sk/mala-fatra"
      }
    },
    {
      "type": "Feature",
      "geometry": {
        "type": "Point",
        "coordinates": [
          19.0139285,
          49.2533897
        ]
      },
      "properties": {
        "id": 11161762444,
        "osm_type": "node",
        "name": "Zbojník",
        "tourism": "guest_house",
        "phone": "+421 917 626 323",
        "website": "https://www.penzionzbojnik.sk/ubytovanie"
      }
    },
    {
      "type": "Feature",
      "geometry": {
        "type": "Point",
        "coordinates": [
          19.5629619,
          49.0341934
        ]
      },
      "properties": {
        "id": 11176037498,
        "osm_type": "node",
        "name": "AGAMI (Holiday House)",
        "tourism": "hotel",
        "phone": "+421948529188",
        "website": "https://www.agami.sk/"
      }
    },
    {
      "type": "Feature",
      "geometry": {
        "type": "Point",
        "coordinates": [
          19.5345724,
          49.0543333
        ]
      },
      "properties": {
        "id": 11192539582,
        "osm_type": "node",
        "name": "Chata Efatha",
        "tourism": "guest_house",
        "phone": "+421949121390"
      }
    },
    {
      "type": "Feature",
      "geometry": {
        "type": "Point",
        "coordinates": [
          19.2842356,
          48.8904301
        ]
      },
      "properties": {
        "id": 11199158350,
        "osm_type": "node",
        "name": "Olívia",
        "tourism": "guest_house"
      }
    },
    {
      "type": "Feature",
      "geometry": {
        "type": "Point",
        "coordinates": [
          19.7971299,
          48.91334
        ]
      },
      "properties": {
        "id": 11205044846,
        "osm_type": "node",
        "name": "sedlo Ramža pri útulni",
        "tourism": "camp_site"
      }
    },
    {
      "type": "Feature",
      "geometry": {
        "type": "Point",
        "coordinates": [
          19.7365679,
          48.9051199
        ]
      },
      "properties": {
        "id": 11205044847,
        "osm_type": "node",
        "name": "sedlo Čertovica (pod chatou Horskej záchrannej služby alebo za objektom motorestu Čertovica)",
        "tourism": "camp_site"
      }
    },
    {
      "type": "Feature",
      "geometry": {
        "type": "Point",
        "coordinates": [
          19.4312593,
          48.9446379
        ]
      },
      "properties": {
        "id": 11205044849,
        "osm_type": "node",
        "name": "na Panskej lúke",
        "tourism": "camp_site"
      }
    },
    {
      "type": "Feature",
      "geometry": {
        "type": "Point",
        "coordinates": [
          19.26944,
          49.0707244
        ]
      },
      "properties": {
        "id": 11221846196,
        "osm_type": "node",
        "name": "Chata Relax",
        "tourism": "chalet",
        "phone": "+421 908 162 712",
        "website": "https://www.chatarelaxhrabovo.sk/"
      }
    },
    {
      "type": "Feature",
      "geometry": {
        "type": "Point",
        "coordinates": [
          19.7044505,
          49.1215661
        ]
      },
      "properties": {
        "id": 11292862073,
        "osm_type": "node",
        "name": "GLAMPING SLOVENSKO",
        "tourism": "camp_site",
        "contact:phone": "+421 903 034 555"
      }
    },
    {
      "type": "Feature",
      "geometry": {
        "type": "Point",
        "coordinates": [
          19.7170593,
          49.1203079
        ]
      },
      "properties": {
        "id": 11292898605,
        "osm_type": "node",
        "name": "Chalupa u Porubäna",
        "tourism": "apartment"
      }
    },
    {
      "type": "Feature",
      "geometry": {
        "type": "Point",
        "coordinates": [
          19.6046137,
          49.271201
        ]
      },
      "properties": {
        "id": 11296010869,
        "osm_type": "node",
        "tourism": "guest_house"
      }
    },
    {
      "type": "Feature",
      "geometry": {
        "type": "Point",
        "coordinates": [
          19.6861646,
          49.138424
        ]
      },
      "properties": {
        "id": 11300788262,
        "osm_type": "node",
        "name": "Chata Žiaranka",
        "tourism": "chalet",
        "contact:phone": "+421 905 823 822",
        "website": "https://www.eridany.sk/chata-ziaranka/"
      }
    },
    {
      "type": "Feature",
      "geometry": {
        "type": "Point",
        "coordinates": [
          19.4897368,
          49.1417052
        ]
      },
      "properties": {
        "id": 11306794525,
        "osm_type": "node",
        "name": "Púčik",
        "tourism": "apartment"
      }
    },
    {
      "type": "Feature",
      "geometry": {
        "type": "Point",
        "coordinates": [
          19.3840036,
          49.0610752
        ]
      },
      "properties": {
        "id": 11358057864,
        "osm_type": "node",
        "name": "Penzión Brejk",
        "tourism": "hostel"
      }
    },
    {
      "type": "Feature",
      "geometry": {
        "type": "Point",
        "coordinates": [
          19.0364592,
          48.8815346
        ]
      },
      "properties": {
        "id": 11359649775,
        "osm_type": "node",
        "name": "pri pamätníku Slovenského národného povstania pri Kráľovej studni",
        "tourism": "camp_site"
      }
    },
    {
      "type": "Feature",
      "geometry": {
        "type": "Point",
        "coordinates": [
          19.0872245,
          48.9153023
        ]
      },
      "properties": {
        "id": 11359649776,
        "osm_type": "node",
        "name": "pod Suchým vrchom",
        "tourism": "camp_site"
      }
    },
    {
      "type": "Feature",
      "geometry": {
        "type": "Point",
        "coordinates": [
          19.1035464,
          48.9229841
        ]
      },
      "properties": {
        "id": 11359649777,
        "osm_type": "node",
        "name": "v sedle Kýšky",
        "tourism": "camp_site"
      }
    },
    {
      "type": "Feature",
      "geometry": {
        "type": "Point",
        "coordinates": [
          19.2002735,
          48.993866
        ]
      },
      "properties": {
        "id": 11359649778,
        "osm_type": "node",
        "name": "Smrekovica - v okruhu 50 metrov",
        "tourism": "camp_site"
      }
    },
    {
      "type": "Feature",
      "geometry": {
        "type": "Point",
        "coordinates": [
          19.2260648,
          49.031188
        ]
      },
      "properties": {
        "id": 11359649779,
        "osm_type": "node",
        "name": "Šiprúň - v okruhu 50 metrov od salaša na Prednom",
        "tourism": "camp_site"
      }
    },
    {
      "type": "Feature",
      "geometry": {
        "type": "Point",
        "coordinates": [
          19.1129343,
          49.0367182
        ]
      },
      "properties": {
        "id": 11359649780,
        "osm_type": "node",
        "name": "lokalita Rakytový Grúň medzi Vyšnou Lipovou a Kľakom",
        "tourism": "camp_site"
      }
    },
    {
      "type": "Feature",
      "geometry": {
        "type": "Point",
        "coordinates": [
          19.0854659,
          49.2671847
        ]
      },
      "properties": {
        "id": 11360180768,
        "osm_type": "node",
        "name": "Chalupa na Tižine",
        "tourism": "chalet",
        "phone": "+421 948 858 469",
        "website": "https://www.utizincov.sk/"
      }
    },
    {
      "type": "Feature",
      "geometry": {
        "type": "Point",
        "coordinates": [
          19.0409144,
          49.2760579
        ]
      },
      "properties": {
        "id": 11360222106,
        "osm_type": "node",
        "name": "Jánošíkova Valaška",
        "tourism": "guest_house",
        "phone": "+421 948 660 005",
        "website": "https://www.penzion-terchova.sk/"
      }
    },
    {
      "type": "Feature",
      "geometry": {
        "type": "Point",
        "coordinates": [
          19.2656649,
          48.8913006
        ]
      },
      "properties": {
        "id": 11360396322,
        "osm_type": "node",
        "name": "Korytnička pod Donovalmi",
        "tourism": "guest_house",
        "phone": "+421 910 115 006"
      }
    },
    {
      "type": "Feature",
      "geometry": {
        "type": "Point",
        "coordinates": [
          19.0353685,
          49.2679877
        ]
      },
      "properties": {
        "id": 11360493433,
        "osm_type": "node",
        "name": "Penzión Goral",
        "tourism": "guest_house",
        "phone": "+421948484885"
      }
    },
    {
      "type": "Feature",
      "geometry": {
        "type": "Point",
        "coordinates": [
          19.0152028,
          49.2540525
        ]
      },
      "properties": {
        "id": 11360619923,
        "osm_type": "node",
        "name": "Chata Obšívanka",
        "tourism": "chalet",
        "phone": "+421944391743"
      }
    },
    {
      "type": "Feature",
      "geometry": {
        "type": "Point",
        "coordinates": [
          19.0148875,
          49.2538307
        ]
      },
      "properties": {
        "id": 11360630465,
        "osm_type": "node",
        "name": "Sokolí dvor",
        "tourism": "chalet",
        "phone": "+421 915 779 718"
      }
    },
    {
      "type": "Feature",
      "geometry": {
        "type": "Point",
        "coordinates": [
          19.0544249,
          49.2827951
        ]
      },
      "properties": {
        "id": 11360678239,
        "osm_type": "node",
        "name": "Chata Ilčík",
        "tourism": "guest_house"
      }
    },
    {
      "type": "Feature",
      "geometry": {
        "type": "Point",
        "coordinates": [
          19.0541759,
          49.2829392
        ]
      },
      "properties": {
        "id": 11360678240,
        "osm_type": "node",
        "name": "Chata Rajnoha",
        "tourism": "guest_house"
      }
    },
    {
      "type": "Feature",
      "geometry": {
        "type": "Point",
        "coordinates": [
          19.0681457,
          49.2886525
        ]
      },
      "properties": {
        "id": 11360706195,
        "osm_type": "node",
        "name": "Apartmány Božka",
        "tourism": "apartment",
        "phone": "+421 905 493 017",
        "website": "https://apartmany-bozka3.webnode.sk/"
      }
    },
    {
      "type": "Feature",
      "geometry": {
        "type": "Point",
        "coordinates": [
          19.0805643,
          49.2625027
        ]
      },
      "properties": {
        "id": 11360720425,
        "osm_type": "node",
        "name": "Chalupa Božka",
        "tourism": "apartment",
        "phone": "+421 907 830 920",
        "website": "http://www.chalupabozka.sk/"
      }
    },
    {
      "type": "Feature",
      "geometry": {
        "type": "Point",
        "coordinates": [
          19.0811391,
          49.2622972
        ]
      },
      "properties": {
        "id": 11360720426,
        "osm_type": "node",
        "name": "Chalupa Sokolisko",
        "tourism": "chalet",
        "phone": "+421 907 088 666",
        "website": "https://www.chalupasolisko.sk/"
      }
    },
    {
      "type": "Feature",
      "geometry": {
        "type": "Point",
        "coordinates": [
          19.0240772,
          49.2587107
        ]
      },
      "properties": {
        "id": 11361389192,
        "osm_type": "node",
        "name": "Apartmán Siesta Terchová",
        "tourism": "apartment",
        "phone": "+421 902 274 172",
        "website": "https://www.booking.com/Share-g1L1iZ"
      }
    },
    {
      "type": "Feature",
      "geometry": {
        "type": "Point",
        "coordinates": [
          19.0241469,
          49.2586281
        ]
      },
      "properties": {
        "id": 11361389193,
        "osm_type": "node",
        "name": "Apartmán Lily",
        "tourism": "apartment",
        "website": "https://www.booking.com/Share-Cx9KxBM"
      }
    },
    {
      "type": "Feature",
      "geometry": {
        "type": "Point",
        "coordinates": [
          19.0241469,
          49.2587374
        ]
      },
      "properties": {
        "id": 11361389194,
        "osm_type": "node",
        "name": "Apartmán Timea",
        "tourism": "apartment",
        "website": "https://www.booking.com/Share-zPiRP5"
      }
    },
    {
      "type": "Feature",
      "geometry": {
        "type": "Point",
        "coordinates": [
          19.0242117,
          49.2586528
        ]
      },
      "properties": {
        "id": 11361389195,
        "osm_type": "node",
        "name": "Luxury Mountain View Apartment",
        "tourism": "apartment",
        "website": "https://www.booking.com/Share-KwRhkb"
      }
    },
    {
      "type": "Feature",
      "geometry": {
        "type": "Point",
        "coordinates": [
          19.0242187,
          49.2587654
        ]
      },
      "properties": {
        "id": 11361389196,
        "osm_type": "node",
        "name": "Apartmán Adka",
        "tourism": "apartment",
        "website": "https://www.booking.com/Share-nVUW74I"
      }
    },
    {
      "type": "Feature",
      "geometry": {
        "type": "Point",
        "coordinates": [
          19.0242875,
          49.2586821
        ]
      },
      "properties": {
        "id": 11361389197,
        "osm_type": "node",
        "name": "Apartmán Viktória",
        "tourism": "apartment",
        "website": "https://www.booking.com/Share-nnEuXr"
      }
    },
    {
      "type": "Feature",
      "geometry": {
        "type": "Point",
        "coordinates": [
          19.0242895,
          49.2587914
        ]
      },
      "properties": {
        "id": 11361389198,
        "osm_type": "node",
        "name": "Apartmán Filip",
        "tourism": "apartment",
        "website": "https://www.booking.com/Share-eLYr2x"
      }
    },
    {
      "type": "Feature",
      "geometry": {
        "type": "Point",
        "coordinates": [
          19.0243622,
          49.2587081
        ]
      },
      "properties": {
        "id": 11361389199,
        "osm_type": "node",
        "name": "Apartmány Ema a Peter",
        "tourism": "apartment",
        "website": "https://www.booking.com/Share-jtAQ7Ge"
      }
    },
    {
      "type": "Feature",
      "geometry": {
        "type": "Point",
        "coordinates": [
          19.0930138,
          49.2547581
        ]
      },
      "properties": {
        "id": 11371471057,
        "osm_type": "node",
        "name": "Apartmány pod Rozsutcom",
        "tourism": "apartment",
        "phone": "+421 948 449 909"
      }
    },
    {
      "type": "Feature",
      "geometry": {
        "type": "Point",
        "coordinates": [
          19.0316985,
          49.2301187
        ]
      },
      "properties": {
        "id": 11371517596,
        "osm_type": "node",
        "name": "Apartmán Vrátna",
        "tourism": "guest_house",
        "phone": "+421905582933",
        "website": "https://apartmanvratna.eu"
      }
    },
    {
      "type": "Feature",
      "geometry": {
        "type": "Point",
        "coordinates": [
          19.0353284,
          49.2524468
        ]
      },
      "properties": {
        "id": 11371749042,
        "osm_type": "node",
        "name": "Chalupa Terchová",
        "tourism": "apartment",
        "phone": "+421 905 756 665;+421 244 884 477"
      }
    },
    {
      "type": "Feature",
      "geometry": {
        "type": "Point",
        "coordinates": [
          19.0254954,
          49.2582931
        ]
      },
      "properties": {
        "id": 11371753326,
        "osm_type": "node",
        "name": "Chalupa na Mlynci",
        "tourism": "chalet",
        "phone": "+421 903 804 485;+421 903 409 880",
        "website": "http://www.chalupanamlynci.sk/"
      }
    },
    {
      "type": "Feature",
      "geometry": {
        "type": "Point",
        "coordinates": [
          19.0922908,
          49.2635745
        ]
      },
      "properties": {
        "id": 11373970762,
        "osm_type": "node",
        "name": "Chata Biely Potok 1275 Terchová",
        "tourism": "chalet",
        "phone": "+421 902 614 957",
        "website": "https://chatabielypotok-sk.webnode.sk/"
      }
    },
    {
      "type": "Feature",
      "geometry": {
        "type": "Point",
        "coordinates": [
          19.0401964,
          49.2729716
        ]
      },
      "properties": {
        "id": 11374022531,
        "osm_type": "node",
        "name": "Chalupa Martinček",
        "tourism": "chalet",
        "phone": "+421 949 472 540"
      }
    },
    {
      "type": "Feature",
      "geometry": {
        "type": "Point",
        "coordinates": [
          19.0622471,
          49.2960931
        ]
      },
      "properties": {
        "id": 11374069821,
        "osm_type": "node",
        "name": "Chata Šuštiak",
        "tourism": "chalet",
        "phone": "+421 904 904 040",
        "website": "https://www.chatasustiak.eu/"
      }
    },
    {
      "type": "Feature",
      "geometry": {
        "type": "Point",
        "coordinates": [
          19.0633647,
          49.2857626
        ]
      },
      "properties": {
        "id": 11374075707,
        "osm_type": "node",
        "name": "Chalupa u Sašky",
        "tourism": "chalet",
        "phone": "+421 948 010 495"
      }
    },
    {
      "type": "Feature",
      "geometry": {
        "type": "Point",
        "coordinates": [
          19.0560604,
          49.2570536
        ]
      },
      "properties": {
        "id": 11374110025,
        "osm_type": "node",
        "name": "Drevenica u Bambuľky",
        "tourism": "chalet",
        "phone": "+421 904 053 416"
      }
    },
    {
      "type": "Feature",
      "geometry": {
        "type": "Point",
        "coordinates": [
          19.0257799,
          49.2577831
        ]
      },
      "properties": {
        "id": 11374238375,
        "osm_type": "node",
        "name": "Chalupa Mária",
        "tourism": "chalet",
        "phone": "+421 911 118 032"
      }
    },
    {
      "type": "Feature",
      "geometry": {
        "type": "Point",
        "coordinates": [
          19.0445109,
          49.2579672
        ]
      },
      "properties": {
        "id": 11374327647,
        "osm_type": "node",
        "name": "Chata Mária",
        "tourism": "chalet",
        "phone": "+421 918 112 119",
        "website": "https://najchata.webnode.cz/"
      }
    },
    {
      "type": "Feature",
      "geometry": {
        "type": "Point",
        "coordinates": [
          19.0358045,
          49.2548286
        ]
      },
      "properties": {
        "id": 11390199236,
        "osm_type": "node",
        "name": "Apartmán pri Fontáne",
        "tourism": "chalet",
        "website": "https://www.airbnb.com/rooms/14061858"
      }
    },
    {
      "type": "Feature",
      "geometry": {
        "type": "Point",
        "coordinates": [
          19.0348507,
          49.2680557
        ]
      },
      "properties": {
        "id": 11392015071,
        "osm_type": "node",
        "name": "Privat Hemi",
        "tourism": "apartment",
        "phone": "+421 904 391 899",
        "website": "http://hemi1217.szm.sk/penzion.html"
      }
    },
    {
      "type": "Feature",
      "geometry": {
        "type": "Point",
        "coordinates": [
          19.8759579,
          49.1253979
        ]
      },
      "properties": {
        "id": 11402685004,
        "osm_type": "node",
        "name": "Chata Šmokvica",
        "tourism": "guest_house",
        "website": "https://chatasmokvica.sk/"
      }
    },
    {
      "type": "Feature",
      "geometry": {
        "type": "Point",
        "coordinates": [
          19.5365382,
          49.3842756
        ]
      },
      "properties": {
        "id": 11440194974,
        "osm_type": "node",
        "name": "Hotel Prístav",
        "tourism": "hotel",
        "opening_hours": "24/7",
        "phone": "+421907237907",
        "website": "https://www.hotelpristav.sk"
      }
    },
    {
      "type": "Feature",
      "geometry": {
        "type": "Point",
        "coordinates": [
          19.0243667,
          49.0522242
        ]
      },
      "properties": {
        "id": 11492497126,
        "osm_type": "node",
        "name": "Indiánske teepe",
        "tourism": "camp_site"
      }
    },
    {
      "type": "Feature",
      "geometry": {
        "type": "Point",
        "coordinates": [
          18.6726762,
          49.1244027
        ]
      },
      "properties": {
        "id": 11592868277,
        "osm_type": "node",
        "name": "Mystik",
        "tourism": "apartment"
      }
    },
    {
      "type": "Feature",
      "geometry": {
        "type": "Point",
        "coordinates": [
          18.7077463,
          49.2266177
        ]
      },
      "properties": {
        "id": 11601440327,
        "osm_type": "node",
        "name": "Športhotel SP resort",
        "tourism": "hotel",
        "phone": "+421414204021",
        "website": "https://www.sp-resort.sk/"
      }
    },
    {
      "type": "Feature",
      "geometry": {
        "type": "Point",
        "coordinates": [
          19.0349747,
          49.2680042
        ]
      },
      "properties": {
        "id": 11646014071,
        "osm_type": "node",
        "tourism": "chalet",
        "phone": "+421415695163",
        "website": "http://privat.terchova.szm.sk/"
      }
    },
    {
      "type": "Feature",
      "geometry": {
        "type": "Point",
        "coordinates": [
          19.0571994,
          49.2802666
        ]
      },
      "properties": {
        "id": 11653405210,
        "osm_type": "node",
        "name": "Chata u Hajasov",
        "tourism": "chalet",
        "phone": "+421902352307",
        "website": "https://chatauhajasov.szm.com/"
      }
    },
    {
      "type": "Feature",
      "geometry": {
        "type": "Point",
        "coordinates": [
          19.0307859,
          49.2531917
        ]
      },
      "properties": {
        "id": 11653423252,
        "osm_type": "node",
        "tourism": "chalet",
        "phone": "+421415695296",
        "website": "https://ubytovanieterchova.szm.com/"
      }
    },
    {
      "type": "Feature",
      "geometry": {
        "type": "Point",
        "coordinates": [
          19.0310538,
          49.2305806
        ]
      },
      "properties": {
        "id": 11653465142,
        "osm_type": "node",
        "name": "Drevenica u Michala",
        "tourism": "chalet",
        "phone": "+421 905 447 601"
      }
    },
    {
      "type": "Feature",
      "geometry": {
        "type": "Point",
        "coordinates": [
          19.0304411,
          49.2306897
        ]
      },
      "properties": {
        "id": 11653472293,
        "osm_type": "node",
        "name": "Chata Kora",
        "tourism": "chalet",
        "phone": "+421 908 716 821",
        "website": "https://chatakoraterchova.sk"
      }
    },
    {
      "type": "Feature",
      "geometry": {
        "type": "Point",
        "coordinates": [
          19.0269004,
          49.2331411
        ]
      },
      "properties": {
        "id": 11653477770,
        "osm_type": "node",
        "name": "Chata Orol",
        "tourism": "chalet",
        "phone": "+421 911 143 333",
        "website": "http://www.chataorol.sk/"
      }
    },
    {
      "type": "Feature",
      "geometry": {
        "type": "Point",
        "coordinates": [
          19.0323119,
          49.2311731
        ]
      },
      "properties": {
        "id": 11653503988,
        "osm_type": "node",
        "name": "Horský apartmán Saška",
        "tourism": "chalet",
        "phone": "+421 903 712 712"
      }
    },
    {
      "type": "Feature",
      "geometry": {
        "type": "Point",
        "coordinates": [
          19.7586617,
          49.0716537
        ]
      },
      "properties": {
        "id": 11696515341,
        "osm_type": "node",
        "name": "Jurta pod Kriváňom",
        "tourism": "guest_house",
        "website": "https://jurtapodkrivanom.sk/"
      }
    },
    {
      "type": "Feature",
      "geometry": {
        "type": "Point",
        "coordinates": [
          19.2714622,
          49.248219
        ]
      },
      "properties": {
        "id": 11715824259,
        "osm_type": "node",
        "name": "Chata Pinus",
        "tourism": "guest_house",
        "phone": "+421905944253"
      }
    },
    {
      "type": "Feature",
      "geometry": {
        "type": "Point",
        "coordinates": [
          19.8081914,
          48.9373402
        ]
      },
      "properties": {
        "id": 11765775967,
        "osm_type": "node",
        "name": "Chorupné",
        "tourism": "chalet",
        "website": "https://ubytovanie.lesy.sk/chata.html/311/chorupne"
      }
    },
    {
      "type": "Feature",
      "geometry": {
        "type": "Point",
        "coordinates": [
          19.8375294,
          48.9248538
        ]
      },
      "properties": {
        "id": 11765775968,
        "osm_type": "node",
        "name": "Tajch",
        "tourism": "chalet",
        "website": "https://ubytovanie.lesy.sk/chata.html/310/tajch"
      }
    },
    {
      "type": "Feature",
      "geometry": {
        "type": "Point",
        "coordinates": [
          19.9188352,
          49.0488125
        ]
      },
      "properties": {
        "id": 11765778534,
        "osm_type": "node",
        "name": "Gregová",
        "tourism": "chalet",
        "website": "https://ubytovanie.lesy.sk/chata.html/317/gregova"
      }
    },
    {
      "type": "Feature",
      "geometry": {
        "type": "Point",
        "coordinates": [
          19.1513573,
          49.0339977
        ]
      },
      "properties": {
        "id": 11765782045,
        "osm_type": "node",
        "name": "Rebrová",
        "tourism": "chalet",
        "website": "https://ubytovanie.lesy.sk/chata.html/309/rebrova"
      }
    },
    {
      "type": "Feature",
      "geometry": {
        "type": "Point",
        "coordinates": [
          18.8650695,
          48.854033
        ]
      },
      "properties": {
        "id": 11772200870,
        "osm_type": "node",
        "name": "Hostia Pavol",
        "tourism": "apartment",
        "phone": "+421917764633",
        "website": "https://ubytovanie-teplice.webnode.sk/"
      }
    },
    {
      "type": "Feature",
      "geometry": {
        "type": "Point",
        "coordinates": [
          19.0626854,
          49.2300023
        ]
      },
      "properties": {
        "id": 11807664785,
        "osm_type": "node",
        "name": "Chata vo Vyhnanej",
        "tourism": "hotel"
      }
    },
    {
      "type": "Feature",
      "geometry": {
        "type": "Point",
        "coordinates": [
          18.5740643,
          49.2318701
        ]
      },
      "properties": {
        "id": 11829941380,
        "osm_type": "node",
        "name": "Penzion Royal",
        "tourism": "guest_house",
        "phone": "+421907323645",
        "website": "http://www.royalpenzion.sk"
      }
    },
    {
      "type": "Feature",
      "geometry": {
        "type": "Point",
        "coordinates": [
          18.9628436,
          49.4813907
        ]
      },
      "properties": {
        "id": 11872175248,
        "osm_type": "node",
        "name": "Chalety Vreščovské sedlo",
        "tourism": "chalet",
        "phone": "+421905837592"
      }
    },
    {
      "type": "Feature",
      "geometry": {
        "type": "Point",
        "coordinates": [
          18.9114345,
          49.0987723
        ]
      },
      "properties": {
        "id": 11919094943,
        "osm_type": "node",
        "name": "Zrub Virginia",
        "tourism": "chalet",
        "phone": "+421907858454",
        "website": "https://www.montana-residence.eu/zrub-virginia.html"
      }
    },
    {
      "type": "Feature",
      "geometry": {
        "type": "Point",
        "coordinates": [
          18.7352458,
          49.2092588
        ]
      },
      "properties": {
        "id": 11982109806,
        "osm_type": "node",
        "name": "Dajana",
        "tourism": "guest_house"
      }
    },
    {
      "type": "Feature",
      "geometry": {
        "type": "Point",
        "coordinates": [
          19.55032,
          49.2093874
        ]
      },
      "properties": {
        "id": 12025521596,
        "osm_type": "node",
        "name": "Chalupa u stratenej ovce",
        "tourism": "chalet",
        "contact:phone": "+421 907 602 715",
        "website": "https://www.ustratenejovce.sk/"
      }
    },
    {
      "type": "Feature",
      "geometry": {
        "type": "Point",
        "coordinates": [
          19.6144948,
          49.2782135
        ]
      },
      "properties": {
        "id": 12033813101,
        "osm_type": "node",
        "name": "Chalupa Elen",
        "tourism": "apartment",
        "website": "https://www.megaubytovanie.sk/chalupa-elen"
      }
    },
    {
      "type": "Feature",
      "geometry": {
        "type": "Point",
        "coordinates": [
          18.9216974,
          49.1148658
        ]
      },
      "properties": {
        "id": 12065878169,
        "osm_type": "node",
        "name": "KoRAS",
        "tourism": "hotel"
      }
    },
    {
      "type": "Feature",
      "geometry": {
        "type": "Point",
        "coordinates": [
          19.5316802,
          49.1627813
        ]
      },
      "properties": {
        "id": 12075006006,
        "osm_type": "node",
        "name": "Boodka",
        "tourism": "chalet",
        "contact:phone": "+421 948 642 353",
        "website": "www.boodka.sk"
      }
    },
    {
      "type": "Feature",
      "geometry": {
        "type": "Point",
        "coordinates": [
          19.7425081,
          49.3008439
        ]
      },
      "properties": {
        "id": 12180656555,
        "osm_type": "node",
        "name": "Chata Sofia",
        "tourism": "guest_house"
      }
    },
    {
      "type": "Feature",
      "geometry": {
        "type": "Point",
        "coordinates": [
          19.7492605,
          49.2991933
        ]
      },
      "properties": {
        "id": 12180678077,
        "osm_type": "node",
        "name": "Thermal",
        "tourism": "guest_house",
        "contact:phone": "+421 43 550 46 01",
        "website": "https://www.meanderoravice.sk/accommodation/standard-plus-room"
      }
    },
    {
      "type": "Feature",
      "geometry": {
        "type": "Point",
        "coordinates": [
          19.8837571,
          49.0567234
        ]
      },
      "properties": {
        "id": 12285856171,
        "osm_type": "node",
        "name": "Chalupa pod lipou",
        "tourism": "guest_house"
      }
    },
    {
      "type": "Feature",
      "geometry": {
        "type": "Point",
        "coordinates": [
          18.5680117,
          49.4906154
        ]
      },
      "properties": {
        "id": 12395546184,
        "osm_type": "node",
        "name": "Chata Ilonka",
        "tourism": "apartment"
      }
    },
    {
      "type": "Feature",
      "geometry": {
        "type": "Point",
        "coordinates": [
          19.5453423,
          49.1520627
        ]
      },
      "properties": {
        "id": 12431659030,
        "osm_type": "node",
        "name": "Villa s.Gallen",
        "tourism": "guest_house",
        "website": "https://liptov-villa-s-gallen-top-appartments-ubytovanie.webnode.sk/"
      }
    },
    {
      "type": "Feature",
      "geometry": {
        "type": "Point",
        "coordinates": [
          18.8307398,
          49.0917321
        ]
      },
      "properties": {
        "id": 12486421173,
        "osm_type": "node",
        "name": "Chata Panoráma",
        "tourism": "chalet",
        "contact:phone": "+421 903 350 626",
        "website": "https://www.chatapanorama.sk/"
      }
    },
    {
      "type": "Feature",
      "geometry": {
        "type": "Point",
        "coordinates": [
          19.1634185,
          49.3787599
        ]
      },
      "properties": {
        "id": 12488614100,
        "osm_type": "node",
        "name": "Chata Vŕba",
        "tourism": "guest_house",
        "contact:phone": "+421 904 660 170"
      }
    },
    {
      "type": "Feature",
      "geometry": {
        "type": "Point",
        "coordinates": [
          18.58169,
          49.1650426
        ]
      },
      "properties": {
        "id": 12525920211,
        "osm_type": "node",
        "name": "Chalupa Monika",
        "tourism": "apartment",
        "contact:phone": "+421 904 202 109",
        "website": "https://www.chalupamonika.sk/"
      }
    },
    {
      "type": "Feature",
      "geometry": {
        "type": "Point",
        "coordinates": [
          19.6437759,
          49.2513527
        ]
      },
      "properties": {
        "id": 12533887646,
        "osm_type": "node",
        "name": "Chata Bôrik",
        "tourism": "chalet",
        "contact:phone": "+421907750751",
        "website": "https://www.chata-borik.sk/index.php"
      }
    },
    {
      "type": "Feature",
      "geometry": {
        "type": "Point",
        "coordinates": [
          19.26342,
          48.9440949
        ]
      },
      "properties": {
        "id": 12546019779,
        "osm_type": "node",
        "tourism": "apartment"
      }
    },
    {
      "type": "Feature",
      "geometry": {
        "type": "Point",
        "coordinates": [
          19.5816573,
          49.0538365
        ]
      },
      "properties": {
        "id": 12559237683,
        "osm_type": "node",
        "tourism": "caravan_site"
      }
    },
    {
      "type": "Feature",
      "geometry": {
        "type": "Point",
        "coordinates": [
          18.9316816,
          49.4404884
        ]
      },
      "properties": {
        "id": 12563692830,
        "osm_type": "node",
        "name": "Chata Horec",
        "tourism": "chalet",
        "contact:phone": "+421 905 323 752",
        "website": "https://www.chata-horec-oscadnica.sk/"
      }
    },
    {
      "type": "Feature",
      "geometry": {
        "type": "Point",
        "coordinates": [
          18.9690374,
          48.9842322
        ]
      },
      "properties": {
        "id": 12563777903,
        "osm_type": "node",
        "name": "Zrubová chata Brotnica",
        "tourism": "chalet",
        "contact:phone": "+421 903 531 047"
      }
    },
    {
      "type": "Feature",
      "geometry": {
        "type": "Point",
        "coordinates": [
          18.9373744,
          49.4287213
        ]
      },
      "properties": {
        "id": 12582255175,
        "osm_type": "node",
        "name": "Chata Don´t Panic",
        "tourism": "chalet",
        "phone": "+421 915 772 317",
        "website": "https://www.chatadontpanic.sk/"
      }
    },
    {
      "type": "Feature",
      "geometry": {
        "type": "Point",
        "coordinates": [
          19.6184594,
          49.2777999
        ]
      },
      "properties": {
        "id": 12622882540,
        "osm_type": "node",
        "name": "Apartmánový dom Antónia",
        "tourism": "apartment"
      }
    },
    {
      "type": "Feature",
      "geometry": {
        "type": "Point",
        "coordinates": [
          18.87277,
          49.1720962
        ]
      },
      "properties": {
        "id": 12629903826,
        "osm_type": "node",
        "name": "Kempík Starhrad",
        "tourism": "camp_site",
        "contact:phone": "+421 948 500 009"
      }
    },
    {
      "type": "Feature",
      "geometry": {
        "type": "Point",
        "coordinates": [
          18.7741088,
          49.2265644
        ]
      },
      "properties": {
        "id": 12663260801,
        "osm_type": "node",
        "name": "Penzión Martinov dvor",
        "tourism": "guest_house"
      }
    },
    {
      "type": "Feature",
      "geometry": {
        "type": "Point",
        "coordinates": [
          19.7445347,
          49.2993621
        ]
      },
      "properties": {
        "id": 12669639361,
        "osm_type": "node",
        "name": "Chata Oravice",
        "tourism": "guest_house",
        "contact:phone": "+421 948 104 611",
        "website": "https://chataoravice.eu/"
      }
    },
    {
      "type": "Feature",
      "geometry": {
        "type": "Point",
        "coordinates": [
          19.0411359,
          49.2719287
        ]
      },
      "properties": {
        "id": 12732610521,
        "osm_type": "node",
        "name": "Apartmán Kludek",
        "tourism": "apartment"
      }
    },
    {
      "type": "Feature",
      "geometry": {
        "type": "Point",
        "coordinates": [
          20.0192413,
          49.0964665
        ]
      },
      "properties": {
        "id": 12830814859,
        "osm_type": "node",
        "name": "Chata Veronika",
        "tourism": "chalet"
      }
    },
    {
      "type": "Feature",
      "geometry": {
        "type": "Point",
        "coordinates": [
          19.5592138,
          49.1036125
        ]
      },
      "properties": {
        "id": 12851437661,
        "osm_type": "node",
        "name": "Domček na strome",
        "tourism": "apartment",
        "contact:phone": "+421944128450",
        "website": "https://www.domceknastrome.sk/"
      }
    },
    {
      "type": "Feature",
      "geometry": {
        "type": "Point",
        "coordinates": [
          19.7943538,
          49.0959022
        ]
      },
      "properties": {
        "id": 12998749680,
        "osm_type": "node",
        "name": "Serenity",
        "tourism": "apartment"
      }
    },
    {
      "type": "Feature",
      "geometry": {
        "type": "Point",
        "coordinates": [
          19.3587911,
          49.2596017
        ]
      },
      "properties": {
        "id": 12999478501,
        "osm_type": "node",
        "name": "Hotel Restauracija Palatin",
        "tourism": "hotel",
        "website": "https://hotelpalatin.sk/"
      }
    },
    {
      "type": "Feature",
      "geometry": {
        "type": "Point",
        "coordinates": [
          19.213424,
          49.3692285
        ]
      },
      "properties": {
        "id": 13004751837,
        "osm_type": "node",
        "name": "Orava Village",
        "tourism": "guest_house",
        "phone": "+421911133551",
        "website": "https://www.oravavillage.sk/"
      }
    },
    {
      "type": "Feature",
      "geometry": {
        "type": "Point",
        "coordinates": [
          19.5158608,
          49.3106625
        ]
      },
      "properties": {
        "id": 13004874201,
        "osm_type": "node",
        "tourism": "hotel"
      }
    },
    {
      "type": "Feature",
      "geometry": {
        "type": "Point",
        "coordinates": [
          19.0758203,
          49.2977892
        ]
      },
      "properties": {
        "id": 13007391655,
        "osm_type": "node",
        "name": "Chata u sváka Jana",
        "tourism": "guest_house",
        "phone": "+421 910 273 867",
        "website": "https://www.chatyumarunov.sk"
      }
    },
    {
      "type": "Feature",
      "geometry": {
        "type": "Point",
        "coordinates": [
          19.6207333,
          49.0571369
        ]
      },
      "properties": {
        "id": 13008629301,
        "osm_type": "node",
        "name": "Apartments Lemadin",
        "tourism": "apartment"
      }
    },
    {
      "type": "Feature",
      "geometry": {
        "type": "Point",
        "coordinates": [
          19.6203884,
          49.0557499
        ]
      },
      "properties": {
        "id": 13008629601,
        "osm_type": "node",
        "name": "Apartmany Adavy",
        "tourism": "apartment"
      }
    },
    {
      "type": "Feature",
      "geometry": {
        "type": "Point",
        "coordinates": [
          19.6193588,
          49.056154
        ]
      },
      "properties": {
        "id": 13008632601,
        "osm_type": "node",
        "name": "Apartments Pemikas",
        "tourism": "apartment"
      }
    },
    {
      "type": "Feature",
      "geometry": {
        "type": "Point",
        "coordinates": [
          19.6173244,
          49.2598179
        ]
      },
      "properties": {
        "id": 13009258809,
        "osm_type": "node",
        "name": "Oravskie",
        "tourism": "hostel"
      }
    },
    {
      "type": "Feature",
      "geometry": {
        "type": "Point",
        "coordinates": [
          19.6158074,
          49.2602943
        ]
      },
      "properties": {
        "id": 13009308882,
        "osm_type": "node",
        "name": "Ľubka",
        "tourism": "hostel"
      }
    },
    {
      "type": "Feature",
      "geometry": {
        "type": "Point",
        "coordinates": [
          19.611655,
          49.2615221
        ]
      },
      "properties": {
        "id": 13011214557,
        "osm_type": "node",
        "name": "FILO",
        "tourism": "hostel"
      }
    },
    {
      "type": "Feature",
      "geometry": {
        "type": "Point",
        "coordinates": [
          19.619007,
          49.2586577
        ]
      },
      "properties": {
        "id": 13011247030,
        "osm_type": "node",
        "name": "Penzión pod Kýčerou",
        "tourism": "guest_house"
      }
    },
    {
      "type": "Feature",
      "geometry": {
        "type": "Point",
        "coordinates": [
          19.6133508,
          49.2606712
        ]
      },
      "properties": {
        "id": 13011257919,
        "osm_type": "node",
        "name": "Privát Grobarčík",
        "tourism": "hostel"
      }
    },
    {
      "type": "Feature",
      "geometry": {
        "type": "Point",
        "coordinates": [
          19.6111389,
          49.2621431
        ]
      },
      "properties": {
        "id": 13011275328,
        "osm_type": "node",
        "name": "Rekreačný dom",
        "tourism": "hostel"
      }
    },
    {
      "type": "Feature",
      "geometry": {
        "type": "Point",
        "coordinates": [
          19.7350341,
          49.3536046
        ]
      },
      "properties": {
        "id": 13062189444,
        "osm_type": "node",
        "name": "Vitaneo",
        "tourism": "guest_house"
      }
    },
    {
      "type": "Feature",
      "geometry": {
        "type": "Point",
        "coordinates": [
          19.3530272,
          49.3039768
        ]
      },
      "properties": {
        "id": 13164694647,
        "osm_type": "node",
        "name": "Penzion Príslop",
        "tourism": "guest_house",
        "contact:phone": "+4210917720004",
        "website": "https://penzionprislop.sk/"
      }
    },
    {
      "type": "Feature",
      "geometry": {
        "type": "Point",
        "coordinates": [
          18.9151586,
          49.1171111
        ]
      },
      "properties": {
        "id": 13194306337,
        "osm_type": "node",
        "name": "Penzión Marco Polo",
        "tourism": "guest_house",
        "opening_hours": "Mo-Sa 16:00-22:00",
        "phone": "+421 918 698 458",
        "website": "https://penzionmarcopolo.sk/"
      }
    },
    {
      "type": "Feature",
      "geometry": {
        "type": "Point",
        "coordinates": [
          18.7439492,
          49.2482728
        ]
      },
      "properties": {
        "id": 13201531930,
        "osm_type": "node",
        "name": "Penzión Anita",
        "tourism": "guest_house",
        "phone": "+421 910 323 203",
        "website": "http://www.penzionanita.sk/"
      }
    },
    {
      "type": "Feature",
      "geometry": {
        "type": "Point",
        "coordinates": [
          18.7707704,
          49.2974472
        ]
      },
      "properties": {
        "id": 13201568266,
        "osm_type": "node",
        "name": "Turistická ubytovňa Kysucké Nové Mesto",
        "tourism": "hostel",
        "phone": "+421 908 940 250",
        "website": "https://www.stavrealslovakia.sk/ubytovanie-kysucke-nove-mesto/"
      }
    },
    {
      "type": "Feature",
      "geometry": {
        "type": "Point",
        "coordinates": [
          19.5765034,
          48.9665884
        ]
      },
      "properties": {
        "id": 13248740888,
        "osm_type": "node",
        "name": "Apartment Alfa 41.2 Jasná",
        "tourism": "apartment",
        "phone": "+421 903 634 064",
        "website": "https://www.jasna-chopok.eu/apartments-jasna-chopok-alfa-abakus.html"
      }
    },
    {
      "type": "Feature",
      "geometry": {
        "type": "Point",
        "coordinates": [
          19.5758308,
          48.9667583
        ]
      },
      "properties": {
        "id": 13248744096,
        "osm_type": "node",
        "name": "Apartment Abakus 51.3 Jasná",
        "tourism": "apartment",
        "phone": "+421 903 634 064",
        "website": "https://www.jasna-chopok.eu/apartments-jasna-chopok-alfa-abakus.html"
      }
    },
    {
      "type": "Feature",
      "geometry": {
        "type": "Point",
        "coordinates": [
          19.5872042,
          49.065976
        ]
      },
      "properties": {
        "id": 13517792443,
        "osm_type": "node",
        "name": "Tatraline",
        "tourism": "hotel",
        "contact:phone": "+421 905 556 806",
        "website": "https://www.tatraline.sk/"
      }
    },
    {
      "type": "Feature",
      "geometry": {
        "type": "Point",
        "coordinates": [
          18.7497115,
          49.2253881
        ]
      },
      "properties": {
        "id": 13622217975,
        "osm_type": "node",
        "name": "Penzión Pars",
        "tourism": "guest_house"
      }
    },
    {
      "type": "Feature",
      "geometry": {
        "type": "Point",
        "coordinates": [
          19.351178,
          49.0490626
        ]
      },
      "properties": {
        "id": 13658632454,
        "osm_type": "node",
        "name": "Chalúpka 28 s vírivkou, saunou",
        "tourism": "chalet",
        "phone": "+421915494600",
        "website": "https://www.chalupky.sk/"
      }
    },
    {
      "type": "Feature",
      "geometry": {
        "type": "Point",
        "coordinates": [
          19.3536897,
          49.0482154
        ]
      },
      "properties": {
        "id": 13658648964,
        "osm_type": "node",
        "name": "Chalúpka 19 s vírivkou",
        "tourism": "chalet",
        "phone": "+421915494600",
        "website": "https://www.chalupky.sk/"
      }
    },
    {
      "type": "Feature",
      "geometry": {
        "type": "Point",
        "coordinates": [
          19.2374365,
          49.1477523
        ]
      },
      "properties": {
        "id": 13707923286,
        "osm_type": "node",
        "name": "Chata Triangel",
        "tourism": "chalet",
        "phone": "+421 948 949 949",
        "website": "https://www.chatatriangel.sk/"
      }
    },
    {
      "type": "Feature",
      "geometry": {
        "type": "Point",
        "coordinates": [
          19.5981134,
          48.9796536
        ]
      },
      "properties": {
        "id": 13752237547,
        "osm_type": "node",
        "name": "Chaty Jasná",
        "tourism": "chalet",
        "phone": "+421915832414",
        "website": "http://www.chatyjasna.sk"
      }
    },
    {
      "type": "Feature",
      "geometry": {
        "type": "Point",
        "coordinates": [
          19.5764898,
          49.0359343
        ]
      },
      "properties": {
        "id": 13752256554,
        "osm_type": "node",
        "name": "Chata Sofia",
        "tourism": "chalet",
        "phone": "+421915832414",
        "website": "https://www.chatyjasna.sk/sofia-fotogaleria/"
      }
    },
    {
      "type": "Feature",
      "geometry": {
        "type": "Point",
        "coordinates": [
          19.5803745,
          48.9704494
        ]
      },
      "properties": {
        "id": 22823454,
        "osm_type": "way",
        "name": "Hotel Grand",
        "tourism": "hotel",
        "phone": "+421442901321",
        "website": "https://www.grandjasna.sk/"
      }
    },
    {
      "type": "Feature",
      "geometry": {
        "type": "Point",
        "coordinates": [
          19.5830791,
          48.9696627
        ]
      },
      "properties": {
        "id": 22823455,
        "osm_type": "way",
        "name": "Hotel SOREA SNP",
        "tourism": "hotel",
        "phone": "+421445591661",
        "website": "https://www.sorea.sk/nizke-tatry/hotel-sorea-snp/"
      }
    },
    {
      "type": "Feature",
      "geometry": {
        "type": "Point",
        "coordinates": [
          19.6713813,
          49.0370399
        ]
      },
      "properties": {
        "id": 23471856,
        "osm_type": "way",
        "name": "Hotel SOREA Máj",
        "tourism": "hotel",
        "phone": "+421445208100",
        "website": "https://www.sorea.sk/nizke-tatry/hotel-sorea-maj/"
      }
    },
    {
      "type": "Feature",
      "geometry": {
        "type": "Point",
        "coordinates": [
          19.736714,
          48.9055604
        ]
      },
      "properties": {
        "id": 30138873,
        "osm_type": "way",
        "name": "Penzión STIV Čertovica",
        "tourism": "guest_house",
        "website": "https://www.certovica.sk/"
      }
    },
    {
      "type": "Feature",
      "geometry": {
        "type": "Point",
        "coordinates": [
          19.2589283,
          49.2953493
        ]
      },
      "properties": {
        "id": 58062921,
        "osm_type": "way",
        "tourism": "chalet"
      }
    },
    {
      "type": "Feature",
      "geometry": {
        "type": "Point",
        "coordinates": [
          19.2590036,
          49.2955726
        ]
      },
      "properties": {
        "id": 58063283,
        "osm_type": "way",
        "tourism": "chalet"
      }
    },
    {
      "type": "Feature",
      "geometry": {
        "type": "Point",
        "coordinates": [
          19.2587782,
          49.2954757
        ]
      },
      "properties": {
        "id": 58063315,
        "osm_type": "way",
        "tourism": "chalet"
      }
    },
    {
      "type": "Feature",
      "geometry": {
        "type": "Point",
        "coordinates": [
          19.3332914,
          49.3189762
        ]
      },
      "properties": {
        "id": 58063322,
        "osm_type": "way",
        "name": "Agrohotel Tri brezy",
        "tourism": "hotel",
        "phone": "+421 911 631 992",
        "website": "https://tribrezy.eu/"
      }
    },
    {
      "type": "Feature",
      "geometry": {
        "type": "Point",
        "coordinates": [
          19.2591283,
          49.2954422
        ]
      },
      "properties": {
        "id": 58063637,
        "osm_type": "way",
        "tourism": "chalet"
      }
    },
    {
      "type": "Feature",
      "geometry": {
        "type": "Point",
        "coordinates": [
          19.2586328,
          49.2953909
        ]
      },
      "properties": {
        "id": 58063656,
        "osm_type": "way",
        "tourism": "chalet"
      }
    },
    {
      "type": "Feature",
      "geometry": {
        "type": "Point",
        "coordinates": [
          19.2586566,
          49.2959342
        ]
      },
      "properties": {
        "id": 58063666,
        "osm_type": "way",
        "name": "Koliba u Kuba",
        "tourism": "guest_house",
        "phone": "+421432388284",
        "website": "https://www.skizabava.sk/"
      }
    },
    {
      "type": "Feature",
      "geometry": {
        "type": "Point",
        "coordinates": [
          19.2723375,
          49.071987
        ]
      },
      "properties": {
        "id": 58537077,
        "osm_type": "way",
        "name": "Vila Barbora",
        "tourism": "apartment"
      }
    },
    {
      "type": "Feature",
      "geometry": {
        "type": "Point",
        "coordinates": [
          19.2954486,
          49.0684081
        ]
      },
      "properties": {
        "id": 58537458,
        "osm_type": "way",
        "name": "Penzión Emília",
        "tourism": "apartment",
        "phone": "+421 905 364 542;+421 443 336 454",
        "website": "http://www.penzion-emilia.sk/"
      }
    },
    {
      "type": "Feature",
      "geometry": {
        "type": "Point",
        "coordinates": [
          19.2744601,
          49.071111
        ]
      },
      "properties": {
        "id": 58537506,
        "osm_type": "way",
        "name": "CHATA MÁRIA Hrabovo",
        "tourism": "chalet",
        "phone": "+421 905 796 725",
        "website": "https://www.megaubytovanie.sk/chata-maria-ruzomberok-hrabovo"
      }
    },
    {
      "type": "Feature",
      "geometry": {
        "type": "Point",
        "coordinates": [
          19.2724524,
          49.0729246
        ]
      },
      "properties": {
        "id": 58537551,
        "osm_type": "way",
        "name": "Vila Viktória",
        "tourism": "apartment"
      }
    },
    {
      "type": "Feature",
      "geometry": {
        "type": "Point",
        "coordinates": [
          19.272263,
          49.0715147
        ]
      },
      "properties": {
        "id": 58537760,
        "osm_type": "way",
        "name": "Vila Alžbeta",
        "tourism": "apartment"
      }
    },
    {
      "type": "Feature",
      "geometry": {
        "type": "Point",
        "coordinates": [
          19.2801757,
          48.9917418
        ]
      },
      "properties": {
        "id": 58538098,
        "osm_type": "way",
        "name": "Penzion Smrekovica",
        "tourism": "apartment"
      }
    },
    {
      "type": "Feature",
      "geometry": {
        "type": "Point",
        "coordinates": [
          19.272164,
          49.0711172
        ]
      },
      "properties": {
        "id": 58539123,
        "osm_type": "way",
        "name": "Vila Renata",
        "tourism": "apartment"
      }
    },
    {
      "type": "Feature",
      "geometry": {
        "type": "Point",
        "coordinates": [
          19.2741146,
          49.0706399
        ]
      },
      "properties": {
        "id": 58539712,
        "osm_type": "way",
        "tourism": "chalet"
      }
    },
    {
      "type": "Feature",
      "geometry": {
        "type": "Point",
        "coordinates": [
          19.2765867,
          49.0718445
        ]
      },
      "properties": {
        "id": 58539923,
        "osm_type": "way",
        "name": "Chata Zebra",
        "tourism": "chalet",
        "phone": "+421904388883",
        "website": "http://www.malinobrdo.sk"
      }
    },
    {
      "type": "Feature",
      "geometry": {
        "type": "Point",
        "coordinates": [
          19.2502795,
          49.0470729
        ]
      },
      "properties": {
        "id": 58540034,
        "osm_type": "way",
        "name": "Mederlyho chata",
        "tourism": "chalet",
        "website": "https://www.megaubytovanie.sk/bab/mederlyho-chata"
      }
    },
    {
      "type": "Feature",
      "geometry": {
        "type": "Point",
        "coordinates": [
          19.2654179,
          49.0707636
        ]
      },
      "properties": {
        "id": 58541923,
        "osm_type": "way",
        "name": "Liptovo (horské chaty)",
        "tourism": "chalet",
        "website": "http://liptovo.sk/ubytovanie/"
      }
    },
    {
      "type": "Feature",
      "geometry": {
        "type": "Point",
        "coordinates": [
          19.2625413,
          49.0556077
        ]
      },
      "properties": {
        "id": 58542310,
        "osm_type": "way",
        "name": "Májekova chata",
        "tourism": "hotel",
        "contact:phone": "+421 910908857",
        "contact:website": "http://www.majekovachata.sk/"
      }
    },
    {
      "type": "Feature",
      "geometry": {
        "type": "Point",
        "coordinates": [
          19.2696623,
          49.070348
        ]
      },
      "properties": {
        "id": 58542744,
        "osm_type": "way",
        "name": "Fatrapark 2",
        "tourism": "hotel",
        "contact:phone": "+421-444300096",
        "contact:website": "https://www.fatrapark2.sk/"
      }
    },
    {
      "type": "Feature",
      "geometry": {
        "type": "Point",
        "coordinates": [
          19.2660103,
          49.0710862
        ]
      },
      "properties": {
        "id": 58543961,
        "osm_type": "way",
        "name": "Liptovo (horské chaty)",
        "tourism": "chalet",
        "website": "http://liptovo.sk/ubytovanie/"
      }
    },
    {
      "type": "Feature",
      "geometry": {
        "type": "Point",
        "coordinates": [
          19.2723864,
          49.0724594
        ]
      },
      "properties": {
        "id": 58544048,
        "osm_type": "way",
        "name": "Vila Olympia",
        "tourism": "apartment"
      }
    },
    {
      "type": "Feature",
      "geometry": {
        "type": "Point",
        "coordinates": [
          19.272511,
          49.0734375
        ]
      },
      "properties": {
        "id": 58544351,
        "osm_type": "way",
        "name": "Vila Olívia",
        "tourism": "apartment"
      }
    },
    {
      "type": "Feature",
      "geometry": {
        "type": "Point",
        "coordinates": [
          19.2658955,
          49.0709395
        ]
      },
      "properties": {
        "id": 58545282,
        "osm_type": "way",
        "name": "Liptovo (horské chaty)",
        "tourism": "chalet",
        "website": "http://liptovo.sk/ubytovanie/"
      }
    },
    {
      "type": "Feature",
      "geometry": {
        "type": "Point",
        "coordinates": [
          19.2905416,
          49.0588501
        ]
      },
      "properties": {
        "id": 58546099,
        "osm_type": "way",
        "name": "Penzion Gejdák",
        "tourism": "hotel",
        "website": "http://www.penziongejdak.sk/"
      }
    },
    {
      "type": "Feature",
      "geometry": {
        "type": "Point",
        "coordinates": [
          19.2656445,
          49.0709148
        ]
      },
      "properties": {
        "id": 58546279,
        "osm_type": "way",
        "name": "Liptovo (horské chaty)",
        "tourism": "chalet",
        "website": "http://liptovo.sk/ubytovanie/"
      }
    },
    {
      "type": "Feature",
      "geometry": {
        "type": "Point",
        "coordinates": [
          19.2765835,
          49.0722689
        ]
      },
      "properties": {
        "id": 58546532,
        "osm_type": "way",
        "name": "Chata Kamenar",
        "tourism": "chalet",
        "phone": "+421904388883",
        "website": "http://malinobrdo.sk/"
      }
    },
    {
      "type": "Feature",
      "geometry": {
        "type": "Point",
        "coordinates": [
          19.2816417,
          49.0815065
        ]
      },
      "properties": {
        "id": 58547786,
        "osm_type": "way",
        "name": "Áčko",
        "tourism": "hotel"
      }
    },
    {
      "type": "Feature",
      "geometry": {
        "type": "Point",
        "coordinates": [
          19.2718098,
          49.0708453
        ]
      },
      "properties": {
        "id": 58548114,
        "osm_type": "way",
        "name": "Vila Helena",
        "tourism": "apartment"
      }
    },
    {
      "type": "Feature",
      "geometry": {
        "type": "Point",
        "coordinates": [
          19.2923293,
          49.0222753
        ]
      },
      "properties": {
        "id": 58639912,
        "osm_type": "way",
        "name": "Koliba pod Vlkolíncom",
        "tourism": "guest_house",
        "website": "https://kolibapodvlkolincom.sk"
      }
    },
    {
      "type": "Feature",
      "geometry": {
        "type": "Point",
        "coordinates": [
          19.5832516,
          49.0607856
        ]
      },
      "properties": {
        "id": 58960472,
        "osm_type": "way",
        "name": "Privát Veverica",
        "tourism": "chalet",
        "phone": "+421907250122",
        "website": "https://www.ubytovanieveverica.sk/"
      }
    },
    {
      "type": "Feature",
      "geometry": {
        "type": "Point",
        "coordinates": [
          19.584556,
          49.0605261
        ]
      },
      "properties": {
        "id": 58960477,
        "osm_type": "way",
        "name": "Penzión Tatra",
        "tourism": "guest_house",
        "phone": "+421 905 695 320",
        "website": "https://www.broma-demanova.sk/"
      }
    },
    {
      "type": "Feature",
      "geometry": {
        "type": "Point",
        "coordinates": [
          19.583818,
          49.060626
        ]
      },
      "properties": {
        "id": 58960495,
        "osm_type": "way",
        "name": "Apartmány Broma",
        "tourism": "guest_house",
        "phone": "+421905695320",
        "website": "https://www.broma-demanova.sk/"
      }
    },
    {
      "type": "Feature",
      "geometry": {
        "type": "Point",
        "coordinates": [
          19.5828306,
          49.0611396
        ]
      },
      "properties": {
        "id": 58960595,
        "osm_type": "way",
        "name": "Privát Paula",
        "tourism": "chalet",
        "phone": "+421445549416",
        "website": "http://www.privatpaula.wbl.sk/"
      }
    },
    {
      "type": "Feature",
      "geometry": {
        "type": "Point",
        "coordinates": [
          19.5825467,
          49.0617696
        ]
      },
      "properties": {
        "id": 58960694,
        "osm_type": "way",
        "name": "Penzión Fortuna",
        "tourism": "guest_house",
        "phone": "+421911720687",
        "website": "http://www.ubytovaniefortuna.sk/"
      }
    },
    {
      "type": "Feature",
      "geometry": {
        "type": "Point",
        "coordinates": [
          19.5837534,
          49.0609075
        ]
      },
      "properties": {
        "id": 58960755,
        "osm_type": "way",
        "name": "Privát Relax",
        "tourism": "chalet",
        "phone": "+421948091111",
        "website": "http://www.relaxjasna.sk/"
      }
    },
    {
      "type": "Feature",
      "geometry": {
        "type": "Point",
        "coordinates": [
          19.5805402,
          49.0564302
        ]
      },
      "properties": {
        "id": 58960780,
        "osm_type": "way",
        "name": "Penzión Ďubo",
        "tourism": "guest_house",
        "website": "http://www.skidubojasna.sk/sk/penzion-dubo"
      }
    },
    {
      "type": "Feature",
      "geometry": {
        "type": "Point",
        "coordinates": [
          19.5776419,
          49.036917
        ]
      },
      "properties": {
        "id": 58960789,
        "osm_type": "way",
        "name": "Penzión Slovakotour",
        "tourism": "guest_house",
        "phone": "+421445549275",
        "website": "https://www.slovakotour.sk/index.php?page=fullinfo&id=142"
      }
    },
    {
      "type": "Feature",
      "geometry": {
        "type": "Point",
        "coordinates": [
          19.5832723,
          49.0606205
        ]
      },
      "properties": {
        "id": 58960860,
        "osm_type": "way",
        "name": "Vila Viktória",
        "tourism": "chalet",
        "phone": "+421910585432",
        "website": "http://www.privat-viktoria.sk/"
      }
    },
    {
      "type": "Feature",
      "geometry": {
        "type": "Point",
        "coordinates": [
          19.5801052,
          49.056317
        ]
      },
      "properties": {
        "id": 58960900,
        "osm_type": "way",
        "name": "Penzión Drak",
        "tourism": "guest_house",
        "phone": "+421918378207",
        "website": "https://www.penziondrak.sk/"
      }
    },
    {
      "type": "Feature",
      "geometry": {
        "type": "Point",
        "coordinates": [
          19.5836201,
          49.0604426
        ]
      },
      "properties": {
        "id": 58960965,
        "osm_type": "way",
        "name": "Apartmány Baška",
        "tourism": "guest_house",
        "phone": "+421905695320",
        "website": "https://www.broma-demanova.sk/"
      }
    },
    {
      "type": "Feature",
      "geometry": {
        "type": "Point",
        "coordinates": [
          19.5023041,
          49.1486987
        ]
      },
      "properties": {
        "id": 58986447,
        "osm_type": "way",
        "name": "Apartmánový dom Adas",
        "tourism": "apartment",
        "website": "https://adas.123u.sk"
      }
    },
    {
      "type": "Feature",
      "geometry": {
        "type": "Point",
        "coordinates": [
          19.4892969,
          49.143054
        ]
      },
      "properties": {
        "id": 58986841,
        "osm_type": "way",
        "name": "Apartmány Čereňovka",
        "tourism": "guest_house",
        "website": "https://cerenovka.sk/"
      }
    },
    {
      "type": "Feature",
      "geometry": {
        "type": "Point",
        "coordinates": [
          19.5420746,
          49.1712429
        ]
      },
      "properties": {
        "id": 58988142,
        "osm_type": "way",
        "name": "Pivovar Kvačany",
        "tourism": "guest_house",
        "opening_hours": "11:30-20:00",
        "phone": "+421 904 392 750",
        "website": "https://www.pivovarkvacany.sk/"
      }
    },
    {
      "type": "Feature",
      "geometry": {
        "type": "Point",
        "coordinates": [
          19.5498973,
          49.1529849
        ]
      },
      "properties": {
        "id": 58988526,
        "osm_type": "way",
        "name": "Apartmány Anička",
        "tourism": "apartment",
        "website": "https://anicka.123u.sk/"
      }
    },
    {
      "type": "Feature",
      "geometry": {
        "type": "Point",
        "coordinates": [
          19.4448853,
          49.0997325
        ]
      },
      "properties": {
        "id": 58990174,
        "osm_type": "way",
        "name": "Hotel Galeria Thermal Bešeňová****",
        "tourism": "hotel",
        "phone": "+421 44 2901 357",
        "website": "https://www.besenova.com/ubytovanie/ponuka-ubytovania/galeria-thermal-besenova"
      }
    },
    {
      "type": "Feature",
      "geometry": {
        "type": "Point",
        "coordinates": [
          19.4350549,
          49.0995371
        ]
      },
      "properties": {
        "id": 58990207,
        "osm_type": "way",
        "name": "Privát Anna",
        "tourism": "guest_house"
      }
    },
    {
      "type": "Feature",
      "geometry": {
        "type": "Point",
        "coordinates": [
          19.4430473,
          49.099347
        ]
      },
      "properties": {
        "id": 58990508,
        "osm_type": "way",
        "name": "River Cottage Bešeňová",
        "tourism": "guest_house",
        "website": "https://rivercottage.webnode.sk/"
      }
    },
    {
      "type": "Feature",
      "geometry": {
        "type": "Point",
        "coordinates": [
          19.4448243,
          49.1002595
        ]
      },
      "properties": {
        "id": 58990593,
        "osm_type": "way",
        "name": "Hotel Thermal",
        "tourism": "hotel"
      }
    },
    {
      "type": "Feature",
      "geometry": {
        "type": "Point",
        "coordinates": [
          19.6193632,
          49.2780286
        ]
      },
      "properties": {
        "id": 59018977,
        "osm_type": "way",
        "name": "Penzión Monika",
        "tourism": "guest_house",
        "phone": "+421435395022",
        "website": "https://www.pension-monika.sk/"
      }
    },
    {
      "type": "Feature",
      "geometry": {
        "type": "Point",
        "coordinates": [
          19.611591,
          49.267972
        ]
      },
      "properties": {
        "id": 59023221,
        "osm_type": "way",
        "name": "Dom na vyhliadke",
        "tourism": "chalet",
        "phone": "+421904444084",
        "website": "http://www.ubytovanie-zuberec.sk/"
      }
    },
    {
      "type": "Feature",
      "geometry": {
        "type": "Point",
        "coordinates": [
          19.6067458,
          49.2639273
        ]
      },
      "properties": {
        "id": 59187179,
        "osm_type": "way",
        "name": "Turistická ubytovňa Pod Grápou",
        "tourism": "hotel"
      }
    },
    {
      "type": "Feature",
      "geometry": {
        "type": "Point",
        "coordinates": [
          19.6108956,
          49.260148
        ]
      },
      "properties": {
        "id": 59187597,
        "osm_type": "way",
        "name": "Ubytovanie Karolína",
        "tourism": "guest_house",
        "website": "https://karolina.123u.sk"
      }
    },
    {
      "type": "Feature",
      "geometry": {
        "type": "Point",
        "coordinates": [
          19.6211088,
          49.2591542
        ]
      },
      "properties": {
        "id": 59188788,
        "osm_type": "way",
        "name": "Privat FANDO",
        "tourism": "guest_house"
      }
    },
    {
      "type": "Feature",
      "geometry": {
        "type": "Point",
        "coordinates": [
          19.6372102,
          49.2576209
        ]
      },
      "properties": {
        "id": 59189445,
        "osm_type": "way",
        "name": "Penzión Antares",
        "tourism": "guest_house",
        "phone": "+421 911 336 478",
        "website": "www.penzionantares.sk"
      }
    },
    {
      "type": "Feature",
      "geometry": {
        "type": "Point",
        "coordinates": [
          19.6395603,
          49.2553347
        ]
      },
      "properties": {
        "id": 59189447,
        "osm_type": "way",
        "name": "Penzión u Michala",
        "tourism": "hotel"
      }
    },
    {
      "type": "Feature",
      "geometry": {
        "type": "Point",
        "coordinates": [
          19.3653216,
          49.4974138
        ]
      },
      "properties": {
        "id": 59232024,
        "osm_type": "way",
        "name": "Chata Pilsko",
        "tourism": "guest_house"
      }
    },
    {
      "type": "Feature",
      "geometry": {
        "type": "Point",
        "coordinates": [
          19.7474344,
          49.2137084
        ]
      },
      "properties": {
        "id": 59241947,
        "osm_type": "way",
        "name": "Ťatliakova chata",
        "tourism": "alpine_hut",
        "opening_hours": "Jun 15-Sep 30 Mo-Su 07:00-22:00",
        "phone": "+421 905 973 201",
        "website": "http://tatliacka.sk/"
      }
    },
    {
      "type": "Feature",
      "geometry": {
        "type": "Point",
        "coordinates": [
          19.403264,
          49.5151605
        ]
      },
      "properties": {
        "id": 59277758,
        "osm_type": "way",
        "name": "Penzión Beskydy",
        "tourism": "guest_house",
        "phone": "+421 43 370 9047",
        "website": "https://www.penzionbeskydy.sk/"
      }
    },
    {
      "type": "Feature",
      "geometry": {
        "type": "Point",
        "coordinates": [
          19.5158674,
          49.3987168
        ]
      },
      "properties": {
        "id": 59406515,
        "osm_type": "way",
        "name": "Salaš Orava",
        "tourism": "guest_house"
      }
    },
    {
      "type": "Feature",
      "geometry": {
        "type": "Point",
        "coordinates": [
          19.5135986,
          49.399721
        ]
      },
      "properties": {
        "id": 59406538,
        "osm_type": "way",
        "name": "Slanica",
        "tourism": "hotel"
      }
    },
    {
      "type": "Feature",
      "geometry": {
        "type": "Point",
        "coordinates": [
          19.5552088,
          49.2864231
        ]
      },
      "properties": {
        "id": 59478344,
        "osm_type": "way",
        "name": "Hotel Millenium",
        "tourism": "hotel",
        "phone": "+421 918 098 120"
      }
    },
    {
      "type": "Feature",
      "geometry": {
        "type": "Point",
        "coordinates": [
          19.5511852,
          49.2859653
        ]
      },
      "properties": {
        "id": 59479097,
        "osm_type": "way",
        "name": "Chata Roháče",
        "tourism": "chalet",
        "website": "http://chatarohace.sk/"
      }
    },
    {
      "type": "Feature",
      "geometry": {
        "type": "Point",
        "coordinates": [
          19.4174536,
          49.1283899
        ]
      },
      "properties": {
        "id": 59964534,
        "osm_type": "way",
        "name": "Ubytovanie - komposesorát Kalameny",
        "tourism": "chalet",
        "website": "https://www.kpskalameny.sk/ubytovanie/"
      }
    },
    {
      "type": "Feature",
      "geometry": {
        "type": "Point",
        "coordinates": [
          19.4826357,
          49.4044097
        ]
      },
      "properties": {
        "id": 60860410,
        "osm_type": "way",
        "name": "PORT CLUB pension",
        "tourism": "guest_house"
      }
    },
    {
      "type": "Feature",
      "geometry": {
        "type": "Point",
        "coordinates": [
          19.4841272,
          49.4055065
        ]
      },
      "properties": {
        "id": 60860473,
        "osm_type": "way",
        "name": "Penzión Modul",
        "tourism": "guest_house",
        "check_date": "2025-07-16"
      }
    },
    {
      "type": "Feature",
      "geometry": {
        "type": "Point",
        "coordinates": [
          19.1608032,
          49.2127804
        ]
      },
      "properties": {
        "id": 62159826,
        "osm_type": "way",
        "name": "Hotel Smrečina",
        "tourism": "hotel"
      }
    },
    {
      "type": "Feature",
      "geometry": {
        "type": "Point",
        "coordinates": [
          19.5538954,
          49.333319
        ]
      },
      "properties": {
        "id": 65419069,
        "osm_type": "way",
        "name": "Hotel Limba***",
        "tourism": "hotel",
        "website": "https://www.ubytovatsa.sk/zilinsky-kraj/Ubytovanie_1535_Hotel__Limba",
        "check_date": "2022-10-16"
      }
    },
    {
      "type": "Feature",
      "geometry": {
        "type": "Point",
        "coordinates": [
          18.6934912,
          49.1540331
        ]
      },
      "properties": {
        "id": 67554754,
        "osm_type": "way",
        "name": "Penzión Zemanov dvor",
        "tourism": "guest_house",
        "website": "https://www.zemanovdvor.sk/"
      }
    },
    {
      "type": "Feature",
      "geometry": {
        "type": "Point",
        "coordinates": [
          19.0339683,
          49.2571824
        ]
      },
      "properties": {
        "id": 68559177,
        "osm_type": "way",
        "name": "Chata MAFIS",
        "tourism": "apartment",
        "phone": "+421917400100",
        "website": "https://mafis.sk/"
      }
    },
    {
      "type": "Feature",
      "geometry": {
        "type": "Point",
        "coordinates": [
          19.0341729,
          49.2564065
        ]
      },
      "properties": {
        "id": 68559244,
        "osm_type": "way",
        "name": "Chata Caesar",
        "tourism": "chalet",
        "phone": "+421904444737",
        "website": "https://chatacaesar.sk/"
      }
    },
    {
      "type": "Feature",
      "geometry": {
        "type": "Point",
        "coordinates": [
          19.0331703,
          49.2548077
        ]
      },
      "properties": {
        "id": 68559260,
        "osm_type": "way",
        "name": "Chalupa Robo",
        "tourism": "guest_house",
        "phone": "+421914154506",
        "website": "https://robo.123u.sk/"
      }
    },
    {
      "type": "Feature",
      "geometry": {
        "type": "Point",
        "coordinates": [
          19.0354638,
          49.2534776
        ]
      },
      "properties": {
        "id": 68559431,
        "osm_type": "way",
        "name": "Privát Martoš",
        "tourism": "apartment",
        "phone": "+421904056446"
      }
    },
    {
      "type": "Feature",
      "geometry": {
        "type": "Point",
        "coordinates": [
          19.0373188,
          49.2559458
        ]
      },
      "properties": {
        "id": 68559453,
        "osm_type": "way",
        "name": "Hotel Gold",
        "tourism": "hotel",
        "website": "https://www.hotel-terchova.sk/"
      }
    },
    {
      "type": "Feature",
      "geometry": {
        "type": "Point",
        "coordinates": [
          19.0307622,
          49.254747
        ]
      },
      "properties": {
        "id": 68559475,
        "osm_type": "way",
        "name": "Penzión Ľudmila",
        "tourism": "apartment",
        "phone": "+421903555234",
        "website": "http://penzion-ludmila.szm.sk/"
      }
    },
    {
      "type": "Feature",
      "geometry": {
        "type": "Point",
        "coordinates": [
          19.0304105,
          49.2536702
        ]
      },
      "properties": {
        "id": 68559483,
        "osm_type": "way",
        "name": "Penzión U Jánošíka",
        "tourism": "apartment",
        "phone": "+421907682548;+421905834537",
        "website": "http://www.ujanosika.sk/"
      }
    },
    {
      "type": "Feature",
      "geometry": {
        "type": "Point",
        "coordinates": [
          19.0356777,
          49.2561841
        ]
      },
      "properties": {
        "id": 68559511,
        "osm_type": "way",
        "name": "Chalupa Viktor",
        "tourism": "chalet",
        "phone": "+421908503593;+421415695545"
      }
    },
    {
      "type": "Feature",
      "geometry": {
        "type": "Point",
        "coordinates": [
          19.0368033,
          49.2528636
        ]
      },
      "properties": {
        "id": 68559522,
        "osm_type": "way",
        "name": "Mucha",
        "tourism": "apartment"
      }
    },
    {
      "type": "Feature",
      "geometry": {
        "type": "Point",
        "coordinates": [
          19.03251,
          49.2546705
        ]
      },
      "properties": {
        "id": 68559525,
        "osm_type": "way",
        "name": "Chalupa Katka",
        "tourism": "guest_house",
        "phone": "+421905724753",
        "website": "https://chalupa-katka.szm.com/"
      }
    },
    {
      "type": "Feature",
      "geometry": {
        "type": "Point",
        "coordinates": [
          19.0255942,
          49.2588599
        ]
      },
      "properties": {
        "id": 68559537,
        "osm_type": "way",
        "name": "Vila Kamila",
        "tourism": "guest_house"
      }
    },
    {
      "type": "Feature",
      "geometry": {
        "type": "Point",
        "coordinates": [
          19.0312773,
          49.2563313
        ]
      },
      "properties": {
        "id": 68559591,
        "osm_type": "way",
        "name": "Apartmány Terchová",
        "tourism": "apartment",
        "phone": "+421907605079",
        "website": "https://apartmany-terchova.sk/"
      }
    },
    {
      "type": "Feature",
      "geometry": {
        "type": "Point",
        "coordinates": [
          19.0488899,
          49.2578309
        ]
      },
      "properties": {
        "id": 68559654,
        "osm_type": "way",
        "name": "Chata Berešík",
        "tourism": "apartment",
        "phone": "+421904680412;+421903643290",
        "website": "http://www.chataberesik.inac.sk/"
      }
    },
    {
      "type": "Feature",
      "geometry": {
        "type": "Point",
        "coordinates": [
          19.0316452,
          49.2554872
        ]
      },
      "properties": {
        "id": 68559664,
        "osm_type": "way",
        "name": "Privát Anna",
        "tourism": "apartment",
        "phone": "+421902237732;+421904592391;+421415695391",
        "website": "https://www.privatanna.sk/"
      }
    },
    {
      "type": "Feature",
      "geometry": {
        "type": "Point",
        "coordinates": [
          19.0312885,
          49.2532126
        ]
      },
      "properties": {
        "id": 68559867,
        "osm_type": "way",
        "name": "Irka",
        "tourism": "guest_house",
        "phone": "+421 948 505 250",
        "website": "https://www.penzionirka.sk/"
      }
    },
    {
      "type": "Feature",
      "geometry": {
        "type": "Point",
        "coordinates": [
          19.0353036,
          49.2547207
        ]
      },
      "properties": {
        "id": 68559969,
        "osm_type": "way",
        "name": "Privát Alenka",
        "tourism": "chalet",
        "phone": "+421903907446"
      }
    },
    {
      "type": "Feature",
      "geometry": {
        "type": "Point",
        "coordinates": [
          19.0329422,
          49.2536473
        ]
      },
      "properties": {
        "id": 68559978,
        "osm_type": "way",
        "name": "Penzión Admit",
        "tourism": "guest_house",
        "website": "https://www.admit.sk"
      }
    },
    {
      "type": "Feature",
      "geometry": {
        "type": "Point",
        "coordinates": [
          19.0539191,
          49.2579394
        ]
      },
      "properties": {
        "id": 68560090,
        "osm_type": "way",
        "name": "Privát Gustáv Halas",
        "tourism": "chalet",
        "phone": "+421 949 517 377",
        "website": "http://www.halas-terchova.szm.com/"
      }
    },
    {
      "type": "Feature",
      "geometry": {
        "type": "Point",
        "coordinates": [
          19.0306061,
          49.2563354
        ]
      },
      "properties": {
        "id": 68560110,
        "osm_type": "way",
        "name": "Chata PARADiSE Residence",
        "tourism": "chalet",
        "phone": "+421911097106;+421911886328"
      }
    },
    {
      "type": "Feature",
      "geometry": {
        "type": "Point",
        "coordinates": [
          19.0369879,
          49.2523022
        ]
      },
      "properties": {
        "id": 68560212,
        "osm_type": "way",
        "name": "Privát Helena",
        "tourism": "apartment",
        "phone": "+421415695119;+421910911336"
      }
    },
    {
      "type": "Feature",
      "geometry": {
        "type": "Point",
        "coordinates": [
          19.0361869,
          49.2523223
        ]
      },
      "properties": {
        "id": 68560289,
        "osm_type": "way",
        "name": "Chalupa Danka",
        "tourism": "chalet",
        "phone": "+421415695092;+421902848560",
        "website": "http://www.privatdanka.sk/"
      }
    },
    {
      "type": "Feature",
      "geometry": {
        "type": "Point",
        "coordinates": [
          19.0372635,
          49.2569012
        ]
      },
      "properties": {
        "id": 68560305,
        "osm_type": "way",
        "name": "Chalupa Synka",
        "tourism": "apartment",
        "phone": "+421 903 048 820",
        "website": "https://www.chalupasynka.sk/"
      }
    },
    {
      "type": "Feature",
      "geometry": {
        "type": "Point",
        "coordinates": [
          19.0365765,
          49.2515208
        ]
      },
      "properties": {
        "id": 68560309,
        "osm_type": "way",
        "name": "Apartmán Ana",
        "tourism": "apartment",
        "phone": "+421940516363"
      }
    },
    {
      "type": "Feature",
      "geometry": {
        "type": "Point",
        "coordinates": [
          19.0364162,
          49.2567004
        ]
      },
      "properties": {
        "id": 68560331,
        "osm_type": "way",
        "name": "Covera",
        "tourism": "hostel"
      }
    },
    {
      "type": "Feature",
      "geometry": {
        "type": "Point",
        "coordinates": [
          19.0322366,
          49.253488
        ]
      },
      "properties": {
        "id": 68560350,
        "osm_type": "way",
        "name": "Penzión Malá Fatra",
        "tourism": "guest_house",
        "phone": "+421 41 5695 413;+421 903 522 389",
        "website": "http://www.durko.sk/"
      }
    },
    {
      "type": "Feature",
      "geometry": {
        "type": "Point",
        "coordinates": [
          19.3542892,
          49.0476923
        ]
      },
      "properties": {
        "id": 69071006,
        "osm_type": "way",
        "name": "Chalúpka 01 s kaďou",
        "tourism": "chalet",
        "phone": "+421915494600",
        "website": "https://www.chalupky.sk/"
      }
    },
    {
      "type": "Feature",
      "geometry": {
        "type": "Point",
        "coordinates": [
          18.8377682,
          49.2476172
        ]
      },
      "properties": {
        "id": 69877274,
        "osm_type": "way",
        "name": "Chalupa Višňa",
        "tourism": "guest_house"
      }
    },
    {
      "type": "Feature",
      "geometry": {
        "type": "Point",
        "coordinates": [
          19.6100084,
          49.1187056
        ]
      },
      "properties": {
        "id": 71534747,
        "osm_type": "way",
        "name": "Penzion Manderlak",
        "tourism": "guest_house",
        "website": "http://www.rsq-trade.sk"
      }
    },
    {
      "type": "Feature",
      "geometry": {
        "type": "Point",
        "coordinates": [
          19.6152811,
          49.119506
        ]
      },
      "properties": {
        "id": 71535441,
        "osm_type": "way",
        "name": "Privat Alena",
        "tourism": "apartment"
      }
    },
    {
      "type": "Feature",
      "geometry": {
        "type": "Point",
        "coordinates": [
          19.6208047,
          49.1269645
        ]
      },
      "properties": {
        "id": 71535785,
        "osm_type": "way",
        "name": "Ubytovanie Benevyta",
        "tourism": "guest_house",
        "website": "https://www.1-2-3-ubytovanie.sk/benevyta"
      }
    },
    {
      "type": "Feature",
      "geometry": {
        "type": "Point",
        "coordinates": [
          18.992911,
          49.030414
        ]
      },
      "properties": {
        "id": 71694579,
        "osm_type": "way",
        "name": "Turistická ubytovňa Hôrka",
        "tourism": "hostel",
        "contact:website": "http://www.ubytovanie-horka.sk/"
      }
    },
    {
      "type": "Feature",
      "geometry": {
        "type": "Point",
        "coordinates": [
          19.0258123,
          49.0122183
        ]
      },
      "properties": {
        "id": 71694691,
        "osm_type": "way",
        "name": "Chalupa pod Lyscom",
        "tourism": "guest_house"
      }
    },
    {
      "type": "Feature",
      "geometry": {
        "type": "Point",
        "coordinates": [
          18.8934602,
          49.2867424
        ]
      },
      "properties": {
        "id": 71695850,
        "osm_type": "way",
        "name": "Horský hotel Hájnice",
        "tourism": "hotel",
        "phone": "+421 41 420 77 00",
        "website": "https://www.rsvadicov.sk/"
      }
    },
    {
      "type": "Feature",
      "geometry": {
        "type": "Point",
        "coordinates": [
          19.7263458,
          49.1077746
        ]
      },
      "properties": {
        "id": 71730110,
        "osm_type": "way",
        "name": "Tatry Liptov",
        "tourism": "chalet"
      }
    },
    {
      "type": "Feature",
      "geometry": {
        "type": "Point",
        "coordinates": [
          19.7357144,
          49.1319655
        ]
      },
      "properties": {
        "id": 71730181,
        "osm_type": "way",
        "name": "Chata Pečivár",
        "tourism": "hostel",
        "contact:phone": "+421 44 559 52 34",
        "website": "https://chatapecivar.webnode.sk/o-nas/"
      }
    },
    {
      "type": "Feature",
      "geometry": {
        "type": "Point",
        "coordinates": [
          19.7374221,
          49.1314271
        ]
      },
      "properties": {
        "id": 71730202,
        "osm_type": "way",
        "name": "Provida camp",
        "tourism": "hostel"
      }
    },
    {
      "type": "Feature",
      "geometry": {
        "type": "Point",
        "coordinates": [
          19.7388044,
          49.1321413
        ]
      },
      "properties": {
        "id": 71730211,
        "osm_type": "way",
        "name": "Chata Katarina",
        "tourism": "chalet"
      }
    },
    {
      "type": "Feature",
      "geometry": {
        "type": "Point",
        "coordinates": [
          19.7427559,
          49.1304796
        ]
      },
      "properties": {
        "id": 71730230,
        "osm_type": "way",
        "name": "Rekreačná Jakubovany",
        "tourism": "chalet",
        "website": "https://www.booking.com/hotel/sk/rekreacna-chata.sk.html"
      }
    },
    {
      "type": "Feature",
      "geometry": {
        "type": "Point",
        "coordinates": [
          19.7427565,
          49.1335204
        ]
      },
      "properties": {
        "id": 71730233,
        "osm_type": "way",
        "name": "Chata Maco",
        "tourism": "chalet"
      }
    },
    {
      "type": "Feature",
      "geometry": {
        "type": "Point",
        "coordinates": [
          19.743911,
          49.1339943
        ]
      },
      "properties": {
        "id": 71730246,
        "osm_type": "way",
        "name": "Chata Studnička",
        "tourism": "chalet",
        "website": "https://studnicka.123u.sk/"
      }
    },
    {
      "type": "Feature",
      "geometry": {
        "type": "Point",
        "coordinates": [
          19.7451491,
          49.1329408
        ]
      },
      "properties": {
        "id": 71730256,
        "osm_type": "way",
        "name": "Chata v Západných Tatrách",
        "tourism": "chalet",
        "phone": "+421902131512"
      }
    },
    {
      "type": "Feature",
      "geometry": {
        "type": "Point",
        "coordinates": [
          19.7836977,
          49.1335129
        ]
      },
      "properties": {
        "id": 71743908,
        "osm_type": "way",
        "name": "Horský hotel AKADEMIK",
        "tourism": "hotel",
        "phone": "+421 44 529 31 11",
        "website": "https://hotelakademik.sk/index.htm"
      }
    },
    {
      "type": "Feature",
      "geometry": {
        "type": "Point",
        "coordinates": [
          19.7899368,
          49.132493
        ]
      },
      "properties": {
        "id": 71743926,
        "osm_type": "way",
        "name": "Horská Chata OREŠNICA",
        "tourism": "hotel",
        "phone": "+421 44 2901 000",
        "website": "https://chataoresnica.sk"
      }
    },
    {
      "type": "Feature",
      "geometry": {
        "type": "Point",
        "coordinates": [
          19.7897069,
          49.1316247
        ]
      },
      "properties": {
        "id": 71743929,
        "osm_type": "way",
        "tourism": "chalet"
      }
    },
    {
      "type": "Feature",
      "geometry": {
        "type": "Point",
        "coordinates": [
          19.7897904,
          49.1318326
        ]
      },
      "properties": {
        "id": 71743930,
        "osm_type": "way",
        "tourism": "chalet"
      }
    },
    {
      "type": "Feature",
      "geometry": {
        "type": "Point",
        "coordinates": [
          19.7163661,
          49.1180709
        ]
      },
      "properties": {
        "id": 71811194,
        "osm_type": "way",
        "name": "Chata Konská",
        "tourism": "chalet"
      }
    },
    {
      "type": "Feature",
      "geometry": {
        "type": "Point",
        "coordinates": [
          19.7185997,
          49.1398813
        ]
      },
      "properties": {
        "id": 71811418,
        "osm_type": "way",
        "name": "Chata Baranec",
        "tourism": "chalet"
      }
    },
    {
      "type": "Feature",
      "geometry": {
        "type": "Point",
        "coordinates": [
          19.7194306,
          49.1387307
        ]
      },
      "properties": {
        "id": 71811424,
        "osm_type": "way",
        "name": "Penzión pod Barancom",
        "tourism": "apartment",
        "phone": "+421 918 701 661;+421 905 321 159",
        "website": "https://penzionpodbarancom.sk/"
      }
    },
    {
      "type": "Feature",
      "geometry": {
        "type": "Point",
        "coordinates": [
          18.5697481,
          49.4122053
        ]
      },
      "properties": {
        "id": 71813687,
        "osm_type": "way",
        "name": "Kriváň",
        "tourism": "guest_house"
      }
    },
    {
      "type": "Feature",
      "geometry": {
        "type": "Point",
        "coordinates": [
          19.4092716,
          49.1017854
        ]
      },
      "properties": {
        "id": 73171820,
        "osm_type": "way",
        "name": "Liptovský Mlyn",
        "tourism": "guest_house",
        "website": "https://www.liptovsky-mlyn.sk/sk/"
      }
    },
    {
      "type": "Feature",
      "geometry": {
        "type": "Point",
        "coordinates": [
          19.6715718,
          49.0196401
        ]
      },
      "properties": {
        "id": 73172784,
        "osm_type": "way",
        "name": "Penzión Galanto",
        "tourism": "guest_house"
      }
    },
    {
      "type": "Feature",
      "geometry": {
        "type": "Point",
        "coordinates": [
          19.6716961,
          49.0212878
        ]
      },
      "properties": {
        "id": 73172810,
        "osm_type": "way",
        "name": "Penzión Liptov",
        "tourism": "guest_house"
      }
    },
    {
      "type": "Feature",
      "geometry": {
        "type": "Point",
        "coordinates": [
          19.6733117,
          49.0187952
        ]
      },
      "properties": {
        "id": 73172898,
        "osm_type": "way",
        "name": "chata SND",
        "tourism": "hotel"
      }
    },
    {
      "type": "Feature",
      "geometry": {
        "type": "Point",
        "coordinates": [
          19.6730891,
          49.0243997
        ]
      },
      "properties": {
        "id": 73172947,
        "osm_type": "way",
        "name": "chata Partizán",
        "tourism": "chalet",
        "phone": "+421 905 516 243",
        "website": "https://www.chatapartizan.sk"
      }
    },
    {
      "type": "Feature",
      "geometry": {
        "type": "Point",
        "coordinates": [
          19.6817001,
          48.9736683
        ]
      },
      "properties": {
        "id": 73173098,
        "osm_type": "way",
        "name": "Chata Bystré",
        "tourism": "chalet",
        "website": "https://urbarhybe.sk"
      }
    },
    {
      "type": "Feature",
      "geometry": {
        "type": "Point",
        "coordinates": [
          19.6763513,
          49.0311464
        ]
      },
      "properties": {
        "id": 73173105,
        "osm_type": "way",
        "name": "Chata Havran",
        "tourism": "guest_house",
        "website": "http://www.chatahavran.eu/"
      }
    },
    {
      "type": "Feature",
      "geometry": {
        "type": "Point",
        "coordinates": [
          19.5740754,
          49.1078825
        ]
      },
      "properties": {
        "id": 73173986,
        "osm_type": "way",
        "name": "Holiday Village Tatralandia",
        "tourism": "hotel",
        "phone": "+421442901323",
        "website": "https://tatralandiavillage.sk/"
      }
    },
    {
      "type": "Feature",
      "geometry": {
        "type": "Point",
        "coordinates": [
          19.5764869,
          49.1095063
        ]
      },
      "properties": {
        "id": 73174175,
        "osm_type": "way",
        "name": "Apartmán Tatralandia 336",
        "tourism": "apartment",
        "website": "https://apartmantatralandia.sk/"
      }
    },
    {
      "type": "Feature",
      "geometry": {
        "type": "Point",
        "coordinates": [
          19.7186908,
          49.0991902
        ]
      },
      "properties": {
        "id": 73176928,
        "osm_type": "way",
        "name": "Penzión Studená",
        "tourism": "hostel",
        "phone": "+421 905 939 560",
        "website": "https://www.penzionstudena.sk"
      }
    },
    {
      "type": "Feature",
      "geometry": {
        "type": "Point",
        "coordinates": [
          19.3020821,
          49.0814405
        ]
      },
      "properties": {
        "id": 73311530,
        "osm_type": "way",
        "name": "Penzión PaRk",
        "tourism": "hotel",
        "website": "http://www.penzionpark.sk/"
      }
    },
    {
      "type": "Feature",
      "geometry": {
        "type": "Point",
        "coordinates": [
          18.8917341,
          48.9028763
        ]
      },
      "properties": {
        "id": 73340676,
        "osm_type": "way",
        "name": "Drienok",
        "tourism": "guest_house"
      }
    },
    {
      "type": "Feature",
      "geometry": {
        "type": "Point",
        "coordinates": [
          18.6511634,
          49.2042545
        ]
      },
      "properties": {
        "id": 73409241,
        "osm_type": "way",
        "tourism": "guest_house"
      }
    },
    {
      "type": "Feature",
      "geometry": {
        "type": "Point",
        "coordinates": [
          19.4967526,
          49.2996209
        ]
      },
      "properties": {
        "id": 73421083,
        "osm_type": "way",
        "name": "Penzión Starý pivovar",
        "tourism": "guest_house",
        "phone": "+421435381017"
      }
    },
    {
      "type": "Feature",
      "geometry": {
        "type": "Point",
        "coordinates": [
          19.0591807,
          49.1327584
        ]
      },
      "properties": {
        "id": 73729860,
        "osm_type": "way",
        "name": "Penzion Marko",
        "tourism": "hotel",
        "phone": "+421 948 984 888",
        "website": "https://penzionmarko.sk/"
      }
    },
    {
      "type": "Feature",
      "geometry": {
        "type": "Point",
        "coordinates": [
          19.2245188,
          49.1629885
        ]
      },
      "properties": {
        "id": 73806405,
        "osm_type": "way",
        "name": "Chalupa Víkend",
        "tourism": "chalet",
        "website": "https://vikend.123u.sk"
      }
    },
    {
      "type": "Feature",
      "geometry": {
        "type": "Point",
        "coordinates": [
          18.8798731,
          48.7951332
        ]
      },
      "properties": {
        "id": 74968029,
        "osm_type": "way",
        "name": "Modrá Lagúna",
        "tourism": "guest_house"
      }
    },
    {
      "type": "Feature",
      "geometry": {
        "type": "Point",
        "coordinates": [
          18.3956721,
          49.3118864
        ]
      },
      "properties": {
        "id": 79917663,
        "osm_type": "way",
        "name": "Chata Bariny",
        "tourism": "chalet",
        "website": "https://www.lesspol.sk/chata-bariny"
      }
    },
    {
      "type": "Feature",
      "geometry": {
        "type": "Point",
        "coordinates": [
          18.549972,
          49.360727
        ]
      },
      "properties": {
        "id": 79930635,
        "osm_type": "way",
        "tourism": "chalet",
        "website": "https://hiking.dennikn.sk/ar/3896/koliba_vrchrieka.html"
      }
    },
    {
      "type": "Feature",
      "geometry": {
        "type": "Point",
        "coordinates": [
          19.1306003,
          49.2443665
        ]
      },
      "properties": {
        "id": 79940743,
        "osm_type": "way",
        "tourism": "chalet"
      }
    },
    {
      "type": "Feature",
      "geometry": {
        "type": "Point",
        "coordinates": [
          19.1324743,
          49.242137
        ]
      },
      "properties": {
        "id": 79940809,
        "osm_type": "way",
        "name": "Drevenica u Maťka | pod Rozsutcom",
        "tourism": "chalet",
        "phone": "+421 905 585 001",
        "website": "https://podrozsutcom.sk/u-matka/"
      }
    },
    {
      "type": "Feature",
      "geometry": {
        "type": "Point",
        "coordinates": [
          19.2186534,
          49.2174336
        ]
      },
      "properties": {
        "id": 79944773,
        "osm_type": "way",
        "name": "Perníková Chalúpka",
        "tourism": "chalet",
        "contact:phone": "+421 908 275 738",
        "website": "https://pernikovachalupka.com/"
      }
    },
    {
      "type": "Feature",
      "geometry": {
        "type": "Point",
        "coordinates": [
          19.6222745,
          49.1154865
        ]
      },
      "properties": {
        "id": 79961652,
        "osm_type": "way",
        "name": "Ubytovanie U Katky",
        "tourism": "apartment",
        "website": "https://ukatky.123u.sk/"
      }
    },
    {
      "type": "Feature",
      "geometry": {
        "type": "Point",
        "coordinates": [
          19.6403515,
          49.1834722
        ]
      },
      "properties": {
        "id": 79961857,
        "osm_type": "way",
        "name": "Chata Pod Náružím - Červenec",
        "tourism": "alpine_hut",
        "phone": "+421 911 163 670",
        "website": "https://www.chatacervenec.sk/"
      }
    },
    {
      "type": "Feature",
      "geometry": {
        "type": "Point",
        "coordinates": [
          19.7424604,
          49.1298588
        ]
      },
      "properties": {
        "id": 79963190,
        "osm_type": "way",
        "name": "Chata Brište \"Jahoda\"",
        "tourism": "chalet",
        "phone": "+421903886136",
        "website": "https://www.google.com/travel/hotels/s/PgzMpFZPvCvBjGbX6"
      }
    },
    {
      "type": "Feature",
      "geometry": {
        "type": "Point",
        "coordinates": [
          19.0770328,
          48.9669998
        ]
      },
      "properties": {
        "id": 79966041,
        "osm_type": "way",
        "name": "Chata Havranovo",
        "tourism": "alpine_hut",
        "phone": "+421905792671",
        "website": "https://www.chatahavranovo.sk/"
      }
    },
    {
      "type": "Feature",
      "geometry": {
        "type": "Point",
        "coordinates": [
          19.3242703,
          49.4924774
        ]
      },
      "properties": {
        "id": 79969966,
        "osm_type": "way",
        "name": "Hájovňa Vajdovky",
        "tourism": "guest_house"
      }
    },
    {
      "type": "Feature",
      "geometry": {
        "type": "Point",
        "coordinates": [
          19.1902313,
          48.9565295
        ]
      },
      "properties": {
        "id": 79977935,
        "osm_type": "way",
        "name": "Horská útulňa Limba pod Rakytovom",
        "tourism": "alpine_hut",
        "phone": "+421 918 659 688",
        "website": "https://utulnalimba.sk/"
      }
    },
    {
      "type": "Feature",
      "geometry": {
        "type": "Point",
        "coordinates": [
          19.2341763,
          49.056659
        ]
      },
      "properties": {
        "id": 79979263,
        "osm_type": "way",
        "name": "Chata pod Kozím",
        "tourism": "alpine_hut"
      }
    },
    {
      "type": "Feature",
      "geometry": {
        "type": "Point",
        "coordinates": [
          19.2582653,
          48.9515526
        ]
      },
      "properties": {
        "id": 79979449,
        "osm_type": "way",
        "name": "Chata U Kmotra",
        "tourism": "chalet",
        "website": "https://chataukmotra.123u.sk/"
      }
    },
    {
      "type": "Feature",
      "geometry": {
        "type": "Point",
        "coordinates": [
          19.3536905,
          49.0481939
        ]
      },
      "properties": {
        "id": 79991827,
        "osm_type": "way",
        "name": "Chalúpka 19 s vírivkou",
        "tourism": "chalet",
        "phone": "+421915494600",
        "website": "https://www.chalupky.sk/"
      }
    },
    {
      "type": "Feature",
      "geometry": {
        "type": "Point",
        "coordinates": [
          18.9770981,
          48.8357802
        ]
      },
      "properties": {
        "id": 79997797,
        "osm_type": "way",
        "name": "Helena",
        "tourism": "chalet"
      }
    },
    {
      "type": "Feature",
      "geometry": {
        "type": "Point",
        "coordinates": [
          19.4880068,
          49.306669
        ]
      },
      "properties": {
        "id": 79998212,
        "osm_type": "way",
        "name": "Drevenica Podbiel",
        "tourism": "chalet",
        "website": "https://drevenicapodbiel.123u.sk"
      }
    },
    {
      "type": "Feature",
      "geometry": {
        "type": "Point",
        "coordinates": [
          19.0303825,
          49.2567708
        ]
      },
      "properties": {
        "id": 80006906,
        "osm_type": "way",
        "name": "Chalupa Magdaléna",
        "tourism": "guest_house",
        "website": "https://magdalena.123u.sk/"
      }
    },
    {
      "type": "Feature",
      "geometry": {
        "type": "Point",
        "coordinates": [
          19.0333777,
          49.2562955
        ]
      },
      "properties": {
        "id": 80007179,
        "osm_type": "way",
        "name": "Chalupa pri Uličke",
        "tourism": "guest_house",
        "phone": "+421 904 647 286"
      }
    },
    {
      "type": "Feature",
      "geometry": {
        "type": "Point",
        "coordinates": [
          19.035198,
          49.2552792
        ]
      },
      "properties": {
        "id": 80007549,
        "osm_type": "way",
        "name": "Chata Polovica Terchová",
        "tourism": "chalet"
      }
    },
    {
      "type": "Feature",
      "geometry": {
        "type": "Point",
        "coordinates": [
          19.036443,
          49.2515923
        ]
      },
      "properties": {
        "id": 80007720,
        "osm_type": "way",
        "name": "Drevenica Jakub",
        "tourism": "chalet",
        "phone": "+421904273387",
        "website": "https://web.archive.org/web/20110809053151/https://alfa-studio.sk/drevenicaterchova/"
      }
    },
    {
      "type": "Feature",
      "geometry": {
        "type": "Point",
        "coordinates": [
          19.0371719,
          49.2509767
        ]
      },
      "properties": {
        "id": 80007797,
        "osm_type": "way",
        "name": "Chata Tiesňavy",
        "tourism": "chalet",
        "phone": "+421948555333",
        "website": "http://www.chatatiesnavy.sk/"
      }
    },
    {
      "type": "Feature",
      "geometry": {
        "type": "Point",
        "coordinates": [
          19.0371788,
          49.2512346
        ]
      },
      "properties": {
        "id": 80007809,
        "osm_type": "way",
        "name": "Chata pod Mníchom",
        "tourism": "chalet",
        "phone": "+421903271771"
      }
    },
    {
      "type": "Feature",
      "geometry": {
        "type": "Point",
        "coordinates": [
          19.0440308,
          49.2578468
        ]
      },
      "properties": {
        "id": 80007930,
        "osm_type": "way",
        "name": "Garni Hotel Fatra",
        "tourism": "hotel",
        "phone": "+421 948 484 888",
        "website": "https://www.hotelfatra.sk/"
      }
    },
    {
      "type": "Feature",
      "geometry": {
        "type": "Point",
        "coordinates": [
          19.0514556,
          49.259006
        ]
      },
      "properties": {
        "id": 80008033,
        "osm_type": "way",
        "name": "Chata Dybala",
        "tourism": "chalet",
        "phone": "+421 910 611 136",
        "website": "http://www.dybala.sk/"
      }
    },
    {
      "type": "Feature",
      "geometry": {
        "type": "Point",
        "coordinates": [
          19.0516979,
          49.2578833
        ]
      },
      "properties": {
        "id": 80008041,
        "osm_type": "way",
        "name": "Chalupa Meri",
        "tourism": "chalet",
        "phone": "+421903567081;+421415695260",
        "website": "https://www.chalupa-meri.webnode.sk"
      }
    },
    {
      "type": "Feature",
      "geometry": {
        "type": "Point",
        "coordinates": [
          19.2668265,
          49.2676376
        ]
      },
      "properties": {
        "id": 83724765,
        "osm_type": "way",
        "name": "Chata na Kubínskej holi",
        "tourism": "alpine_hut",
        "opening_hours": "Mo-Su 08:00-21:00",
        "website": "https://hiking.dennikn.sk/ar/1343/chata_na_kubinskej_holi.html"
      }
    },
    {
      "type": "Feature",
      "geometry": {
        "type": "Point",
        "coordinates": [
          18.8855237,
          49.4372116
        ]
      },
      "properties": {
        "id": 103973062,
        "osm_type": "way",
        "name": "u Holtána",
        "tourism": "guest_house",
        "website": "http://www.uholtana.sk/"
      }
    },
    {
      "type": "Feature",
      "geometry": {
        "type": "Point",
        "coordinates": [
          18.8798779,
          49.4341055
        ]
      },
      "properties": {
        "id": 103973229,
        "osm_type": "way",
        "name": "Penzión pri Trojičke",
        "tourism": "guest_house"
      }
    },
    {
      "type": "Feature",
      "geometry": {
        "type": "Point",
        "coordinates": [
          18.86753,
          49.4244291
        ]
      },
      "properties": {
        "id": 103974143,
        "osm_type": "way",
        "name": "Rodinný penzion ALPINKA",
        "tourism": "guest_house",
        "website": "https://www.alpinka.sk/sk/"
      }
    },
    {
      "type": "Feature",
      "geometry": {
        "type": "Point",
        "coordinates": [
          18.8809193,
          49.433415
        ]
      },
      "properties": {
        "id": 103974789,
        "osm_type": "way",
        "name": "Gájuz",
        "tourism": "guest_house",
        "phone": "+421 905 592 191",
        "website": "https://www.penzion.gajuz.sk/"
      }
    },
    {
      "type": "Feature",
      "geometry": {
        "type": "Point",
        "coordinates": [
          19.6743596,
          49.0335156
        ]
      },
      "properties": {
        "id": 111260877,
        "osm_type": "way",
        "name": "Hotel SOREA Ďumbier",
        "tourism": "hotel",
        "phone": "+421445263232",
        "website": "https://www.sorea.sk/nizke-tatry/hotel-sorea-dumbier/"
      }
    },
    {
      "type": "Feature",
      "geometry": {
        "type": "Point",
        "coordinates": [
          19.6078298,
          49.0801265
        ]
      },
      "properties": {
        "id": 118277802,
        "osm_type": "way",
        "name": "Hotel Lodenica Kanoe Tatra Klub",
        "tourism": "hotel"
      }
    },
    {
      "type": "Feature",
      "geometry": {
        "type": "Point",
        "coordinates": [
          19.6107592,
          49.0851718
        ]
      },
      "properties": {
        "id": 118281005,
        "osm_type": "way",
        "name": "Hotel Europa",
        "tourism": "hotel",
        "opening_hours": "07:30-22:30"
      }
    },
    {
      "type": "Feature",
      "geometry": {
        "type": "Point",
        "coordinates": [
          19.6330973,
          49.0792491
        ]
      },
      "properties": {
        "id": 118281310,
        "osm_type": "way",
        "name": "Hotel Klar",
        "tourism": "hotel"
      }
    },
    {
      "type": "Feature",
      "geometry": {
        "type": "Point",
        "coordinates": [
          19.6190149,
          49.0862554
        ]
      },
      "properties": {
        "id": 118282073,
        "osm_type": "way",
        "name": "Chalet Slovakia",
        "tourism": "hostel",
        "website": "http://chaletslovakia.com/"
      }
    },
    {
      "type": "Feature",
      "geometry": {
        "type": "Point",
        "coordinates": [
          19.6087011,
          49.082201
        ]
      },
      "properties": {
        "id": 118289212,
        "osm_type": "way",
        "name": "Penzion Bowling, café & bar",
        "tourism": "guest_house",
        "opening_hours": "Mo-Fr 10:00-24:00; Sa-Su 13:00-24:00; PH 13:00-24:00",
        "phone": "+421 911 255 128"
      }
    },
    {
      "type": "Feature",
      "geometry": {
        "type": "Point",
        "coordinates": [
          19.6036679,
          49.0868938
        ]
      },
      "properties": {
        "id": 118289238,
        "osm_type": "way",
        "name": "Hotel Jánošík",
        "tourism": "hotel"
      }
    },
    {
      "type": "Feature",
      "geometry": {
        "type": "Point",
        "coordinates": [
          19.6096902,
          49.0819456
        ]
      },
      "properties": {
        "id": 118289904,
        "osm_type": "way",
        "name": "Penzión Squash",
        "tourism": "guest_house"
      }
    },
    {
      "type": "Feature",
      "geometry": {
        "type": "Point",
        "coordinates": [
          19.8014926,
          49.0987884
        ]
      },
      "properties": {
        "id": 118295843,
        "osm_type": "way",
        "name": "Chalupa Brezinka",
        "tourism": "chalet",
        "website": "https://brezinka.123u.sk"
      }
    },
    {
      "type": "Feature",
      "geometry": {
        "type": "Point",
        "coordinates": [
          18.6895623,
          48.9751455
        ]
      },
      "properties": {
        "id": 132123854,
        "osm_type": "way",
        "name": "Penzión pohoda",
        "tourism": "guest_house"
      }
    },
    {
      "type": "Feature",
      "geometry": {
        "type": "Point",
        "coordinates": [
          18.9209442,
          49.0998346
        ]
      },
      "properties": {
        "id": 132131113,
        "osm_type": "way",
        "name": "San Martin",
        "tourism": "guest_house",
        "contact:phone": "+421434282111",
        "contact:website": "https://www.sanmartin.sk/"
      }
    },
    {
      "type": "Feature",
      "geometry": {
        "type": "Point",
        "coordinates": [
          18.8091992,
          49.0141238
        ]
      },
      "properties": {
        "id": 136493166,
        "osm_type": "way",
        "name": "Apartmány Humno",
        "tourism": "hotel",
        "website": "https://www.snowland.sk/ubytovanie/apartmany-humno/"
      }
    },
    {
      "type": "Feature",
      "geometry": {
        "type": "Point",
        "coordinates": [
          18.8078865,
          49.0148074
        ]
      },
      "properties": {
        "id": 136493168,
        "osm_type": "way",
        "name": "Deer",
        "tourism": "guest_house",
        "website": "https://www.snowland.sk/ubytovanie/penzion-deer/"
      }
    },
    {
      "type": "Feature",
      "geometry": {
        "type": "Point",
        "coordinates": [
          19.9021068,
          49.1434415
        ]
      },
      "properties": {
        "id": 138101139,
        "osm_type": "way",
        "name": "Nebeski",
        "tourism": "guest_house",
        "phone": "+421911646589",
        "website": "https://www.nebeski.sk/"
      }
    },
    {
      "type": "Feature",
      "geometry": {
        "type": "Point",
        "coordinates": [
          19.9007182,
          49.1431104
        ]
      },
      "properties": {
        "id": 138101140,
        "osm_type": "way",
        "name": "Permoník",
        "tourism": "chalet",
        "phone": "+421914330033",
        "website": "https://www.podbanskeresort.sk/dependance-permonik/"
      }
    },
    {
      "type": "Feature",
      "geometry": {
        "type": "Point",
        "coordinates": [
          19.899194,
          49.143429
        ]
      },
      "properties": {
        "id": 138101142,
        "osm_type": "way",
        "name": "Pieris",
        "tourism": "hotel",
        "phone": "+421524490143",
        "website": "https://www.podbanskeresort.sk/hotel-pieris"
      }
    },
    {
      "type": "Feature",
      "geometry": {
        "type": "Point",
        "coordinates": [
          19.9023244,
          49.1437009
        ]
      },
      "properties": {
        "id": 138101149,
        "osm_type": "way",
        "name": "pod Borovicami",
        "tourism": "chalet"
      }
    },
    {
      "type": "Feature",
      "geometry": {
        "type": "Point",
        "coordinates": [
          19.901702,
          49.1435506
        ]
      },
      "properties": {
        "id": 138101151,
        "osm_type": "way",
        "name": "Chata Sýkorka",
        "tourism": "chalet",
        "phone": "+421907829598"
      }
    },
    {
      "type": "Feature",
      "geometry": {
        "type": "Point",
        "coordinates": [
          19.9025777,
          49.1438192
        ]
      },
      "properties": {
        "id": 138101167,
        "osm_type": "way",
        "name": "Chata Pinius",
        "tourism": "chalet",
        "phone": "+421914330033",
        "website": "https://www.podbanskeresort.sk/dependance-pinius"
      }
    },
    {
      "type": "Feature",
      "geometry": {
        "type": "Point",
        "coordinates": [
          19.9005807,
          49.1429489
        ]
      },
      "properties": {
        "id": 138101168,
        "osm_type": "way",
        "name": "Chata Pohoda",
        "tourism": "chalet",
        "phone": "+421918572822",
        "website": "https://www.ubytovanie-podbanske.sk/"
      }
    },
    {
      "type": "Feature",
      "geometry": {
        "type": "Point",
        "coordinates": [
          19.7117478,
          49.0355351
        ]
      },
      "properties": {
        "id": 143816862,
        "osm_type": "way",
        "name": "Lodenica",
        "tourism": "guest_house"
      }
    },
    {
      "type": "Feature",
      "geometry": {
        "type": "Point",
        "coordinates": [
          19.3979155,
          49.133944
        ]
      },
      "properties": {
        "id": 146396798,
        "osm_type": "way",
        "name": "Dependance Liptov",
        "tourism": "hotel"
      }
    },
    {
      "type": "Feature",
      "geometry": {
        "type": "Point",
        "coordinates": [
          19.3973303,
          49.1342603
        ]
      },
      "properties": {
        "id": 146396799,
        "osm_type": "way",
        "name": "BALNEOcentrum",
        "tourism": "hotel"
      }
    },
    {
      "type": "Feature",
      "geometry": {
        "type": "Point",
        "coordinates": [
          19.3985222,
          49.1348959
        ]
      },
      "properties": {
        "id": 146396800,
        "osm_type": "way",
        "name": "Adam",
        "tourism": "guest_house"
      }
    },
    {
      "type": "Feature",
      "geometry": {
        "type": "Point",
        "coordinates": [
          19.402434,
          49.1321319
        ]
      },
      "properties": {
        "id": 146396886,
        "osm_type": "way",
        "name": "Dependance Maja",
        "tourism": "hotel"
      }
    },
    {
      "type": "Feature",
      "geometry": {
        "type": "Point",
        "coordinates": [
          19.3980596,
          49.1329388
        ]
      },
      "properties": {
        "id": 146396895,
        "osm_type": "way",
        "name": "Choč",
        "tourism": "hotel"
      }
    },
    {
      "type": "Feature",
      "geometry": {
        "type": "Point",
        "coordinates": [
          19.5667902,
          49.0323298
        ]
      },
      "properties": {
        "id": 148033057,
        "osm_type": "way",
        "name": "RELAX penzión J&L",
        "tourism": "guest_house",
        "phone": "+421 907 515 910",
        "website": "http://www.relaxpenzion.sk/"
      }
    },
    {
      "type": "Feature",
      "geometry": {
        "type": "Point",
        "coordinates": [
          19.3370847,
          49.2449789
        ]
      },
      "properties": {
        "id": 151820232,
        "osm_type": "way",
        "name": "Turistická ubytovňa Vartáš",
        "tourism": "hostel"
      }
    },
    {
      "type": "Feature",
      "geometry": {
        "type": "Point",
        "coordinates": [
          19.9764739,
          49.055737
        ]
      },
      "properties": {
        "id": 151858985,
        "osm_type": "way",
        "name": "Chalupa Važec",
        "tourism": "chalet",
        "website": "https://vazec.123u.sk/"
      }
    },
    {
      "type": "Feature",
      "geometry": {
        "type": "Point",
        "coordinates": [
          18.8583433,
          48.8584668
        ]
      },
      "properties": {
        "id": 152119670,
        "osm_type": "way",
        "name": "Penzión Pod orechom",
        "tourism": "hotel",
        "phone": "+421903421151"
      }
    },
    {
      "type": "Feature",
      "geometry": {
        "type": "Point",
        "coordinates": [
          19.7042108,
          49.0382599
        ]
      },
      "properties": {
        "id": 152773932,
        "osm_type": "way",
        "name": "Borova Sihoť",
        "tourism": "hotel"
      }
    },
    {
      "type": "Feature",
      "geometry": {
        "type": "Point",
        "coordinates": [
          18.7353264,
          49.2078161
        ]
      },
      "properties": {
        "id": 155826700,
        "osm_type": "way",
        "name": "Hotel Galileo",
        "tourism": "hotel",
        "phone": "+421417001014",
        "website": "https://www.hotelgalileo.sk"
      }
    },
    {
      "type": "Feature",
      "geometry": {
        "type": "Point",
        "coordinates": [
          18.7272714,
          49.2004495
        ]
      },
      "properties": {
        "id": 155862492,
        "osm_type": "way",
        "name": "Business hotel George",
        "tourism": "hotel"
      }
    },
    {
      "type": "Feature",
      "geometry": {
        "type": "Point",
        "coordinates": [
          18.7396453,
          49.2196921
        ]
      },
      "properties": {
        "id": 155958676,
        "osm_type": "way",
        "name": "Slovakia",
        "tourism": "hotel"
      }
    },
    {
      "type": "Feature",
      "geometry": {
        "type": "Point",
        "coordinates": [
          18.740744,
          49.2268805
        ]
      },
      "properties": {
        "id": 155963264,
        "osm_type": "way",
        "name": "Slovan",
        "tourism": "hotel"
      }
    },
    {
      "type": "Feature",
      "geometry": {
        "type": "Point",
        "coordinates": [
          18.7420775,
          49.222714
        ]
      },
      "properties": {
        "id": 155963449,
        "osm_type": "way",
        "name": "Hotel Boss",
        "tourism": "hotel"
      }
    },
    {
      "type": "Feature",
      "geometry": {
        "type": "Point",
        "coordinates": [
          18.739652,
          49.2254849
        ]
      },
      "properties": {
        "id": 155963476,
        "osm_type": "way",
        "name": "Dubná Skala",
        "tourism": "hotel",
        "phone": "+421 41 507 91 00",
        "website": "https://hoteldubnaskala.sk/"
      }
    },
    {
      "type": "Feature",
      "geometry": {
        "type": "Point",
        "coordinates": [
          18.7453077,
          49.2265599
        ]
      },
      "properties": {
        "id": 155988920,
        "osm_type": "way",
        "name": "Palace Hotel Polom",
        "tourism": "hotel",
        "website": "https://palacehotelpolom.sk"
      }
    },
    {
      "type": "Feature",
      "geometry": {
        "type": "Point",
        "coordinates": [
          18.7207023,
          49.2271104
        ]
      },
      "properties": {
        "id": 156081447,
        "osm_type": "way",
        "name": "G hotel",
        "tourism": "hotel"
      }
    },
    {
      "type": "Feature",
      "geometry": {
        "type": "Point",
        "coordinates": [
          19.7519614,
          49.0487966
        ]
      },
      "properties": {
        "id": 156388345,
        "osm_type": "way",
        "name": "Penzión Dovalovec",
        "tourism": "guest_house",
        "phone": "+421 911 556 955",
        "website": "https://www.dovalovec.sk/sk/"
      }
    },
    {
      "type": "Feature",
      "geometry": {
        "type": "Point",
        "coordinates": [
          19.6031358,
          49.3770133
        ]
      },
      "properties": {
        "id": 156780552,
        "osm_type": "way",
        "name": "Turistická ubytovňa Košariská",
        "tourism": "hotel"
      }
    },
    {
      "type": "Feature",
      "geometry": {
        "type": "Point",
        "coordinates": [
          19.5744044,
          49.0592264
        ]
      },
      "properties": {
        "id": 161484796,
        "osm_type": "way",
        "name": "Villa Bellevue",
        "tourism": "apartment",
        "phone": "+421 905 554 755",
        "website": "https://www.villabellevue.sk/"
      }
    },
    {
      "type": "Feature",
      "geometry": {
        "type": "Point",
        "coordinates": [
          19.5792741,
          49.064431
        ]
      },
      "properties": {
        "id": 161484820,
        "osm_type": "way",
        "name": "Penzión Antol",
        "tourism": "guest_house",
        "website": "https://www.penzionantol-liptov.sk/"
      }
    },
    {
      "type": "Feature",
      "geometry": {
        "type": "Point",
        "coordinates": [
          19.5782978,
          49.0627601
        ]
      },
      "properties": {
        "id": 161484839,
        "osm_type": "way",
        "name": "Dom Adria",
        "tourism": "chalet"
      }
    },
    {
      "type": "Feature",
      "geometry": {
        "type": "Point",
        "coordinates": [
          19.57777,
          49.0620963
        ]
      },
      "properties": {
        "id": 161484905,
        "osm_type": "way",
        "name": "Privat Duchoň",
        "tourism": "chalet",
        "phone": "+421915033902",
        "website": "http://www.privatduchon.unas.cz/"
      }
    },
    {
      "type": "Feature",
      "geometry": {
        "type": "Point",
        "coordinates": [
          19.5775055,
          49.0591397
        ]
      },
      "properties": {
        "id": 161484936,
        "osm_type": "way",
        "name": "Villa Andrea",
        "tourism": "guest_house"
      }
    },
    {
      "type": "Feature",
      "geometry": {
        "type": "Point",
        "coordinates": [
          19.5740454,
          49.0590017
        ]
      },
      "properties": {
        "id": 161485005,
        "osm_type": "way",
        "name": "Penzión Adam",
        "tourism": "guest_house"
      }
    },
    {
      "type": "Feature",
      "geometry": {
        "type": "Point",
        "coordinates": [
          19.5750738,
          49.059034
        ]
      },
      "properties": {
        "id": 161485012,
        "osm_type": "way",
        "name": "U Odehnalů",
        "tourism": "guest_house"
      }
    },
    {
      "type": "Feature",
      "geometry": {
        "type": "Point",
        "coordinates": [
          19.5767991,
          49.0614982
        ]
      },
      "properties": {
        "id": 161485021,
        "osm_type": "way",
        "name": "Penzión Mária",
        "tourism": "guest_house",
        "phone": "+421908910171",
        "website": "https://www.penzionmaria.eu/"
      }
    },
    {
      "type": "Feature",
      "geometry": {
        "type": "Point",
        "coordinates": [
          19.5768251,
          49.0595296
        ]
      },
      "properties": {
        "id": 162782387,
        "osm_type": "way",
        "name": "Liptovská Drevenica",
        "tourism": "guest_house",
        "phone": "+421918389585",
        "website": "https://www.liptovskadrevenica.sk/"
      }
    },
    {
      "type": "Feature",
      "geometry": {
        "type": "Point",
        "coordinates": [
          19.8964279,
          49.1375078
        ]
      },
      "properties": {
        "id": 165161616,
        "osm_type": "way",
        "name": "Plesnivec",
        "tourism": "chalet"
      }
    },
    {
      "type": "Feature",
      "geometry": {
        "type": "Point",
        "coordinates": [
          19.6951901,
          49.1418803
        ]
      },
      "properties": {
        "id": 168643533,
        "osm_type": "way",
        "name": "Vřes",
        "tourism": "apartment"
      }
    },
    {
      "type": "Feature",
      "geometry": {
        "type": "Point",
        "coordinates": [
          19.6945897,
          49.1411672
        ]
      },
      "properties": {
        "id": 168643535,
        "osm_type": "way",
        "tourism": "apartment"
      }
    },
    {
      "type": "Feature",
      "geometry": {
        "type": "Point",
        "coordinates": [
          19.6950474,
          49.1409354
        ]
      },
      "properties": {
        "id": 168643536,
        "osm_type": "way",
        "tourism": "apartment"
      }
    },
    {
      "type": "Feature",
      "geometry": {
        "type": "Point",
        "coordinates": [
          19.6955771,
          49.1407307
        ]
      },
      "properties": {
        "id": 168643537,
        "osm_type": "way",
        "tourism": "apartment"
      }
    },
    {
      "type": "Feature",
      "geometry": {
        "type": "Point",
        "coordinates": [
          19.6943432,
          49.1414843
        ]
      },
      "properties": {
        "id": 168643538,
        "osm_type": "way",
        "name": "Protež",
        "tourism": "apartment"
      }
    },
    {
      "type": "Feature",
      "geometry": {
        "type": "Point",
        "coordinates": [
          19.697021,
          49.1410913
        ]
      },
      "properties": {
        "id": 168643539,
        "osm_type": "way",
        "name": "5",
        "tourism": "apartment"
      }
    },
    {
      "type": "Feature",
      "geometry": {
        "type": "Point",
        "coordinates": [
          19.6967523,
          49.1414746
        ]
      },
      "properties": {
        "id": 168643540,
        "osm_type": "way",
        "name": "Chata Třinec",
        "tourism": "hotel",
        "phone": "+421-44-5586288",
        "website": "https://www.chatatrinec.sk/"
      }
    },
    {
      "type": "Feature",
      "geometry": {
        "type": "Point",
        "coordinates": [
          18.9352917,
          49.1764276
        ]
      },
      "properties": {
        "id": 175324755,
        "osm_type": "way",
        "name": "Chata pod Suchým",
        "tourism": "alpine_hut",
        "phone": "+421 918 662 535",
        "website": "https://www.chatapodsuchym.eu/rezervacia/"
      }
    },
    {
      "type": "Feature",
      "geometry": {
        "type": "Point",
        "coordinates": [
          18.6274161,
          49.0451902
        ]
      },
      "properties": {
        "id": 176487345,
        "osm_type": "way",
        "name": "Rodus",
        "tourism": "guest_house"
      }
    },
    {
      "type": "Feature",
      "geometry": {
        "type": "Point",
        "coordinates": [
          18.9198158,
          49.4155622
        ]
      },
      "properties": {
        "id": 178944595,
        "osm_type": "way",
        "name": "Penzión Dedovka",
        "tourism": "guest_house",
        "phone": "+421 903 80 49 48",
        "website": "https://www.dedovkapenzion.sk/"
      }
    },
    {
      "type": "Feature",
      "geometry": {
        "type": "Point",
        "coordinates": [
          18.4501261,
          49.3950895
        ]
      },
      "properties": {
        "id": 180630450,
        "osm_type": "way",
        "name": "Chata Kmínek",
        "tourism": "alpine_hut",
        "phone": "+421 905 815 190;+420 606 568 201",
        "website": "https://www.chata-kminek.sk/"
      }
    },
    {
      "type": "Feature",
      "geometry": {
        "type": "Point",
        "coordinates": [
          19.7106683,
          49.248475
        ]
      },
      "properties": {
        "id": 181561885,
        "osm_type": "way",
        "name": "Chata Zverovka",
        "tourism": "alpine_hut",
        "website": "http://www.chatazverovka.sk/"
      }
    },
    {
      "type": "Feature",
      "geometry": {
        "type": "Point",
        "coordinates": [
          18.8199831,
          49.4945422
        ]
      },
      "properties": {
        "id": 193243567,
        "osm_type": "way",
        "name": "Magistrál",
        "tourism": "hotel"
      }
    },
    {
      "type": "Feature",
      "geometry": {
        "type": "Point",
        "coordinates": [
          19.7501082,
          48.9257677
        ]
      },
      "properties": {
        "id": 194692032,
        "osm_type": "way",
        "name": "Barbora",
        "tourism": "hotel",
        "phone": "+421 918 777 279",
        "website": "https://www.hotelbarbora.sk/"
      }
    },
    {
      "type": "Feature",
      "geometry": {
        "type": "Point",
        "coordinates": [
          19.7449781,
          48.9228059
        ]
      },
      "properties": {
        "id": 194692273,
        "osm_type": "way",
        "name": "Hrádocká chata",
        "tourism": "guest_house"
      }
    },
    {
      "type": "Feature",
      "geometry": {
        "type": "Point",
        "coordinates": [
          19.7525703,
          48.9258198
        ]
      },
      "properties": {
        "id": 194692330,
        "osm_type": "way",
        "name": "Penzión Boca",
        "tourism": "guest_house"
      }
    },
    {
      "type": "Feature",
      "geometry": {
        "type": "Point",
        "coordinates": [
          18.6752312,
          49.1254122
        ]
      },
      "properties": {
        "id": 198493591,
        "osm_type": "way",
        "name": "Villa",
        "tourism": "guest_house",
        "phone": "+421 41 549 46 93",
        "website": "https://www.penzionvilla.sk"
      }
    },
    {
      "type": "Feature",
      "geometry": {
        "type": "Point",
        "coordinates": [
          18.5159471,
          48.9579369
        ]
      },
      "properties": {
        "id": 199087534,
        "osm_type": "way",
        "name": "Filipovce pod Žiarom",
        "tourism": "guest_house",
        "phone": "+421 902 450 005",
        "website": "https://ubytovaniecicmany.webnode.sk/"
      }
    },
    {
      "type": "Feature",
      "geometry": {
        "type": "Point",
        "coordinates": [
          18.5137293,
          48.9509642
        ]
      },
      "properties": {
        "id": 199087773,
        "osm_type": "way",
        "name": "Drevenica Čičmany",
        "tourism": "chalet",
        "website": "https://www.1-2-3-ubytovanie.sk/ubytovanie-cicmany"
      }
    },
    {
      "type": "Feature",
      "geometry": {
        "type": "Point",
        "coordinates": [
          19.5984879,
          48.972398
        ]
      },
      "properties": {
        "id": 202740573,
        "osm_type": "way",
        "name": "Chata Záhradky",
        "tourism": "chalet",
        "website": "https://www.chatazahradky.sk/"
      }
    },
    {
      "type": "Feature",
      "geometry": {
        "type": "Point",
        "coordinates": [
          19.5921973,
          48.9817948
        ]
      },
      "properties": {
        "id": 202740586,
        "osm_type": "way",
        "name": "Penzión Energetik",
        "tourism": "guest_house",
        "phone": "+421904631906",
        "website": "http://www.penzionenergetik.sk/"
      }
    },
    {
      "type": "Feature",
      "geometry": {
        "type": "Point",
        "coordinates": [
          19.5835462,
          48.9980496
        ]
      },
      "properties": {
        "id": 202740588,
        "osm_type": "way",
        "name": "Hotel FIM",
        "tourism": "hotel",
        "phone": "+421445479999",
        "website": "https://www.avena.sk/page.php?4&stredisko"
      }
    },
    {
      "type": "Feature",
      "geometry": {
        "type": "Point",
        "coordinates": [
          19.5979198,
          48.9726832
        ]
      },
      "properties": {
        "id": 202740654,
        "osm_type": "way",
        "name": "Hotel Ski Záhradky",
        "tourism": "hotel",
        "phone": "+421444327705",
        "website": "https://www.hotelski.sk/"
      }
    },
    {
      "type": "Feature",
      "geometry": {
        "type": "Point",
        "coordinates": [
          19.576133,
          48.9904973
        ]
      },
      "properties": {
        "id": 202740757,
        "osm_type": "way",
        "name": "Welness hotel Repiská",
        "tourism": "hotel",
        "website": "https://www.repiska.sk/"
      }
    },
    {
      "type": "Feature",
      "geometry": {
        "type": "Point",
        "coordinates": [
          19.593998,
          48.9802582
        ]
      },
      "properties": {
        "id": 202740778,
        "osm_type": "way",
        "name": "Apartmánový dom Lúčky 188",
        "tourism": "apartment",
        "phone": "+421902139209",
        "website": "https://adlucky188.sk/"
      }
    },
    {
      "type": "Feature",
      "geometry": {
        "type": "Point",
        "coordinates": [
          19.6520408,
          49.040921
        ]
      },
      "properties": {
        "id": 211675618,
        "osm_type": "way",
        "name": "Tatrin",
        "tourism": "hotel"
      }
    },
    {
      "type": "Feature",
      "geometry": {
        "type": "Point",
        "coordinates": [
          19.6417471,
          49.0448624
        ]
      },
      "properties": {
        "id": 211675620,
        "osm_type": "way",
        "name": "Chata Opalisko",
        "tourism": "guest_house",
        "opening_hours": "Mo-Su 09:00-19:00",
        "phone": "+421 44 554 71 78",
        "website": "https://www.chataopalisko.sk/"
      }
    },
    {
      "type": "Feature",
      "geometry": {
        "type": "Point",
        "coordinates": [
          19.6444405,
          49.048996
        ]
      },
      "properties": {
        "id": 211677945,
        "osm_type": "way",
        "name": "Penzión Zivka",
        "tourism": "hotel",
        "phone": "+421 917 277 777",
        "website": "https://www.zivka.sk/"
      }
    },
    {
      "type": "Feature",
      "geometry": {
        "type": "Point",
        "coordinates": [
          19.6904928,
          49.0544724
        ]
      },
      "properties": {
        "id": 211744135,
        "osm_type": "way",
        "name": "Privát Prima",
        "tourism": "guest_house",
        "website": "https://privatprima.sk/"
      }
    },
    {
      "type": "Feature",
      "geometry": {
        "type": "Point",
        "coordinates": [
          19.6540283,
          49.1251228
        ]
      },
      "properties": {
        "id": 211745072,
        "osm_type": "way",
        "name": "Privat Matej",
        "tourism": "apartment"
      }
    },
    {
      "type": "Feature",
      "geometry": {
        "type": "Point",
        "coordinates": [
          19.6491567,
          49.1206614
        ]
      },
      "properties": {
        "id": 211745143,
        "osm_type": "way",
        "name": "Privat Klonga",
        "tourism": "chalet"
      }
    },
    {
      "type": "Feature",
      "geometry": {
        "type": "Point",
        "coordinates": [
          19.6534219,
          49.1208645
        ]
      },
      "properties": {
        "id": 211745161,
        "osm_type": "way",
        "name": "Privát Pod Hrádzou",
        "tourism": "chalet"
      }
    },
    {
      "type": "Feature",
      "geometry": {
        "type": "Point",
        "coordinates": [
          19.6488892,
          49.1203249
        ]
      },
      "properties": {
        "id": 211745178,
        "osm_type": "way",
        "name": "Rekreačný dom Shallom",
        "tourism": "guest_house"
      }
    },
    {
      "type": "Feature",
      "geometry": {
        "type": "Point",
        "coordinates": [
          19.6536159,
          49.119287
        ]
      },
      "properties": {
        "id": 211745270,
        "osm_type": "way",
        "name": "Privát Chlievy",
        "tourism": "chalet"
      }
    },
    {
      "type": "Feature",
      "geometry": {
        "type": "Point",
        "coordinates": [
          19.655119,
          49.1214733
        ]
      },
      "properties": {
        "id": 211745277,
        "osm_type": "way",
        "name": "Matejov Zrub",
        "tourism": "chalet"
      }
    },
    {
      "type": "Feature",
      "geometry": {
        "type": "Point",
        "coordinates": [
          19.6534141,
          49.1226772
        ]
      },
      "properties": {
        "id": 211745308,
        "osm_type": "way",
        "name": "Privát Bancík",
        "tourism": "chalet"
      }
    },
    {
      "type": "Feature",
      "geometry": {
        "type": "Point",
        "coordinates": [
          19.6499586,
          49.1109545
        ]
      },
      "properties": {
        "id": 211745342,
        "osm_type": "way",
        "name": "Štýlová drevenica RUDY",
        "tourism": "chalet"
      }
    },
    {
      "type": "Feature",
      "geometry": {
        "type": "Point",
        "coordinates": [
          19.6513457,
          49.1179719
        ]
      },
      "properties": {
        "id": 211745354,
        "osm_type": "way",
        "name": "Ubytovanie u Líšky",
        "tourism": "chalet"
      }
    },
    {
      "type": "Feature",
      "geometry": {
        "type": "Point",
        "coordinates": [
          19.650061,
          49.1166705
        ]
      },
      "properties": {
        "id": 211745376,
        "osm_type": "way",
        "name": "Homestay U Hajčov",
        "tourism": "chalet"
      }
    },
    {
      "type": "Feature",
      "geometry": {
        "type": "Point",
        "coordinates": [
          19.6522819,
          49.119391
        ]
      },
      "properties": {
        "id": 211745465,
        "osm_type": "way",
        "name": "Penzión Dom Fraňa Kráľa",
        "tourism": "guest_house",
        "website": "https://domfranakrala.sk"
      }
    },
    {
      "type": "Feature",
      "geometry": {
        "type": "Point",
        "coordinates": [
          19.6485826,
          49.1171913
        ]
      },
      "properties": {
        "id": 211745487,
        "osm_type": "way",
        "name": "Penzion U Hološov",
        "tourism": "guest_house"
      }
    },
    {
      "type": "Feature",
      "geometry": {
        "type": "Point",
        "coordinates": [
          19.6494774,
          49.1136371
        ]
      },
      "properties": {
        "id": 211745581,
        "osm_type": "way",
        "name": "Shalom",
        "tourism": "chalet"
      }
    },
    {
      "type": "Feature",
      "geometry": {
        "type": "Point",
        "coordinates": [
          19.5161203,
          49.1429557
        ]
      },
      "properties": {
        "id": 211748674,
        "osm_type": "way",
        "name": "Apartmán Benjamín",
        "tourism": "apartment"
      }
    },
    {
      "type": "Feature",
      "geometry": {
        "type": "Point",
        "coordinates": [
          19.5144031,
          49.1351878
        ]
      },
      "properties": {
        "id": 211748695,
        "osm_type": "way",
        "name": "Koliba Gréta",
        "tourism": "guest_house",
        "website": "https://www.kolibagreta.sk/"
      }
    },
    {
      "type": "Feature",
      "geometry": {
        "type": "Point",
        "coordinates": [
          19.25961,
          49.2961313
        ]
      },
      "properties": {
        "id": 216446615,
        "osm_type": "way",
        "name": "Hotel Kristína",
        "tourism": "hotel",
        "contact:phone": "+421908383255",
        "website": "https://hotel.skizabava.sk/"
      }
    },
    {
      "type": "Feature",
      "geometry": {
        "type": "Point",
        "coordinates": [
          18.3763724,
          49.3259228
        ]
      },
      "properties": {
        "id": 217520580,
        "osm_type": "way",
        "name": "Horský hotel Fran",
        "tourism": "hotel"
      }
    },
    {
      "type": "Feature",
      "geometry": {
        "type": "Point",
        "coordinates": [
          18.3798952,
          49.3275373
        ]
      },
      "properties": {
        "id": 217520582,
        "osm_type": "way",
        "name": "Penzión Javorník",
        "tourism": "hotel",
        "website": "http://javornik.sk/"
      }
    },
    {
      "type": "Feature",
      "geometry": {
        "type": "Point",
        "coordinates": [
          18.3745294,
          49.3277937
        ]
      },
      "properties": {
        "id": 217520586,
        "osm_type": "way",
        "name": "Chata Bačkárka",
        "tourism": "hotel",
        "website": "https://www.backarka.cz/"
      }
    },
    {
      "type": "Feature",
      "geometry": {
        "type": "Point",
        "coordinates": [
          18.3792544,
          49.3292604
        ]
      },
      "properties": {
        "id": 217520677,
        "osm_type": "way",
        "name": "Turistická chata LKJ Zlín",
        "tourism": "alpine_hut",
        "contact:phone": "+420 724 206 854",
        "contact:website": "http://www.kasarna.com"
      }
    },
    {
      "type": "Feature",
      "geometry": {
        "type": "Point",
        "coordinates": [
          18.5002653,
          49.3468175
        ]
      },
      "properties": {
        "id": 217900657,
        "osm_type": "way",
        "name": "Hotel Pančava",
        "tourism": "hotel"
      }
    },
    {
      "type": "Feature",
      "geometry": {
        "type": "Point",
        "coordinates": [
          19.3275727,
          48.9923861
        ]
      },
      "properties": {
        "id": 229219570,
        "osm_type": "way",
        "name": "Skalnô",
        "tourism": "chalet"
      }
    },
    {
      "type": "Feature",
      "geometry": {
        "type": "Point",
        "coordinates": [
          18.6918806,
          49.3790518
        ]
      },
      "properties": {
        "id": 229876885,
        "osm_type": "way",
        "name": "Severka",
        "tourism": "hotel",
        "website": "https://www.hotelseverka.sk/"
      }
    },
    {
      "type": "Feature",
      "geometry": {
        "type": "Point",
        "coordinates": [
          19.4461856,
          49.0993742
        ]
      },
      "properties": {
        "id": 234161254,
        "osm_type": "way",
        "name": "Hotel Giga",
        "tourism": "hotel"
      }
    },
    {
      "type": "Feature",
      "geometry": {
        "type": "Point",
        "coordinates": [
          19.447608,
          49.0996305
        ]
      },
      "properties": {
        "id": 234161256,
        "osm_type": "way",
        "name": "Hotel Luka",
        "tourism": "hotel"
      }
    },
    {
      "type": "Feature",
      "geometry": {
        "type": "Point",
        "coordinates": [
          19.4444061,
          49.1001557
        ]
      },
      "properties": {
        "id": 234161258,
        "osm_type": "way",
        "name": "Turistická ubytovňa Gio",
        "tourism": "hostel"
      }
    },
    {
      "type": "Feature",
      "geometry": {
        "type": "Point",
        "coordinates": [
          19.4323681,
          48.9439875
        ]
      },
      "properties": {
        "id": 234323491,
        "osm_type": "way",
        "name": "Magurka",
        "tourism": "chalet",
        "opening_hours": "Mo-Th 09:00-20:00; Fr,Sa 08:00-22:00; Su 08:00-20:00",
        "phone": "+421 903 704 444",
        "website": "https://magurka-liptov.sk/"
      }
    },
    {
      "type": "Feature",
      "geometry": {
        "type": "Point",
        "coordinates": [
          19.4376644,
          49.0691823
        ]
      },
      "properties": {
        "id": 234324632,
        "osm_type": "way",
        "name": "Katov dvor",
        "tourism": "apartment",
        "phone": "+421 917 236 326",
        "website": "http://www.katovdvor.sk/"
      }
    },
    {
      "type": "Feature",
      "geometry": {
        "type": "Point",
        "coordinates": [
          19.431241,
          49.0590095
        ]
      },
      "properties": {
        "id": 234324737,
        "osm_type": "way",
        "name": "Penzión č. 270",
        "tourism": "hostel"
      }
    },
    {
      "type": "Feature",
      "geometry": {
        "type": "Point",
        "coordinates": [
          19.3852062,
          49.0604898
        ]
      },
      "properties": {
        "id": 234334311,
        "osm_type": "way",
        "name": "Privát Na Kline",
        "tourism": "guest_house",
        "website": "https://nakline.123u.sk/"
      }
    },
    {
      "type": "Feature",
      "geometry": {
        "type": "Point",
        "coordinates": [
          19.3888137,
          49.0620403
        ]
      },
      "properties": {
        "id": 234334379,
        "osm_type": "way",
        "name": "Penzión Saty",
        "tourism": "guest_house",
        "website": "https://www.penzionsaty.sk/"
      }
    },
    {
      "type": "Feature",
      "geometry": {
        "type": "Point",
        "coordinates": [
          19.6002643,
          49.2802726
        ]
      },
      "properties": {
        "id": 235549973,
        "osm_type": "way",
        "name": "Julianin dvor",
        "tourism": "hotel",
        "opening_hours": "11:00-22:00",
        "phone": "+421 43 5821 023",
        "website": "https://www.julianindvor.sk/"
      }
    },
    {
      "type": "Feature",
      "geometry": {
        "type": "Point",
        "coordinates": [
          18.788528,
          49.3059821
        ]
      },
      "properties": {
        "id": 238786105,
        "osm_type": "way",
        "name": "Hotel Kriváň",
        "tourism": "hotel"
      }
    },
    {
      "type": "Feature",
      "geometry": {
        "type": "Point",
        "coordinates": [
          19.6962955,
          49.0526854
        ]
      },
      "properties": {
        "id": 242200722,
        "osm_type": "way",
        "name": "Relax",
        "tourism": "guest_house",
        "website": "http://www.liptov-relax.sk"
      }
    },
    {
      "type": "Feature",
      "geometry": {
        "type": "Point",
        "coordinates": [
          19.6764778,
          49.0315178
        ]
      },
      "properties": {
        "id": 242277495,
        "osm_type": "way",
        "name": "Chata Šafran",
        "tourism": "guest_house",
        "website": "http://www.chatasafran.eu/"
      }
    },
    {
      "type": "Feature",
      "geometry": {
        "type": "Point",
        "coordinates": [
          19.57412,
          49.032804
        ]
      },
      "properties": {
        "id": 242315320,
        "osm_type": "way",
        "name": "Hotel Poľovník",
        "tourism": "hotel",
        "phone": "+421 44 5548 163",
        "website": "https://bystrinaresort.sk/hotel-polovnik/"
      }
    },
    {
      "type": "Feature",
      "geometry": {
        "type": "Point",
        "coordinates": [
          19.5799945,
          49.05596
        ]
      },
      "properties": {
        "id": 242517699,
        "osm_type": "way",
        "name": "Vila Horal",
        "tourism": "guest_house",
        "phone": "+421904210121",
        "website": "http://www.vilahoral.sk/"
      }
    },
    {
      "type": "Feature",
      "geometry": {
        "type": "Point",
        "coordinates": [
          19.5797207,
          49.056032
        ]
      },
      "properties": {
        "id": 242517708,
        "osm_type": "way",
        "name": "Penzion Chopok Apartments",
        "tourism": "hotel",
        "phone": "+421905528983"
      }
    },
    {
      "type": "Feature",
      "geometry": {
        "type": "Point",
        "coordinates": [
          19.5626175,
          49.2188716
        ]
      },
      "properties": {
        "id": 244743337,
        "osm_type": "way",
        "name": "Chata Jasmína",
        "tourism": "chalet",
        "website": "https://www.megaubytovanie.sk/chata-jasmina"
      }
    },
    {
      "type": "Feature",
      "geometry": {
        "type": "Point",
        "coordinates": [
          19.5531225,
          49.2131519
        ]
      },
      "properties": {
        "id": 244743780,
        "osm_type": "way",
        "name": "Chata Zdenka",
        "tourism": "chalet",
        "website": "https://zdenka.123u.sk"
      }
    },
    {
      "type": "Feature",
      "geometry": {
        "type": "Point",
        "coordinates": [
          18.9016877,
          49.0810501
        ]
      },
      "properties": {
        "id": 245037387,
        "osm_type": "way",
        "name": "Victoria",
        "tourism": "hotel"
      }
    },
    {
      "type": "Feature",
      "geometry": {
        "type": "Point",
        "coordinates": [
          18.8701512,
          49.088224
        ]
      },
      "properties": {
        "id": 245037729,
        "osm_type": "way",
        "name": "Chata ToMi",
        "tourism": "chalet",
        "phone": "+421 948 623 148",
        "website": "https://chatatomi.sk/"
      }
    },
    {
      "type": "Feature",
      "geometry": {
        "type": "Point",
        "coordinates": [
          18.9233544,
          49.062041
        ]
      },
      "properties": {
        "id": 245065172,
        "osm_type": "way",
        "name": "Turiec",
        "tourism": "hotel",
        "phone": "+421434012077",
        "website": "https://hotelturiec.sk/",
        "check_date": "2026-04-03"
      }
    },
    {
      "type": "Feature",
      "geometry": {
        "type": "Point",
        "coordinates": [
          19.4875079,
          49.1426359
        ]
      },
      "properties": {
        "id": 245965381,
        "osm_type": "way",
        "name": "Chata Severanka",
        "tourism": "chalet",
        "website": "https://www.chataseveranka.sk/"
      }
    },
    {
      "type": "Feature",
      "geometry": {
        "type": "Point",
        "coordinates": [
          19.5455678,
          49.1122977
        ]
      },
      "properties": {
        "id": 246024315,
        "osm_type": "way",
        "name": "Pension Mara",
        "tourism": "hotel",
        "phone": "+421 950 598 088",
        "website": "https://www.pivnywellness.sk/"
      }
    },
    {
      "type": "Feature",
      "geometry": {
        "type": "Point",
        "coordinates": [
          19.5414892,
          49.0297408
        ]
      },
      "properties": {
        "id": 246080660,
        "osm_type": "way",
        "name": "U Jelínka",
        "tourism": "guest_house"
      }
    },
    {
      "type": "Feature",
      "geometry": {
        "type": "Point",
        "coordinates": [
          19.5382561,
          49.0274352
        ]
      },
      "properties": {
        "id": 246080699,
        "osm_type": "way",
        "name": "Drevenica pod Sitieňom",
        "tourism": "hotel"
      }
    },
    {
      "type": "Feature",
      "geometry": {
        "type": "Point",
        "coordinates": [
          19.6837133,
          49.1399534
        ]
      },
      "properties": {
        "id": 246185685,
        "osm_type": "way",
        "name": "Hotel Spojár",
        "tourism": "hotel",
        "phone": "+421 44 558 6137",
        "contact:phone": "+421 44 558 6137",
        "website": "http://www.spojar.sk",
        "contact:website": "http://www.spojar.sk"
      }
    },
    {
      "type": "Feature",
      "geometry": {
        "type": "Point",
        "coordinates": [
          19.6632879,
          49.1308444
        ]
      },
      "properties": {
        "id": 246185687,
        "osm_type": "way",
        "name": "Real",
        "tourism": "guest_house"
      }
    },
    {
      "type": "Feature",
      "geometry": {
        "type": "Point",
        "coordinates": [
          19.6587802,
          49.1281975
        ]
      },
      "properties": {
        "id": 246185757,
        "osm_type": "way",
        "name": "Drevenica Zapadne Tatry",
        "tourism": "chalet"
      }
    },
    {
      "type": "Feature",
      "geometry": {
        "type": "Point",
        "coordinates": [
          19.6670279,
          49.132493
        ]
      },
      "properties": {
        "id": 246185796,
        "osm_type": "way",
        "name": "Apartmány Helena",
        "tourism": "apartment"
      }
    },
    {
      "type": "Feature",
      "geometry": {
        "type": "Point",
        "coordinates": [
          19.6718003,
          49.1337797
        ]
      },
      "properties": {
        "id": 246185925,
        "osm_type": "way",
        "name": "Viera",
        "tourism": "apartment"
      }
    },
    {
      "type": "Feature",
      "geometry": {
        "type": "Point",
        "coordinates": [
          19.6636656,
          49.1307633
        ]
      },
      "properties": {
        "id": 246185995,
        "osm_type": "way",
        "name": "Penzion Real",
        "tourism": "apartment"
      }
    },
    {
      "type": "Feature",
      "geometry": {
        "type": "Point",
        "coordinates": [
          19.6878611,
          49.1386881
        ]
      },
      "properties": {
        "id": 246186074,
        "osm_type": "way",
        "name": "Chata Liptov",
        "tourism": "chalet",
        "phone": "+421 917 632 994",
        "website": "https://www.chatyziar.sk/"
      }
    },
    {
      "type": "Feature",
      "geometry": {
        "type": "Point",
        "coordinates": [
          19.6753446,
          49.1367634
        ]
      },
      "properties": {
        "id": 246186113,
        "osm_type": "way",
        "name": "Penzión Frank",
        "tourism": "guest_house"
      }
    },
    {
      "type": "Feature",
      "geometry": {
        "type": "Point",
        "coordinates": [
          19.6619215,
          49.1290135
        ]
      },
      "properties": {
        "id": 246186116,
        "osm_type": "way",
        "name": "Privat Kovacova",
        "tourism": "chalet"
      }
    },
    {
      "type": "Feature",
      "geometry": {
        "type": "Point",
        "coordinates": [
          19.6613928,
          49.1292436
        ]
      },
      "properties": {
        "id": 246186157,
        "osm_type": "way",
        "name": "Privát Jaraba",
        "tourism": "guest_house"
      }
    },
    {
      "type": "Feature",
      "geometry": {
        "type": "Point",
        "coordinates": [
          19.6698949,
          49.1323999
        ]
      },
      "properties": {
        "id": 246186186,
        "osm_type": "way",
        "name": "Apartman 246",
        "tourism": "apartment"
      }
    },
    {
      "type": "Feature",
      "geometry": {
        "type": "Point",
        "coordinates": [
          19.6655601,
          49.1313419
        ]
      },
      "properties": {
        "id": 246186231,
        "osm_type": "way",
        "name": "Gazdovský dom",
        "tourism": "chalet"
      }
    },
    {
      "type": "Feature",
      "geometry": {
        "type": "Point",
        "coordinates": [
          19.6691525,
          49.1322149
        ]
      },
      "properties": {
        "id": 246186242,
        "osm_type": "way",
        "name": "Rekreacny Dom Ziar",
        "tourism": "apartment"
      }
    },
    {
      "type": "Feature",
      "geometry": {
        "type": "Point",
        "coordinates": [
          18.7912549,
          48.9812248
        ]
      },
      "properties": {
        "id": 249497240,
        "osm_type": "way",
        "name": "Chata Cyklo Turiec",
        "tourism": "chalet",
        "phone": "+421 905 424 308",
        "website": "www.chtacykloturiec.sk"
      }
    },
    {
      "type": "Feature",
      "geometry": {
        "type": "Point",
        "coordinates": [
          19.2826968,
          48.8896198
        ]
      },
      "properties": {
        "id": 251718258,
        "osm_type": "way",
        "name": "Penzión Svätopluk",
        "tourism": "guest_house",
        "opening_hours": "Fr 11:00-15:00; Sa-Su 11:00-18:00",
        "phone": "+421 915 121 606",
        "website": "https://www.facebook.com/p/Penzi%C3%B3n-Sv%C3%A4topluk-61576171858599/"
      }
    },
    {
      "type": "Feature",
      "geometry": {
        "type": "Point",
        "coordinates": [
          19.5361612,
          49.5037706
        ]
      },
      "properties": {
        "id": 264119740,
        "osm_type": "way",
        "name": "U Emky",
        "tourism": "apartment",
        "website": "https://privatemka.123u.sk/"
      }
    },
    {
      "type": "Feature",
      "geometry": {
        "type": "Point",
        "coordinates": [
          19.2582921,
          48.9511697
        ]
      },
      "properties": {
        "id": 277212456,
        "osm_type": "way",
        "name": "Penzión HALUŠKA",
        "tourism": "guest_house"
      }
    },
    {
      "type": "Feature",
      "geometry": {
        "type": "Point",
        "coordinates": [
          19.5479154,
          49.1146809
        ]
      },
      "properties": {
        "id": 277448294,
        "osm_type": "way",
        "name": "Villa Korálka Liptovský Trnovec",
        "tourism": "apartment",
        "contact:phone": "+421 910 396 395"
      }
    },
    {
      "type": "Feature",
      "geometry": {
        "type": "Point",
        "coordinates": [
          19.547981,
          49.1143627
        ]
      },
      "properties": {
        "id": 277448647,
        "osm_type": "way",
        "name": "Apartmány AQUAVILLA",
        "tourism": "apartment"
      }
    },
    {
      "type": "Feature",
      "geometry": {
        "type": "Point",
        "coordinates": [
          18.9168442,
          49.2447069
        ]
      },
      "properties": {
        "id": 277635968,
        "osm_type": "way",
        "name": "Penzión a pizzeria u Šujana",
        "tourism": "guest_house",
        "contact:phone": "+421 904 537 648",
        "website": "https://www.penzionapizzeriausujana.sk/"
      }
    },
    {
      "type": "Feature",
      "geometry": {
        "type": "Point",
        "coordinates": [
          19.1503377,
          49.2743078
        ]
      },
      "properties": {
        "id": 283417549,
        "osm_type": "way",
        "name": "Penzión D+D",
        "tourism": "guest_house"
      }
    },
    {
      "type": "Feature",
      "geometry": {
        "type": "Point",
        "coordinates": [
          18.8337541,
          49.0939711
        ]
      },
      "properties": {
        "id": 285941456,
        "osm_type": "way",
        "name": "Apartmány Margo Sun",
        "tourism": "apartment"
      }
    },
    {
      "type": "Feature",
      "geometry": {
        "type": "Point",
        "coordinates": [
          18.8186569,
          49.0921451
        ]
      },
      "properties": {
        "id": 285941459,
        "osm_type": "way",
        "name": "Chata Javorina",
        "tourism": "alpine_hut",
        "phone": "+421 905 511 266",
        "website": "https://chata-javorina.business.site/"
      }
    },
    {
      "type": "Feature",
      "geometry": {
        "type": "Point",
        "coordinates": [
          18.8339196,
          49.0952468
        ]
      },
      "properties": {
        "id": 285941463,
        "osm_type": "way",
        "name": "chata Horec",
        "tourism": "chalet"
      }
    },
    {
      "type": "Feature",
      "geometry": {
        "type": "Point",
        "coordinates": [
          18.8325564,
          49.0938862
        ]
      },
      "properties": {
        "id": 285941485,
        "osm_type": "way",
        "name": "Pirmanka",
        "tourism": "chalet"
      }
    },
    {
      "type": "Feature",
      "geometry": {
        "type": "Point",
        "coordinates": [
          18.8344644,
          49.0948595
        ]
      },
      "properties": {
        "id": 285941497,
        "osm_type": "way",
        "name": "chata Martinské hole",
        "tourism": "alpine_hut",
        "phone": "+421 905 661 441",
        "website": "http://www.chatamartinskehole.sk/"
      }
    },
    {
      "type": "Feature",
      "geometry": {
        "type": "Point",
        "coordinates": [
          19.7215874,
          49.3593427
        ]
      },
      "properties": {
        "id": 286270762,
        "osm_type": "way",
        "name": "Penzión Paula",
        "tourism": "guest_house",
        "phone": "+421918473736"
      }
    },
    {
      "type": "Feature",
      "geometry": {
        "type": "Point",
        "coordinates": [
          19.7790469,
          49.1334544
        ]
      },
      "properties": {
        "id": 286282507,
        "osm_type": "way",
        "name": "Mier",
        "tourism": "hotel",
        "phone": "+421 44 529 31 21",
        "website": "http://www.hotelmier.sk/"
      }
    },
    {
      "type": "Feature",
      "geometry": {
        "type": "Point",
        "coordinates": [
          19.7915808,
          49.1329147
        ]
      },
      "properties": {
        "id": 286282509,
        "osm_type": "way",
        "name": "Chata Račkova",
        "tourism": "chalet"
      }
    },
    {
      "type": "Feature",
      "geometry": {
        "type": "Point",
        "coordinates": [
          19.2700871,
          49.2515228
        ]
      },
      "properties": {
        "id": 291423297,
        "osm_type": "way",
        "name": "Hotel Green",
        "tourism": "hotel"
      }
    },
    {
      "type": "Feature",
      "geometry": {
        "type": "Point",
        "coordinates": [
          19.2668043,
          49.2398431
        ]
      },
      "properties": {
        "id": 291423301,
        "osm_type": "way",
        "name": "Hotel Belez",
        "tourism": "hotel"
      }
    },
    {
      "type": "Feature",
      "geometry": {
        "type": "Point",
        "coordinates": [
          19.2616078,
          49.2307166
        ]
      },
      "properties": {
        "id": 291423563,
        "osm_type": "way",
        "name": "U Sovy",
        "tourism": "guest_house"
      }
    },
    {
      "type": "Feature",
      "geometry": {
        "type": "Point",
        "coordinates": [
          19.0159359,
          49.0137885
        ]
      },
      "properties": {
        "id": 293953797,
        "osm_type": "way",
        "name": "Penzión Jarabina",
        "tourism": "guest_house"
      }
    },
    {
      "type": "Feature",
      "geometry": {
        "type": "Point",
        "coordinates": [
          19.0060139,
          49.0134312
        ]
      },
      "properties": {
        "id": 293953800,
        "osm_type": "way",
        "name": "Chata u Hnilicu",
        "tourism": "chalet"
      }
    },
    {
      "type": "Feature",
      "geometry": {
        "type": "Point",
        "coordinates": [
          19.0151304,
          49.0138267
        ]
      },
      "properties": {
        "id": 293953808,
        "osm_type": "way",
        "name": "Penzión Babia Hora Jasenská dolina",
        "tourism": "guest_house",
        "website": "http://www.babiahora.sk/"
      }
    },
    {
      "type": "Feature",
      "geometry": {
        "type": "Point",
        "coordinates": [
          19.0105847,
          49.0123366
        ]
      },
      "properties": {
        "id": 293953809,
        "osm_type": "way",
        "name": "Kaška",
        "tourism": "chalet"
      }
    },
    {
      "type": "Feature",
      "geometry": {
        "type": "Point",
        "coordinates": [
          19.0113369,
          49.2508898
        ]
      },
      "properties": {
        "id": 294572408,
        "osm_type": "way",
        "name": "Penzión Krištof",
        "tourism": "apartment",
        "phone": "+421911327272;+421903528909",
        "website": "https://penzionkristof.sk/"
      }
    },
    {
      "type": "Feature",
      "geometry": {
        "type": "Point",
        "coordinates": [
          19.2680162,
          49.2055392
        ]
      },
      "properties": {
        "id": 297058373,
        "osm_type": "way",
        "name": "Kemp Tília",
        "tourism": "camp_site",
        "website": "https://www.kemptilia.sk/"
      }
    },
    {
      "type": "Feature",
      "geometry": {
        "type": "Point",
        "coordinates": [
          19.3571696,
          49.2635007
        ]
      },
      "properties": {
        "id": 297068752,
        "osm_type": "way",
        "tourism": "guest_house"
      }
    },
    {
      "type": "Feature",
      "geometry": {
        "type": "Point",
        "coordinates": [
          18.6827172,
          49.1298838
        ]
      },
      "properties": {
        "id": 297392167,
        "osm_type": "way",
        "name": "Penzión Daniela",
        "tourism": "guest_house",
        "opening_hours": "Mo-Su 09:00-22:00",
        "website": "https://www.penzionrajecketeplice.sk/"
      }
    },
    {
      "type": "Feature",
      "geometry": {
        "type": "Point",
        "coordinates": [
          18.6834389,
          49.1284364
        ]
      },
      "properties": {
        "id": 297392182,
        "osm_type": "way",
        "name": "Aphrodite Palace",
        "tourism": "hotel",
        "website": "https://www.spa.sk/sk/hotely/aphrodite-palace"
      }
    },
    {
      "type": "Feature",
      "geometry": {
        "type": "Point",
        "coordinates": [
          18.6832106,
          49.1298697
        ]
      },
      "properties": {
        "id": 297392198,
        "osm_type": "way",
        "name": "Encián",
        "tourism": "hotel",
        "website": "https://hotelencian.sk/hotel/"
      }
    },
    {
      "type": "Feature",
      "geometry": {
        "type": "Point",
        "coordinates": [
          18.6843205,
          49.1289232
        ]
      },
      "properties": {
        "id": 297392220,
        "osm_type": "way",
        "name": "Meritto",
        "tourism": "apartment",
        "website": "https://www.meritto.sk"
      }
    },
    {
      "type": "Feature",
      "geometry": {
        "type": "Point",
        "coordinates": [
          18.6849679,
          49.1292371
        ]
      },
      "properties": {
        "id": 297392240,
        "osm_type": "way",
        "name": "Penzión Talisman",
        "tourism": "guest_house"
      }
    },
    {
      "type": "Feature",
      "geometry": {
        "type": "Point",
        "coordinates": [
          18.6822111,
          49.1291373
        ]
      },
      "properties": {
        "id": 297392244,
        "osm_type": "way",
        "name": "Aphrodite",
        "tourism": "hotel",
        "website": "https://www.spa.sk/sk/hotely/aphrodite"
      }
    },
    {
      "type": "Feature",
      "geometry": {
        "type": "Point",
        "coordinates": [
          18.681273,
          49.1268812
        ]
      },
      "properties": {
        "id": 297392277,
        "osm_type": "way",
        "name": "Penzión Flámm",
        "tourism": "hotel",
        "opening_hours": "Mo-Th 11:00-22:00; Fr-Sa 11:00-23:00; Su 11:00-22:00",
        "contact:phone": "+421 918 010 023",
        "website": "https://flamm.sk/"
      }
    },
    {
      "type": "Feature",
      "geometry": {
        "type": "Point",
        "coordinates": [
          18.6851771,
          49.1261006
        ]
      },
      "properties": {
        "id": 297392278,
        "osm_type": "way",
        "name": "Penzion IRIS",
        "tourism": "guest_house"
      }
    },
    {
      "type": "Feature",
      "geometry": {
        "type": "Point",
        "coordinates": [
          18.6788126,
          49.130078
        ]
      },
      "properties": {
        "id": 297392446,
        "osm_type": "way",
        "name": "Mlynárka",
        "tourism": "guest_house",
        "opening_hours": "Mo-Su 10:00-22:00",
        "website": "https://www.mlynarka.sk/"
      }
    },
    {
      "type": "Feature",
      "geometry": {
        "type": "Point",
        "coordinates": [
          18.6847266,
          49.1265131
        ]
      },
      "properties": {
        "id": 297392648,
        "osm_type": "way",
        "name": "Raj",
        "tourism": "guest_house"
      }
    },
    {
      "type": "Feature",
      "geometry": {
        "type": "Point",
        "coordinates": [
          18.6858587,
          49.1238551
        ]
      },
      "properties": {
        "id": 297418816,
        "osm_type": "way",
        "name": "Ubytovanie U Ďureca",
        "tourism": "apartment",
        "website": "https://durec.123u.sk/"
      }
    },
    {
      "type": "Feature",
      "geometry": {
        "type": "Point",
        "coordinates": [
          18.6786808,
          49.1247525
        ]
      },
      "properties": {
        "id": 297418972,
        "osm_type": "way",
        "name": "Vila VIKTÓRIA",
        "tourism": "guest_house",
        "website": "https://www.vilaviktoria.sk/"
      }
    },
    {
      "type": "Feature",
      "geometry": {
        "type": "Point",
        "coordinates": [
          18.6969279,
          49.1301234
        ]
      },
      "properties": {
        "id": 297419327,
        "osm_type": "way",
        "name": "Villa Ella",
        "tourism": "apartment",
        "website": "https://ella.123u.sk/"
      }
    },
    {
      "type": "Feature",
      "geometry": {
        "type": "Point",
        "coordinates": [
          19.7897939,
          49.1320621
        ]
      },
      "properties": {
        "id": 300211049,
        "osm_type": "way",
        "tourism": "chalet"
      }
    },
    {
      "type": "Feature",
      "geometry": {
        "type": "Point",
        "coordinates": [
          19.7924464,
          49.1303695
        ]
      },
      "properties": {
        "id": 301588054,
        "osm_type": "way",
        "name": "ATC Račkova dolina",
        "tourism": "camp_site",
        "phone": "+421 908 906 726",
        "website": "http://www.pribylina.sk/sk/autocamp-rackova-dolina"
      }
    },
    {
      "type": "Feature",
      "geometry": {
        "type": "Point",
        "coordinates": [
          19.2073476,
          48.9318061
        ]
      },
      "properties": {
        "id": 303856612,
        "osm_type": "way",
        "name": "Enjoy Wellness & Fun",
        "tourism": "chalet"
      }
    },
    {
      "type": "Feature",
      "geometry": {
        "type": "Point",
        "coordinates": [
          19.2058156,
          48.9316178
        ]
      },
      "properties": {
        "id": 303856667,
        "osm_type": "way",
        "name": "Chata Relax",
        "tourism": "chalet",
        "website": "https://relax-chata.123u.sk/"
      }
    },
    {
      "type": "Feature",
      "geometry": {
        "type": "Point",
        "coordinates": [
          19.6163006,
          49.0482198
        ]
      },
      "properties": {
        "id": 304362963,
        "osm_type": "way",
        "tourism": "guest_house"
      }
    },
    {
      "type": "Feature",
      "geometry": {
        "type": "Point",
        "coordinates": [
          19.2587274,
          49.2952206
        ]
      },
      "properties": {
        "id": 304384957,
        "osm_type": "way",
        "tourism": "chalet"
      }
    },
    {
      "type": "Feature",
      "geometry": {
        "type": "Point",
        "coordinates": [
          19.5860168,
          48.9632768
        ]
      },
      "properties": {
        "id": 304515870,
        "osm_type": "way",
        "name": "Chata Koliesko",
        "tourism": "guest_house",
        "phone": "+421445624150",
        "website": "https://www.jasna-koliesko.sk/"
      }
    },
    {
      "type": "Feature",
      "geometry": {
        "type": "Point",
        "coordinates": [
          19.5857271,
          48.9639718
        ]
      },
      "properties": {
        "id": 304515874,
        "osm_type": "way",
        "name": "FIS Jasná",
        "tourism": "hotel",
        "phone": "+421445591411",
        "website": "https://www.fisjasna.sk/"
      }
    },
    {
      "type": "Feature",
      "geometry": {
        "type": "Point",
        "coordinates": [
          19.5840843,
          48.9731671
        ]
      },
      "properties": {
        "id": 304515875,
        "osm_type": "way",
        "name": "Hotel Ostredok",
        "tourism": "hotel",
        "phone": "+421445591531",
        "website": "https://www.ostredok.sk/"
      }
    },
    {
      "type": "Feature",
      "geometry": {
        "type": "Point",
        "coordinates": [
          19.5847295,
          48.9703608
        ]
      },
      "properties": {
        "id": 304515878,
        "osm_type": "way",
        "name": "Penzión Janík Jasná",
        "tourism": "guest_house",
        "website": "https://bystrinaresort.sk/penzion-janik-jasna/"
      }
    },
    {
      "type": "Feature",
      "geometry": {
        "type": "Point",
        "coordinates": [
          19.5765182,
          48.9678804
        ]
      },
      "properties": {
        "id": 304515879,
        "osm_type": "way",
        "name": "Liptov",
        "tourism": "hotel",
        "phone": "+421445599999",
        "website": "https://www.hotel-liptov.com/"
      }
    },
    {
      "type": "Feature",
      "geometry": {
        "type": "Point",
        "coordinates": [
          19.5811404,
          48.9712237
        ]
      },
      "properties": {
        "id": 304515881,
        "osm_type": "way",
        "name": "Hotel Pošta",
        "tourism": "hotel",
        "opening_hours": "24/7",
        "phone": "+421 442 901356",
        "website": "https://hotelposta.sk/"
      }
    },
    {
      "type": "Feature",
      "geometry": {
        "type": "Point",
        "coordinates": [
          19.582116,
          48.9668127
        ]
      },
      "properties": {
        "id": 304515909,
        "osm_type": "way",
        "name": "Björnson",
        "tourism": "hotel",
        "website": "https://www.bjornsonka.sk/"
      }
    },
    {
      "type": "Feature",
      "geometry": {
        "type": "Point",
        "coordinates": [
          19.5742293,
          48.9675529
        ]
      },
      "properties": {
        "id": 304515910,
        "osm_type": "way",
        "name": "Hotel SOREA Marmot",
        "tourism": "hotel",
        "phone": "+421445591641",
        "website": "https://www.sorea.sk/nizke-tatry/hotel-sorea-marmot/"
      }
    },
    {
      "type": "Feature",
      "geometry": {
        "type": "Point",
        "coordinates": [
          19.585194,
          48.9640374
        ]
      },
      "properties": {
        "id": 304515915,
        "osm_type": "way",
        "name": "Apartmány Športklub Kvasničník",
        "tourism": "guest_house",
        "website": "https://www.jasnavj.sk/sk/sportklub-kvasnicnik"
      }
    },
    {
      "type": "Feature",
      "geometry": {
        "type": "Point",
        "coordinates": [
          19.5945509,
          48.9804048
        ]
      },
      "properties": {
        "id": 304515941,
        "osm_type": "way",
        "name": "Vila Gitka",
        "tourism": "apartment",
        "phone": "+421907120950",
        "website": "https://www.vilagitka.sk/"
      }
    },
    {
      "type": "Feature",
      "geometry": {
        "type": "Point",
        "coordinates": [
          19.5856852,
          48.9645188
        ]
      },
      "properties": {
        "id": 304515962,
        "osm_type": "way",
        "name": "Hotel Jasná",
        "tourism": "hotel",
        "website": "https://www.hoteljasna.sk/"
      }
    },
    {
      "type": "Feature",
      "geometry": {
        "type": "Point",
        "coordinates": [
          19.1859336,
          49.3695142
        ]
      },
      "properties": {
        "id": 305696773,
        "osm_type": "way",
        "name": "Penzión Severka",
        "tourism": "guest_house",
        "opening_hours": "Mo-Su 08:00-22:00",
        "contact:phone": "+421 43 55 24 590",
        "website": "https://www.severka.sk/"
      }
    },
    {
      "type": "Feature",
      "geometry": {
        "type": "Point",
        "coordinates": [
          19.1584005,
          48.906347
        ]
      },
      "properties": {
        "id": 305994607,
        "osm_type": "way",
        "name": "Wellness privát Štyri Lipy",
        "tourism": "guest_house",
        "phone": "+421908704491",
        "website": "https://www.styrilipy.sk",
        "check_date": "2024-02-13"
      }
    },
    {
      "type": "Feature",
      "geometry": {
        "type": "Point",
        "coordinates": [
          19.3284639,
          49.0645895
        ]
      },
      "properties": {
        "id": 311293459,
        "osm_type": "way",
        "name": "Vila Fenix",
        "tourism": "hotel"
      }
    },
    {
      "type": "Feature",
      "geometry": {
        "type": "Point",
        "coordinates": [
          18.7422768,
          49.2270153
        ]
      },
      "properties": {
        "id": 316084122,
        "osm_type": "way",
        "name": "Penzión Central Park",
        "tourism": "guest_house",
        "opening_hours": "24/7",
        "phone": "+421 41 562 20 21",
        "website": "https://www.penzioncentralpark.sk/"
      }
    },
    {
      "type": "Feature",
      "geometry": {
        "type": "Point",
        "coordinates": [
          19.9092515,
          49.1470185
        ]
      },
      "properties": {
        "id": 316926221,
        "osm_type": "way",
        "name": "Grand hotel Permon",
        "tourism": "hotel",
        "phone": "+421524710111",
        "website": "http://www.hotelpermon.sk/"
      }
    },
    {
      "type": "Feature",
      "geometry": {
        "type": "Point",
        "coordinates": [
          19.5766751,
          49.0191881
        ]
      },
      "properties": {
        "id": 316961338,
        "osm_type": "way",
        "name": "Wellness Hotel Chopok",
        "tourism": "hotel",
        "phone": "+421911611386",
        "website": "https://www.hotelchopok.sk/"
      }
    },
    {
      "type": "Feature",
      "geometry": {
        "type": "Point",
        "coordinates": [
          19.8500733,
          49.119866
        ]
      },
      "properties": {
        "id": 317465373,
        "osm_type": "way",
        "name": "Chata Limba pod Kriváňom",
        "tourism": "chalet",
        "website": "https://www.hauzi.sk/chata-limba-pod-krivanom"
      }
    },
    {
      "type": "Feature",
      "geometry": {
        "type": "Point",
        "coordinates": [
          19.8795686,
          49.1243994
        ]
      },
      "properties": {
        "id": 317465381,
        "osm_type": "way",
        "name": "Penzión Family resort",
        "tourism": "guest_house"
      }
    },
    {
      "type": "Feature",
      "geometry": {
        "type": "Point",
        "coordinates": [
          19.8542017,
          49.1209745
        ]
      },
      "properties": {
        "id": 317465427,
        "osm_type": "way",
        "name": "Chata Srdiečko",
        "tourism": "chalet"
      }
    },
    {
      "type": "Feature",
      "geometry": {
        "type": "Point",
        "coordinates": [
          19.8490556,
          49.1156879
        ]
      },
      "properties": {
        "id": 317465475,
        "osm_type": "way",
        "name": "Chata Bystrinka",
        "tourism": "chalet"
      }
    },
    {
      "type": "Feature",
      "geometry": {
        "type": "Point",
        "coordinates": [
          19.5590903,
          49.3711476
        ]
      },
      "properties": {
        "id": 318215033,
        "osm_type": "way",
        "name": "Ústie",
        "tourism": "guest_house"
      }
    },
    {
      "type": "Feature",
      "geometry": {
        "type": "Point",
        "coordinates": [
          18.5776609,
          49.1663365
        ]
      },
      "properties": {
        "id": 318238533,
        "osm_type": "way",
        "name": "Chata Súľov",
        "tourism": "guest_house",
        "website": "https://www.chata-sulov.sk/"
      }
    },
    {
      "type": "Feature",
      "geometry": {
        "type": "Point",
        "coordinates": [
          18.5896834,
          49.1613205
        ]
      },
      "properties": {
        "id": 318238784,
        "osm_type": "way",
        "tourism": "apartment"
      }
    },
    {
      "type": "Feature",
      "geometry": {
        "type": "Point",
        "coordinates": [
          19.432014,
          49.0603129
        ]
      },
      "properties": {
        "id": 318801691,
        "osm_type": "way",
        "name": "Harmónia",
        "tourism": "hotel"
      }
    },
    {
      "type": "Feature",
      "geometry": {
        "type": "Point",
        "coordinates": [
          18.6086894,
          48.964116
        ]
      },
      "properties": {
        "id": 318812546,
        "osm_type": "way",
        "name": "Horský hotel Kľak",
        "tourism": "hotel",
        "phone": "+421 918 397 949",
        "website": "https://www.skiarena-fackovskesedlo.sk/ubytovanie/horsky-hotel-klak/"
      }
    },
    {
      "type": "Feature",
      "geometry": {
        "type": "Point",
        "coordinates": [
          19.0520864,
          49.1408088
        ]
      },
      "properties": {
        "id": 319311521,
        "osm_type": "way",
        "name": "Penzion Janka",
        "tourism": "guest_house"
      }
    },
    {
      "type": "Feature",
      "geometry": {
        "type": "Point",
        "coordinates": [
          19.1976998,
          49.1211869
        ]
      },
      "properties": {
        "id": 319319308,
        "osm_type": "way",
        "name": "Motel Gombáš",
        "tourism": "motel"
      }
    },
    {
      "type": "Feature",
      "geometry": {
        "type": "Point",
        "coordinates": [
          18.8071502,
          49.0154138
        ]
      },
      "properties": {
        "id": 326589505,
        "osm_type": "way",
        "name": "Hotel Impozant",
        "tourism": "hotel",
        "phone": "+421 914 130 130",
        "website": "https://www.impozant.sk/"
      }
    },
    {
      "type": "Feature",
      "geometry": {
        "type": "Point",
        "coordinates": [
          18.8106913,
          49.0142087
        ]
      },
      "properties": {
        "id": 326589514,
        "osm_type": "way",
        "name": "Apartmány Golf&Ski",
        "tourism": "guest_house",
        "website": "https://www.snowland.sk/ubytovanie/"
      }
    },
    {
      "type": "Feature",
      "geometry": {
        "type": "Point",
        "coordinates": [
          18.8103657,
          49.0137959
        ]
      },
      "properties": {
        "id": 326589534,
        "osm_type": "way",
        "name": "Hostel u Yetiho",
        "tourism": "hostel"
      }
    },
    {
      "type": "Feature",
      "geometry": {
        "type": "Point",
        "coordinates": [
          19.3491851,
          49.0888797
        ]
      },
      "properties": {
        "id": 327829069,
        "osm_type": "way",
        "name": "Švárny pri Bešeňovej",
        "tourism": "apartment",
        "website": "https://svarny.123u.sk"
      }
    },
    {
      "type": "Feature",
      "geometry": {
        "type": "Point",
        "coordinates": [
          19.5021426,
          49.3090083
        ]
      },
      "properties": {
        "id": 330144009,
        "osm_type": "way",
        "name": "Salaš Ostražica",
        "tourism": "hostel"
      }
    },
    {
      "type": "Feature",
      "geometry": {
        "type": "Point",
        "coordinates": [
          19.0390369,
          49.2729071
        ]
      },
      "properties": {
        "id": 331391520,
        "osm_type": "way",
        "name": "Žltý Dom",
        "tourism": "chalet",
        "phone": "+421 948 010 423",
        "website": "http://zltydomterchova.sk/"
      }
    },
    {
      "type": "Feature",
      "geometry": {
        "type": "Point",
        "coordinates": [
          19.0357955,
          49.2676843
        ]
      },
      "properties": {
        "id": 331391595,
        "osm_type": "way",
        "name": "Chata za potokom",
        "tourism": "apartment",
        "phone": "+421 904 339 197"
      }
    },
    {
      "type": "Feature",
      "geometry": {
        "type": "Point",
        "coordinates": [
          19.0404046,
          49.2731379
        ]
      },
      "properties": {
        "id": 331391906,
        "osm_type": "way",
        "name": "Drevenica Škorec",
        "tourism": "chalet",
        "phone": "+421 917 763 291"
      }
    },
    {
      "type": "Feature",
      "geometry": {
        "type": "Point",
        "coordinates": [
          19.0759581,
          49.2901414
        ]
      },
      "properties": {
        "id": 331391936,
        "osm_type": "way",
        "name": "Chata Šípková",
        "tourism": "chalet",
        "phone": "+421 948 670 056",
        "website": "https://www.chatasipkova.eu/"
      }
    },
    {
      "type": "Feature",
      "geometry": {
        "type": "Point",
        "coordinates": [
          19.0438171,
          49.2565131
        ]
      },
      "properties": {
        "id": 331392042,
        "osm_type": "way",
        "name": "Montana",
        "tourism": "guest_house",
        "phone": "+421 41 569 53 86;+421 902 444 966",
        "website": "https://www.montanask.eu/"
      }
    },
    {
      "type": "Feature",
      "geometry": {
        "type": "Point",
        "coordinates": [
          18.7920065,
          49.4759519
        ]
      },
      "properties": {
        "id": 331481788,
        "osm_type": "way",
        "name": "Iva",
        "tourism": "hostel"
      }
    },
    {
      "type": "Feature",
      "geometry": {
        "type": "Point",
        "coordinates": [
          18.9424662,
          49.4301627
        ]
      },
      "properties": {
        "id": 331511060,
        "osm_type": "way",
        "name": "Cyrilovka",
        "tourism": "chalet"
      }
    },
    {
      "type": "Feature",
      "geometry": {
        "type": "Point",
        "coordinates": [
          18.9401571,
          49.4277513
        ]
      },
      "properties": {
        "id": 331511070,
        "osm_type": "way",
        "name": "Penzión Laliky",
        "tourism": "guest_house"
      }
    },
    {
      "type": "Feature",
      "geometry": {
        "type": "Point",
        "coordinates": [
          18.9429217,
          49.4350036
        ]
      },
      "properties": {
        "id": 331511071,
        "osm_type": "way",
        "name": "Penzión Solisko",
        "tourism": "guest_house"
      }
    },
    {
      "type": "Feature",
      "geometry": {
        "type": "Point",
        "coordinates": [
          18.9395592,
          49.4297101
        ]
      },
      "properties": {
        "id": 331511262,
        "osm_type": "way",
        "name": "Apartmány Gavlák",
        "tourism": "apartment"
      }
    },
    {
      "type": "Feature",
      "geometry": {
        "type": "Point",
        "coordinates": [
          18.9415625,
          49.4296892
        ]
      },
      "properties": {
        "id": 331511291,
        "osm_type": "way",
        "name": "Penzión u Rozy",
        "tourism": "guest_house"
      }
    },
    {
      "type": "Feature",
      "geometry": {
        "type": "Point",
        "coordinates": [
          18.9400692,
          49.4266504
        ]
      },
      "properties": {
        "id": 331511315,
        "osm_type": "way",
        "name": "Hotel BOCY",
        "tourism": "hotel"
      }
    },
    {
      "type": "Feature",
      "geometry": {
        "type": "Point",
        "coordinates": [
          19.1594871,
          49.3416699
        ]
      },
      "properties": {
        "id": 333541417,
        "osm_type": "way",
        "name": "Chata Ján - Oravská Lesná",
        "tourism": "chalet",
        "website": "http://chatajan.webnode.sk/"
      }
    },
    {
      "type": "Feature",
      "geometry": {
        "type": "Point",
        "coordinates": [
          18.7364983,
          49.2256432
        ]
      },
      "properties": {
        "id": 334071455,
        "osm_type": "way",
        "name": "Penzión V inom svete",
        "tourism": "guest_house",
        "check_date": "2024-10-28"
      }
    },
    {
      "type": "Feature",
      "geometry": {
        "type": "Point",
        "coordinates": [
          19.4137784,
          49.5413545
        ]
      },
      "properties": {
        "id": 334886137,
        "osm_type": "way",
        "name": "Poľana",
        "tourism": "guest_house"
      }
    },
    {
      "type": "Feature",
      "geometry": {
        "type": "Point",
        "coordinates": [
          19.067804,
          49.2577448
        ]
      },
      "properties": {
        "id": 344792147,
        "osm_type": "way",
        "name": "Apartmány Jánošíkove diery",
        "tourism": "apartment",
        "phone": "+421 905 324 428",
        "website": "https://www.janosikovediery.sk"
      }
    },
    {
      "type": "Feature",
      "geometry": {
        "type": "Point",
        "coordinates": [
          19.5755685,
          49.0340143
        ]
      },
      "properties": {
        "id": 358979945,
        "osm_type": "way",
        "name": "Bystrina",
        "tourism": "hotel",
        "phone": "+421 44 5548 163",
        "website": "https://bystrinaresort.sk/hotel-bystrina/"
      }
    },
    {
      "type": "Feature",
      "geometry": {
        "type": "Point",
        "coordinates": [
          19.294334,
          49.0344685
        ]
      },
      "properties": {
        "id": 358979946,
        "osm_type": "way",
        "name": "Penzión pod Vlkolíncom",
        "tourism": "hostel"
      }
    },
    {
      "type": "Feature",
      "geometry": {
        "type": "Point",
        "coordinates": [
          19.5723538,
          49.0284415
        ]
      },
      "properties": {
        "id": 358979962,
        "osm_type": "way",
        "name": "Penzión Limba",
        "tourism": "guest_house",
        "phone": "+421905655700",
        "website": "https://www.penzionlimba.sk/"
      }
    },
    {
      "type": "Feature",
      "geometry": {
        "type": "Point",
        "coordinates": [
          19.5730356,
          49.0275557
        ]
      },
      "properties": {
        "id": 358979965,
        "osm_type": "way",
        "name": "Penzión Adriana",
        "tourism": "guest_house",
        "phone": "+421445549017",
        "website": "https://penzionadriana.sk/"
      }
    },
    {
      "type": "Feature",
      "geometry": {
        "type": "Point",
        "coordinates": [
          19.5720816,
          49.0291146
        ]
      },
      "properties": {
        "id": 358979997,
        "osm_type": "way",
        "name": "Apartmány a štúdiá Miroslav",
        "tourism": "guest_house"
      }
    },
    {
      "type": "Feature",
      "geometry": {
        "type": "Point",
        "coordinates": [
          19.063251,
          49.2329926
        ]
      },
      "properties": {
        "id": 360542926,
        "osm_type": "way",
        "name": "Penzion Stárek",
        "tourism": "hotel",
        "website": "https://www.penzionstarek.sk/"
      }
    },
    {
      "type": "Feature",
      "geometry": {
        "type": "Point",
        "coordinates": [
          19.0663809,
          49.2354968
        ]
      },
      "properties": {
        "id": 360583104,
        "osm_type": "way",
        "name": "Penzion Muran",
        "tourism": "guest_house"
      }
    },
    {
      "type": "Feature",
      "geometry": {
        "type": "Point",
        "coordinates": [
          19.0665558,
          49.2349509
        ]
      },
      "properties": {
        "id": 360584231,
        "osm_type": "way",
        "tourism": "guest_house"
      }
    },
    {
      "type": "Feature",
      "geometry": {
        "type": "Point",
        "coordinates": [
          19.0660156,
          49.2324875
        ]
      },
      "properties": {
        "id": 360584325,
        "osm_type": "way",
        "name": "Chata pod Skalným mestom",
        "tourism": "apartment",
        "contact:website": "https://chatapodskalnymmestom.sk/"
      }
    },
    {
      "type": "Feature",
      "geometry": {
        "type": "Point",
        "coordinates": [
          19.713296,
          49.1552923
        ]
      },
      "properties": {
        "id": 361944494,
        "osm_type": "way",
        "name": "Chata Zoja",
        "tourism": "chalet"
      }
    },
    {
      "type": "Feature",
      "geometry": {
        "type": "Point",
        "coordinates": [
          18.6828699,
          49.1288009
        ]
      },
      "properties": {
        "id": 364792135,
        "osm_type": "way",
        "name": "Royal Apartments Aphrodite Palace",
        "tourism": "hotel",
        "website": "https://www.spa.sk/sk/hotely/royal-apartments-aphrodite-palace"
      }
    },
    {
      "type": "Feature",
      "geometry": {
        "type": "Point",
        "coordinates": [
          19.0563121,
          49.385185
        ]
      },
      "properties": {
        "id": 364825815,
        "osm_type": "way",
        "name": "Chata na konci sveta",
        "tourism": "hostel"
      }
    },
    {
      "type": "Feature",
      "geometry": {
        "type": "Point",
        "coordinates": [
          19.5238921,
          49.3005075
        ]
      },
      "properties": {
        "id": 373894490,
        "osm_type": "way",
        "name": "Penzión Uhliská",
        "tourism": "guest_house",
        "contact:website": "http://www.skinizna.sk/penzion-uhliska"
      }
    },
    {
      "type": "Feature",
      "geometry": {
        "type": "Point",
        "coordinates": [
          19.7247534,
          49.3574432
        ]
      },
      "properties": {
        "id": 374246915,
        "osm_type": "way",
        "name": "Penzión Stela",
        "tourism": "guest_house",
        "phone": "+421915629965",
        "website": "https://www.stela.orava.sk/"
      }
    },
    {
      "type": "Feature",
      "geometry": {
        "type": "Point",
        "coordinates": [
          18.8967303,
          49.4290552
        ]
      },
      "properties": {
        "id": 377887184,
        "osm_type": "way",
        "name": "Marlene",
        "tourism": "hotel",
        "website": "https://hotel.marlene.sk/"
      }
    },
    {
      "type": "Feature",
      "geometry": {
        "type": "Point",
        "coordinates": [
          18.8838326,
          49.4366595
        ]
      },
      "properties": {
        "id": 377971682,
        "osm_type": "way",
        "name": "Javorinka",
        "tourism": "guest_house"
      }
    },
    {
      "type": "Feature",
      "geometry": {
        "type": "Point",
        "coordinates": [
          19.5724017,
          49.0296462
        ]
      },
      "properties": {
        "id": 382243776,
        "osm_type": "way",
        "name": "Hotel Tri studničky",
        "tourism": "hotel",
        "phone": "+421442901322",
        "website": "https://tristudnicky.sk/"
      }
    },
    {
      "type": "Feature",
      "geometry": {
        "type": "Point",
        "coordinates": [
          19.011594,
          49.2511555
        ]
      },
      "properties": {
        "id": 384705076,
        "osm_type": "way",
        "name": "Chalupa Podolina",
        "tourism": "chalet",
        "phone": "+421 903 234 536",
        "website": "https://www.chatapodolina.sk/"
      }
    },
    {
      "type": "Feature",
      "geometry": {
        "type": "Point",
        "coordinates": [
          19.0118618,
          49.2542704
        ]
      },
      "properties": {
        "id": 384705085,
        "osm_type": "way",
        "name": "Romantická drevenica",
        "tourism": "chalet",
        "phone": "+420 603 313 213"
      }
    },
    {
      "type": "Feature",
      "geometry": {
        "type": "Point",
        "coordinates": [
          19.0162531,
          49.2492752
        ]
      },
      "properties": {
        "id": 384705099,
        "osm_type": "way",
        "name": "Chalupa pod dolinou",
        "tourism": "chalet",
        "phone": "+421 918 663 438"
      }
    },
    {
      "type": "Feature",
      "geometry": {
        "type": "Point",
        "coordinates": [
          19.0117327,
          49.2538775
        ]
      },
      "properties": {
        "id": 384705102,
        "osm_type": "way",
        "name": "Chalupa Aden",
        "tourism": "chalet",
        "phone": "+421 907 124 615",
        "website": "https://www.terchova.com/ubytovanie/"
      }
    },
    {
      "type": "Feature",
      "geometry": {
        "type": "Point",
        "coordinates": [
          19.0114549,
          49.251637
        ]
      },
      "properties": {
        "id": 384705120,
        "osm_type": "way",
        "name": "Chalupa Janina",
        "tourism": "hostel",
        "phone": "+421905553660"
      }
    },
    {
      "type": "Feature",
      "geometry": {
        "type": "Point",
        "coordinates": [
          19.0123491,
          49.2534934
        ]
      },
      "properties": {
        "id": 384705153,
        "osm_type": "way",
        "name": "Chalupa pod lipami",
        "tourism": "guest_house",
        "phone": "+421 908 613 530",
        "website": "https://pod-lipami.szm.com/"
      }
    },
    {
      "type": "Feature",
      "geometry": {
        "type": "Point",
        "coordinates": [
          19.0337199,
          49.2324759
        ]
      },
      "properties": {
        "id": 384712550,
        "osm_type": "way",
        "name": "Hotel pod Sokolím",
        "tourism": "hotel",
        "phone": "+421 415 993 140;+421 917 900 207;+421 911 074 666",
        "website": "https://www.hotelpodsokolim.sk/"
      }
    },
    {
      "type": "Feature",
      "geometry": {
        "type": "Point",
        "coordinates": [
          19.0282409,
          49.2323159
        ]
      },
      "properties": {
        "id": 384712664,
        "osm_type": "way",
        "name": "Hotel Rozsutec",
        "tourism": "hotel",
        "phone": "+421 41 500 8034",
        "website": "http://www.hotelrozsutec.sk/"
      }
    },
    {
      "type": "Feature",
      "geometry": {
        "type": "Point",
        "coordinates": [
          19.1330562,
          49.2423395
        ]
      },
      "properties": {
        "id": 384729056,
        "osm_type": "way",
        "name": "Drevenica u Kubka | pod Rozsutcom",
        "tourism": "chalet",
        "phone": "+421 905 585 001",
        "website": "https://podrozsutcom.sk/u-kubka/"
      }
    },
    {
      "type": "Feature",
      "geometry": {
        "type": "Point",
        "coordinates": [
          19.5808987,
          49.0164685
        ]
      },
      "properties": {
        "id": 389433293,
        "osm_type": "way",
        "name": "Hotel RiverSide",
        "tourism": "hotel",
        "phone": "+421905566036",
        "website": "https://www.riverside.sk/",
        "check_date": "2026-01-23"
      }
    },
    {
      "type": "Feature",
      "geometry": {
        "type": "Point",
        "coordinates": [
          18.7773628,
          49.4126396
        ]
      },
      "properties": {
        "id": 390910160,
        "osm_type": "way",
        "name": "Horský Hotel Husárik",
        "tourism": "hotel",
        "phone": "+421 41 433 4766",
        "website": "https://www.hotelhusarik.sk/"
      }
    },
    {
      "type": "Feature",
      "geometry": {
        "type": "Point",
        "coordinates": [
          18.881066,
          49.125725
        ]
      },
      "properties": {
        "id": 401811149,
        "osm_type": "way",
        "name": "Bagarova chata",
        "tourism": "alpine_hut"
      }
    },
    {
      "type": "Feature",
      "geometry": {
        "type": "Point",
        "coordinates": [
          19.0542414,
          49.2195111
        ]
      },
      "properties": {
        "id": 401977441,
        "osm_type": "way",
        "name": "Chata na Grúni",
        "tourism": "alpine_hut",
        "phone": "+421 903 524 200;+421 904 367 434",
        "website": "http://www.chatanagruni.sk/"
      }
    },
    {
      "type": "Feature",
      "geometry": {
        "type": "Point",
        "coordinates": [
          19.0424396,
          49.2084059
        ]
      },
      "properties": {
        "id": 426002943,
        "osm_type": "way",
        "name": "Chata Vrátna",
        "tourism": "alpine_hut",
        "website": "http://www.chatavratna.eu/"
      }
    },
    {
      "type": "Feature",
      "geometry": {
        "type": "Point",
        "coordinates": [
          19.4250693,
          49.0975372
        ]
      },
      "properties": {
        "id": 427032572,
        "osm_type": "way",
        "name": "Vila 27",
        "tourism": "guest_house",
        "contact:phone": "+421 914 271 271",
        "website": "https://www.vila27.sk/"
      }
    },
    {
      "type": "Feature",
      "geometry": {
        "type": "Point",
        "coordinates": [
          19.7463891,
          49.0340523
        ]
      },
      "properties": {
        "id": 429423544,
        "osm_type": "way",
        "name": "Chata Baška",
        "tourism": "hostel",
        "website": "https://chatabaska.sk/"
      }
    },
    {
      "type": "Feature",
      "geometry": {
        "type": "Point",
        "coordinates": [
          19.4273425,
          49.2573237
        ]
      },
      "properties": {
        "id": 433009402,
        "osm_type": "way",
        "tourism": "camp_site"
      }
    },
    {
      "type": "Feature",
      "geometry": {
        "type": "Point",
        "coordinates": [
          19.4274725,
          49.2602926
        ]
      },
      "properties": {
        "id": 433279798,
        "osm_type": "way",
        "name": "Drevenica Sedliacka Dubová",
        "tourism": "chalet",
        "website": "https://drevenicaorava.123u.sk/"
      }
    },
    {
      "type": "Feature",
      "geometry": {
        "type": "Point",
        "coordinates": [
          19.515931,
          49.1295252
        ]
      },
      "properties": {
        "id": 434812216,
        "osm_type": "way",
        "tourism": "caravan_site"
      }
    },
    {
      "type": "Feature",
      "geometry": {
        "type": "Point",
        "coordinates": [
          19.5157393,
          49.1299358
        ]
      },
      "properties": {
        "id": 434812218,
        "osm_type": "way",
        "tourism": "caravan_site"
      }
    },
    {
      "type": "Feature",
      "geometry": {
        "type": "Point",
        "coordinates": [
          19.5150339,
          49.1308809
        ]
      },
      "properties": {
        "id": 434812219,
        "osm_type": "way",
        "tourism": "caravan_site"
      }
    },
    {
      "type": "Feature",
      "geometry": {
        "type": "Point",
        "coordinates": [
          19.5152619,
          49.130651
        ]
      },
      "properties": {
        "id": 434812220,
        "osm_type": "way",
        "tourism": "caravan_site"
      }
    },
    {
      "type": "Feature",
      "geometry": {
        "type": "Point",
        "coordinates": [
          19.2763218,
          49.0720938
        ]
      },
      "properties": {
        "id": 435842779,
        "osm_type": "way",
        "name": "Chata Alpina",
        "tourism": "chalet",
        "phone": "+421904388883",
        "website": "http://malinobrdo.sk/"
      }
    },
    {
      "type": "Feature",
      "geometry": {
        "type": "Point",
        "coordinates": [
          19.5731727,
          49.0259799
        ]
      },
      "properties": {
        "id": 437964107,
        "osm_type": "way",
        "name": "Chata Katarína",
        "tourism": "chalet",
        "phone": "+421903340139",
        "website": "http://www.chatakatarina.sk/katarina.html",
        "check_date": "2025-10-24"
      }
    },
    {
      "type": "Feature",
      "geometry": {
        "type": "Point",
        "coordinates": [
          19.5732127,
          49.0233877
        ]
      },
      "properties": {
        "id": 437964108,
        "osm_type": "way",
        "name": "Penzión Jozef",
        "tourism": "guest_house",
        "phone": "+421903340139",
        "website": "https://www.penzionjasna.sk/",
        "check_date": "2026-01-24"
      }
    },
    {
      "type": "Feature",
      "geometry": {
        "type": "Point",
        "coordinates": [
          19.530208,
          49.3787859
        ]
      },
      "properties": {
        "id": 440215657,
        "osm_type": "way",
        "name": "Altis",
        "tourism": "hotel"
      }
    },
    {
      "type": "Feature",
      "geometry": {
        "type": "Point",
        "coordinates": [
          19.531579,
          49.3845753
        ]
      },
      "properties": {
        "id": 440215797,
        "osm_type": "way",
        "name": "Chata Panoráma",
        "tourism": "chalet",
        "website": "https://panorama.123u.sk/"
      }
    },
    {
      "type": "Feature",
      "geometry": {
        "type": "Point",
        "coordinates": [
          19.4775762,
          49.1179607
        ]
      },
      "properties": {
        "id": 451335333,
        "osm_type": "way",
        "name": "Camping Marina Liptov",
        "tourism": "camp_site",
        "tents": "yes"
      }
    },
    {
      "type": "Feature",
      "geometry": {
        "type": "Point",
        "coordinates": [
          19.2703335,
          49.2503918
        ]
      },
      "properties": {
        "id": 461297614,
        "osm_type": "way",
        "name": "Chata Natalie***",
        "tourism": "guest_house",
        "website": "http://www.chatanatalie.eu/"
      }
    },
    {
      "type": "Feature",
      "geometry": {
        "type": "Point",
        "coordinates": [
          19.6559187,
          49.337774
        ]
      },
      "properties": {
        "id": 473431356,
        "osm_type": "way",
        "name": "Penzión Skorušina",
        "tourism": "guest_house"
      }
    },
    {
      "type": "Feature",
      "geometry": {
        "type": "Point",
        "coordinates": [
          19.7376535,
          49.3499217
        ]
      },
      "properties": {
        "id": 483468442,
        "osm_type": "way",
        "name": "Alpský dom",
        "tourism": "guest_house"
      }
    },
    {
      "type": "Feature",
      "geometry": {
        "type": "Point",
        "coordinates": [
          19.9409919,
          49.013344
        ]
      },
      "properties": {
        "id": 502110335,
        "osm_type": "way",
        "name": "Chata pod kostolom",
        "tourism": "chalet",
        "phone": "+421 918 335 275",
        "website": "https://ubytovanie.lesy.sk/chata.html/314/pod-kostolom"
      }
    },
    {
      "type": "Feature",
      "geometry": {
        "type": "Point",
        "coordinates": [
          19.6678618,
          49.3264454
        ]
      },
      "properties": {
        "id": 516233269,
        "osm_type": "way",
        "name": "Chata Teplica",
        "tourism": "guest_house"
      }
    },
    {
      "type": "Feature",
      "geometry": {
        "type": "Point",
        "coordinates": [
          18.9540593,
          49.2424461
        ]
      },
      "properties": {
        "id": 536388848,
        "osm_type": "way",
        "tourism": "hotel",
        "website": "https://www.resorthanuliak.sk/"
      }
    },
    {
      "type": "Feature",
      "geometry": {
        "type": "Point",
        "coordinates": [
          19.5988477,
          48.9824898
        ]
      },
      "properties": {
        "id": 539725604,
        "osm_type": "way",
        "name": "Chata Mrož",
        "tourism": "chalet",
        "website": "http://www.skidubojasna.sk/sk/chata-mroz"
      }
    },
    {
      "type": "Feature",
      "geometry": {
        "type": "Point",
        "coordinates": [
          19.8963566,
          49.1882926
        ]
      },
      "properties": {
        "id": 542735904,
        "osm_type": "way",
        "tourism": "chalet"
      }
    },
    {
      "type": "Feature",
      "geometry": {
        "type": "Point",
        "coordinates": [
          19.7221633,
          49.3595686
        ]
      },
      "properties": {
        "id": 545930524,
        "osm_type": "way",
        "name": "Orava Hotel",
        "tourism": "hotel",
        "phone": "+421 43 5394 603",
        "website": "https://www.oravahotel.sk/"
      }
    },
    {
      "type": "Feature",
      "geometry": {
        "type": "Point",
        "coordinates": [
          19.1861877,
          49.3855341
        ]
      },
      "properties": {
        "id": 566032648,
        "osm_type": "way",
        "name": "Kohútik",
        "tourism": "guest_house"
      }
    },
    {
      "type": "Feature",
      "geometry": {
        "type": "Point",
        "coordinates": [
          19.6514406,
          49.1159871
        ]
      },
      "properties": {
        "id": 566288389,
        "osm_type": "way",
        "name": "Drevenica Simona",
        "tourism": "chalet"
      }
    },
    {
      "type": "Feature",
      "geometry": {
        "type": "Point",
        "coordinates": [
          19.6540483,
          49.1170235
        ]
      },
      "properties": {
        "id": 566288412,
        "osm_type": "way",
        "name": "Chata Lipa Smrečany",
        "tourism": "chalet"
      }
    },
    {
      "type": "Feature",
      "geometry": {
        "type": "Point",
        "coordinates": [
          19.6493516,
          49.1112364
        ]
      },
      "properties": {
        "id": 566288424,
        "osm_type": "way",
        "name": "ADEMI Apartments",
        "tourism": "apartment"
      }
    },
    {
      "type": "Feature",
      "geometry": {
        "type": "Point",
        "coordinates": [
          19.7195323,
          49.1810832
        ]
      },
      "properties": {
        "id": 566288432,
        "osm_type": "way",
        "name": "Žiarska chata",
        "tourism": "alpine_hut",
        "phone": "+421 44 5591525",
        "website": "http://www.ziarskachata.com/"
      }
    },
    {
      "type": "Feature",
      "geometry": {
        "type": "Point",
        "coordinates": [
          18.9511472,
          49.1480051
        ]
      },
      "properties": {
        "id": 570600455,
        "osm_type": "way",
        "name": "Chata Kľačianska Magura",
        "tourism": "alpine_hut",
        "phone": "+421 907 338 871",
        "website": "https://www.klacianskamagura.sk/"
      }
    },
    {
      "type": "Feature",
      "geometry": {
        "type": "Point",
        "coordinates": [
          19.5765773,
          49.0340587
        ]
      },
      "properties": {
        "id": 582470581,
        "osm_type": "way",
        "name": "Camp Bystrina Demänovská Dolina",
        "tourism": "camp_site",
        "tents": "yes"
      }
    },
    {
      "type": "Feature",
      "geometry": {
        "type": "Point",
        "coordinates": [
          19.3498688,
          49.0483588
        ]
      },
      "properties": {
        "id": 611940310,
        "osm_type": "way",
        "name": "Chalúpka 48 s vírivkou a so saunou",
        "tourism": "chalet",
        "phone": "+421494600",
        "website": "https://www.chalupky.sk/"
      }
    },
    {
      "type": "Feature",
      "geometry": {
        "type": "Point",
        "coordinates": [
          19.594713,
          48.9779865
        ]
      },
      "properties": {
        "id": 612722800,
        "osm_type": "way",
        "name": "Vera Jasná",
        "tourism": "apartment",
        "website": "http://verajasna.sk/"
      }
    },
    {
      "type": "Feature",
      "geometry": {
        "type": "Point",
        "coordinates": [
          18.9226095,
          49.4423676
        ]
      },
      "properties": {
        "id": 627877381,
        "osm_type": "way",
        "name": "Kamilka",
        "tourism": "guest_house",
        "website": "https://www.kamilka.sk/ubytovanie/chata-kamilka/"
      }
    },
    {
      "type": "Feature",
      "geometry": {
        "type": "Point",
        "coordinates": [
          19.5521031,
          49.3341262
        ]
      },
      "properties": {
        "id": 631126424,
        "osm_type": "way",
        "name": "Penzión Fortuna",
        "tourism": "guest_house",
        "website": "https://www.fortunapenzion.sk/"
      }
    },
    {
      "type": "Feature",
      "geometry": {
        "type": "Point",
        "coordinates": [
          18.9289172,
          49.4411614
        ]
      },
      "properties": {
        "id": 665869911,
        "osm_type": "way",
        "tourism": "apartment"
      }
    },
    {
      "type": "Feature",
      "geometry": {
        "type": "Point",
        "coordinates": [
          19.6291393,
          49.2593759
        ]
      },
      "properties": {
        "id": 674313748,
        "osm_type": "way",
        "name": "Penzión Šiška",
        "tourism": "guest_house",
        "phone": "+421 43 5395 788",
        "website": "https://www.penzionsiska.sk"
      }
    },
    {
      "type": "Feature",
      "geometry": {
        "type": "Point",
        "coordinates": [
          19.4474551,
          49.1005011
        ]
      },
      "properties": {
        "id": 684871451,
        "osm_type": "way",
        "name": "Hotel Akvamarín Bešeňová ****",
        "tourism": "hotel",
        "phone": "+421 44 290 1362",
        "website": "https://www.besenova.com/ubytovanie/ponuka-ubytovania/hotel-akvamarin-besenova"
      }
    },
    {
      "type": "Feature",
      "geometry": {
        "type": "Point",
        "coordinates": [
          19.8746366,
          49.1311865
        ]
      },
      "properties": {
        "id": 685569672,
        "osm_type": "way",
        "name": "Horská chata Veverka",
        "tourism": "chalet"
      }
    },
    {
      "type": "Feature",
      "geometry": {
        "type": "Point",
        "coordinates": [
          19.8967751,
          49.1383651
        ]
      },
      "properties": {
        "id": 685569692,
        "osm_type": "way",
        "name": "Horec",
        "tourism": "chalet"
      }
    },
    {
      "type": "Feature",
      "geometry": {
        "type": "Point",
        "coordinates": [
          19.896414,
          49.1382166
        ]
      },
      "properties": {
        "id": 685569695,
        "osm_type": "way",
        "name": "Poniklec",
        "tourism": "chalet"
      }
    },
    {
      "type": "Feature",
      "geometry": {
        "type": "Point",
        "coordinates": [
          19.8962352,
          49.1379878
        ]
      },
      "properties": {
        "id": 685569700,
        "osm_type": "way",
        "name": "Prvosienka",
        "tourism": "chalet"
      }
    },
    {
      "type": "Feature",
      "geometry": {
        "type": "Point",
        "coordinates": [
          19.8962668,
          49.1377172
        ]
      },
      "properties": {
        "id": 685569705,
        "osm_type": "way",
        "name": "Nezábudka",
        "tourism": "chalet"
      }
    },
    {
      "type": "Feature",
      "geometry": {
        "type": "Point",
        "coordinates": [
          19.8786519,
          49.1262429
        ]
      },
      "properties": {
        "id": 685569760,
        "osm_type": "way",
        "name": "Chata pri Jazierku",
        "tourism": "chalet"
      }
    },
    {
      "type": "Feature",
      "geometry": {
        "type": "Point",
        "coordinates": [
          19.8874269,
          49.13273
        ]
      },
      "properties": {
        "id": 685569783,
        "osm_type": "way",
        "name": "Chata ADELA",
        "tourism": "chalet"
      }
    },
    {
      "type": "Feature",
      "geometry": {
        "type": "Point",
        "coordinates": [
          19.8893502,
          49.1341158
        ]
      },
      "properties": {
        "id": 685569784,
        "osm_type": "way",
        "name": "Seník - Valent",
        "tourism": "chalet"
      }
    },
    {
      "type": "Feature",
      "geometry": {
        "type": "Point",
        "coordinates": [
          19.8730011,
          49.1353815
        ]
      },
      "properties": {
        "id": 685569788,
        "osm_type": "way",
        "name": "Chata pod zeleným stromom",
        "tourism": "chalet"
      }
    },
    {
      "type": "Feature",
      "geometry": {
        "type": "Point",
        "coordinates": [
          19.8863577,
          49.1329215
        ]
      },
      "properties": {
        "id": 685569809,
        "osm_type": "way",
        "name": "Chata pod Surovým",
        "tourism": "chalet"
      }
    },
    {
      "type": "Feature",
      "geometry": {
        "type": "Point",
        "coordinates": [
          19.8912022,
          49.1334949
        ]
      },
      "properties": {
        "id": 685569869,
        "osm_type": "way",
        "name": "Chata Marta",
        "tourism": "chalet"
      }
    },
    {
      "type": "Feature",
      "geometry": {
        "type": "Point",
        "coordinates": [
          19.5848676,
          48.9697642
        ]
      },
      "properties": {
        "id": 690581020,
        "osm_type": "way",
        "name": "Apartmány Jasná Chopok",
        "tourism": "apartment",
        "phone": "+421 903 634 064",
        "website": "htttps://www.apartmanyjasna.eu"
      }
    },
    {
      "type": "Feature",
      "geometry": {
        "type": "Point",
        "coordinates": [
          19.2675535,
          49.2399851
        ]
      },
      "properties": {
        "id": 693502261,
        "osm_type": "way",
        "tourism": "apartment"
      }
    },
    {
      "type": "Feature",
      "geometry": {
        "type": "Point",
        "coordinates": [
          19.4779048,
          49.11853
        ]
      },
      "properties": {
        "id": 697132224,
        "osm_type": "way",
        "name": "Marína Liptov",
        "tourism": "apartment"
      }
    },
    {
      "type": "Feature",
      "geometry": {
        "type": "Point",
        "coordinates": [
          19.4777996,
          49.118713
        ]
      },
      "properties": {
        "id": 697132225,
        "osm_type": "way",
        "name": "Marína Liptov",
        "tourism": "apartment"
      }
    },
    {
      "type": "Feature",
      "geometry": {
        "type": "Point",
        "coordinates": [
          19.4776835,
          49.1188881
        ]
      },
      "properties": {
        "id": 697132226,
        "osm_type": "way",
        "name": "Marína Liptov",
        "tourism": "apartment"
      }
    },
    {
      "type": "Feature",
      "geometry": {
        "type": "Point",
        "coordinates": [
          19.0492814,
          49.1811636
        ]
      },
      "properties": {
        "id": 702306868,
        "osm_type": "way",
        "name": "Chata pod Chlebom",
        "tourism": "alpine_hut",
        "phone": "+421 905 861 042",
        "website": "https://chatapodchlebom.sk/"
      }
    },
    {
      "type": "Feature",
      "geometry": {
        "type": "Point",
        "coordinates": [
          19.0673744,
          49.2576878
        ]
      },
      "properties": {
        "id": 702306916,
        "osm_type": "way",
        "name": "Chalúpka Jánošíkove diery",
        "tourism": "apartment",
        "phone": "+421 905 324 428",
        "website": "https://www.janosikovediery.sk/"
      }
    },
    {
      "type": "Feature",
      "geometry": {
        "type": "Point",
        "coordinates": [
          19.6188936,
          49.086316
        ]
      },
      "properties": {
        "id": 706143226,
        "osm_type": "way",
        "name": "Chalet Slovakia",
        "tourism": "hostel",
        "website": "http://chaletslovakia.com/"
      }
    },
    {
      "type": "Feature",
      "geometry": {
        "type": "Point",
        "coordinates": [
          19.7819115,
          49.0369678
        ]
      },
      "properties": {
        "id": 714716038,
        "osm_type": "way",
        "tourism": "apartment",
        "website": "https://www.chata-tatry.eu/chata528/"
      }
    },
    {
      "type": "Feature",
      "geometry": {
        "type": "Point",
        "coordinates": [
          19.0974418,
          48.9405532
        ]
      },
      "properties": {
        "id": 728216802,
        "osm_type": "way",
        "name": "Chata pod Borišovom",
        "tourism": "alpine_hut",
        "contact:phone": "+421 919 493 493",
        "website": "https://chatapodborisovom.eu/"
      }
    },
    {
      "type": "Feature",
      "geometry": {
        "type": "Point",
        "coordinates": [
          19.9232991,
          49.0550144
        ]
      },
      "properties": {
        "id": 733477567,
        "osm_type": "way",
        "name": "Chata u Jastraba",
        "tourism": "guest_house",
        "website": "https://www.ujastraba.sk/"
      }
    },
    {
      "type": "Feature",
      "geometry": {
        "type": "Point",
        "coordinates": [
          18.9372177,
          49.4282637
        ]
      },
      "properties": {
        "id": 733491361,
        "osm_type": "way",
        "name": "Chata Lucka",
        "tourism": "chalet",
        "website": "https://www.megaubytovanie.sk/chata-lucka-oscadnica"
      }
    },
    {
      "type": "Feature",
      "geometry": {
        "type": "Point",
        "coordinates": [
          19.4757585,
          49.133084
        ]
      },
      "properties": {
        "id": 733726373,
        "osm_type": "way",
        "name": "Smerčie",
        "tourism": "apartment"
      }
    },
    {
      "type": "Feature",
      "geometry": {
        "type": "Point",
        "coordinates": [
          19.7383485,
          48.905752
        ]
      },
      "properties": {
        "id": 738974666,
        "osm_type": "way",
        "tourism": "guest_house",
        "website": "https://hiking.dennikn.sk/ar/2694/chata_pod_sedlom_certovica.html"
      }
    },
    {
      "type": "Feature",
      "geometry": {
        "type": "Point",
        "coordinates": [
          19.7368084,
          48.9051655
        ]
      },
      "properties": {
        "id": 738974673,
        "osm_type": "way",
        "name": "Domček horskej služby",
        "tourism": "hostel",
        "website": "https://www.domceknacertovici.sk/",
        "check_date": "2025-07-17"
      }
    },
    {
      "type": "Feature",
      "geometry": {
        "type": "Point",
        "coordinates": [
          18.3766212,
          49.3284158
        ]
      },
      "properties": {
        "id": 751878025,
        "osm_type": "way",
        "name": "Villa Brest",
        "tourism": "guest_house",
        "phone": "+421 908 488 300",
        "website": "https://www.villabrest.sk/"
      }
    },
    {
      "type": "Feature",
      "geometry": {
        "type": "Point",
        "coordinates": [
          19.5956127,
          48.9770919
        ]
      },
      "properties": {
        "id": 772813858,
        "osm_type": "way",
        "name": "Tri sestry",
        "tourism": "apartment",
        "website": "https://www.trisestry.sk/"
      }
    },
    {
      "type": "Feature",
      "geometry": {
        "type": "Point",
        "coordinates": [
          19.5963286,
          48.9755924
        ]
      },
      "properties": {
        "id": 772813860,
        "osm_type": "way",
        "name": "Galeria Apartments Jasná Lúčky",
        "tourism": "apartment",
        "phone": "+421 903 634 064",
        "website": "https://www.apartmanyjasna.eu"
      }
    },
    {
      "type": "Feature",
      "geometry": {
        "type": "Point",
        "coordinates": [
          19.5843119,
          48.9695239
        ]
      },
      "properties": {
        "id": 772813897,
        "osm_type": "way",
        "name": "Apartmánový dom Biela Púť",
        "tourism": "apartment",
        "website": "https://www.bocorka.sk/"
      }
    },
    {
      "type": "Feature",
      "geometry": {
        "type": "Point",
        "coordinates": [
          19.5845572,
          48.969987
        ]
      },
      "properties": {
        "id": 772813898,
        "osm_type": "way",
        "name": "Apartmánový dom Biela Púť",
        "tourism": "apartment"
      }
    },
    {
      "type": "Feature",
      "geometry": {
        "type": "Point",
        "coordinates": [
          19.5828538,
          48.9680116
        ]
      },
      "properties": {
        "id": 772813901,
        "osm_type": "way",
        "name": "Penzión Aspen",
        "tourism": "guest_house",
        "website": "http://www.penzionaspen.sk/"
      }
    },
    {
      "type": "Feature",
      "geometry": {
        "type": "Point",
        "coordinates": [
          19.5857013,
          48.9636255
        ]
      },
      "properties": {
        "id": 772813916,
        "osm_type": "way",
        "name": "Maliarik",
        "tourism": "apartment"
      }
    },
    {
      "type": "Feature",
      "geometry": {
        "type": "Point",
        "coordinates": [
          19.5794318,
          48.9694279
        ]
      },
      "properties": {
        "id": 772813973,
        "osm_type": "way",
        "name": "Swissôtel Damian Jasna",
        "tourism": "hotel",
        "phone": "+421911385525",
        "website": "https://www.damianjasna.sk/"
      }
    },
    {
      "type": "Feature",
      "geometry": {
        "type": "Point",
        "coordinates": [
          19.930458,
          49.1147266
        ]
      },
      "properties": {
        "id": 788899509,
        "osm_type": "way",
        "name": "Chata Medovka",
        "tourism": "chalet",
        "phone": "+420 734 275 923",
        "website": "https://medovka.com/chata/chata-medovka/"
      }
    },
    {
      "type": "Feature",
      "geometry": {
        "type": "Point",
        "coordinates": [
          18.4185717,
          49.3027417
        ]
      },
      "properties": {
        "id": 804236669,
        "osm_type": "way",
        "name": "Penzión U Šútorku",
        "tourism": "guest_house"
      }
    },
    {
      "type": "Feature",
      "geometry": {
        "type": "Point",
        "coordinates": [
          18.6923412,
          49.4793857
        ]
      },
      "properties": {
        "id": 816164898,
        "osm_type": "way",
        "name": "Chata Korcháň",
        "tourism": "chalet",
        "website": "https://www.chatakorchan.sk/"
      }
    },
    {
      "type": "Feature",
      "geometry": {
        "type": "Point",
        "coordinates": [
          19.6681313,
          49.3249402
        ]
      },
      "properties": {
        "id": 827721286,
        "osm_type": "way",
        "name": "Chata Evka",
        "tourism": "guest_house"
      }
    },
    {
      "type": "Feature",
      "geometry": {
        "type": "Point",
        "coordinates": [
          18.8571394,
          49.0484091
        ]
      },
      "properties": {
        "id": 828430084,
        "osm_type": "way",
        "name": "Chata Dolina",
        "tourism": "chalet"
      }
    },
    {
      "type": "Feature",
      "geometry": {
        "type": "Point",
        "coordinates": [
          19.7919887,
          49.1298364
        ]
      },
      "properties": {
        "id": 851899041,
        "osm_type": "way",
        "tourism": "chalet"
      }
    },
    {
      "type": "Feature",
      "geometry": {
        "type": "Point",
        "coordinates": [
          19.7919873,
          49.1297036
        ]
      },
      "properties": {
        "id": 851899042,
        "osm_type": "way",
        "tourism": "chalet"
      }
    },
    {
      "type": "Feature",
      "geometry": {
        "type": "Point",
        "coordinates": [
          19.4315918,
          48.9452822
        ]
      },
      "properties": {
        "id": 857125540,
        "osm_type": "way",
        "name": "Chata pod hrebenom",
        "tourism": "apartment",
        "website": "https://www.chatapodhrebenom.sk/"
      }
    },
    {
      "type": "Feature",
      "geometry": {
        "type": "Point",
        "coordinates": [
          19.0167833,
          49.0137425
        ]
      },
      "properties": {
        "id": 857480678,
        "osm_type": "way",
        "name": "Chata Pammpeliška",
        "tourism": "chalet"
      }
    },
    {
      "type": "Feature",
      "geometry": {
        "type": "Point",
        "coordinates": [
          19.5846246,
          49.0607858
        ]
      },
      "properties": {
        "id": 857845318,
        "osm_type": "way",
        "name": "Via Jasná",
        "tourism": "guest_house",
        "website": "http://www.viajasna.eu/index.php?lng=sk&page=ubytovanie",
        "check_date": "2025-06-20"
      }
    },
    {
      "type": "Feature",
      "geometry": {
        "type": "Point",
        "coordinates": [
          19.0124963,
          49.0115067
        ]
      },
      "properties": {
        "id": 865397238,
        "osm_type": "way",
        "name": "Nezábudka",
        "tourism": "chalet"
      }
    },
    {
      "type": "Feature",
      "geometry": {
        "type": "Point",
        "coordinates": [
          19.745165,
          49.1023426
        ]
      },
      "properties": {
        "id": 868048075,
        "osm_type": "way",
        "name": "Chata urbár Jamník",
        "tourism": "chalet",
        "phone": "+421903840378",
        "website": "https://www.jamnik.sk/obec-2/chata-urbarskeho-pozemkoveho-spolocenstva/"
      }
    },
    {
      "type": "Feature",
      "geometry": {
        "type": "Point",
        "coordinates": [
          19.7715659,
          48.9520594
        ]
      },
      "properties": {
        "id": 868298018,
        "osm_type": "way",
        "name": "Bosorka",
        "tourism": "guest_house"
      }
    },
    {
      "type": "Feature",
      "geometry": {
        "type": "Point",
        "coordinates": [
          19.7605274,
          48.9467889
        ]
      },
      "properties": {
        "id": 868403222,
        "osm_type": "way",
        "tourism": "chalet",
        "website": "https://hiking.dennikn.sk/ar/3768/rozhladna_a_bufet_krajcov_vrch.html"
      }
    },
    {
      "type": "Feature",
      "geometry": {
        "type": "Point",
        "coordinates": [
          19.0491063,
          49.1795367
        ]
      },
      "properties": {
        "id": 872230525,
        "osm_type": "way",
        "tourism": "chalet",
        "website": "https://hiking.dennikn.sk/ar/2348/chata_chleb_lyziarskeho_klubu_turany.html"
      }
    },
    {
      "type": "Feature",
      "geometry": {
        "type": "Point",
        "coordinates": [
          19.0162386,
          49.01381
        ]
      },
      "properties": {
        "id": 886630011,
        "osm_type": "way",
        "tourism": "chalet"
      }
    },
    {
      "type": "Feature",
      "geometry": {
        "type": "Point",
        "coordinates": [
          19.361511,
          49.4983023
        ]
      },
      "properties": {
        "id": 888264433,
        "osm_type": "way",
        "name": "Chata pod Repiskom",
        "tourism": "guest_house"
      }
    },
    {
      "type": "Feature",
      "geometry": {
        "type": "Point",
        "coordinates": [
          18.8665436,
          49.0541756
        ]
      },
      "properties": {
        "id": 889527509,
        "osm_type": "way",
        "name": "Hotel Hrádok",
        "tourism": "hotel"
      }
    },
    {
      "type": "Feature",
      "geometry": {
        "type": "Point",
        "coordinates": [
          19.794088,
          49.1328175
        ]
      },
      "properties": {
        "id": 896014777,
        "osm_type": "way",
        "name": "Villa Drosera",
        "tourism": "chalet"
      }
    },
    {
      "type": "Feature",
      "geometry": {
        "type": "Point",
        "coordinates": [
          19.8503062,
          49.1190644
        ]
      },
      "properties": {
        "id": 896021815,
        "osm_type": "way",
        "name": "u Boba",
        "tourism": "chalet",
        "website": "https://www.hauzi.sk/chata-u-boba"
      }
    },
    {
      "type": "Feature",
      "geometry": {
        "type": "Point",
        "coordinates": [
          19.9403314,
          49.1200783
        ]
      },
      "properties": {
        "id": 896022719,
        "osm_type": "way",
        "name": "Chata Dúška",
        "tourism": "chalet",
        "website": "https://usadlostpodkrivanom.sk/chata/chata-duska/"
      }
    },
    {
      "type": "Feature",
      "geometry": {
        "type": "Point",
        "coordinates": [
          19.5806871,
          49.056588
        ]
      },
      "properties": {
        "id": 896135815,
        "osm_type": "way",
        "name": "Miracle Seasons",
        "tourism": "apartment",
        "website": "https://www.miracleseasons.sk/"
      }
    },
    {
      "type": "Feature",
      "geometry": {
        "type": "Point",
        "coordinates": [
          19.600773,
          49.1069635
        ]
      },
      "properties": {
        "id": 896164668,
        "osm_type": "way",
        "name": "Kamence",
        "tourism": "guest_house"
      }
    },
    {
      "type": "Feature",
      "geometry": {
        "type": "Point",
        "coordinates": [
          18.3783065,
          49.3283237
        ]
      },
      "properties": {
        "id": 897951223,
        "osm_type": "way",
        "name": "Horský hotel Hájenka",
        "tourism": "hotel",
        "phone": "+421 41 43 64 161",
        "website": "https://hajenkahotel.sk/"
      }
    },
    {
      "type": "Feature",
      "geometry": {
        "type": "Point",
        "coordinates": [
          19.5765016,
          49.1720745
        ]
      },
      "properties": {
        "id": 909096115,
        "osm_type": "way",
        "name": "Podmeštrová",
        "tourism": "chalet",
        "website": "https://www.urbarls.sk/ubytovanie/33-horaren-mestrova"
      }
    },
    {
      "type": "Feature",
      "geometry": {
        "type": "Point",
        "coordinates": [
          19.8176661,
          49.0920167
        ]
      },
      "properties": {
        "id": 920270962,
        "osm_type": "way",
        "name": "Minicamp Jana",
        "tourism": "camp_site",
        "opening_hours": "May-Sep:09:00 - 19:00",
        "tents": "yes",
        "phone": "+421 44 529 74 95",
        "website": "https://minicampingjana.com"
      }
    },
    {
      "type": "Feature",
      "geometry": {
        "type": "Point",
        "coordinates": [
          19.573499,
          49.0243892
        ]
      },
      "properties": {
        "id": 936863497,
        "osm_type": "way",
        "name": "Tri studničky",
        "tourism": "apartment"
      }
    },
    {
      "type": "Feature",
      "geometry": {
        "type": "Point",
        "coordinates": [
          19.5635235,
          49.0324268
        ]
      },
      "properties": {
        "id": 962010135,
        "osm_type": "way",
        "name": "Privát Emilly 94",
        "tourism": "guest_house",
        "website": "https://emilly.123u.sk/"
      }
    },
    {
      "type": "Feature",
      "geometry": {
        "type": "Point",
        "coordinates": [
          18.9866672,
          49.2477553
        ]
      },
      "properties": {
        "id": 965367684,
        "osm_type": "way",
        "name": "Camping Belá Nižné Kamence",
        "tourism": "camp_site",
        "tents": "yes",
        "phone": "+421 905 742 514",
        "website": "https://www.campingbela.eu/"
      }
    },
    {
      "type": "Feature",
      "geometry": {
        "type": "Point",
        "coordinates": [
          19.0296324,
          49.2311041
        ]
      },
      "properties": {
        "id": 971917402,
        "osm_type": "way",
        "name": "Urbár Terchová",
        "tourism": "chalet",
        "phone": "+421903711210",
        "website": "https://www.urbarterchova.sk/"
      }
    },
    {
      "type": "Feature",
      "geometry": {
        "type": "Point",
        "coordinates": [
          19.8563908,
          49.1256867
        ]
      },
      "properties": {
        "id": 987738583,
        "osm_type": "way",
        "name": "Chata Rudko",
        "tourism": "chalet"
      }
    },
    {
      "type": "Feature",
      "geometry": {
        "type": "Point",
        "coordinates": [
          19.3511898,
          49.049067
        ]
      },
      "properties": {
        "id": 998179916,
        "osm_type": "way",
        "name": "Chalúpka 28 s vírivkou a so saunou",
        "tourism": "chalet",
        "phone": "+421915494600",
        "website": "https://www.chalupky.sk/"
      }
    },
    {
      "type": "Feature",
      "geometry": {
        "type": "Point",
        "coordinates": [
          19.5832876,
          48.9672372
        ]
      },
      "properties": {
        "id": 1013350376,
        "osm_type": "way",
        "name": "Björnson tree houses",
        "tourism": "apartment",
        "website": "https://bjornsonka.sk/tree-houses/"
      }
    },
    {
      "type": "Feature",
      "geometry": {
        "type": "Point",
        "coordinates": [
          18.895064,
          49.1956666
        ]
      },
      "properties": {
        "id": 1060200383,
        "osm_type": "way",
        "name": "Chata Fatranka",
        "tourism": "alpine_hut",
        "phone": "+421 415 692 156;+421 903 511 703"
      }
    },
    {
      "type": "Feature",
      "geometry": {
        "type": "Point",
        "coordinates": [
          19.7901589,
          49.131502
        ]
      },
      "properties": {
        "id": 1086275284,
        "osm_type": "way",
        "tourism": "chalet"
      }
    },
    {
      "type": "Feature",
      "geometry": {
        "type": "Point",
        "coordinates": [
          19.7898719,
          49.1313177
        ]
      },
      "properties": {
        "id": 1086275285,
        "osm_type": "way",
        "tourism": "chalet"
      }
    },
    {
      "type": "Feature",
      "geometry": {
        "type": "Point",
        "coordinates": [
          19.4014485,
          49.1322478
        ]
      },
      "properties": {
        "id": 1086601304,
        "osm_type": "way",
        "name": "Diana",
        "tourism": "hotel"
      }
    },
    {
      "type": "Feature",
      "geometry": {
        "type": "Point",
        "coordinates": [
          19.4016339,
          49.1312492
        ]
      },
      "properties": {
        "id": 1086601305,
        "osm_type": "way",
        "tourism": "hotel"
      }
    },
    {
      "type": "Feature",
      "geometry": {
        "type": "Point",
        "coordinates": [
          19.5821718,
          48.971639
        ]
      },
      "properties": {
        "id": 1088081244,
        "osm_type": "way",
        "name": "JASNÁ CENTRAL RESORT HOTEL ****",
        "tourism": "hotel"
      }
    },
    {
      "type": "Feature",
      "geometry": {
        "type": "Point",
        "coordinates": [
          19.0928308,
          49.114821
        ]
      },
      "properties": {
        "id": 1117811722,
        "osm_type": "way",
        "name": "Chata Hriech",
        "tourism": "chalet"
      }
    },
    {
      "type": "Feature",
      "geometry": {
        "type": "Point",
        "coordinates": [
          19.1231021,
          49.2742657
        ]
      },
      "properties": {
        "id": 1123129584,
        "osm_type": "way",
        "name": "Chata Samota",
        "tourism": "chalet",
        "phone": "+421 907 646 966"
      }
    },
    {
      "type": "Feature",
      "geometry": {
        "type": "Point",
        "coordinates": [
          19.3987713,
          49.1345759
        ]
      },
      "properties": {
        "id": 1160942556,
        "osm_type": "way",
        "name": "Barbora",
        "tourism": "guest_house"
      }
    },
    {
      "type": "Feature",
      "geometry": {
        "type": "Point",
        "coordinates": [
          19.5795699,
          49.2138039
        ]
      },
      "properties": {
        "id": 1163489811,
        "osm_type": "way",
        "name": "Koliba Holica",
        "tourism": "guest_house"
      }
    },
    {
      "type": "Feature",
      "geometry": {
        "type": "Point",
        "coordinates": [
          19.5791797,
          49.2136063
        ]
      },
      "properties": {
        "id": 1163489812,
        "osm_type": "way",
        "name": "Koliba Holica",
        "tourism": "guest_house"
      }
    },
    {
      "type": "Feature",
      "geometry": {
        "type": "Point",
        "coordinates": [
          19.7981481,
          49.1113433
        ]
      },
      "properties": {
        "id": 1165012059,
        "osm_type": "way",
        "name": "Wellness Villa Bobrik",
        "tourism": "chalet"
      }
    },
    {
      "type": "Feature",
      "geometry": {
        "type": "Point",
        "coordinates": [
          19.8004917,
          49.1051904
        ]
      },
      "properties": {
        "id": 1165012069,
        "osm_type": "way",
        "name": "Chaty relax",
        "tourism": "chalet",
        "website": "https://chatyrelax.sk/"
      }
    },
    {
      "type": "Feature",
      "geometry": {
        "type": "Point",
        "coordinates": [
          19.8829835,
          49.113897
        ]
      },
      "properties": {
        "id": 1173582548,
        "osm_type": "way",
        "name": "Drevenička na Dieloch",
        "tourism": "apartment",
        "website": "https://www.facebook.com/people/Dreveni%C4%8Dka-na-Dieloch/100042746696688/"
      }
    },
    {
      "type": "Feature",
      "geometry": {
        "type": "Point",
        "coordinates": [
          19.0550833,
          49.2574878
        ]
      },
      "properties": {
        "id": 1193279993,
        "osm_type": "way",
        "name": "Apartmánový Dom Terchová",
        "tourism": "apartment",
        "phone": "+421944373492"
      }
    },
    {
      "type": "Feature",
      "geometry": {
        "type": "Point",
        "coordinates": [
          19.0360149,
          49.254519
        ]
      },
      "properties": {
        "id": 1193640735,
        "osm_type": "way",
        "name": "Chata Pod sochou Jánošíka",
        "tourism": "apartment",
        "phone": "+421904303262",
        "website": "https://privat-pod-sochou-janosika.webnode.sk/"
      }
    },
    {
      "type": "Feature",
      "geometry": {
        "type": "Point",
        "coordinates": [
          19.8514504,
          49.1219665
        ]
      },
      "properties": {
        "id": 1198144773,
        "osm_type": "way",
        "name": "Chata na Priedomí",
        "tourism": "chalet",
        "website": "https://www.megaubytovanie.sk/chata-na-priedomi"
      }
    },
    {
      "type": "Feature",
      "geometry": {
        "type": "Point",
        "coordinates": [
          19.0383583,
          49.2721901
        ]
      },
      "properties": {
        "id": 1202928180,
        "osm_type": "way",
        "name": "Privát Monika",
        "tourism": "chalet",
        "phone": "+421 915 935 441",
        "website": "http://babjarova.szm.sk/"
      }
    },
    {
      "type": "Feature",
      "geometry": {
        "type": "Point",
        "coordinates": [
          19.0384642,
          49.2726813
        ]
      },
      "properties": {
        "id": 1203059649,
        "osm_type": "way",
        "name": "Chalupa Chotár",
        "tourism": "chalet",
        "phone": "+421 910 284 536"
      }
    },
    {
      "type": "Feature",
      "geometry": {
        "type": "Point",
        "coordinates": [
          19.6523783,
          49.1214655
        ]
      },
      "properties": {
        "id": 1221193761,
        "osm_type": "way",
        "name": "Tri kopy",
        "tourism": "guest_house",
        "website": "https://www.trikopy.sk/"
      }
    },
    {
      "type": "Feature",
      "geometry": {
        "type": "Point",
        "coordinates": [
          19.7514287,
          49.062246
        ]
      },
      "properties": {
        "id": 1238390384,
        "osm_type": "way",
        "name": "Motel Hôrky",
        "tourism": "motel"
      }
    },
    {
      "type": "Feature",
      "geometry": {
        "type": "Point",
        "coordinates": [
          19.64551,
          49.0507659
        ]
      },
      "properties": {
        "id": 1244163516,
        "osm_type": "way",
        "name": "Privát Báťa",
        "tourism": "apartment",
        "phone": "+421 907 818 646",
        "website": "http://privatbata.alconet.sk/"
      }
    },
    {
      "type": "Feature",
      "geometry": {
        "type": "Point",
        "coordinates": [
          19.7655148,
          49.0693579
        ]
      },
      "properties": {
        "id": 1258113842,
        "osm_type": "way",
        "name": "Autocamping Vavrišovo",
        "tourism": "camp_site"
      }
    },
    {
      "type": "Feature",
      "geometry": {
        "type": "Point",
        "coordinates": [
          19.7692926,
          49.0682262
        ]
      },
      "properties": {
        "id": 1258113847,
        "osm_type": "way",
        "name": "Vavrisovo",
        "tourism": "camp_site"
      }
    },
    {
      "type": "Feature",
      "geometry": {
        "type": "Point",
        "coordinates": [
          19.8842999,
          49.1244174
        ]
      },
      "properties": {
        "id": 1259087503,
        "osm_type": "way",
        "name": "Chata Pod Dlhou - Veľká",
        "tourism": "chalet"
      }
    },
    {
      "type": "Feature",
      "geometry": {
        "type": "Point",
        "coordinates": [
          19.885383,
          49.1247844
        ]
      },
      "properties": {
        "id": 1259087504,
        "osm_type": "way",
        "name": "Chata Pod Dlhou - Malá",
        "tourism": "apartment",
        "website": "http://chatapodbanske.sk/"
      }
    },
    {
      "type": "Feature",
      "geometry": {
        "type": "Point",
        "coordinates": [
          19.7378357,
          49.1313856
        ]
      },
      "properties": {
        "id": 1270795382,
        "osm_type": "way",
        "name": "Provida camp",
        "tourism": "camp_site",
        "website": "https://tabory.sk/katalog-organizacii/organizacie/nadodcia-provida-/todbor-jakubovany-id4278"
      }
    },
    {
      "type": "Feature",
      "geometry": {
        "type": "Point",
        "coordinates": [
          19.8376296,
          49.1215843
        ]
      },
      "properties": {
        "id": 1272768140,
        "osm_type": "way",
        "name": "Chata Račko",
        "tourism": "chalet",
        "website": "https://www.facebook.com/people/Chata-Ra%C4%8Dko/"
      }
    },
    {
      "type": "Feature",
      "geometry": {
        "type": "Point",
        "coordinates": [
          19.6709655,
          49.1349642
        ]
      },
      "properties": {
        "id": 1275779825,
        "osm_type": "way",
        "name": "Apartmánový dom Žiar",
        "tourism": "apartment"
      }
    },
    {
      "type": "Feature",
      "geometry": {
        "type": "Point",
        "coordinates": [
          19.537701,
          49.1116768
        ]
      },
      "properties": {
        "id": 1278077305,
        "osm_type": "way",
        "tourism": "chalet"
      }
    },
    {
      "type": "Feature",
      "geometry": {
        "type": "Point",
        "coordinates": [
          19.5372975,
          49.1116472
        ]
      },
      "properties": {
        "id": 1278077306,
        "osm_type": "way",
        "tourism": "chalet"
      }
    },
    {
      "type": "Feature",
      "geometry": {
        "type": "Point",
        "coordinates": [
          19.5380933,
          49.1114979
        ]
      },
      "properties": {
        "id": 1278077307,
        "osm_type": "way",
        "tourism": "chalet"
      }
    },
    {
      "type": "Feature",
      "geometry": {
        "type": "Point",
        "coordinates": [
          19.5379158,
          49.11171
        ]
      },
      "properties": {
        "id": 1278077308,
        "osm_type": "way",
        "tourism": "chalet"
      }
    },
    {
      "type": "Feature",
      "geometry": {
        "type": "Point",
        "coordinates": [
          19.538557,
          49.1115053
        ]
      },
      "properties": {
        "id": 1278077309,
        "osm_type": "way",
        "tourism": "chalet"
      }
    },
    {
      "type": "Feature",
      "geometry": {
        "type": "Point",
        "coordinates": [
          19.538324,
          49.1112811
        ]
      },
      "properties": {
        "id": 1278077310,
        "osm_type": "way",
        "tourism": "chalet"
      }
    },
    {
      "type": "Feature",
      "geometry": {
        "type": "Point",
        "coordinates": [
          19.5390289,
          49.1111035
        ]
      },
      "properties": {
        "id": 1278077311,
        "osm_type": "way",
        "tourism": "chalet"
      }
    },
    {
      "type": "Feature",
      "geometry": {
        "type": "Point",
        "coordinates": [
          19.5386368,
          49.111163
        ]
      },
      "properties": {
        "id": 1278077312,
        "osm_type": "way",
        "tourism": "chalet"
      }
    },
    {
      "type": "Feature",
      "geometry": {
        "type": "Point",
        "coordinates": [
          19.5388413,
          49.1113993
        ]
      },
      "properties": {
        "id": 1278077313,
        "osm_type": "way",
        "tourism": "chalet"
      }
    },
    {
      "type": "Feature",
      "geometry": {
        "type": "Point",
        "coordinates": [
          19.5370356,
          49.1111541
        ]
      },
      "properties": {
        "id": 1278077314,
        "osm_type": "way",
        "tourism": "chalet"
      }
    },
    {
      "type": "Feature",
      "geometry": {
        "type": "Point",
        "coordinates": [
          19.5379673,
          49.1119718
        ]
      },
      "properties": {
        "id": 1278077315,
        "osm_type": "way",
        "tourism": "chalet"
      }
    },
    {
      "type": "Feature",
      "geometry": {
        "type": "Point",
        "coordinates": [
          19.5373672,
          49.1119058
        ]
      },
      "properties": {
        "id": 1278077316,
        "osm_type": "way",
        "tourism": "chalet"
      }
    },
    {
      "type": "Feature",
      "geometry": {
        "type": "Point",
        "coordinates": [
          19.5377023,
          49.1120016
        ]
      },
      "properties": {
        "id": 1278077317,
        "osm_type": "way",
        "tourism": "chalet"
      }
    },
    {
      "type": "Feature",
      "geometry": {
        "type": "Point",
        "coordinates": [
          19.5388374,
          49.1120696
        ]
      },
      "properties": {
        "id": 1278077318,
        "osm_type": "way",
        "tourism": "chalet"
      }
    },
    {
      "type": "Feature",
      "geometry": {
        "type": "Point",
        "coordinates": [
          19.538738,
          49.1124593
        ]
      },
      "properties": {
        "id": 1278077319,
        "osm_type": "way",
        "tourism": "chalet"
      }
    },
    {
      "type": "Feature",
      "geometry": {
        "type": "Point",
        "coordinates": [
          19.5380891,
          49.1123339
        ]
      },
      "properties": {
        "id": 1278077320,
        "osm_type": "way",
        "tourism": "chalet"
      }
    },
    {
      "type": "Feature",
      "geometry": {
        "type": "Point",
        "coordinates": [
          19.5376974,
          49.1124713
        ]
      },
      "properties": {
        "id": 1278077321,
        "osm_type": "way",
        "tourism": "chalet"
      }
    },
    {
      "type": "Feature",
      "geometry": {
        "type": "Point",
        "coordinates": [
          19.5381711,
          49.112567
        ]
      },
      "properties": {
        "id": 1278077322,
        "osm_type": "way",
        "tourism": "chalet"
      }
    },
    {
      "type": "Feature",
      "geometry": {
        "type": "Point",
        "coordinates": [
          19.5394989,
          49.1126994
        ]
      },
      "properties": {
        "id": 1278077323,
        "osm_type": "way",
        "tourism": "chalet"
      }
    },
    {
      "type": "Feature",
      "geometry": {
        "type": "Point",
        "coordinates": [
          19.5377868,
          49.1130774
        ]
      },
      "properties": {
        "id": 1278077324,
        "osm_type": "way",
        "tourism": "chalet"
      }
    },
    {
      "type": "Feature",
      "geometry": {
        "type": "Point",
        "coordinates": [
          19.5367879,
          49.1124355
        ]
      },
      "properties": {
        "id": 1278077325,
        "osm_type": "way",
        "tourism": "chalet"
      }
    },
    {
      "type": "Feature",
      "geometry": {
        "type": "Point",
        "coordinates": [
          19.539525,
          49.112258
        ]
      },
      "properties": {
        "id": 1278077327,
        "osm_type": "way",
        "tourism": "chalet"
      }
    },
    {
      "type": "Feature",
      "geometry": {
        "type": "Point",
        "coordinates": [
          19.8473778,
          49.0127265
        ]
      },
      "properties": {
        "id": 1282349950,
        "osm_type": "way",
        "name": "Ranč Kráľova Lehota",
        "tourism": "camp_site",
        "contact:phone": "+421 44 522 14 70",
        "website": "https://www.ranckralovalehota.sk/"
      }
    },
    {
      "type": "Feature",
      "geometry": {
        "type": "Point",
        "coordinates": [
          19.3867738,
          49.5209272
        ]
      },
      "properties": {
        "id": 1300034012,
        "osm_type": "way",
        "name": "U deda",
        "tourism": "chalet"
      }
    },
    {
      "type": "Feature",
      "geometry": {
        "type": "Point",
        "coordinates": [
          19.5976437,
          48.9783496
        ]
      },
      "properties": {
        "id": 1301502869,
        "osm_type": "way",
        "name": "Chata Prameň",
        "tourism": "chalet",
        "contact:phone": "+421 905 212 930",
        "website": "https://www.chatapramen.com/"
      }
    },
    {
      "type": "Feature",
      "geometry": {
        "type": "Point",
        "coordinates": [
          19.5976842,
          48.9780014
        ]
      },
      "properties": {
        "id": 1303849638,
        "osm_type": "way",
        "name": "Villa pod hviezdami Jasná",
        "tourism": "chalet",
        "contact:phone": "+421 905 418 374"
      }
    },
    {
      "type": "Feature",
      "geometry": {
        "type": "Point",
        "coordinates": [
          19.4780866,
          49.1182821
        ]
      },
      "properties": {
        "id": 1308711036,
        "osm_type": "way",
        "name": "Marína Liptov",
        "tourism": "apartment"
      }
    },
    {
      "type": "Feature",
      "geometry": {
        "type": "Point",
        "coordinates": [
          19.478232,
          49.1180921
        ]
      },
      "properties": {
        "id": 1308711037,
        "osm_type": "way",
        "name": "Marína Liptov",
        "tourism": "apartment"
      }
    },
    {
      "type": "Feature",
      "geometry": {
        "type": "Point",
        "coordinates": [
          19.4783728,
          49.1178971
        ]
      },
      "properties": {
        "id": 1308711038,
        "osm_type": "way",
        "name": "Marína Liptov",
        "tourism": "apartment"
      }
    },
    {
      "type": "Feature",
      "geometry": {
        "type": "Point",
        "coordinates": [
          19.7753449,
          48.9655618
        ]
      },
      "properties": {
        "id": 1324370227,
        "osm_type": "way",
        "tourism": "guest_house"
      }
    },
    {
      "type": "Feature",
      "geometry": {
        "type": "Point",
        "coordinates": [
          19.5833418,
          49.0533777
        ]
      },
      "properties": {
        "id": 1356344659,
        "osm_type": "way",
        "name": "Demänová Rezort",
        "tourism": "hotel",
        "website": "https://demanovarezort.sk/",
        "check_date": "2025-01-30"
      }
    },
    {
      "type": "Feature",
      "geometry": {
        "type": "Point",
        "coordinates": [
          19.5811257,
          49.0548649
        ]
      },
      "properties": {
        "id": 1357165353,
        "osm_type": "way",
        "name": "Hilson Apartments Jasná",
        "tourism": "guest_house",
        "phone": "+421918060803",
        "website": "https://www.ubytovanie-jasna-hilson.sk/"
      }
    },
    {
      "type": "Feature",
      "geometry": {
        "type": "Point",
        "coordinates": [
          19.5626857,
          49.0710277
        ]
      },
      "properties": {
        "id": 1380011596,
        "osm_type": "way",
        "name": "Autobuseek - Unique Stay in Karosa 735",
        "tourism": "apartment",
        "website": "https://www.booking.com/hotel/sk/autobuseek-unique-stay-in-karosa-735.sk.html"
      }
    },
    {
      "type": "Feature",
      "geometry": {
        "type": "Point",
        "coordinates": [
          19.5100189,
          49.1367513
        ]
      },
      "properties": {
        "id": 1418853969,
        "osm_type": "way",
        "name": "Villa Betula",
        "tourism": "camp_site",
        "tents": "yes"
      }
    },
    {
      "type": "Feature",
      "geometry": {
        "type": "Point",
        "coordinates": [
          19.5037892,
          49.4111534
        ]
      },
      "properties": {
        "id": 1464153798,
        "osm_type": "way",
        "tourism": "chalet"
      }
    },
    {
      "type": "Feature",
      "geometry": {
        "type": "Point",
        "coordinates": [
          19.503868,
          49.4111597
        ]
      },
      "properties": {
        "id": 1464153799,
        "osm_type": "way",
        "tourism": "chalet"
      }
    },
    {
      "type": "Feature",
      "geometry": {
        "type": "Point",
        "coordinates": [
          19.5039478,
          49.4111742
        ]
      },
      "properties": {
        "id": 1464153800,
        "osm_type": "way",
        "tourism": "chalet"
      }
    },
    {
      "type": "Feature",
      "geometry": {
        "type": "Point",
        "coordinates": [
          19.504031,
          49.4111854
        ]
      },
      "properties": {
        "id": 1464153801,
        "osm_type": "way",
        "tourism": "chalet"
      }
    },
    {
      "type": "Feature",
      "geometry": {
        "type": "Point",
        "coordinates": [
          19.5038353,
          49.411041
        ]
      },
      "properties": {
        "id": 1464153802,
        "osm_type": "way",
        "tourism": "caravan_site"
      }
    },
    {
      "type": "Feature",
      "geometry": {
        "type": "Point",
        "coordinates": [
          19.5811772,
          49.0367718
        ]
      },
      "properties": {
        "id": 1492814078,
        "osm_type": "way",
        "tourism": "chalet"
      }
    },
    {
      "type": "Feature",
      "geometry": {
        "type": "Point",
        "coordinates": [
          19.5808063,
          49.0368936
        ]
      },
      "properties": {
        "id": 1492814079,
        "osm_type": "way",
        "tourism": "chalet"
      }
    },
    {
      "type": "Feature",
      "geometry": {
        "type": "Point",
        "coordinates": [
          19.5803529,
          49.0366809
        ]
      },
      "properties": {
        "id": 1492814080,
        "osm_type": "way",
        "tourism": "chalet"
      }
    },
    {
      "type": "Feature",
      "geometry": {
        "type": "Point",
        "coordinates": [
          19.5810324,
          49.0364808
        ]
      },
      "properties": {
        "id": 1492814081,
        "osm_type": "way",
        "tourism": "chalet"
      }
    },
    {
      "type": "Feature",
      "geometry": {
        "type": "Point",
        "coordinates": [
          19.5816118,
          49.0363201
        ]
      },
      "properties": {
        "id": 1492814082,
        "osm_type": "way",
        "tourism": "chalet"
      }
    },
    {
      "type": "Feature",
      "geometry": {
        "type": "Point",
        "coordinates": [
          19.5819314,
          49.0359193
        ]
      },
      "properties": {
        "id": 1492814083,
        "osm_type": "way",
        "tourism": "chalet"
      }
    },
    {
      "type": "Feature",
      "geometry": {
        "type": "Point",
        "coordinates": [
          19.5817603,
          49.0355043
        ]
      },
      "properties": {
        "id": 1492814084,
        "osm_type": "way",
        "tourism": "chalet"
      }
    },
    {
      "type": "Feature",
      "geometry": {
        "type": "Point",
        "coordinates": [
          19.5800641,
          49.0364407
        ]
      },
      "properties": {
        "id": 1492814085,
        "osm_type": "way",
        "tourism": "chalet"
      }
    },
    {
      "type": "Feature",
      "geometry": {
        "type": "Point",
        "coordinates": [
          19.580612,
          49.0362109
        ]
      },
      "properties": {
        "id": 1492814086,
        "osm_type": "way",
        "tourism": "chalet"
      }
    },
    {
      "type": "Feature",
      "geometry": {
        "type": "Point",
        "coordinates": [
          19.5807197,
          49.0357668
        ]
      },
      "properties": {
        "id": 1492814087,
        "osm_type": "way",
        "tourism": "chalet"
      }
    },
    {
      "type": "Feature",
      "geometry": {
        "type": "Point",
        "coordinates": [
          19.5814605,
          49.0359651
        ]
      },
      "properties": {
        "id": 1492814088,
        "osm_type": "way",
        "tourism": "chalet"
      }
    },
    {
      "type": "Feature",
      "geometry": {
        "type": "Point",
        "coordinates": [
          19.579878,
          49.0361347
        ]
      },
      "properties": {
        "id": 1492814089,
        "osm_type": "way",
        "tourism": "chalet"
      }
    },
    {
      "type": "Feature",
      "geometry": {
        "type": "Point",
        "coordinates": [
          19.5796384,
          49.0358545
        ]
      },
      "properties": {
        "id": 1492814090,
        "osm_type": "way",
        "tourism": "chalet"
      }
    },
    {
      "type": "Feature",
      "geometry": {
        "type": "Point",
        "coordinates": [
          19.5795976,
          49.035595
        ]
      },
      "properties": {
        "id": 1492814091,
        "osm_type": "way",
        "tourism": "chalet"
      }
    },
    {
      "type": "Feature",
      "geometry": {
        "type": "Point",
        "coordinates": [
          19.5801898,
          49.0357267
        ]
      },
      "properties": {
        "id": 1492814092,
        "osm_type": "way",
        "tourism": "chalet"
      }
    },
    {
      "type": "Feature",
      "geometry": {
        "type": "Point",
        "coordinates": [
          19.5802408,
          49.0353333
        ]
      },
      "properties": {
        "id": 1492814093,
        "osm_type": "way",
        "tourism": "chalet"
      }
    },
    {
      "type": "Feature",
      "geometry": {
        "type": "Point",
        "coordinates": [
          19.5797028,
          49.0345924
        ]
      },
      "properties": {
        "id": 1492814094,
        "osm_type": "way",
        "tourism": "chalet"
      }
    },
    {
      "type": "Feature",
      "geometry": {
        "type": "Point",
        "coordinates": [
          19.5794497,
          49.0349978
        ]
      },
      "properties": {
        "id": 1492814095,
        "osm_type": "way",
        "name": "U Brata",
        "tourism": "chalet"
      }
    },
    {
      "type": "Feature",
      "geometry": {
        "type": "Point",
        "coordinates": [
          19.5800638,
          49.035033
        ]
      },
      "properties": {
        "id": 1492814096,
        "osm_type": "way",
        "tourism": "chalet"
      }
    },
    {
      "type": "Feature",
      "geometry": {
        "type": "Point",
        "coordinates": [
          19.5788962,
          49.0351657
        ]
      },
      "properties": {
        "id": 1492814097,
        "osm_type": "way",
        "tourism": "chalet"
      }
    },
    {
      "type": "Feature",
      "geometry": {
        "type": "Point",
        "coordinates": [
          19.5783738,
          49.0352516
        ]
      },
      "properties": {
        "id": 1492814098,
        "osm_type": "way",
        "tourism": "chalet"
      }
    },
    {
      "type": "Feature",
      "geometry": {
        "type": "Point",
        "coordinates": [
          19.5787587,
          49.0355287
        ]
      },
      "properties": {
        "id": 1492814099,
        "osm_type": "way",
        "tourism": "chalet"
      }
    },
    {
      "type": "Feature",
      "geometry": {
        "type": "Point",
        "coordinates": [
          18.8784906,
          49.2083037
        ]
      },
      "properties": {
        "id": 1495872409,
        "osm_type": "way",
        "name": "Autocamping Varín",
        "tourism": "camp_site",
        "tents": "yes",
        "contact:phone": "+421 911 49 42 42",
        "website": "https://www.atcvarin.sk/"
      }
    },
    {
      "type": "Feature",
      "geometry": {
        "type": "Point",
        "coordinates": [
          19.2721338,
          49.0721554
        ]
      },
      "properties": {
        "id": 3070348,
        "osm_type": "relation",
        "name": "Apartmány Hrabovo",
        "tourism": "apartment",
        "phone": "+421 444 860 353",
        "website": "https://apartmanyhrabovo.com/"
      }
    },
    {
      "type": "Feature",
      "geometry": {
        "type": "Point",
        "coordinates": [
          19.5751517,
          48.9693827
        ]
      },
      "properties": {
        "id": 14483412,
        "osm_type": "relation",
        "name": "Hotel Mikulášska chata*** Jasná",
        "tourism": "hotel",
        "phone": "+421445591676",
        "website": "https://www.mikulasskachata.sk/"
      }
    },
    {
      "type": "Feature",
      "geometry": {
        "type": "Point",
        "coordinates": [
          19.5741022,
          49.0231229
        ]
      },
      "properties": {
        "id": 14483460,
        "osm_type": "relation",
        "name": "Riverstone Chalets",
        "tourism": "chalet",
        "website": "https://riverstone.123u.sk/"
      }
    }
  ]
}