{
  "type": "FeatureCollection",
  "features": [
    {
      "type": "Feature",
      "geometry": {
        "type": "Point",
        "coordinates": [
          9.393186,
          41.1792425
        ]
      },
      "properties": {
        "id": 26860542,
        "osm_type": "node",
        "name": "Saraceno",
        "tourism": "camp_site",
        "tents": "yes",
        "website": "https://baiasaraceno.it/"
      }
    },
    {
      "type": "Feature",
      "geometry": {
        "type": "Point",
        "coordinates": [
          8.6008964,
          38.9638571
        ]
      },
      "properties": {
        "id": 26860543,
        "osm_type": "node",
        "name": "Sardegna",
        "tourism": "caravan_site"
      }
    },
    {
      "type": "Feature",
      "geometry": {
        "type": "Point",
        "coordinates": [
          9.773056,
          40.578611
        ]
      },
      "properties": {
        "id": 26860544,
        "osm_type": "node",
        "name": "Selema Camping",
        "tourism": "camp_site",
        "tents": "yes",
        "phone": "+39 342 8149801",
        "website": "https://www.selemacamping.com/"
      }
    },
    {
      "type": "Feature",
      "geometry": {
        "type": "Point",
        "coordinates": [
          9.2079778,
          40.1198524
        ]
      },
      "properties": {
        "id": 259455382,
        "osm_type": "node",
        "name": "Hotel Taloro",
        "tourism": "hotel"
      }
    },
    {
      "type": "Feature",
      "geometry": {
        "type": "Point",
        "coordinates": [
          9.4891834,
          41.0347259
        ]
      },
      "properties": {
        "id": 261051966,
        "osm_type": "node",
        "name": "Residence Rocce Sarde",
        "tourism": "hotel"
      }
    },
    {
      "type": "Feature",
      "geometry": {
        "type": "Point",
        "coordinates": [
          8.9501709,
          38.9574914
        ]
      },
      "properties": {
        "id": 394893422,
        "osm_type": "node",
        "name": "La Biada",
        "tourism": "guest_house"
      }
    },
    {
      "type": "Feature",
      "geometry": {
        "type": "Point",
        "coordinates": [
          8.908277,
          40.9922749
        ]
      },
      "properties": {
        "id": 437869109,
        "osm_type": "node",
        "name": "Agriturismo Santu Petru",
        "tourism": "hostel"
      }
    },
    {
      "type": "Feature",
      "geometry": {
        "type": "Point",
        "coordinates": [
          9.3896409,
          41.0781943
        ]
      },
      "properties": {
        "id": 454404488,
        "osm_type": "node",
        "name": "Hotel Punta Est",
        "tourism": "hotel"
      }
    },
    {
      "type": "Feature",
      "geometry": {
        "type": "Point",
        "coordinates": [
          9.3887999,
          41.0794
        ]
      },
      "properties": {
        "id": 454411131,
        "osm_type": "node",
        "name": "Hotel Balocco",
        "tourism": "hotel"
      }
    },
    {
      "type": "Feature",
      "geometry": {
        "type": "Point",
        "coordinates": [
          9.3919164,
          41.0767318
        ]
      },
      "properties": {
        "id": 454416273,
        "osm_type": "node",
        "name": "Hotel Casa Mia",
        "tourism": "hotel"
      }
    },
    {
      "type": "Feature",
      "geometry": {
        "type": "Point",
        "coordinates": [
          9.5007374,
          40.9230471
        ]
      },
      "properties": {
        "id": 454487484,
        "osm_type": "node",
        "name": "Hotel Cavour",
        "tourism": "hotel",
        "phone": "+39 0789 204033",
        "website": "https://www.hotelcavourolbia.it/"
      }
    },
    {
      "type": "Feature",
      "geometry": {
        "type": "Point",
        "coordinates": [
          9.501628,
          40.9238048
        ]
      },
      "properties": {
        "id": 454490234,
        "osm_type": "node",
        "name": "Hotel Centrale",
        "tourism": "hotel"
      }
    },
    {
      "type": "Feature",
      "geometry": {
        "type": "Point",
        "coordinates": [
          9.5018199,
          40.9286488
        ]
      },
      "properties": {
        "id": 454494443,
        "osm_type": "node",
        "name": "Hotel Martini",
        "tourism": "hotel"
      }
    },
    {
      "type": "Feature",
      "geometry": {
        "type": "Point",
        "coordinates": [
          8.8721077,
          39.1607582
        ]
      },
      "properties": {
        "id": 455585412,
        "osm_type": "node",
        "name": "Centro escursioni WWF",
        "tourism": "alpine_hut"
      }
    },
    {
      "type": "Feature",
      "geometry": {
        "type": "Point",
        "coordinates": [
          9.1863128,
          39.2338803
        ]
      },
      "properties": {
        "id": 460019332,
        "osm_type": "node",
        "name": "Hotel Italia",
        "tourism": "hotel"
      }
    },
    {
      "type": "Feature",
      "geometry": {
        "type": "Point",
        "coordinates": [
          9.1012552,
          40.9016391
        ]
      },
      "properties": {
        "id": 479953852,
        "osm_type": "node",
        "name": "New Petit Hotel",
        "tourism": "hotel",
        "phone": "+39 079 631134",
        "website": "https://newpetithotel.com/"
      }
    },
    {
      "type": "Feature",
      "geometry": {
        "type": "Point",
        "coordinates": [
          9.104491,
          40.9002832
        ]
      },
      "properties": {
        "id": 482137046,
        "osm_type": "node",
        "name": "Park Hotel",
        "tourism": "hotel"
      }
    },
    {
      "type": "Feature",
      "geometry": {
        "type": "Point",
        "coordinates": [
          9.5474101,
          40.9364288
        ]
      },
      "properties": {
        "id": 494164176,
        "osm_type": "node",
        "name": "Hotel Luna Lughente",
        "tourism": "hotel"
      }
    },
    {
      "type": "Feature",
      "geometry": {
        "type": "Point",
        "coordinates": [
          8.9287095,
          38.9312539
        ]
      },
      "properties": {
        "id": 502984277,
        "osm_type": "node",
        "name": "Abamar Hotel",
        "tourism": "hotel"
      }
    },
    {
      "type": "Feature",
      "geometry": {
        "type": "Point",
        "coordinates": [
          8.9267574,
          38.929901
        ]
      },
      "properties": {
        "id": 502984278,
        "osm_type": "node",
        "name": "New Barcavela Hotel",
        "tourism": "hotel",
        "website": "https://www.newbarcavela.it/"
      }
    },
    {
      "type": "Feature",
      "geometry": {
        "type": "Point",
        "coordinates": [
          9.3253325,
          41.1881448
        ]
      },
      "properties": {
        "id": 524063447,
        "osm_type": "node",
        "name": "Hotel Le Dune",
        "tourism": "hotel"
      }
    },
    {
      "type": "Feature",
      "geometry": {
        "type": "Point",
        "coordinates": [
          9.5262597,
          40.3369114
        ]
      },
      "properties": {
        "id": 563303857,
        "osm_type": "node",
        "name": "Agricamper Iloghe",
        "tourism": "caravan_site",
        "opening_hours": "24/7"
      }
    },
    {
      "type": "Feature",
      "geometry": {
        "type": "Point",
        "coordinates": [
          9.1528641,
          40.850322
        ]
      },
      "properties": {
        "id": 590910474,
        "osm_type": "node",
        "name": "Albergo Vallicciola",
        "tourism": "hotel"
      }
    },
    {
      "type": "Feature",
      "geometry": {
        "type": "Point",
        "coordinates": [
          9.7750572,
          40.5798679
        ]
      },
      "properties": {
        "id": 610512699,
        "osm_type": "node",
        "name": "La Mandragola",
        "tourism": "camp_site",
        "tents": "yes",
        "phone": "+390784819146",
        "website": "https://www.villaggiomandragola.com/"
      }
    },
    {
      "type": "Feature",
      "geometry": {
        "type": "Point",
        "coordinates": [
          9.389912,
          41.0779984
        ]
      },
      "properties": {
        "id": 615463056,
        "osm_type": "node",
        "name": "Hotel Pilastu",
        "tourism": "hotel"
      }
    },
    {
      "type": "Feature",
      "geometry": {
        "type": "Point",
        "coordinates": [
          9.45019,
          40.8019895
        ]
      },
      "properties": {
        "id": 624263293,
        "osm_type": "node",
        "name": "Giò Franziscu",
        "tourism": "guest_house"
      }
    },
    {
      "type": "Feature",
      "geometry": {
        "type": "Point",
        "coordinates": [
          8.5575862,
          40.221825
        ]
      },
      "properties": {
        "id": 648900547,
        "osm_type": "node",
        "name": "Agriturismo Sa Murta",
        "tourism": "hotel",
        "phone": "+39 340 3376196",
        "website": "http://www.agriturismosamurta.it"
      }
    },
    {
      "type": "Feature",
      "geometry": {
        "type": "Point",
        "coordinates": [
          8.2750181,
          40.6541404
        ]
      },
      "properties": {
        "id": 648982433,
        "osm_type": "node",
        "name": "Villa Barbarina",
        "tourism": "hotel",
        "contact:phone": "+39 079 9999026",
        "contact:website": "http://www.villabarbarina.com"
      }
    },
    {
      "type": "Feature",
      "geometry": {
        "type": "Point",
        "coordinates": [
          8.8719322,
          39.6318438
        ]
      },
      "properties": {
        "id": 656560464,
        "osm_type": "node",
        "name": "B&B Sa Muredda",
        "tourism": "guest_house",
        "contact:phone": "+39 070 9331142",
        "contact:website": "http://www.samuredda.it/"
      }
    },
    {
      "type": "Feature",
      "geometry": {
        "type": "Point",
        "coordinates": [
          8.732376,
          40.1451886
        ]
      },
      "properties": {
        "id": 666247200,
        "osm_type": "node",
        "name": "Base Scout San Martino",
        "tourism": "camp_site"
      }
    },
    {
      "type": "Feature",
      "geometry": {
        "type": "Point",
        "coordinates": [
          9.4721533,
          40.2875292
        ]
      },
      "properties": {
        "id": 708877344,
        "osm_type": "node",
        "name": "agratourismo Guthiddai",
        "tourism": "guest_house"
      }
    },
    {
      "type": "Feature",
      "geometry": {
        "type": "Point",
        "coordinates": [
          8.8131982,
          40.9256259
        ]
      },
      "properties": {
        "id": 722920359,
        "osm_type": "node",
        "name": "Park Hotel",
        "tourism": "hotel"
      }
    },
    {
      "type": "Feature",
      "geometry": {
        "type": "Point",
        "coordinates": [
          9.5113046,
          40.1531229
        ]
      },
      "properties": {
        "id": 749400959,
        "osm_type": "node",
        "name": "Camping Silana",
        "tourism": "camp_site",
        "tents": "yes",
        "phone": "+39 3383319191",
        "website": "https://www.campingsilana.com/"
      }
    },
    {
      "type": "Feature",
      "geometry": {
        "type": "Point",
        "coordinates": [
          9.651735,
          39.8427947
        ]
      },
      "properties": {
        "id": 761152730,
        "osm_type": "node",
        "name": "Stella dell'Est",
        "tourism": "apartment"
      }
    },
    {
      "type": "Feature",
      "geometry": {
        "type": "Point",
        "coordinates": [
          8.4792433,
          40.2915314
        ]
      },
      "properties": {
        "id": 765041182,
        "osm_type": "node",
        "name": "Stella Maris",
        "tourism": "hotel",
        "check_date": "2024-10-02"
      }
    },
    {
      "type": "Feature",
      "geometry": {
        "type": "Point",
        "coordinates": [
          9.725338,
          40.6875855
        ]
      },
      "properties": {
        "id": 778189264,
        "osm_type": "node",
        "name": "residence l`ulivo",
        "tourism": "chalet"
      }
    },
    {
      "type": "Feature",
      "geometry": {
        "type": "Point",
        "coordinates": [
          9.6668932,
          39.795064
        ]
      },
      "properties": {
        "id": 788798129,
        "osm_type": "node",
        "name": "Hotel Corte Bianca",
        "tourism": "hotel"
      }
    },
    {
      "type": "Feature",
      "geometry": {
        "type": "Point",
        "coordinates": [
          9.6549521,
          39.793106
        ]
      },
      "properties": {
        "id": 789367620,
        "osm_type": "node",
        "name": "La Vela",
        "tourism": "hotel"
      }
    },
    {
      "type": "Feature",
      "geometry": {
        "type": "Point",
        "coordinates": [
          9.6799337,
          39.832107
        ]
      },
      "properties": {
        "id": 789403986,
        "osm_type": "node",
        "name": "Domus de Janas",
        "tourism": "hotel"
      }
    },
    {
      "type": "Feature",
      "geometry": {
        "type": "Point",
        "coordinates": [
          9.6806203,
          39.8310689
        ]
      },
      "properties": {
        "id": 789403996,
        "osm_type": "node",
        "name": "La Torre",
        "tourism": "hotel"
      }
    },
    {
      "type": "Feature",
      "geometry": {
        "type": "Point",
        "coordinates": [
          9.6414177,
          39.8422122
        ]
      },
      "properties": {
        "id": 789417145,
        "osm_type": "node",
        "name": "I Gelsomini",
        "tourism": "guest_house",
        "website": "http://www.bbogliastra.com/IT/bb_podda_gianfranco.htm"
      }
    },
    {
      "type": "Feature",
      "geometry": {
        "type": "Point",
        "coordinates": [
          9.6681207,
          39.9272246
        ]
      },
      "properties": {
        "id": 794165436,
        "osm_type": "node",
        "name": "Hotel Orri",
        "tourism": "hotel",
        "phone": "+390782620085",
        "website": "https://www.hotelorri.it"
      }
    },
    {
      "type": "Feature",
      "geometry": {
        "type": "Point",
        "coordinates": [
          9.6920717,
          39.9310814
        ]
      },
      "properties": {
        "id": 794586419,
        "osm_type": "node",
        "name": "Sa Contonera",
        "tourism": "hotel",
        "phone": "+39 0782 665011;+39 0782 665022",
        "website": "https://www.sacontonera.it/"
      }
    },
    {
      "type": "Feature",
      "geometry": {
        "type": "Point",
        "coordinates": [
          9.6945892,
          39.9314234
        ]
      },
      "properties": {
        "id": 795964255,
        "osm_type": "node",
        "name": "Hotel Poseidonia",
        "tourism": "hotel"
      }
    },
    {
      "type": "Feature",
      "geometry": {
        "type": "Point",
        "coordinates": [
          8.9390105,
          41.0515381
        ]
      },
      "properties": {
        "id": 796427254,
        "osm_type": "node",
        "tourism": "hotel"
      }
    },
    {
      "type": "Feature",
      "geometry": {
        "type": "Point",
        "coordinates": [
          9.6994816,
          39.9298496
        ]
      },
      "properties": {
        "id": 796476603,
        "osm_type": "node",
        "name": "La Perla",
        "tourism": "hotel",
        "phone": "+39 0782 667800",
        "website": "https://www.hotel-laperla.com/"
      }
    },
    {
      "type": "Feature",
      "geometry": {
        "type": "Point",
        "coordinates": [
          9.701768,
          39.9280396
        ]
      },
      "properties": {
        "id": 796485712,
        "osm_type": "node",
        "name": "Vecchia Marina",
        "tourism": "hotel",
        "phone": "+39 0782 667020",
        "website": "http://www.hotellavecchiamarina.com/"
      }
    },
    {
      "type": "Feature",
      "geometry": {
        "type": "Point",
        "coordinates": [
          9.706235,
          39.9250028
        ]
      },
      "properties": {
        "id": 796489846,
        "osm_type": "node",
        "name": "La Bitta",
        "tourism": "hotel",
        "phone": "+39 0782 667080",
        "website": "https://www.hotellabitta.it/"
      }
    },
    {
      "type": "Feature",
      "geometry": {
        "type": "Point",
        "coordinates": [
          9.7070568,
          39.9340296
        ]
      },
      "properties": {
        "id": 796702427,
        "osm_type": "node",
        "name": "Arbatasar",
        "tourism": "hotel",
        "phone": "+39 0782 651800",
        "website": "https://www.arbatasar.it/"
      }
    },
    {
      "type": "Feature",
      "geometry": {
        "type": "Point",
        "coordinates": [
          9.7094999,
          39.9283377
        ]
      },
      "properties": {
        "id": 796794620,
        "osm_type": "node",
        "tourism": "hotel",
        "phone": "+39 0782 667790",
        "website": "https://www.arbataxpark.com/"
      }
    },
    {
      "type": "Feature",
      "geometry": {
        "type": "Point",
        "coordinates": [
          9.787193,
          40.5688874
        ]
      },
      "properties": {
        "id": 800475720,
        "osm_type": "node",
        "name": "Amfibie Treks",
        "tourism": "camp_site",
        "website": "https://www.amfibietreks.de"
      }
    },
    {
      "type": "Feature",
      "geometry": {
        "type": "Point",
        "coordinates": [
          8.274823,
          40.6066441
        ]
      },
      "properties": {
        "id": 808434030,
        "osm_type": "node",
        "name": "I Platani",
        "tourism": "caravan_site"
      }
    },
    {
      "type": "Feature",
      "geometry": {
        "type": "Point",
        "coordinates": [
          9.4876195,
          41.0367352
        ]
      },
      "properties": {
        "id": 817759589,
        "osm_type": "node",
        "name": "Rocce Sarde",
        "tourism": "hotel",
        "phone": "+39 0789 65265",
        "website": "http://www.myohotelroccesarde.com/"
      }
    },
    {
      "type": "Feature",
      "geometry": {
        "type": "Point",
        "coordinates": [
          9.4173763,
          40.2636151
        ]
      },
      "properties": {
        "id": 830339857,
        "osm_type": "node",
        "name": "S’Enis Monte Maccione",
        "tourism": "camp_site",
        "tents": "yes",
        "contact:phone": "+39 0784 288363;+39 0784 288761",
        "website": "https://www.coopenis.it/de/camping/"
      }
    },
    {
      "type": "Feature",
      "geometry": {
        "type": "Point",
        "coordinates": [
          9.1610177,
          39.2527196
        ]
      },
      "properties": {
        "id": 860469623,
        "osm_type": "node",
        "name": "Hotel Hinterland",
        "tourism": "hotel"
      }
    },
    {
      "type": "Feature",
      "geometry": {
        "type": "Point",
        "coordinates": [
          8.5685192,
          40.7207123
        ]
      },
      "properties": {
        "id": 897590990,
        "osm_type": "node",
        "name": "Hotel Leonardo da Vinci",
        "tourism": "hotel"
      }
    },
    {
      "type": "Feature",
      "geometry": {
        "type": "Point",
        "coordinates": [
          9.5605636,
          39.2059372
        ]
      },
      "properties": {
        "id": 908459934,
        "osm_type": "node",
        "name": "Alma Resort",
        "tourism": "hotel"
      }
    },
    {
      "type": "Feature",
      "geometry": {
        "type": "Point",
        "coordinates": [
          9.6964804,
          40.3762674
        ]
      },
      "properties": {
        "id": 947407861,
        "osm_type": "node",
        "name": "Hotel Maria Rosaria",
        "tourism": "hotel",
        "website": "https://www.itihotels.it/marinarosaria-HomePageit-5.html"
      }
    },
    {
      "type": "Feature",
      "geometry": {
        "type": "Point",
        "coordinates": [
          9.7050933,
          40.3760841
        ]
      },
      "properties": {
        "id": 949540469,
        "osm_type": "node",
        "name": "Hotel Baia Marina",
        "tourism": "hotel",
        "phone": "+39 0784 997028"
      }
    },
    {
      "type": "Feature",
      "geometry": {
        "type": "Point",
        "coordinates": [
          9.6950325,
          40.3800875
        ]
      },
      "properties": {
        "id": 949540473,
        "osm_type": "node",
        "name": "Hotel Anticos Palathos",
        "tourism": "hotel",
        "website": "https://www.anticospalathos.com/"
      }
    },
    {
      "type": "Feature",
      "geometry": {
        "type": "Point",
        "coordinates": [
          9.6923716,
          40.379225
        ]
      },
      "properties": {
        "id": 949540475,
        "osm_type": "node",
        "name": "Hotel Mannois",
        "tourism": "hotel",
        "phone": "+39 0784 991040",
        "website": "https://www.mannois.it/"
      }
    },
    {
      "type": "Feature",
      "geometry": {
        "type": "Point",
        "coordinates": [
          9.6966719,
          40.3813438
        ]
      },
      "properties": {
        "id": 949540483,
        "osm_type": "node",
        "name": "Bed and Breakfast da Giovanna",
        "tourism": "hotel",
        "phone": "+39 0784 98432",
        "website": "http://www.nurache.it"
      }
    },
    {
      "type": "Feature",
      "geometry": {
        "type": "Point",
        "coordinates": [
          9.6904101,
          40.3826698
        ]
      },
      "properties": {
        "id": 949540493,
        "osm_type": "node",
        "name": "Bed and Breakfast Melalidone",
        "tourism": "hotel"
      }
    },
    {
      "type": "Feature",
      "geometry": {
        "type": "Point",
        "coordinates": [
          9.6898053,
          40.3860916
        ]
      },
      "properties": {
        "id": 949540494,
        "osm_type": "node",
        "name": "Bed and Breakfast Gollai",
        "tourism": "hotel"
      }
    },
    {
      "type": "Feature",
      "geometry": {
        "type": "Point",
        "coordinates": [
          9.6922943,
          40.3783204
        ]
      },
      "properties": {
        "id": 949540549,
        "osm_type": "node",
        "name": "Bed and Breakfast Su Pasu",
        "tourism": "hotel",
        "phone": "+39 340 5519202",
        "website": "http://www.supasu.com"
      }
    },
    {
      "type": "Feature",
      "geometry": {
        "type": "Point",
        "coordinates": [
          8.3992043,
          39.3996941
        ]
      },
      "properties": {
        "id": 956185787,
        "osm_type": "node",
        "name": "La Rosa dei Venti",
        "tourism": "hotel",
        "phone": "+39 0781 54162",
        "website": "https://www.hotel-larosadeiventi.it/",
        "check_date": "2025-02-23"
      }
    },
    {
      "type": "Feature",
      "geometry": {
        "type": "Point",
        "coordinates": [
          8.2183932,
          40.5945571
        ]
      },
      "properties": {
        "id": 956276106,
        "osm_type": "node",
        "name": "Hotel Porto Conte",
        "tourism": "hotel",
        "contact:phone": "+39 079 942035",
        "contact:website": "http://www.hotelportoconte.it"
      }
    },
    {
      "type": "Feature",
      "geometry": {
        "type": "Point",
        "coordinates": [
          9.4406891,
          41.1098135
        ]
      },
      "properties": {
        "id": 957030789,
        "osm_type": "node",
        "name": "Ristorante del Porto",
        "tourism": "hotel"
      }
    },
    {
      "type": "Feature",
      "geometry": {
        "type": "Point",
        "coordinates": [
          8.3219937,
          40.5589769
        ]
      },
      "properties": {
        "id": 975880225,
        "osm_type": "node",
        "name": "Domomea",
        "tourism": "hotel",
        "website": "http://www.domomeagroup.com/"
      }
    },
    {
      "type": "Feature",
      "geometry": {
        "type": "Point",
        "coordinates": [
          9.1933841,
          41.2376005
        ]
      },
      "properties": {
        "id": 1192815633,
        "osm_type": "node",
        "name": "Motel Al Porto",
        "tourism": "hotel"
      }
    },
    {
      "type": "Feature",
      "geometry": {
        "type": "Point",
        "coordinates": [
          9.5093946,
          40.1582663
        ]
      },
      "properties": {
        "id": 1219561371,
        "osm_type": "node",
        "name": "Hotel Gorropu",
        "tourism": "hotel",
        "phone": "+39 329 337 6026",
        "website": "https://www.hotelgorropu.com/"
      }
    },
    {
      "type": "Feature",
      "geometry": {
        "type": "Point",
        "coordinates": [
          8.6264569,
          39.5382886
        ]
      },
      "properties": {
        "id": 1240205050,
        "osm_type": "node",
        "name": "Hotel Santa Maria",
        "tourism": "hotel"
      }
    },
    {
      "type": "Feature",
      "geometry": {
        "type": "Point",
        "coordinates": [
          8.8255883,
          40.9243887
        ]
      },
      "properties": {
        "id": 1286882517,
        "osm_type": "node",
        "name": "Hotel Ariadimari",
        "tourism": "hotel",
        "website": "https://www.ariadimari.it/"
      }
    },
    {
      "type": "Feature",
      "geometry": {
        "type": "Point",
        "coordinates": [
          8.4925202,
          40.0928496
        ]
      },
      "properties": {
        "id": 1289349618,
        "osm_type": "node",
        "name": "Hotel Bellavista",
        "tourism": "hotel",
        "phone": "+39 0785 38221",
        "website": "https://www.hotelbellavistasarchittu.it/"
      }
    },
    {
      "type": "Feature",
      "geometry": {
        "type": "Point",
        "coordinates": [
          8.4913153,
          40.091042
        ]
      },
      "properties": {
        "id": 1290375606,
        "osm_type": "node",
        "name": "S'Archittu B&B",
        "tourism": "guest_house",
        "phone": "+39 340 4038998",
        "website": "http://www.sarchittubb.com/"
      }
    },
    {
      "type": "Feature",
      "geometry": {
        "type": "Point",
        "coordinates": [
          8.4926985,
          40.0917268
        ]
      },
      "properties": {
        "id": 1290375666,
        "osm_type": "node",
        "name": "Mare Lughente",
        "tourism": "guest_house",
        "phone": "+39 0785 38060",
        "website": "http://www.ivicolettibeach.it/"
      }
    },
    {
      "type": "Feature",
      "geometry": {
        "type": "Point",
        "coordinates": [
          8.5106574,
          40.2738325
        ]
      },
      "properties": {
        "id": 1292013709,
        "osm_type": "node",
        "name": "Bed and Breakfast Pessighette",
        "tourism": "guest_house",
        "contact:phone": "+39 0785 375 229;+39 347 872 7358;+39 347 648 0478",
        "website": "https://www.pessighette.it/"
      }
    },
    {
      "type": "Feature",
      "geometry": {
        "type": "Point",
        "coordinates": [
          9.5904682,
          40.2912661
        ]
      },
      "properties": {
        "id": 1330950418,
        "osm_type": "node",
        "name": "B&B Sa Corte Antica",
        "tourism": "guest_house"
      }
    },
    {
      "type": "Feature",
      "geometry": {
        "type": "Point",
        "coordinates": [
          9.6854676,
          39.984453
        ]
      },
      "properties": {
        "id": 1351480479,
        "osm_type": "node",
        "name": "Mediterraneo",
        "tourism": "hotel",
        "check_date": "2024-07-15"
      }
    },
    {
      "type": "Feature",
      "geometry": {
        "type": "Point",
        "coordinates": [
          9.6846737,
          39.9849627
        ]
      },
      "properties": {
        "id": 1351480481,
        "osm_type": "node",
        "name": "Stella del Mare",
        "tourism": "hotel"
      }
    },
    {
      "type": "Feature",
      "geometry": {
        "type": "Point",
        "coordinates": [
          8.7702227,
          39.2675141
        ]
      },
      "properties": {
        "id": 1353690819,
        "osm_type": "node",
        "name": "tana del volo accomodation",
        "tourism": "guest_house"
      }
    },
    {
      "type": "Feature",
      "geometry": {
        "type": "Point",
        "coordinates": [
          8.4888035,
          40.105884
        ]
      },
      "properties": {
        "id": 1367812354,
        "osm_type": "node",
        "name": "Hotel La Baia",
        "tourism": "hotel",
        "contact:phone": "+39 0785 389149",
        "contact:website": "http://www.coopsinis.it/default.asp?s=1&lang=",
        "check_date": "2024-09-28"
      }
    },
    {
      "type": "Feature",
      "geometry": {
        "type": "Point",
        "coordinates": [
          8.4912455,
          40.1090023
        ]
      },
      "properties": {
        "id": 1369020745,
        "osm_type": "node",
        "name": "Bed and Breakfast Da Angela",
        "tourism": "guest_house",
        "phone": "+39 0785 38119"
      }
    },
    {
      "type": "Feature",
      "geometry": {
        "type": "Point",
        "coordinates": [
          8.4918225,
          40.0840328
        ]
      },
      "properties": {
        "id": 1373696537,
        "osm_type": "node",
        "name": "B&B Torre del Pozzo",
        "tourism": "guest_house",
        "phone": "+39 339 1049405;+39 328 0540348"
      }
    },
    {
      "type": "Feature",
      "geometry": {
        "type": "Point",
        "coordinates": [
          8.4918141,
          40.0839015
        ]
      },
      "properties": {
        "id": 1373789874,
        "osm_type": "node",
        "name": "Guest House Andrea e Valentina",
        "tourism": "guest_house",
        "phone": "+39 349 8239483;+39 333 7043150",
        "website": "https://www.bnbandreaevalentina.com/"
      }
    },
    {
      "type": "Feature",
      "geometry": {
        "type": "Point",
        "coordinates": [
          8.4946697,
          40.1111439
        ]
      },
      "properties": {
        "id": 1374625574,
        "osm_type": "node",
        "name": "Agriturismo Pittinuri",
        "tourism": "guest_house",
        "contact:phone": "+39 347 858 4089"
      }
    },
    {
      "type": "Feature",
      "geometry": {
        "type": "Point",
        "coordinates": [
          8.4915678,
          40.1029211
        ]
      },
      "properties": {
        "id": 1374625579,
        "osm_type": "node",
        "name": "Manderley",
        "tourism": "guest_house"
      }
    },
    {
      "type": "Feature",
      "geometry": {
        "type": "Point",
        "coordinates": [
          9.6476367,
          39.8430991
        ]
      },
      "properties": {
        "id": 1375498006,
        "osm_type": "node",
        "name": "Sotto le Stelle",
        "tourism": "guest_house"
      }
    },
    {
      "type": "Feature",
      "geometry": {
        "type": "Point",
        "coordinates": [
          8.8861484,
          40.5774198
        ]
      },
      "properties": {
        "id": 1395285599,
        "osm_type": "node",
        "name": "Janas Country Resort",
        "tourism": "hotel",
        "contact:phone": "+39 348 783420",
        "website": "http://janashotel.it"
      }
    },
    {
      "type": "Feature",
      "geometry": {
        "type": "Point",
        "coordinates": [
          9.6839438,
          39.980158
        ]
      },
      "properties": {
        "id": 1404448874,
        "osm_type": "node",
        "name": "Tancau beach & Resort",
        "tourism": "hotel"
      }
    },
    {
      "type": "Feature",
      "geometry": {
        "type": "Point",
        "coordinates": [
          9.1046955,
          39.2495448
        ]
      },
      "properties": {
        "id": 1415967861,
        "osm_type": "node",
        "name": "B&B Il Perugino",
        "tourism": "guest_house"
      }
    },
    {
      "type": "Feature",
      "geometry": {
        "type": "Point",
        "coordinates": [
          8.4918343,
          40.0767947
        ]
      },
      "properties": {
        "id": 1419301151,
        "osm_type": "node",
        "name": "Villaggio Le Dune",
        "tourism": "chalet",
        "contact:website": "http://www.villaggioledune.net"
      }
    },
    {
      "type": "Feature",
      "geometry": {
        "type": "Point",
        "coordinates": [
          8.4684334,
          40.1507904
        ]
      },
      "properties": {
        "id": 1428858864,
        "osm_type": "node",
        "name": "Resort Capo Nieddu",
        "tourism": "hotel",
        "opening_hours": "Mo-Su 09:00-17:00",
        "contact:phone": "+39 0785 850 493;+39 348 293 5195",
        "contact:website": "https://www.caponieddu.it"
      }
    },
    {
      "type": "Feature",
      "geometry": {
        "type": "Point",
        "coordinates": [
          8.4079717,
          40.0273306
        ]
      },
      "properties": {
        "id": 1448227771,
        "osm_type": "node",
        "name": "Hotel Da Cesare",
        "tourism": "hotel",
        "contact:phone": "+39 0783 52095",
        "website": "https://www.hoteldacesare.com/"
      }
    },
    {
      "type": "Feature",
      "geometry": {
        "type": "Point",
        "coordinates": [
          8.9863837,
          38.9755533
        ]
      },
      "properties": {
        "id": 1455345060,
        "osm_type": "node",
        "name": "Hotel Baia Delle Palme",
        "tourism": "hotel"
      }
    },
    {
      "type": "Feature",
      "geometry": {
        "type": "Point",
        "coordinates": [
          8.9899993,
          38.9771881
        ]
      },
      "properties": {
        "id": 1455345226,
        "osm_type": "node",
        "name": "Costa Dei Fiori",
        "tourism": "hotel",
        "website": "https://www.costadeifiori.it",
        "check_date": "2024-09-28"
      }
    },
    {
      "type": "Feature",
      "geometry": {
        "type": "Point",
        "coordinates": [
          9.5796961,
          40.8148996
        ]
      },
      "properties": {
        "id": 1458975671,
        "osm_type": "node",
        "name": "Casa Manna",
        "tourism": "guest_house",
        "phone": "+39 340 6668080;+39 345 2674286",
        "website": "www.casamanna.it"
      }
    },
    {
      "type": "Feature",
      "geometry": {
        "type": "Point",
        "coordinates": [
          9.5875892,
          40.8009741
        ]
      },
      "properties": {
        "id": 1459894779,
        "osm_type": "node",
        "name": "Agritourismo L`Agliuledda",
        "tourism": "apartment",
        "contact:website": "https://www.angelagoeser.de"
      }
    },
    {
      "type": "Feature",
      "geometry": {
        "type": "Point",
        "coordinates": [
          8.3185498,
          40.56587
        ]
      },
      "properties": {
        "id": 1461145314,
        "osm_type": "node",
        "name": "Bogamari",
        "tourism": "hotel"
      }
    },
    {
      "type": "Feature",
      "geometry": {
        "type": "Point",
        "coordinates": [
          8.3193143,
          40.5679888
        ]
      },
      "properties": {
        "id": 1461145326,
        "osm_type": "node",
        "name": "Il Gabbiano",
        "tourism": "hotel"
      }
    },
    {
      "type": "Feature",
      "geometry": {
        "type": "Point",
        "coordinates": [
          8.8585644,
          38.8880207
        ]
      },
      "properties": {
        "id": 1499088054,
        "osm_type": "node",
        "name": "Aquadulci Hotel",
        "tourism": "hotel"
      }
    },
    {
      "type": "Feature",
      "geometry": {
        "type": "Point",
        "coordinates": [
          8.8625783,
          38.8915541
        ]
      },
      "properties": {
        "id": 1499088088,
        "osm_type": "node",
        "name": "Hotel Su Giudeu",
        "tourism": "hotel"
      }
    },
    {
      "type": "Feature",
      "geometry": {
        "type": "Point",
        "coordinates": [
          9.4919099,
          40.9213797
        ]
      },
      "properties": {
        "id": 1501964909,
        "osm_type": "node",
        "name": "Mercure",
        "tourism": "hotel"
      }
    },
    {
      "type": "Feature",
      "geometry": {
        "type": "Point",
        "coordinates": [
          9.549737,
          41.0802812
        ]
      },
      "properties": {
        "id": 1574186311,
        "osm_type": "node",
        "name": "Il Pirata",
        "tourism": "hotel"
      }
    },
    {
      "type": "Feature",
      "geometry": {
        "type": "Point",
        "coordinates": [
          9.5410037,
          41.0902763
        ]
      },
      "properties": {
        "id": 1574209626,
        "osm_type": "node",
        "name": "Cala di Volpe",
        "tourism": "hotel",
        "phone": "+39 0789 976111",
        "website": "http://www.caladivolpe.com/"
      }
    },
    {
      "type": "Feature",
      "geometry": {
        "type": "Point",
        "coordinates": [
          9.7180857,
          40.6584816
        ]
      },
      "properties": {
        "id": 1575001137,
        "osm_type": "node",
        "name": "La Posada del Cavallo",
        "tourism": "guest_house"
      }
    },
    {
      "type": "Feature",
      "geometry": {
        "type": "Point",
        "coordinates": [
          9.5215845,
          41.1370052
        ]
      },
      "properties": {
        "id": 1575284598,
        "osm_type": "node",
        "name": "Balocco",
        "tourism": "hotel",
        "check_date": "2025-05-12"
      }
    },
    {
      "type": "Feature",
      "geometry": {
        "type": "Point",
        "coordinates": [
          9.2868424,
          41.0139816
        ]
      },
      "properties": {
        "id": 1578058426,
        "osm_type": "node",
        "name": "Aldiola Country Resort",
        "tourism": "hotel",
        "phone": "+39 079 668026",
        "website": "https://www.aldiolacountry.com/"
      }
    },
    {
      "type": "Feature",
      "geometry": {
        "type": "Point",
        "coordinates": [
          8.6837912,
          40.8989575
        ]
      },
      "properties": {
        "id": 1582492072,
        "osm_type": "node",
        "name": "Ostello della Gioventù Golfo dell'Asinara",
        "tourism": "hostel",
        "website": "http://www.coopergo.it"
      }
    },
    {
      "type": "Feature",
      "geometry": {
        "type": "Point",
        "coordinates": [
          8.2819963,
          40.5947208
        ]
      },
      "properties": {
        "id": 1583902854,
        "osm_type": "node",
        "name": "Ostello dei Giuliani",
        "tourism": "hostel",
        "phone": "+39 079 930015"
      }
    },
    {
      "type": "Feature",
      "geometry": {
        "type": "Point",
        "coordinates": [
          8.280221,
          40.594657
        ]
      },
      "properties": {
        "id": 1583968508,
        "osm_type": "node",
        "name": "Hostal de l'Alguer",
        "tourism": "hostel",
        "website": "http://www.algherohostel.com/"
      }
    },
    {
      "type": "Feature",
      "geometry": {
        "type": "Point",
        "coordinates": [
          9.5065212,
          40.9249517
        ]
      },
      "properties": {
        "id": 1589680781,
        "osm_type": "node",
        "name": "Grand Hotel President",
        "tourism": "hotel"
      }
    },
    {
      "type": "Feature",
      "geometry": {
        "type": "Point",
        "coordinates": [
          9.5353059,
          41.1188608
        ]
      },
      "properties": {
        "id": 1595267543,
        "osm_type": "node",
        "name": "Le Ginestre",
        "tourism": "hotel",
        "website": "http://www.leginestrehotel.com/"
      }
    },
    {
      "type": "Feature",
      "geometry": {
        "type": "Point",
        "coordinates": [
          9.1924797,
          40.1580999
        ]
      },
      "properties": {
        "id": 1626435167,
        "osm_type": "node",
        "name": "B&B Sedda",
        "tourism": "guest_house"
      }
    },
    {
      "type": "Feature",
      "geometry": {
        "type": "Point",
        "coordinates": [
          9.5571355,
          40.7798851
        ]
      },
      "properties": {
        "id": 1645036294,
        "osm_type": "node",
        "tourism": "guest_house",
        "contact:website": "http://www.pferdehof-morgenstern.de/"
      }
    },
    {
      "type": "Feature",
      "geometry": {
        "type": "Point",
        "coordinates": [
          9.5636,
          39.2161829
        ]
      },
      "properties": {
        "id": 1651378192,
        "osm_type": "node",
        "name": "Sant'Elmo Holiday Residence",
        "tourism": "chalet",
        "website": "www.santelmo.com"
      }
    },
    {
      "type": "Feature",
      "geometry": {
        "type": "Point",
        "coordinates": [
          8.7753123,
          40.2679998
        ]
      },
      "properties": {
        "id": 1653751600,
        "osm_type": "node",
        "tourism": "hotel"
      }
    },
    {
      "type": "Feature",
      "geometry": {
        "type": "Point",
        "coordinates": [
          8.7760499,
          40.2681144
        ]
      },
      "properties": {
        "id": 1653751620,
        "osm_type": "node",
        "tourism": "hotel"
      }
    },
    {
      "type": "Feature",
      "geometry": {
        "type": "Point",
        "coordinates": [
          8.5277825,
          39.1706264
        ]
      },
      "properties": {
        "id": 1678089411,
        "osm_type": "node",
        "name": "Hotel Aquarius",
        "tourism": "hotel"
      }
    },
    {
      "type": "Feature",
      "geometry": {
        "type": "Point",
        "coordinates": [
          8.9544472,
          39.291156
        ]
      },
      "properties": {
        "id": 1679709502,
        "osm_type": "node",
        "name": "B&B City Bar",
        "tourism": "guest_house"
      }
    },
    {
      "type": "Feature",
      "geometry": {
        "type": "Point",
        "coordinates": [
          8.7770899,
          40.1559421
        ]
      },
      "properties": {
        "id": 1698649606,
        "osm_type": "node",
        "name": "Mandra Edera",
        "tourism": "hotel",
        "website": "http://www.mandraedera.com"
      }
    },
    {
      "type": "Feature",
      "geometry": {
        "type": "Point",
        "coordinates": [
          9.5010113,
          40.9236049
        ]
      },
      "properties": {
        "id": 1701582086,
        "osm_type": "node",
        "name": "B&B Chiara",
        "tourism": "guest_house",
        "phone": "+39 0789 25008",
        "website": "http://www.bbchiara.com"
      }
    },
    {
      "type": "Feature",
      "geometry": {
        "type": "Point",
        "coordinates": [
          9.3155507,
          40.935528
        ]
      },
      "properties": {
        "id": 1701631636,
        "osm_type": "node",
        "name": "Albergho X",
        "tourism": "hotel"
      }
    },
    {
      "type": "Feature",
      "geometry": {
        "type": "Point",
        "coordinates": [
          9.1142418,
          39.218044
        ]
      },
      "properties": {
        "id": 1714661720,
        "osm_type": "node",
        "name": "Albergo Aurora",
        "tourism": "hotel",
        "phone": "+39 070 658625",
        "website": "https://www.hotelcagliariaurora.it"
      }
    },
    {
      "type": "Feature",
      "geometry": {
        "type": "Point",
        "coordinates": [
          9.6863504,
          39.9863377
        ]
      },
      "properties": {
        "id": 1716443024,
        "osm_type": "node",
        "name": "Lanthia Resort",
        "tourism": "hotel"
      }
    },
    {
      "type": "Feature",
      "geometry": {
        "type": "Point",
        "coordinates": [
          9.6683554,
          39.9708397
        ]
      },
      "properties": {
        "id": 1716467348,
        "osm_type": "node",
        "name": "B&B Is Aposentus",
        "tourism": "guest_house"
      }
    },
    {
      "type": "Feature",
      "geometry": {
        "type": "Point",
        "coordinates": [
          9.6655914,
          39.9706
        ]
      },
      "properties": {
        "id": 1716468884,
        "osm_type": "node",
        "name": "Lemon House",
        "tourism": "hotel",
        "check_date": "2024-05-18"
      }
    },
    {
      "type": "Feature",
      "geometry": {
        "type": "Point",
        "coordinates": [
          9.696631,
          39.9302211
        ]
      },
      "properties": {
        "id": 1722894507,
        "osm_type": "node",
        "name": "Il Vecchio Mulino",
        "tourism": "hotel"
      }
    },
    {
      "type": "Feature",
      "geometry": {
        "type": "Point",
        "coordinates": [
          9.7021468,
          40.7069157
        ]
      },
      "properties": {
        "id": 1723282946,
        "osm_type": "node",
        "name": "Hotel Isabella",
        "tourism": "hotel"
      }
    },
    {
      "type": "Feature",
      "geometry": {
        "type": "Point",
        "coordinates": [
          9.7023562,
          40.7066392
        ]
      },
      "properties": {
        "id": 1723370211,
        "osm_type": "node",
        "name": "Hotel Terra di Gallura",
        "tourism": "hotel"
      }
    },
    {
      "type": "Feature",
      "geometry": {
        "type": "Point",
        "coordinates": [
          9.6905262,
          40.6968219
        ]
      },
      "properties": {
        "id": 1724768359,
        "osm_type": "node",
        "name": "Pedra Ruja",
        "tourism": "hotel",
        "contact:phone": "+39 327 707 5651",
        "contact:website": "http://www.pedraruja.com"
      }
    },
    {
      "type": "Feature",
      "geometry": {
        "type": "Point",
        "coordinates": [
          9.7017776,
          40.7437918
        ]
      },
      "properties": {
        "id": 1727139043,
        "osm_type": "node",
        "name": "Hotel Lu Baroni",
        "tourism": "hotel"
      }
    },
    {
      "type": "Feature",
      "geometry": {
        "type": "Point",
        "coordinates": [
          9.1118185,
          39.2148581
        ]
      },
      "properties": {
        "id": 1758400958,
        "osm_type": "node",
        "name": "Albergo Italia",
        "tourism": "hotel"
      }
    },
    {
      "type": "Feature",
      "geometry": {
        "type": "Point",
        "coordinates": [
          9.5764568,
          39.2576799
        ]
      },
      "properties": {
        "id": 1763002310,
        "osm_type": "node",
        "name": "Villa La Roccia",
        "tourism": "guest_house"
      }
    },
    {
      "type": "Feature",
      "geometry": {
        "type": "Point",
        "coordinates": [
          9.547145,
          41.0872412
        ]
      },
      "properties": {
        "id": 1770837119,
        "osm_type": "node",
        "name": "Green Park Hotel",
        "tourism": "hotel"
      }
    },
    {
      "type": "Feature",
      "geometry": {
        "type": "Point",
        "coordinates": [
          9.5460239,
          41.089539
        ]
      },
      "properties": {
        "id": 1770837120,
        "osm_type": "node",
        "name": "Hotel Il Piccolo Golf",
        "tourism": "hotel",
        "website": "https://www.ilpiccologolf.com/"
      }
    },
    {
      "type": "Feature",
      "geometry": {
        "type": "Point",
        "coordinates": [
          9.5349563,
          40.3011012
        ]
      },
      "properties": {
        "id": 1770850285,
        "osm_type": "node",
        "name": "Agriturismo Canales",
        "tourism": "guest_house",
        "contact:phone": "+39 0784 96760;+39 347 1750686;+39 340 5653881",
        "website": "https://www.canales.it/",
        "contact:website": "http://www.canales.it"
      }
    },
    {
      "type": "Feature",
      "geometry": {
        "type": "Point",
        "coordinates": [
          9.6081149,
          40.3392228
        ]
      },
      "properties": {
        "id": 1770857583,
        "osm_type": "node",
        "name": "Agriturismo S'Ozzastru",
        "tourism": "guest_house",
        "contact:phone": "+39 347 500 8096;+39 338 946 9965",
        "contact:website": "www.agriturismosozzastru.com"
      }
    },
    {
      "type": "Feature",
      "geometry": {
        "type": "Point",
        "coordinates": [
          9.3508515,
          40.2093612
        ]
      },
      "properties": {
        "id": 1772699108,
        "osm_type": "node",
        "name": "Sa'e Jana",
        "tourism": "hotel"
      }
    },
    {
      "type": "Feature",
      "geometry": {
        "type": "Point",
        "coordinates": [
          9.5360153,
          41.0926363
        ]
      },
      "properties": {
        "id": 1777472704,
        "osm_type": "node",
        "name": "Hotel Petra Bianca",
        "tourism": "hotel",
        "website": "https://www.petrabiancahotel.com/"
      }
    },
    {
      "type": "Feature",
      "geometry": {
        "type": "Point",
        "coordinates": [
          9.6820698,
          40.7700296
        ]
      },
      "properties": {
        "id": 1779587956,
        "osm_type": "node",
        "name": "Hotel l'Esagono",
        "tourism": "hotel",
        "phone": "+39 0784 865783",
        "website": "https://www.hotelesagono.com/",
        "check_date": "2025-10-08"
      }
    },
    {
      "type": "Feature",
      "geometry": {
        "type": "Point",
        "coordinates": [
          8.4229735,
          39.440953
        ]
      },
      "properties": {
        "id": 1786333574,
        "osm_type": "node",
        "name": "Camping Ortus de Mari",
        "tourism": "camp_site",
        "tents": "yes",
        "contact:phone": "+39 078154964;+393296880619",
        "contact:website": "https://www.visitbuggerru.it/product-page/ortus-de-mari-campeggio"
      }
    },
    {
      "type": "Feature",
      "geometry": {
        "type": "Point",
        "coordinates": [
          8.3829496,
          39.3717252
        ]
      },
      "properties": {
        "id": 1786340415,
        "osm_type": "node",
        "tourism": "caravan_site"
      }
    },
    {
      "type": "Feature",
      "geometry": {
        "type": "Point",
        "coordinates": [
          9.6990365,
          39.9288319
        ]
      },
      "properties": {
        "id": 1806354985,
        "osm_type": "node",
        "name": "Villa Peonia",
        "tourism": "hotel",
        "phone": "+39 0782 220636",
        "website": "http://www.villapeonia.it"
      }
    },
    {
      "type": "Feature",
      "geometry": {
        "type": "Point",
        "coordinates": [
          9.7005963,
          39.9299154
        ]
      },
      "properties": {
        "id": 1806357498,
        "osm_type": "node",
        "tourism": "guest_house"
      }
    },
    {
      "type": "Feature",
      "geometry": {
        "type": "Point",
        "coordinates": [
          8.7917721,
          40.921469
        ]
      },
      "properties": {
        "id": 1821619713,
        "osm_type": "node",
        "name": "Area Camper Punto Maragnani",
        "tourism": "caravan_site",
        "phone": "+39 349 612 4675; +39 079 584 9030",
        "website": "http://web.tiscali.it/areacampermaragnani/"
      }
    },
    {
      "type": "Feature",
      "geometry": {
        "type": "Point",
        "coordinates": [
          8.3227068,
          40.5768752
        ]
      },
      "properties": {
        "id": 1835660357,
        "osm_type": "node",
        "name": "B&B Il Cigno",
        "tourism": "guest_house"
      }
    },
    {
      "type": "Feature",
      "geometry": {
        "type": "Point",
        "coordinates": [
          8.607626,
          39.528127
        ]
      },
      "properties": {
        "id": 1837413628,
        "osm_type": "node",
        "name": "il sola di rosa",
        "tourism": "guest_house"
      }
    },
    {
      "type": "Feature",
      "geometry": {
        "type": "Point",
        "coordinates": [
          8.5923386,
          39.9035391
        ]
      },
      "properties": {
        "id": 1837413634,
        "osm_type": "node",
        "name": "Eleonora",
        "tourism": "guest_house"
      }
    },
    {
      "type": "Feature",
      "geometry": {
        "type": "Point",
        "coordinates": [
          8.5636477,
          40.1882507
        ]
      },
      "properties": {
        "id": 1853968867,
        "osm_type": "node",
        "tourism": "guest_house"
      }
    },
    {
      "type": "Feature",
      "geometry": {
        "type": "Point",
        "coordinates": [
          9.7178249,
          40.6307102
        ]
      },
      "properties": {
        "id": 1865202005,
        "osm_type": "node",
        "name": "Hotel Donatella",
        "tourism": "hotel"
      }
    },
    {
      "type": "Feature",
      "geometry": {
        "type": "Point",
        "coordinates": [
          8.4899016,
          40.1068704
        ]
      },
      "properties": {
        "id": 1865725527,
        "osm_type": "node",
        "name": "Bed and Breakfast Ginepro",
        "tourism": "guest_house",
        "contact:phone": "+39 349 6987619",
        "contact:website": "http://www.bbginepro.it"
      }
    },
    {
      "type": "Feature",
      "geometry": {
        "type": "Point",
        "coordinates": [
          9.7481672,
          40.6072798
        ]
      },
      "properties": {
        "id": 1865774418,
        "osm_type": "node",
        "name": "B&B La Locanda del Mare",
        "tourism": "guest_house",
        "phone": "+393334103036",
        "website": "https://www.locandamare.it/"
      }
    },
    {
      "type": "Feature",
      "geometry": {
        "type": "Point",
        "coordinates": [
          9.252875,
          39.729302
        ]
      },
      "properties": {
        "id": 1873429231,
        "osm_type": "node",
        "tourism": "hotel"
      }
    },
    {
      "type": "Feature",
      "geometry": {
        "type": "Point",
        "coordinates": [
          8.5083138,
          39.5717625
        ]
      },
      "properties": {
        "id": 1885892644,
        "osm_type": "node",
        "name": "Agriturismo Costa Verde",
        "tourism": "guest_house",
        "phone": "+39 347 7964639",
        "website": "https://www.agriturismocostaverde.com"
      }
    },
    {
      "type": "Feature",
      "geometry": {
        "type": "Point",
        "coordinates": [
          8.5136353,
          39.5842162
        ]
      },
      "properties": {
        "id": 1885899244,
        "osm_type": "node",
        "name": "Agriturismo l'Aquila",
        "tourism": "guest_house",
        "contact:phone": "+39 347 82 22 426",
        "website": "http://www.agriturismolaquila.com",
        "contact:website": "http://www.agriturismolaquila.com"
      }
    },
    {
      "type": "Feature",
      "geometry": {
        "type": "Point",
        "coordinates": [
          9.053194,
          39.8549499
        ]
      },
      "properties": {
        "id": 1885906018,
        "osm_type": "node",
        "name": "Antico Borgo Laconi",
        "tourism": "guest_house",
        "phone": "+39 0782 869047",
        "website": "http://www.anticoborgoweb.it/"
      }
    },
    {
      "type": "Feature",
      "geometry": {
        "type": "Point",
        "coordinates": [
          8.5109909,
          40.2987768
        ]
      },
      "properties": {
        "id": 1885924383,
        "osm_type": "node",
        "name": "Giardini Malaspina Bosa Ristorante B&B",
        "tourism": "hotel",
        "phone": "+39 320 031 5896",
        "website": "https://www.facebook.com/Giardini-Malaspina-Bosa-Ristorante-BB-1500117043395776/"
      }
    },
    {
      "type": "Feature",
      "geometry": {
        "type": "Point",
        "coordinates": [
          8.5064557,
          39.9172311
        ]
      },
      "properties": {
        "id": 1889770377,
        "osm_type": "node",
        "name": "Agriturismo Ferrari",
        "tourism": "guest_house",
        "contact:phone": "+39 0783 290094",
        "contact:website": "http://www.agriturismoferrari.com/"
      }
    },
    {
      "type": "Feature",
      "geometry": {
        "type": "Point",
        "coordinates": [
          8.5309813,
          39.9189585
        ]
      },
      "properties": {
        "id": 1889770378,
        "osm_type": "node",
        "tourism": "guest_house"
      }
    },
    {
      "type": "Feature",
      "geometry": {
        "type": "Point",
        "coordinates": [
          8.4709292,
          39.9175433
        ]
      },
      "properties": {
        "id": 1889770379,
        "osm_type": "node",
        "name": "Agriturismo Sa Canudera",
        "tourism": "guest_house",
        "contact:phone": "+39 347 7096220;+39 340 3171628",
        "contact:website": "http://www.agriturismosacanudera.it"
      }
    },
    {
      "type": "Feature",
      "geometry": {
        "type": "Point",
        "coordinates": [
          8.4359026,
          39.903365
        ]
      },
      "properties": {
        "id": 1889770381,
        "osm_type": "node",
        "name": "Agriturismo Sannoranna",
        "tourism": "guest_house",
        "phone": "+39 347 173 6532; +39 345 506 8448",
        "contact:website": "https://www.agriturismosannoranna.it/"
      }
    },
    {
      "type": "Feature",
      "geometry": {
        "type": "Point",
        "coordinates": [
          8.4573266,
          39.9162735
        ]
      },
      "properties": {
        "id": 1889770623,
        "osm_type": "node",
        "name": "Sa Pedrera",
        "tourism": "hotel",
        "contact:phone": "+39 0783 370040;+39 0783 370018;+39 392 5366679",
        "contact:website": "http://www.sapedrera.it"
      }
    },
    {
      "type": "Feature",
      "geometry": {
        "type": "Point",
        "coordinates": [
          9.1114621,
          39.215105
        ]
      },
      "properties": {
        "id": 1915006262,
        "osm_type": "node",
        "name": "Hotel 2 Colonne",
        "tourism": "hotel"
      }
    },
    {
      "type": "Feature",
      "geometry": {
        "type": "Point",
        "coordinates": [
          9.6975399,
          40.6247341
        ]
      },
      "properties": {
        "id": 1919761330,
        "osm_type": "node",
        "name": "Agriturismo Su Vrau",
        "tourism": "guest_house",
        "contact:phone": "+39 0784 82 90 10;+39 348 33 33 549",
        "contact:website": "http://www.agriturismosuvrau.com"
      }
    },
    {
      "type": "Feature",
      "geometry": {
        "type": "Point",
        "coordinates": [
          9.7172297,
          40.6295326
        ]
      },
      "properties": {
        "id": 1921612033,
        "osm_type": "node",
        "name": "B & B Eleonora Haus",
        "tourism": "guest_house",
        "phone": "+39 349 5561941"
      }
    },
    {
      "type": "Feature",
      "geometry": {
        "type": "Point",
        "coordinates": [
          9.725015,
          40.6378858
        ]
      },
      "properties": {
        "id": 1921808271,
        "osm_type": "node",
        "name": "Sa Rocca",
        "tourism": "hotel",
        "phone": "+39 0784 854139",
        "contact:website": "http://www.hotelsarocca.com"
      }
    },
    {
      "type": "Feature",
      "geometry": {
        "type": "Point",
        "coordinates": [
          9.4548438,
          40.9932286
        ]
      },
      "properties": {
        "id": 1927386063,
        "osm_type": "node",
        "name": "Agriturismo Agrisole",
        "tourism": "guest_house"
      }
    },
    {
      "type": "Feature",
      "geometry": {
        "type": "Point",
        "coordinates": [
          8.4024715,
          39.9620378
        ]
      },
      "properties": {
        "id": 1937661091,
        "osm_type": "node",
        "name": "AgricampingAgricampeggio Murtas di Giuliano Nardi",
        "tourism": "camp_site",
        "tents": "no",
        "phone": "+39 340 6359633"
      }
    },
    {
      "type": "Feature",
      "geometry": {
        "type": "Point",
        "coordinates": [
          8.5970573,
          40.1336266
        ]
      },
      "properties": {
        "id": 1951516165,
        "osm_type": "node",
        "name": "Agricampeggio Elighes Uttiosos",
        "tourism": "camp_site",
        "tents": "yes",
        "contact:phone": "+39 0783 550 361",
        "website": "https://www.elighesuttiosos.it/"
      }
    },
    {
      "type": "Feature",
      "geometry": {
        "type": "Point",
        "coordinates": [
          8.6683833,
          39.0670372
        ]
      },
      "properties": {
        "id": 1960785641,
        "osm_type": "node",
        "name": "sa corti de Sa perda Piscinas",
        "tourism": "guest_house"
      }
    },
    {
      "type": "Feature",
      "geometry": {
        "type": "Point",
        "coordinates": [
          8.2971788,
          40.6268974
        ]
      },
      "properties": {
        "id": 1968416249,
        "osm_type": "node",
        "name": "B&B Le Tre Capanne",
        "tourism": "guest_house"
      }
    },
    {
      "type": "Feature",
      "geometry": {
        "type": "Point",
        "coordinates": [
          9.6399981,
          40.2865278
        ]
      },
      "properties": {
        "id": 1977172456,
        "osm_type": "node",
        "name": "L'Oasi",
        "tourism": "hotel",
        "phone": "+39 0784 93111",
        "website": "http://www.loasihotel.it/index.htm"
      }
    },
    {
      "type": "Feature",
      "geometry": {
        "type": "Point",
        "coordinates": [
          8.5998202,
          39.3878007
        ]
      },
      "properties": {
        "id": 1993112765,
        "osm_type": "node",
        "name": "Agriturismo Perda Niedda",
        "tourism": "guest_house",
        "contact:phone": "+39 0781 71326;+39 348 540 2841",
        "website": "http://www.agriturismo-perdaniedda.com/",
        "contact:website": "http://www.agriturismo-perdaniedda.com/"
      }
    },
    {
      "type": "Feature",
      "geometry": {
        "type": "Point",
        "coordinates": [
          8.533425,
          39.3133669
        ]
      },
      "properties": {
        "id": 2025377461,
        "osm_type": "node",
        "name": "La Babbajola",
        "tourism": "guest_house",
        "phone": "+39 347 6144621",
        "website": "http://www.lababbajola.com/"
      }
    },
    {
      "type": "Feature",
      "geometry": {
        "type": "Point",
        "coordinates": [
          8.7654811,
          40.0817251
        ]
      },
      "properties": {
        "id": 2031586848,
        "osm_type": "node",
        "name": "B&B I Gerani Rossi",
        "tourism": "hotel"
      }
    },
    {
      "type": "Feature",
      "geometry": {
        "type": "Point",
        "coordinates": [
          9.0990668,
          40.7185279
        ]
      },
      "properties": {
        "id": 2036187386,
        "osm_type": "node",
        "name": "Italy",
        "tourism": "hotel"
      }
    },
    {
      "type": "Feature",
      "geometry": {
        "type": "Point",
        "coordinates": [
          9.1015103,
          40.7189081
        ]
      },
      "properties": {
        "id": 2036188240,
        "osm_type": "node",
        "tourism": "guest_house"
      }
    },
    {
      "type": "Feature",
      "geometry": {
        "type": "Point",
        "coordinates": [
          9.0244819,
          39.4585462
        ]
      },
      "properties": {
        "id": 2049893996,
        "osm_type": "node",
        "name": "Garden",
        "tourism": "hotel"
      }
    },
    {
      "type": "Feature",
      "geometry": {
        "type": "Point",
        "coordinates": [
          8.8366743,
          40.2832517
        ]
      },
      "properties": {
        "id": 2058640952,
        "osm_type": "node",
        "tourism": "guest_house"
      }
    },
    {
      "type": "Feature",
      "geometry": {
        "type": "Point",
        "coordinates": [
          9.2199114,
          40.0059534
        ]
      },
      "properties": {
        "id": 2087734046,
        "osm_type": "node",
        "tourism": "hotel"
      }
    },
    {
      "type": "Feature",
      "geometry": {
        "type": "Point",
        "coordinates": [
          9.2304461,
          40.0128479
        ]
      },
      "properties": {
        "id": 2087735872,
        "osm_type": "node",
        "tourism": "guest_house"
      }
    },
    {
      "type": "Feature",
      "geometry": {
        "type": "Point",
        "coordinates": [
          9.2212631,
          40.0055607
        ]
      },
      "properties": {
        "id": 2087766709,
        "osm_type": "node",
        "tourism": "guest_house"
      }
    },
    {
      "type": "Feature",
      "geometry": {
        "type": "Point",
        "coordinates": [
          9.2296529,
          40.014392
        ]
      },
      "properties": {
        "id": 2087783215,
        "osm_type": "node",
        "tourism": "guest_house"
      }
    },
    {
      "type": "Feature",
      "geometry": {
        "type": "Point",
        "coordinates": [
          9.2279689,
          40.0104274
        ]
      },
      "properties": {
        "id": 2089080475,
        "osm_type": "node",
        "tourism": "hotel"
      }
    },
    {
      "type": "Feature",
      "geometry": {
        "type": "Point",
        "coordinates": [
          9.1295142,
          39.6547636
        ]
      },
      "properties": {
        "id": 2093850634,
        "osm_type": "node",
        "name": "Antica Casa Pasolini",
        "tourism": "guest_house"
      }
    },
    {
      "type": "Feature",
      "geometry": {
        "type": "Point",
        "coordinates": [
          8.5831637,
          39.7740713
        ]
      },
      "properties": {
        "id": 2093867148,
        "osm_type": "node",
        "name": "Gallo Bianco",
        "tourism": "hotel"
      }
    },
    {
      "type": "Feature",
      "geometry": {
        "type": "Point",
        "coordinates": [
          9.1295713,
          39.6536377
        ]
      },
      "properties": {
        "id": 2099627706,
        "osm_type": "node",
        "name": "Antica Locanda Lunetta",
        "tourism": "guest_house"
      }
    },
    {
      "type": "Feature",
      "geometry": {
        "type": "Point",
        "coordinates": [
          9.1326397,
          39.6503169
        ]
      },
      "properties": {
        "id": 2099760297,
        "osm_type": "node",
        "name": "Il Melograno",
        "tourism": "guest_house"
      }
    },
    {
      "type": "Feature",
      "geometry": {
        "type": "Point",
        "coordinates": [
          8.482232,
          40.292757
        ]
      },
      "properties": {
        "id": 2101073023,
        "osm_type": "node",
        "name": "Baja Romantica",
        "tourism": "hotel",
        "contact:phone": "+39 0785 373 557",
        "contact:website": "http://www.hotelbajaromantica.it",
        "check_date": "2024-10-02"
      }
    },
    {
      "type": "Feature",
      "geometry": {
        "type": "Point",
        "coordinates": [
          9.6415947,
          40.0385665
        ]
      },
      "properties": {
        "id": 2113805871,
        "osm_type": "node",
        "name": "B&B Le Ginestre",
        "tourism": "guest_house"
      }
    },
    {
      "type": "Feature",
      "geometry": {
        "type": "Point",
        "coordinates": [
          9.640605,
          40.0396963
        ]
      },
      "properties": {
        "id": 2113805924,
        "osm_type": "node",
        "name": "Locanda d'Ogliastra",
        "tourism": "guest_house"
      }
    },
    {
      "type": "Feature",
      "geometry": {
        "type": "Point",
        "coordinates": [
          8.4201483,
          40.8229347
        ]
      },
      "properties": {
        "id": 2129455558,
        "osm_type": "node",
        "name": "Libisonis",
        "tourism": "hotel"
      }
    },
    {
      "type": "Feature",
      "geometry": {
        "type": "Point",
        "coordinates": [
          8.6971111,
          40.5727048
        ]
      },
      "properties": {
        "id": 2132541150,
        "osm_type": "node",
        "name": "B&B s'asilu",
        "tourism": "hotel"
      }
    },
    {
      "type": "Feature",
      "geometry": {
        "type": "Point",
        "coordinates": [
          8.4245593,
          39.8978779
        ]
      },
      "properties": {
        "id": 2133511919,
        "osm_type": "node",
        "tourism": "hostel",
        "contact:phone": "+39 0783 391097"
      }
    },
    {
      "type": "Feature",
      "geometry": {
        "type": "Point",
        "coordinates": [
          8.7980242,
          40.925389
        ]
      },
      "properties": {
        "id": 2134874772,
        "osm_type": "node",
        "name": "Club Hotel Residence Baiaverde",
        "tourism": "hotel",
        "website": "https://www.baiaverdesardegna.it"
      }
    },
    {
      "type": "Feature",
      "geometry": {
        "type": "Point",
        "coordinates": [
          9.6345808,
          40.2794705
        ]
      },
      "properties": {
        "id": 2136452060,
        "osm_type": "node",
        "name": "Costa Dorada",
        "tourism": "hotel",
        "website": "https://www.hotelcostadorada.it/"
      }
    },
    {
      "type": "Feature",
      "geometry": {
        "type": "Point",
        "coordinates": [
          9.2699325,
          41.1720544
        ]
      },
      "properties": {
        "id": 2141525020,
        "osm_type": "node",
        "name": "La foci piana",
        "tourism": "chalet"
      }
    },
    {
      "type": "Feature",
      "geometry": {
        "type": "Point",
        "coordinates": [
          9.1119897,
          39.2143957
        ]
      },
      "properties": {
        "id": 2179676799,
        "osm_type": "node",
        "name": "La Ghirlanda",
        "tourism": "hotel"
      }
    },
    {
      "type": "Feature",
      "geometry": {
        "type": "Point",
        "coordinates": [
          9.3341934,
          40.3212986
        ]
      },
      "properties": {
        "id": 2185709592,
        "osm_type": "node",
        "name": "DOMO Silvia e Paolo",
        "tourism": "guest_house",
        "phone": "+39 0784 31280",
        "website": "https://www.silviaepaolo.it/"
      }
    },
    {
      "type": "Feature",
      "geometry": {
        "type": "Point",
        "coordinates": [
          9.5909813,
          40.2870964
        ]
      },
      "properties": {
        "id": 2247392054,
        "osm_type": "node",
        "name": "Hotel S'Adde",
        "tourism": "hotel"
      }
    },
    {
      "type": "Feature",
      "geometry": {
        "type": "Point",
        "coordinates": [
          9.6386639,
          40.2838616
        ]
      },
      "properties": {
        "id": 2248512830,
        "osm_type": "node",
        "name": "Nuovo Gabbiano",
        "tourism": "hotel",
        "check_date": "2026-02-09"
      }
    },
    {
      "type": "Feature",
      "geometry": {
        "type": "Point",
        "coordinates": [
          9.5772698,
          40.2964319
        ]
      },
      "properties": {
        "id": 2254740486,
        "osm_type": "node",
        "name": "Il Querceto Hotel ",
        "tourism": "hotel"
      }
    },
    {
      "type": "Feature",
      "geometry": {
        "type": "Point",
        "coordinates": [
          9.6355325,
          40.2829654
        ]
      },
      "properties": {
        "id": 2255595355,
        "osm_type": "node",
        "name": "Miramare",
        "tourism": "hotel",
        "check_date": "2024-09-09"
      }
    },
    {
      "type": "Feature",
      "geometry": {
        "type": "Point",
        "coordinates": [
          9.6358861,
          40.2820161
        ]
      },
      "properties": {
        "id": 2255596366,
        "osm_type": "node",
        "name": "Cala Luna",
        "tourism": "hotel",
        "check_date": "2024-10-20"
      }
    },
    {
      "type": "Feature",
      "geometry": {
        "type": "Point",
        "coordinates": [
          9.6315306,
          40.2808476
        ]
      },
      "properties": {
        "id": 2255601342,
        "osm_type": "node",
        "name": "Parco Blu",
        "tourism": "hotel"
      }
    },
    {
      "type": "Feature",
      "geometry": {
        "type": "Point",
        "coordinates": [
          9.6275532,
          40.2790753
        ]
      },
      "properties": {
        "id": 2255607880,
        "osm_type": "node",
        "name": "Hotel Nuraghe Arvu ",
        "tourism": "hotel"
      }
    },
    {
      "type": "Feature",
      "geometry": {
        "type": "Point",
        "coordinates": [
          9.6256159,
          40.2782389
        ]
      },
      "properties": {
        "id": 2255631324,
        "osm_type": "node",
        "name": "Club Esse Cala Gonone Beach Village",
        "tourism": "hotel",
        "phone": "+39 06 45439344",
        "website": "https://www.clubesse.it/strutture/resort-cala-gonone-beach-village/"
      }
    },
    {
      "type": "Feature",
      "geometry": {
        "type": "Point",
        "coordinates": [
          9.6276973,
          40.274907
        ]
      },
      "properties": {
        "id": 2255631789,
        "osm_type": "node",
        "name": "Hotel Smeraldo",
        "tourism": "hotel"
      }
    },
    {
      "type": "Feature",
      "geometry": {
        "type": "Point",
        "coordinates": [
          9.5853678,
          40.3172525
        ]
      },
      "properties": {
        "id": 2255903250,
        "osm_type": "node",
        "tourism": "hotel"
      }
    },
    {
      "type": "Feature",
      "geometry": {
        "type": "Point",
        "coordinates": [
          9.5763644,
          40.269973
        ]
      },
      "properties": {
        "id": 2257990200,
        "osm_type": "node",
        "name": "Hotel Sant'Elene",
        "tourism": "hotel"
      }
    },
    {
      "type": "Feature",
      "geometry": {
        "type": "Point",
        "coordinates": [
          9.635021,
          40.2829293
        ]
      },
      "properties": {
        "id": 2258145679,
        "osm_type": "node",
        "name": "San Francisco",
        "tourism": "hotel"
      }
    },
    {
      "type": "Feature",
      "geometry": {
        "type": "Point",
        "coordinates": [
          9.6225455,
          40.281529
        ]
      },
      "properties": {
        "id": 2258158380,
        "osm_type": "node",
        "name": "Branca Maria",
        "tourism": "hotel",
        "check_date": "2025-10-20"
      }
    },
    {
      "type": "Feature",
      "geometry": {
        "type": "Point",
        "coordinates": [
          8.5664183,
          40.7186533
        ]
      },
      "properties": {
        "id": 2267764472,
        "osm_type": "node",
        "name": "Hotel Grazia Deledda",
        "tourism": "hotel",
        "phone": "+39 079 271235",
        "website": "https://www.hotelgraziadeledda.it/"
      }
    },
    {
      "type": "Feature",
      "geometry": {
        "type": "Point",
        "coordinates": [
          8.5411027,
          40.73121
        ]
      },
      "properties": {
        "id": 2271231797,
        "osm_type": "node",
        "name": "Il Vialetto",
        "tourism": "hotel"
      }
    },
    {
      "type": "Feature",
      "geometry": {
        "type": "Point",
        "coordinates": [
          8.5216194,
          40.2544115
        ]
      },
      "properties": {
        "id": 2273788262,
        "osm_type": "node",
        "name": "Hotel Maison Tresnuraghes",
        "tourism": "hotel",
        "check_date": "2024-07-31"
      }
    },
    {
      "type": "Feature",
      "geometry": {
        "type": "Point",
        "coordinates": [
          9.6389368,
          40.2841582
        ]
      },
      "properties": {
        "id": 2283122897,
        "osm_type": "node",
        "name": "Pop",
        "tourism": "hotel"
      }
    },
    {
      "type": "Feature",
      "geometry": {
        "type": "Point",
        "coordinates": [
          9.6383243,
          40.2886845
        ]
      },
      "properties": {
        "id": 2293542312,
        "osm_type": "node",
        "name": "Villa Gustui Maris",
        "tourism": "hotel",
        "check_date": "2024-06-08"
      }
    },
    {
      "type": "Feature",
      "geometry": {
        "type": "Point",
        "coordinates": [
          9.6338305,
          40.2822189
        ]
      },
      "properties": {
        "id": 2293543876,
        "osm_type": "node",
        "name": "Nettuno",
        "tourism": "hotel"
      }
    },
    {
      "type": "Feature",
      "geometry": {
        "type": "Point",
        "coordinates": [
          9.6356409,
          40.2813178
        ]
      },
      "properties": {
        "id": 2293543896,
        "osm_type": "node",
        "name": "La Conchiglia",
        "tourism": "hotel",
        "check_date": "2024-10-20"
      }
    },
    {
      "type": "Feature",
      "geometry": {
        "type": "Point",
        "coordinates": [
          9.6349768,
          40.2801575
        ]
      },
      "properties": {
        "id": 2293544082,
        "osm_type": "node",
        "name": "La Favorita",
        "tourism": "hotel",
        "contact:phone": "+39 0784 93169",
        "website": "https://www.lafavoritacalagonone.com/hotel",
        "check_date": "2024-10-20"
      }
    },
    {
      "type": "Feature",
      "geometry": {
        "type": "Point",
        "coordinates": [
          9.6345601,
          39.7841682
        ]
      },
      "properties": {
        "id": 2299544356,
        "osm_type": "node",
        "name": "Hotel S'olia",
        "tourism": "hotel"
      }
    },
    {
      "type": "Feature",
      "geometry": {
        "type": "Point",
        "coordinates": [
          8.5670809,
          40.188223
        ]
      },
      "properties": {
        "id": 2305488544,
        "osm_type": "node",
        "name": "Casa Margherita",
        "tourism": "guest_house"
      }
    },
    {
      "type": "Feature",
      "geometry": {
        "type": "Point",
        "coordinates": [
          9.1889022,
          41.2404622
        ]
      },
      "properties": {
        "id": 2311017879,
        "osm_type": "node",
        "name": "Albergo B&B Villa Marina",
        "tourism": "guest_house"
      }
    },
    {
      "type": "Feature",
      "geometry": {
        "type": "Point",
        "coordinates": [
          8.4016297,
          40.8387341
        ]
      },
      "properties": {
        "id": 2311098203,
        "osm_type": "node",
        "name": "Hotel Elisa",
        "tourism": "hotel"
      }
    },
    {
      "type": "Feature",
      "geometry": {
        "type": "Point",
        "coordinates": [
          8.5224989,
          39.9214643
        ]
      },
      "properties": {
        "id": 2313464627,
        "osm_type": "node",
        "name": "Hotel Summertime",
        "tourism": "hotel"
      }
    },
    {
      "type": "Feature",
      "geometry": {
        "type": "Point",
        "coordinates": [
          8.6533801,
          40.1426757
        ]
      },
      "properties": {
        "id": 2313662448,
        "osm_type": "node",
        "name": "Albergo Diffuso \"Antica Dimora del Gruccione\"",
        "tourism": "hotel"
      }
    },
    {
      "type": "Feature",
      "geometry": {
        "type": "Point",
        "coordinates": [
          9.4518886,
          41.0944723
        ]
      },
      "properties": {
        "id": 2314278512,
        "osm_type": "node",
        "name": "Hotel Airone",
        "tourism": "hotel"
      }
    },
    {
      "type": "Feature",
      "geometry": {
        "type": "Point",
        "coordinates": [
          8.424663,
          39.447969
        ]
      },
      "properties": {
        "id": 2314915182,
        "osm_type": "node",
        "tourism": "hotel"
      }
    },
    {
      "type": "Feature",
      "geometry": {
        "type": "Point",
        "coordinates": [
          8.8799976,
          38.8977464
        ]
      },
      "properties": {
        "id": 2314977070,
        "osm_type": "node",
        "name": "Tanit",
        "tourism": "guest_house",
        "check_date": "2025-02-21"
      }
    },
    {
      "type": "Feature",
      "geometry": {
        "type": "Point",
        "coordinates": [
          8.9870861,
          39.7076589
        ]
      },
      "properties": {
        "id": 2317618251,
        "osm_type": "node",
        "name": "Su Nuraxi",
        "tourism": "hotel",
        "website": "http://www.hotelsunuraxi.it/"
      }
    },
    {
      "type": "Feature",
      "geometry": {
        "type": "Point",
        "coordinates": [
          9.1114928,
          39.2155701
        ]
      },
      "properties": {
        "id": 2317627942,
        "osm_type": "node",
        "name": "Affittacamere B&B Sardinia Domus",
        "tourism": "guest_house",
        "phone": "+39 070659783",
        "website": "https://www.sardiniadomus.it/"
      }
    },
    {
      "type": "Feature",
      "geometry": {
        "type": "Point",
        "coordinates": [
          9.7498879,
          40.6089351
        ]
      },
      "properties": {
        "id": 2320499821,
        "osm_type": "node",
        "name": "Camere Canarino",
        "tourism": "guest_house",
        "website": "www.affittacamerecanarino.it"
      }
    },
    {
      "type": "Feature",
      "geometry": {
        "type": "Point",
        "coordinates": [
          9.6790138,
          40.0832669
        ]
      },
      "properties": {
        "id": 2329943449,
        "osm_type": "node",
        "tourism": "camp_site"
      }
    },
    {
      "type": "Feature",
      "geometry": {
        "type": "Point",
        "coordinates": [
          8.4899704,
          40.2975306
        ]
      },
      "properties": {
        "id": 2331212757,
        "osm_type": "node",
        "name": "Mannu",
        "tourism": "hotel",
        "contact:phone": "+39 078 537 5306",
        "website": "https://www.mannuhotel.it/"
      }
    },
    {
      "type": "Feature",
      "geometry": {
        "type": "Point",
        "coordinates": [
          9.1138077,
          39.2186441
        ]
      },
      "properties": {
        "id": 2332029200,
        "osm_type": "node",
        "name": "La Terrazza",
        "tourism": "hotel",
        "check_date": "2023-08-30"
      }
    },
    {
      "type": "Feature",
      "geometry": {
        "type": "Point",
        "coordinates": [
          8.3714551,
          39.2113984
        ]
      },
      "properties": {
        "id": 2337672645,
        "osm_type": "node",
        "name": "Lido Degli Spagnoli",
        "tourism": "hotel"
      }
    },
    {
      "type": "Feature",
      "geometry": {
        "type": "Point",
        "coordinates": [
          8.3771485,
          39.2036398
        ]
      },
      "properties": {
        "id": 2337672651,
        "osm_type": "node",
        "name": "La Ghinghetta",
        "tourism": "hotel"
      }
    },
    {
      "type": "Feature",
      "geometry": {
        "type": "Point",
        "coordinates": [
          9.1128535,
          39.2182153
        ]
      },
      "properties": {
        "id": 2338536543,
        "osm_type": "node",
        "name": "Bed and Breakfast Relais Azuni",
        "tourism": "guest_house",
        "phone": "+39 0702339898",
        "website": "http://www.relaisazuni.com/"
      }
    },
    {
      "type": "Feature",
      "geometry": {
        "type": "Point",
        "coordinates": [
          9.1141203,
          39.2162067
        ]
      },
      "properties": {
        "id": 2338536563,
        "osm_type": "node",
        "name": "Hostel Marina",
        "tourism": "hostel",
        "phone": "+39 070 670818",
        "website": "http://www.hostelmarinacagliari.com/",
        "check_date": "2023-09-10"
      }
    },
    {
      "type": "Feature",
      "geometry": {
        "type": "Point",
        "coordinates": [
          8.3065441,
          39.1456558
        ]
      },
      "properties": {
        "id": 2338607658,
        "osm_type": "node",
        "name": "B&B Il Ghiro",
        "tourism": "guest_house",
        "website": "https://www.carlofortebedandbreakfast.it/"
      }
    },
    {
      "type": "Feature",
      "geometry": {
        "type": "Point",
        "coordinates": [
          8.5151001,
          40.8212486
        ]
      },
      "properties": {
        "id": 2339061541,
        "osm_type": "node",
        "name": "Residence La Plata",
        "tourism": "chalet"
      }
    },
    {
      "type": "Feature",
      "geometry": {
        "type": "Point",
        "coordinates": [
          9.1130341,
          39.2196045
        ]
      },
      "properties": {
        "id": 2339545130,
        "osm_type": "node",
        "name": "B & B Sant'Efisio",
        "tourism": "guest_house",
        "phone": "+39 346 2312662"
      }
    },
    {
      "type": "Feature",
      "geometry": {
        "type": "Point",
        "coordinates": [
          9.1130725,
          39.2198437
        ]
      },
      "properties": {
        "id": 2339545144,
        "osm_type": "node",
        "name": "The Place",
        "tourism": "hotel",
        "phone": "+39 070 680165",
        "website": "https://www.theplacecagliari.com"
      }
    },
    {
      "type": "Feature",
      "geometry": {
        "type": "Point",
        "coordinates": [
          8.9201793,
          39.5424507
        ]
      },
      "properties": {
        "id": 2344107876,
        "osm_type": "node",
        "name": "Rosy Hotel",
        "tourism": "hotel"
      }
    },
    {
      "type": "Feature",
      "geometry": {
        "type": "Point",
        "coordinates": [
          8.3194962,
          40.5630957
        ]
      },
      "properties": {
        "id": 2372132221,
        "osm_type": "node",
        "name": "Alghero City",
        "tourism": "hotel"
      }
    },
    {
      "type": "Feature",
      "geometry": {
        "type": "Point",
        "coordinates": [
          9.7468261,
          40.6614571
        ]
      },
      "properties": {
        "id": 2385568237,
        "osm_type": "node",
        "name": "Matta Village",
        "tourism": "hotel"
      }
    },
    {
      "type": "Feature",
      "geometry": {
        "type": "Point",
        "coordinates": [
          8.3303113,
          40.5572494
        ]
      },
      "properties": {
        "id": 2408902180,
        "osm_type": "node",
        "name": "Morpheo B&B",
        "tourism": "guest_house",
        "website": "https://www.bbmorpheo.it/"
      }
    },
    {
      "type": "Feature",
      "geometry": {
        "type": "Point",
        "coordinates": [
          9.304129,
          39.20864
        ]
      },
      "properties": {
        "id": 2426764121,
        "osm_type": "node",
        "name": "Hotel Sighientu",
        "tourism": "hotel"
      }
    },
    {
      "type": "Feature",
      "geometry": {
        "type": "Point",
        "coordinates": [
          8.5633293,
          39.5626101
        ]
      },
      "properties": {
        "id": 2427745961,
        "osm_type": "node",
        "name": "La Miniera Fiorita",
        "tourism": "guest_house",
        "phone": "+39 347 1740011",
        "website": "http://www.laminierafiorita.com"
      }
    },
    {
      "type": "Feature",
      "geometry": {
        "type": "Point",
        "coordinates": [
          9.4681406,
          41.0466488
        ]
      },
      "properties": {
        "id": 2430175972,
        "osm_type": "node",
        "name": "Antica dimora La Corona",
        "tourism": "hotel",
        "website": "https://www.anticadimoralacorona.com/"
      }
    },
    {
      "type": "Feature",
      "geometry": {
        "type": "Point",
        "coordinates": [
          9.3352006,
          40.3200053
        ]
      },
      "properties": {
        "id": 2431141030,
        "osm_type": "node",
        "name": "Bed and Breakfast Nughe'e'Oro",
        "tourism": "guest_house",
        "phone": "+39 340 8052769",
        "website": "https://www.nugheoro.it/"
      }
    },
    {
      "type": "Feature",
      "geometry": {
        "type": "Point",
        "coordinates": [
          8.380915,
          39.2033999
        ]
      },
      "properties": {
        "id": 2431398335,
        "osm_type": "node",
        "name": "Panorama Hotel",
        "tourism": "hotel"
      }
    },
    {
      "type": "Feature",
      "geometry": {
        "type": "Point",
        "coordinates": [
          8.3760538,
          39.2165621
        ]
      },
      "properties": {
        "id": 2431849732,
        "osm_type": "node",
        "name": "I Ginepri B&B",
        "tourism": "guest_house",
        "website": "www.bb-iginepri.it"
      }
    },
    {
      "type": "Feature",
      "geometry": {
        "type": "Point",
        "coordinates": [
          9.1870103,
          41.2407157
        ]
      },
      "properties": {
        "id": 2434026370,
        "osm_type": "node",
        "name": "Hotel L'Ancora",
        "tourism": "hotel"
      }
    },
    {
      "type": "Feature",
      "geometry": {
        "type": "Point",
        "coordinates": [
          9.2566664,
          41.1047716
        ]
      },
      "properties": {
        "id": 2446480407,
        "osm_type": "node",
        "name": "Bed and Breakfast di Gianni Epia",
        "tourism": "guest_house",
        "website": "http://www.bbgianniepia.it/"
      }
    },
    {
      "type": "Feature",
      "geometry": {
        "type": "Point",
        "coordinates": [
          9.6222916,
          41.000592
        ]
      },
      "properties": {
        "id": 2480096506,
        "osm_type": "node",
        "name": "Hotel Villa Margherita",
        "tourism": "hotel",
        "phone": "+39 0789 46912",
        "website": "https://www.margheritahotel.net/",
        "check_date": "2024-09-23"
      }
    },
    {
      "type": "Feature",
      "geometry": {
        "type": "Point",
        "coordinates": [
          9.7004301,
          39.9221222
        ]
      },
      "properties": {
        "id": 2482929605,
        "osm_type": "node",
        "name": "Hotel Club Saraceno",
        "tourism": "hotel"
      }
    },
    {
      "type": "Feature",
      "geometry": {
        "type": "Point",
        "coordinates": [
          9.1667655,
          41.2309733
        ]
      },
      "properties": {
        "id": 2489065602,
        "osm_type": "node",
        "name": "Club Esse Shardana",
        "tourism": "hotel",
        "website": "https://www.clubesse.it/strutture/hotel-shardana/"
      }
    },
    {
      "type": "Feature",
      "geometry": {
        "type": "Point",
        "coordinates": [
          9.4825348,
          41.1406015
        ]
      },
      "properties": {
        "id": 2491639567,
        "osm_type": "node",
        "name": "Hotel La Bisaccia",
        "tourism": "hotel",
        "phone": "+39078999002",
        "website": "www.hotellabisaccia.it"
      }
    },
    {
      "type": "Feature",
      "geometry": {
        "type": "Point",
        "coordinates": [
          9.2765281,
          40.2185835
        ]
      },
      "properties": {
        "id": 2516891018,
        "osm_type": "node",
        "name": "Perda Pintà",
        "tourism": "guest_house",
        "phone": "+39 0784 56689",
        "website": "https://www.perdapinta.it/"
      }
    },
    {
      "type": "Feature",
      "geometry": {
        "type": "Point",
        "coordinates": [
          9.2841289,
          40.211489
        ]
      },
      "properties": {
        "id": 2517950570,
        "osm_type": "node",
        "name": "'Sa Rosada Società Cooperativa",
        "tourism": "guest_house",
        "phone": "+39 0784 56713"
      }
    },
    {
      "type": "Feature",
      "geometry": {
        "type": "Point",
        "coordinates": [
          9.5282697,
          39.9210254
        ]
      },
      "properties": {
        "id": 2519809026,
        "osm_type": "node",
        "name": "B&B",
        "tourism": "guest_house"
      }
    },
    {
      "type": "Feature",
      "geometry": {
        "type": "Point",
        "coordinates": [
          8.7940821,
          40.923096
        ]
      },
      "properties": {
        "id": 2552810279,
        "osm_type": "node",
        "name": "ruf ferienclub",
        "tourism": "camp_site"
      }
    },
    {
      "type": "Feature",
      "geometry": {
        "type": "Point",
        "coordinates": [
          8.4859547,
          40.2664543
        ]
      },
      "properties": {
        "id": 2600434842,
        "osm_type": "node",
        "name": "Villa Pischinas",
        "tourism": "guest_house",
        "contact:phone": "+39 347 321 6328;+39 340 309 4543",
        "contact:website": "http://www.villapischinas.it"
      }
    },
    {
      "type": "Feature",
      "geometry": {
        "type": "Point",
        "coordinates": [
          8.5581008,
          40.2667756
        ]
      },
      "properties": {
        "id": 2600485988,
        "osm_type": "node",
        "name": "Anghelos e Istellas",
        "tourism": "hotel"
      }
    },
    {
      "type": "Feature",
      "geometry": {
        "type": "Point",
        "coordinates": [
          8.4785211,
          40.289535
        ]
      },
      "properties": {
        "id": 2603603340,
        "osm_type": "node",
        "name": "Lido Chelo",
        "tourism": "hotel",
        "contact:phone": "+39 0785 373804",
        "contact:website": "http://www.lidochelo.it"
      }
    },
    {
      "type": "Feature",
      "geometry": {
        "type": "Point",
        "coordinates": [
          8.4796718,
          40.2894348
        ]
      },
      "properties": {
        "id": 2603603346,
        "osm_type": "node",
        "name": "Al Gabbiano",
        "tourism": "hotel",
        "contact:phone": "+39 0785 374 123",
        "contact:website": "http://www.hotelalgabbiano.it"
      }
    },
    {
      "type": "Feature",
      "geometry": {
        "type": "Point",
        "coordinates": [
          8.6995606,
          39.3952995
        ]
      },
      "properties": {
        "id": 2627583849,
        "osm_type": "node",
        "name": "Agriturismo Il Pesco",
        "tourism": "guest_house",
        "contact:phone": "+39 070 931 4327"
      }
    },
    {
      "type": "Feature",
      "geometry": {
        "type": "Point",
        "coordinates": [
          8.5300338,
          40.4416748
        ]
      },
      "properties": {
        "id": 2632849917,
        "osm_type": "node",
        "name": "Locanda Minerva",
        "tourism": "hotel",
        "phone": "+39 328 9226392;+39 328 4326017",
        "website": "https://www.monteminervaexperience.com/"
      }
    },
    {
      "type": "Feature",
      "geometry": {
        "type": "Point",
        "coordinates": [
          9.1683289,
          40.7823292
        ]
      },
      "properties": {
        "id": 2653969362,
        "osm_type": "node",
        "tourism": "hotel"
      }
    },
    {
      "type": "Feature",
      "geometry": {
        "type": "Point",
        "coordinates": [
          9.5254616,
          40.9836945
        ]
      },
      "properties": {
        "id": 2667196564,
        "osm_type": "node",
        "name": "B&B MareNatura",
        "tourism": "guest_house",
        "website": "http://www.bbmarenatura.com/"
      }
    },
    {
      "type": "Feature",
      "geometry": {
        "type": "Point",
        "coordinates": [
          8.5033017,
          40.2934799
        ]
      },
      "properties": {
        "id": 2709735417,
        "osm_type": "node",
        "name": "Sa Pischedda",
        "tourism": "hotel"
      }
    },
    {
      "type": "Feature",
      "geometry": {
        "type": "Point",
        "coordinates": [
          8.4837631,
          40.2689791
        ]
      },
      "properties": {
        "id": 2785062554,
        "osm_type": "node",
        "name": "Sa Lumenera",
        "tourism": "hotel",
        "contact:phone": "+39 0785 35 90 26",
        "contact:website": "http://www.hotelsalumenera.it"
      }
    },
    {
      "type": "Feature",
      "geometry": {
        "type": "Point",
        "coordinates": [
          9.1162872,
          39.2198036
        ]
      },
      "properties": {
        "id": 2788416685,
        "osm_type": "node",
        "name": "Residenza Kastrum",
        "tourism": "hotel",
        "phone": "+39 348 001 22 80",
        "website": "https://www.kastrum.eu/"
      }
    },
    {
      "type": "Feature",
      "geometry": {
        "type": "Point",
        "coordinates": [
          9.1159496,
          39.2170522
        ]
      },
      "properties": {
        "id": 2796727178,
        "osm_type": "node",
        "name": "Castelletto",
        "tourism": "hotel"
      }
    },
    {
      "type": "Feature",
      "geometry": {
        "type": "Point",
        "coordinates": [
          8.5125185,
          40.2910882
        ]
      },
      "properties": {
        "id": 2802045281,
        "osm_type": "node",
        "name": "Agriturismo Bainas",
        "tourism": "guest_house",
        "contact:phone": "+39 339 209 0967",
        "contact:website": "http://www.agriturismobainasbosa.com"
      }
    },
    {
      "type": "Feature",
      "geometry": {
        "type": "Point",
        "coordinates": [
          9.1882675,
          41.2434438
        ]
      },
      "properties": {
        "id": 2839869900,
        "osm_type": "node",
        "name": "Hotel Corallaro",
        "tourism": "hotel",
        "contact:website": "http://www.hotelcorallaro.it/"
      }
    },
    {
      "type": "Feature",
      "geometry": {
        "type": "Point",
        "coordinates": [
          9.6391466,
          39.4522039
        ]
      },
      "properties": {
        "id": 2847568545,
        "osm_type": "node",
        "name": "Borgo di Porto Corollo",
        "tourism": "hotel"
      }
    },
    {
      "type": "Feature",
      "geometry": {
        "type": "Point",
        "coordinates": [
          9.535349,
          40.9817379
        ]
      },
      "properties": {
        "id": 2847569052,
        "osm_type": "node",
        "name": "Alba Barona",
        "tourism": "hotel"
      }
    },
    {
      "type": "Feature",
      "geometry": {
        "type": "Point",
        "coordinates": [
          9.3256954,
          41.1822718
        ]
      },
      "properties": {
        "id": 2847569053,
        "osm_type": "node",
        "name": "Blue Corner",
        "tourism": "apartment"
      }
    },
    {
      "type": "Feature",
      "geometry": {
        "type": "Point",
        "coordinates": [
          9.2798906,
          40.2182348
        ]
      },
      "properties": {
        "id": 2851102942,
        "osm_type": "node",
        "name": "Da Titina",
        "tourism": "guest_house",
        "phone": "+39 0784 56065",
        "website": "https://www.bebdatitina.it/"
      }
    },
    {
      "type": "Feature",
      "geometry": {
        "type": "Point",
        "coordinates": [
          9.4730075,
          41.1111815
        ]
      },
      "properties": {
        "id": 2863899381,
        "osm_type": "node",
        "name": "Hotel Li Graniti",
        "tourism": "hotel"
      }
    },
    {
      "type": "Feature",
      "geometry": {
        "type": "Point",
        "coordinates": [
          9.1645795,
          41.2337816
        ]
      },
      "properties": {
        "id": 2871493153,
        "osm_type": "node",
        "name": "Hotel Colonna Capo Testa",
        "tourism": "hotel",
        "website": "https://www.grandhotelcapotesta.it/"
      }
    },
    {
      "type": "Feature",
      "geometry": {
        "type": "Point",
        "coordinates": [
          8.5053633,
          40.2954457
        ]
      },
      "properties": {
        "id": 2929581766,
        "osm_type": "node",
        "name": "La Torre di Alice",
        "tourism": "guest_house"
      }
    },
    {
      "type": "Feature",
      "geometry": {
        "type": "Point",
        "coordinates": [
          8.4226986,
          39.9094248
        ]
      },
      "properties": {
        "id": 2931419935,
        "osm_type": "node",
        "tourism": "guest_house"
      }
    },
    {
      "type": "Feature",
      "geometry": {
        "type": "Point",
        "coordinates": [
          9.2676447,
          41.1944122
        ]
      },
      "properties": {
        "id": 2932571577,
        "osm_type": "node",
        "name": "Frassetto",
        "tourism": "hotel"
      }
    },
    {
      "type": "Feature",
      "geometry": {
        "type": "Point",
        "coordinates": [
          8.8872318,
          41.0107383
        ]
      },
      "properties": {
        "id": 2947573599,
        "osm_type": "node",
        "name": "Marinedda",
        "tourism": "hotel"
      }
    },
    {
      "type": "Feature",
      "geometry": {
        "type": "Point",
        "coordinates": [
          8.8770622,
          41.0138714
        ]
      },
      "properties": {
        "id": 2947573601,
        "osm_type": "node",
        "name": "Torreruja",
        "tourism": "hotel",
        "check_date": "2024-06-11"
      }
    },
    {
      "type": "Feature",
      "geometry": {
        "type": "Point",
        "coordinates": [
          9.7358424,
          40.6902017
        ]
      },
      "properties": {
        "id": 2962943032,
        "osm_type": "node",
        "name": "Budoni Beach Hotel",
        "tourism": "hotel"
      }
    },
    {
      "type": "Feature",
      "geometry": {
        "type": "Point",
        "coordinates": [
          9.7651247,
          40.4381698
        ]
      },
      "properties": {
        "id": 2980785081,
        "osm_type": "node",
        "name": "S'Ustiarvu",
        "tourism": "hotel"
      }
    },
    {
      "type": "Feature",
      "geometry": {
        "type": "Point",
        "coordinates": [
          9.7669666,
          40.4381306
        ]
      },
      "properties": {
        "id": 2980809770,
        "osm_type": "node",
        "name": "Cala Liberotto",
        "tourism": "hotel"
      }
    },
    {
      "type": "Feature",
      "geometry": {
        "type": "Point",
        "coordinates": [
          9.5127987,
          41.0176067
        ]
      },
      "properties": {
        "id": 2989744740,
        "osm_type": "node",
        "name": "Colonna Hotel Du Golf",
        "tourism": "hotel",
        "website": "https://www.itihotels.it/eng/colonna_hotel_du_golf/home.htm"
      }
    },
    {
      "type": "Feature",
      "geometry": {
        "type": "Point",
        "coordinates": [
          8.5356065,
          39.927975
        ]
      },
      "properties": {
        "id": 2995436265,
        "osm_type": "node",
        "name": "Sa Cottilla B&B",
        "tourism": "guest_house",
        "website": "http://www.sacottilla.it"
      }
    },
    {
      "type": "Feature",
      "geometry": {
        "type": "Point",
        "coordinates": [
          9.1742152,
          39.3742647
        ]
      },
      "properties": {
        "id": 2995485164,
        "osm_type": "node",
        "name": "Casa Mascia",
        "tourism": "guest_house",
        "phone": "+39 070 743481",
        "website": "http://www.casamascia.it"
      }
    },
    {
      "type": "Feature",
      "geometry": {
        "type": "Point",
        "coordinates": [
          9.6627719,
          40.087518
        ]
      },
      "properties": {
        "id": 3017553970,
        "osm_type": "node",
        "name": "Rifugio Cooperativa Goloritzè",
        "tourism": "hostel"
      }
    },
    {
      "type": "Feature",
      "geometry": {
        "type": "Point",
        "coordinates": [
          9.5154536,
          39.1480564
        ]
      },
      "properties": {
        "id": 3022328041,
        "osm_type": "node",
        "name": "Hotel Blu Marlin",
        "tourism": "hotel"
      }
    },
    {
      "type": "Feature",
      "geometry": {
        "type": "Point",
        "coordinates": [
          9.1227239,
          39.2181636
        ]
      },
      "properties": {
        "id": 3024349680,
        "osm_type": "node",
        "name": "Del Fiori",
        "tourism": "guest_house",
        "phone": "+39 338 112 3052",
        "website": "http://bedandbreakfastdelfiore.it"
      }
    },
    {
      "type": "Feature",
      "geometry": {
        "type": "Point",
        "coordinates": [
          8.3363879,
          41.0819817
        ]
      },
      "properties": {
        "id": 3030842458,
        "osm_type": "node",
        "name": "sognAsinara",
        "tourism": "hostel",
        "phone": "+39 346 1737043"
      }
    },
    {
      "type": "Feature",
      "geometry": {
        "type": "Point",
        "coordinates": [
          8.4497639,
          39.6766896
        ]
      },
      "properties": {
        "id": 3093989698,
        "osm_type": "node",
        "name": "Hotel Villa Belfiori",
        "tourism": "hotel",
        "phone": "+39 070 977272",
        "website": "https://www.hotelvillabelfiori.it/"
      }
    },
    {
      "type": "Feature",
      "geometry": {
        "type": "Point",
        "coordinates": [
          8.3203428,
          40.5577576
        ]
      },
      "properties": {
        "id": 3109790616,
        "osm_type": "node",
        "name": "Actinia B&B",
        "tourism": "guest_house",
        "phone": "+39 079 980853",
        "website": "https://www.actiniabb.com/"
      }
    },
    {
      "type": "Feature",
      "geometry": {
        "type": "Point",
        "coordinates": [
          9.109482,
          39.7402529
        ]
      },
      "properties": {
        "id": 3268779899,
        "osm_type": "node",
        "name": "Hotel Il Pioppo",
        "tourism": "hotel",
        "website": "http://web.tiscali.it/ilpioppo/"
      }
    },
    {
      "type": "Feature",
      "geometry": {
        "type": "Point",
        "coordinates": [
          9.1059102,
          39.7421031
        ]
      },
      "properties": {
        "id": 3268779900,
        "osm_type": "node",
        "name": "Hotel del Sole",
        "tourism": "hotel",
        "website": "http://www.hoteldelsoleisili.com/"
      }
    },
    {
      "type": "Feature",
      "geometry": {
        "type": "Point",
        "coordinates": [
          9.2575234,
          40.1201078
        ]
      },
      "properties": {
        "id": 3268908136,
        "osm_type": "node",
        "name": "Hotel Cualbu",
        "tourism": "hotel",
        "website": "https://www.hotelcualbu.com/"
      }
    },
    {
      "type": "Feature",
      "geometry": {
        "type": "Point",
        "coordinates": [
          9.0927735,
          40.0813975
        ]
      },
      "properties": {
        "id": 3270187671,
        "osm_type": "node",
        "tourism": "guest_house"
      }
    },
    {
      "type": "Feature",
      "geometry": {
        "type": "Point",
        "coordinates": [
          9.1098027,
          40.0822829
        ]
      },
      "properties": {
        "id": 3270187693,
        "osm_type": "node",
        "tourism": "guest_house"
      }
    },
    {
      "type": "Feature",
      "geometry": {
        "type": "Point",
        "coordinates": [
          9.0998028,
          40.0854482
        ]
      },
      "properties": {
        "id": 3270187746,
        "osm_type": "node",
        "tourism": "guest_house"
      }
    },
    {
      "type": "Feature",
      "geometry": {
        "type": "Point",
        "coordinates": [
          9.093137,
          40.1429512
        ]
      },
      "properties": {
        "id": 3270306826,
        "osm_type": "node",
        "tourism": "guest_house"
      }
    },
    {
      "type": "Feature",
      "geometry": {
        "type": "Point",
        "coordinates": [
          9.19409,
          40.0506615
        ]
      },
      "properties": {
        "id": 3270387206,
        "osm_type": "node",
        "tourism": "guest_house"
      }
    },
    {
      "type": "Feature",
      "geometry": {
        "type": "Point",
        "coordinates": [
          9.1902081,
          40.052502
        ]
      },
      "properties": {
        "id": 3270387221,
        "osm_type": "node",
        "tourism": "guest_house"
      }
    },
    {
      "type": "Feature",
      "geometry": {
        "type": "Point",
        "coordinates": [
          9.1005487,
          40.0124665
        ]
      },
      "properties": {
        "id": 3270509574,
        "osm_type": "node",
        "name": "Agriturismo Pranu",
        "tourism": "guest_house"
      }
    },
    {
      "type": "Feature",
      "geometry": {
        "type": "Point",
        "coordinates": [
          8.5873556,
          39.907523
        ]
      },
      "properties": {
        "id": 3275220356,
        "osm_type": "node",
        "name": "Hotel Mistral",
        "tourism": "hotel",
        "website": "https://www.hotelmistraloristano.it/"
      }
    },
    {
      "type": "Feature",
      "geometry": {
        "type": "Point",
        "coordinates": [
          8.5929439,
          39.8995569
        ]
      },
      "properties": {
        "id": 3275223354,
        "osm_type": "node",
        "name": "Il Giardino di Chiara",
        "tourism": "guest_house"
      }
    },
    {
      "type": "Feature",
      "geometry": {
        "type": "Point",
        "coordinates": [
          8.5954223,
          39.9078833
        ]
      },
      "properties": {
        "id": 3275225503,
        "osm_type": "node",
        "name": "Iride",
        "tourism": "guest_house",
        "website": "http://www.guesthouseiride.com/"
      }
    },
    {
      "type": "Feature",
      "geometry": {
        "type": "Point",
        "coordinates": [
          8.5907952,
          39.9069789
        ]
      },
      "properties": {
        "id": 3275228126,
        "osm_type": "node",
        "name": "Cocco e Dessì Home",
        "tourism": "guest_house"
      }
    },
    {
      "type": "Feature",
      "geometry": {
        "type": "Point",
        "coordinates": [
          8.5861808,
          39.9046495
        ]
      },
      "properties": {
        "id": 3275228486,
        "osm_type": "node",
        "name": "Hotel Mistral 2",
        "tourism": "hotel",
        "website": "https://www.hotelmistral2oristano.it/"
      }
    },
    {
      "type": "Feature",
      "geometry": {
        "type": "Point",
        "coordinates": [
          8.5914713,
          39.9022558
        ]
      },
      "properties": {
        "id": 3275228558,
        "osm_type": "node",
        "name": "Hotel Duomo",
        "tourism": "hotel",
        "website": "http://www.jostoalduomo.net"
      }
    },
    {
      "type": "Feature",
      "geometry": {
        "type": "Point",
        "coordinates": [
          8.5917807,
          39.9037677
        ]
      },
      "properties": {
        "id": 3275230781,
        "osm_type": "node",
        "name": "Hotel Regina d'Arborea",
        "tourism": "hotel",
        "contact:phone": "+39 0783 302101",
        "contact:website": "https://hotelreginadarborea.com"
      }
    },
    {
      "type": "Feature",
      "geometry": {
        "type": "Point",
        "coordinates": [
          8.589392,
          39.9049901
        ]
      },
      "properties": {
        "id": 3275241216,
        "osm_type": "node",
        "name": "Casa Di Tania",
        "tourism": "apartment"
      }
    },
    {
      "type": "Feature",
      "geometry": {
        "type": "Point",
        "coordinates": [
          8.5900077,
          39.9079371
        ]
      },
      "properties": {
        "id": 3275251921,
        "osm_type": "node",
        "name": "Niu Rooms",
        "tourism": "guest_house"
      }
    },
    {
      "type": "Feature",
      "geometry": {
        "type": "Point",
        "coordinates": [
          8.5296219,
          39.9290895
        ]
      },
      "properties": {
        "id": 3276959642,
        "osm_type": "node",
        "name": "Villa Canu",
        "tourism": "hotel",
        "website": "https://hotelvillacanu.com/"
      }
    },
    {
      "type": "Feature",
      "geometry": {
        "type": "Point",
        "coordinates": [
          8.4315716,
          39.8998852
        ]
      },
      "properties": {
        "id": 3276959645,
        "osm_type": "node",
        "name": "Agriturismo Capo San Marco",
        "tourism": "guest_house",
        "contact:phone": "+39 347 2115490;+39 0783 391 011",
        "contact:website": "http://www.agriturismocaposanmarco.it"
      }
    },
    {
      "type": "Feature",
      "geometry": {
        "type": "Point",
        "coordinates": [
          8.7001965,
          39.9308683
        ]
      },
      "properties": {
        "id": 3279145963,
        "osm_type": "node",
        "tourism": "guest_house"
      }
    },
    {
      "type": "Feature",
      "geometry": {
        "type": "Point",
        "coordinates": [
          9.5451778,
          40.9352222
        ]
      },
      "properties": {
        "id": 3280814593,
        "osm_type": "node",
        "name": "Hotel Pozzo Sacro",
        "tourism": "hotel",
        "phone": "+39 0789 1980967",
        "website": "https://www.hotelpozzosacro.com/"
      }
    },
    {
      "type": "Feature",
      "geometry": {
        "type": "Point",
        "coordinates": [
          8.6601477,
          40.1513448
        ]
      },
      "properties": {
        "id": 3284494386,
        "osm_type": "node",
        "name": "Agriturismo Francadu",
        "tourism": "guest_house"
      }
    },
    {
      "type": "Feature",
      "geometry": {
        "type": "Point",
        "coordinates": [
          8.5766888,
          39.7860159
        ]
      },
      "properties": {
        "id": 3294238794,
        "osm_type": "node",
        "tourism": "guest_house"
      }
    },
    {
      "type": "Feature",
      "geometry": {
        "type": "Point",
        "coordinates": [
          8.7860054,
          39.9043314
        ]
      },
      "properties": {
        "id": 3294238808,
        "osm_type": "node",
        "tourism": "guest_house"
      }
    },
    {
      "type": "Feature",
      "geometry": {
        "type": "Point",
        "coordinates": [
          8.8567974,
          39.9614939
        ]
      },
      "properties": {
        "id": 3294238820,
        "osm_type": "node",
        "tourism": "guest_house"
      }
    },
    {
      "type": "Feature",
      "geometry": {
        "type": "Point",
        "coordinates": [
          8.6410473,
          40.0031506
        ]
      },
      "properties": {
        "id": 3294238832,
        "osm_type": "node",
        "tourism": "guest_house"
      }
    },
    {
      "type": "Feature",
      "geometry": {
        "type": "Point",
        "coordinates": [
          8.6710201,
          40.0180663
        ]
      },
      "properties": {
        "id": 3294238841,
        "osm_type": "node",
        "tourism": "guest_house"
      }
    },
    {
      "type": "Feature",
      "geometry": {
        "type": "Point",
        "coordinates": [
          8.5473943,
          39.8016737
        ]
      },
      "properties": {
        "id": 3294376294,
        "osm_type": "node",
        "name": "Hotel Il Canneto",
        "tourism": "hotel"
      }
    },
    {
      "type": "Feature",
      "geometry": {
        "type": "Point",
        "coordinates": [
          8.5728585,
          39.793426
        ]
      },
      "properties": {
        "id": 3294376300,
        "osm_type": "node",
        "tourism": "guest_house"
      }
    },
    {
      "type": "Feature",
      "geometry": {
        "type": "Point",
        "coordinates": [
          8.8378407,
          40.1235772
        ]
      },
      "properties": {
        "id": 3307390674,
        "osm_type": "node",
        "name": "Bed and Breakfast L'attico",
        "tourism": "guest_house",
        "website": "http://www.atticoghilarza.it/"
      }
    },
    {
      "type": "Feature",
      "geometry": {
        "type": "Point",
        "coordinates": [
          8.820876,
          40.1305167
        ]
      },
      "properties": {
        "id": 3307390675,
        "osm_type": "node",
        "name": "Bed and Breakfast Le Rose",
        "tourism": "guest_house",
        "website": "http://www.bbleroseabbasanta.it/"
      }
    },
    {
      "type": "Feature",
      "geometry": {
        "type": "Point",
        "coordinates": [
          8.8190108,
          40.1255616
        ]
      },
      "properties": {
        "id": 3307390676,
        "osm_type": "node",
        "name": "Bed and Breakfast Sas Lendas",
        "tourism": "guest_house",
        "website": "http://www.ic30.com/saslendas/"
      }
    },
    {
      "type": "Feature",
      "geometry": {
        "type": "Point",
        "coordinates": [
          8.5961397,
          39.9052805
        ]
      },
      "properties": {
        "id": 3319272193,
        "osm_type": "node",
        "name": "Mariano IV Palace Hotel",
        "tourism": "hotel",
        "website": "http://www.m4ph.eu/"
      }
    },
    {
      "type": "Feature",
      "geometry": {
        "type": "Point",
        "coordinates": [
          8.8820725,
          40.964828
        ]
      },
      "properties": {
        "id": 3323304061,
        "osm_type": "node",
        "name": "Residence Badus",
        "tourism": "hotel"
      }
    },
    {
      "type": "Feature",
      "geometry": {
        "type": "Point",
        "coordinates": [
          9.4019874,
          39.1545166
        ]
      },
      "properties": {
        "id": 3350178345,
        "osm_type": "node",
        "tourism": "hotel"
      }
    },
    {
      "type": "Feature",
      "geometry": {
        "type": "Point",
        "coordinates": [
          8.3042023,
          39.1449804
        ]
      },
      "properties": {
        "id": 3412090378,
        "osm_type": "node",
        "name": "B&B A Ca' du Paise",
        "tourism": "guest_house",
        "phone": "+39 349 756 9633"
      }
    },
    {
      "type": "Feature",
      "geometry": {
        "type": "Point",
        "coordinates": [
          9.5278025,
          39.1324436
        ]
      },
      "properties": {
        "id": 3438572737,
        "osm_type": "node",
        "name": "Residence \"Le Bouganville\"",
        "tourism": "hotel"
      }
    },
    {
      "type": "Feature",
      "geometry": {
        "type": "Point",
        "coordinates": [
          8.3873976,
          39.0849139
        ]
      },
      "properties": {
        "id": 3468302113,
        "osm_type": "node",
        "tourism": "hotel"
      }
    },
    {
      "type": "Feature",
      "geometry": {
        "type": "Point",
        "coordinates": [
          8.3713611,
          39.1107255
        ]
      },
      "properties": {
        "id": 3531145180,
        "osm_type": "node",
        "name": "U Canapé",
        "tourism": "hotel",
        "website": "http://www.ristorantelapprodocalasetta.it/"
      }
    },
    {
      "type": "Feature",
      "geometry": {
        "type": "Point",
        "coordinates": [
          9.189602,
          41.240838
        ]
      },
      "properties": {
        "id": 3546202793,
        "osm_type": "node",
        "name": "Hotel Moderno",
        "tourism": "hotel",
        "check_date": "2024-10-17"
      }
    },
    {
      "type": "Feature",
      "geometry": {
        "type": "Point",
        "coordinates": [
          9.4867883,
          39.1363693
        ]
      },
      "properties": {
        "id": 3582806450,
        "osm_type": "node",
        "name": "Hotel Residence Cormoran",
        "tourism": "hotel",
        "phone": "+39 070 79340",
        "website": "https://www.hotel-cormoran.com/"
      }
    },
    {
      "type": "Feature",
      "geometry": {
        "type": "Point",
        "coordinates": [
          9.0995427,
          39.6983517
        ]
      },
      "properties": {
        "id": 3591712199,
        "osm_type": "node",
        "name": "Domu Antiga",
        "tourism": "guest_house"
      }
    },
    {
      "type": "Feature",
      "geometry": {
        "type": "Point",
        "coordinates": [
          9.1022281,
          39.6991978
        ]
      },
      "properties": {
        "id": 3591732393,
        "osm_type": "node",
        "name": "Dedoni",
        "tourism": "hotel"
      }
    },
    {
      "type": "Feature",
      "geometry": {
        "type": "Point",
        "coordinates": [
          8.4132948,
          39.4488489
        ]
      },
      "properties": {
        "id": 3595217710,
        "osm_type": "node",
        "name": "Hotel Sardus Pater",
        "tourism": "hotel"
      }
    },
    {
      "type": "Feature",
      "geometry": {
        "type": "Point",
        "coordinates": [
          8.5676032,
          39.7643801
        ]
      },
      "properties": {
        "id": 3595334272,
        "osm_type": "node",
        "tourism": "chalet"
      }
    },
    {
      "type": "Feature",
      "geometry": {
        "type": "Point",
        "coordinates": [
          8.5599737,
          39.2617098
        ]
      },
      "properties": {
        "id": 3596720894,
        "osm_type": "node",
        "name": "Il Paradiso",
        "tourism": "guest_house"
      }
    },
    {
      "type": "Feature",
      "geometry": {
        "type": "Point",
        "coordinates": [
          8.5683642,
          39.93885
        ]
      },
      "properties": {
        "id": 3601878993,
        "osm_type": "node",
        "name": "Da Marcella",
        "tourism": "guest_house"
      }
    },
    {
      "type": "Feature",
      "geometry": {
        "type": "Point",
        "coordinates": [
          8.3185426,
          40.561497
        ]
      },
      "properties": {
        "id": 3603590293,
        "osm_type": "node",
        "name": "Aurasol",
        "tourism": "guest_house"
      }
    },
    {
      "type": "Feature",
      "geometry": {
        "type": "Point",
        "coordinates": [
          9.4762993,
          41.1336756
        ]
      },
      "properties": {
        "id": 3607019386,
        "osm_type": "node",
        "name": "Hotel Villa Gemella",
        "tourism": "hotel",
        "phone": "+39 0789 99303",
        "website": "www.hotelvillagemella.com"
      }
    },
    {
      "type": "Feature",
      "geometry": {
        "type": "Point",
        "coordinates": [
          9.4065318,
          41.2136457
        ]
      },
      "properties": {
        "id": 3607106782,
        "osm_type": "node",
        "name": "B&B Margherita",
        "tourism": "guest_house",
        "phone": "+39 329 6129842"
      }
    },
    {
      "type": "Feature",
      "geometry": {
        "type": "Point",
        "coordinates": [
          9.690249,
          39.9893501
        ]
      },
      "properties": {
        "id": 3607768763,
        "osm_type": "node",
        "name": "Hotel Nicoletta",
        "tourism": "hotel",
        "phone": "+39 0782 614045",
        "website": "https://www.hotelnicoletta.info"
      }
    },
    {
      "type": "Feature",
      "geometry": {
        "type": "Point",
        "coordinates": [
          8.7750314,
          40.9125004
        ]
      },
      "properties": {
        "id": 3607799579,
        "osm_type": "node",
        "name": "Palalama",
        "tourism": "hotel"
      }
    },
    {
      "type": "Feature",
      "geometry": {
        "type": "Point",
        "coordinates": [
          9.6772245,
          39.863243
        ]
      },
      "properties": {
        "id": 3607817227,
        "osm_type": "node",
        "name": "Hotel Resort Baia Cea",
        "tourism": "hotel",
        "contact:phone": "+39 348 966 5314;+39 329 432 3689",
        "contact:website": "http://www.baiacea.com"
      }
    },
    {
      "type": "Feature",
      "geometry": {
        "type": "Point",
        "coordinates": [
          9.6437898,
          39.6928248
        ]
      },
      "properties": {
        "id": 3607849943,
        "osm_type": "node",
        "name": "B&B Mameli",
        "tourism": "guest_house"
      }
    },
    {
      "type": "Feature",
      "geometry": {
        "type": "Point",
        "coordinates": [
          9.6094286,
          39.5075116
        ]
      },
      "properties": {
        "id": 3609536726,
        "osm_type": "node",
        "name": "Bed and Breakfast Cala Murtas",
        "tourism": "guest_house",
        "contact:phone": "+39 340 364 9264",
        "contact:website": "http://www.calamurtas.it"
      }
    },
    {
      "type": "Feature",
      "geometry": {
        "type": "Point",
        "coordinates": [
          9.6109641,
          39.5012216
        ]
      },
      "properties": {
        "id": 3609536727,
        "osm_type": "node",
        "name": "Hotel Il Castello",
        "tourism": "hotel",
        "website": "http://hotelilcastello.net"
      }
    },
    {
      "type": "Feature",
      "geometry": {
        "type": "Point",
        "coordinates": [
          9.5597392,
          39.3593189
        ]
      },
      "properties": {
        "id": 3609536728,
        "osm_type": "node",
        "name": "Hotel Ristorante Elisabeth",
        "tourism": "hotel"
      }
    },
    {
      "type": "Feature",
      "geometry": {
        "type": "Point",
        "coordinates": [
          9.5993508,
          39.3664701
        ]
      },
      "properties": {
        "id": 3609536729,
        "osm_type": "node",
        "name": "Hotel Torre Salinas",
        "tourism": "hotel",
        "phone": "+39 070 999166",
        "website": "http://www.hoteltorresalinas.it/"
      }
    },
    {
      "type": "Feature",
      "geometry": {
        "type": "Point",
        "coordinates": [
          9.1584248,
          39.1961018
        ]
      },
      "properties": {
        "id": 3609597384,
        "osm_type": "node",
        "name": "B&B Sella del Diavolo",
        "tourism": "guest_house"
      }
    },
    {
      "type": "Feature",
      "geometry": {
        "type": "Point",
        "coordinates": [
          9.1580051,
          39.194538
        ]
      },
      "properties": {
        "id": 3609597386,
        "osm_type": "node",
        "name": "Hotel Chentulungu",
        "tourism": "hotel"
      }
    },
    {
      "type": "Feature",
      "geometry": {
        "type": "Point",
        "coordinates": [
          9.1593177,
          39.1973124
        ]
      },
      "properties": {
        "id": 3609597387,
        "osm_type": "node",
        "name": "Hotel Nautilus",
        "tourism": "hotel"
      }
    },
    {
      "type": "Feature",
      "geometry": {
        "type": "Point",
        "coordinates": [
          9.1588916,
          39.1987589
        ]
      },
      "properties": {
        "id": 3609597388,
        "osm_type": "node",
        "name": "Hotel Poetto",
        "tourism": "hotel"
      }
    },
    {
      "type": "Feature",
      "geometry": {
        "type": "Point",
        "coordinates": [
          8.5090523,
          40.8212096
        ]
      },
      "properties": {
        "id": 3609637723,
        "osm_type": "node",
        "name": "Club Hotel del Golfo",
        "tourism": "hotel"
      }
    },
    {
      "type": "Feature",
      "geometry": {
        "type": "Point",
        "coordinates": [
          8.471715,
          40.8183675
        ]
      },
      "properties": {
        "id": 3609637724,
        "osm_type": "node",
        "name": "Hotel Buddi",
        "tourism": "hotel"
      }
    },
    {
      "type": "Feature",
      "geometry": {
        "type": "Point",
        "coordinates": [
          8.2213413,
          40.9504657
        ]
      },
      "properties": {
        "id": 3621884629,
        "osm_type": "node",
        "name": "Cala Rosa",
        "tourism": "hotel",
        "check_date": "2025-07-24"
      }
    },
    {
      "type": "Feature",
      "geometry": {
        "type": "Point",
        "coordinates": [
          8.2111116,
          40.9616334
        ]
      },
      "properties": {
        "id": 3626521462,
        "osm_type": "node",
        "name": "Club Esse Roccaruja",
        "tourism": "hotel",
        "phone": "+39 06 45439344",
        "website": "https://www.clubesse.it/strutture/hotel-roccaruja-stintino/"
      }
    },
    {
      "type": "Feature",
      "geometry": {
        "type": "Point",
        "coordinates": [
          8.5300837,
          39.932766
        ]
      },
      "properties": {
        "id": 3628331161,
        "osm_type": "node",
        "name": "Statue del Sinis",
        "tourism": "guest_house"
      }
    },
    {
      "type": "Feature",
      "geometry": {
        "type": "Point",
        "coordinates": [
          8.2115345,
          40.6333313
        ]
      },
      "properties": {
        "id": 3628331165,
        "osm_type": "node",
        "name": "Agriturismo B&B Graziano e Barbara",
        "tourism": "hotel",
        "phone": "+39 079 919177",
        "website": "https://www.grazianoebarbara.it/"
      }
    },
    {
      "type": "Feature",
      "geometry": {
        "type": "Point",
        "coordinates": [
          9.5727024,
          39.3532929
        ]
      },
      "properties": {
        "id": 3661433598,
        "osm_type": "node",
        "name": "Centro Ippico Agrituristico del Sarrabus",
        "tourism": "guest_house"
      }
    },
    {
      "type": "Feature",
      "geometry": {
        "type": "Point",
        "coordinates": [
          8.5740238,
          39.0854161
        ]
      },
      "properties": {
        "id": 3663026378,
        "osm_type": "node",
        "name": "Agriturismo Santa Lucia",
        "tourism": "guest_house"
      }
    },
    {
      "type": "Feature",
      "geometry": {
        "type": "Point",
        "coordinates": [
          8.6338027,
          38.9831475
        ]
      },
      "properties": {
        "id": 3663172342,
        "osm_type": "node",
        "name": "Agriturismo Il Ruscello",
        "tourism": "guest_house"
      }
    },
    {
      "type": "Feature",
      "geometry": {
        "type": "Point",
        "coordinates": [
          8.5161806,
          39.1675799
        ]
      },
      "properties": {
        "id": 3677595781,
        "osm_type": "node",
        "name": "Lu' Hotel",
        "tourism": "hotel"
      }
    },
    {
      "type": "Feature",
      "geometry": {
        "type": "Point",
        "coordinates": [
          8.4578072,
          39.0622502
        ]
      },
      "properties": {
        "id": 3679898525,
        "osm_type": "node",
        "name": "i Colori",
        "tourism": "hotel"
      }
    },
    {
      "type": "Feature",
      "geometry": {
        "type": "Point",
        "coordinates": [
          8.457606,
          39.062182
        ]
      },
      "properties": {
        "id": 3679900225,
        "osm_type": "node",
        "name": "Hotel Moderno",
        "tourism": "hotel"
      }
    },
    {
      "type": "Feature",
      "geometry": {
        "type": "Point",
        "coordinates": [
          9.5167438,
          39.1507193
        ]
      },
      "properties": {
        "id": 3694654856,
        "osm_type": "node",
        "name": "Due Palme",
        "tourism": "chalet"
      }
    },
    {
      "type": "Feature",
      "geometry": {
        "type": "Point",
        "coordinates": [
          9.5183596,
          39.1506945
        ]
      },
      "properties": {
        "id": 3694733706,
        "osm_type": "node",
        "name": "Soleya Simius",
        "tourism": "chalet",
        "opening_hours": "Mo-Su 10:00-13:00,17:00-20:00",
        "phone": "+39 070 790000"
      }
    },
    {
      "type": "Feature",
      "geometry": {
        "type": "Point",
        "coordinates": [
          9.5189545,
          39.1423269
        ]
      },
      "properties": {
        "id": 3700549357,
        "osm_type": "node",
        "name": "Hotel I Graniti",
        "tourism": "hotel",
        "phone": "+39 070 790288",
        "website": "https://www.hoteligraniti.it/"
      }
    },
    {
      "type": "Feature",
      "geometry": {
        "type": "Point",
        "coordinates": [
          9.5154981,
          39.1475322
        ]
      },
      "properties": {
        "id": 3700549379,
        "osm_type": "node",
        "name": "RaffaEl",
        "tourism": "hotel",
        "phone": "+39 070 792 8015",
        "website": "https://www.hotelraffael.it/"
      }
    },
    {
      "type": "Feature",
      "geometry": {
        "type": "Point",
        "coordinates": [
          9.5115804,
          39.1452661
        ]
      },
      "properties": {
        "id": 3700549382,
        "osm_type": "node",
        "name": "Sa Suergia",
        "tourism": "hotel"
      }
    },
    {
      "type": "Feature",
      "geometry": {
        "type": "Point",
        "coordinates": [
          9.5609811,
          39.1958771
        ]
      },
      "properties": {
        "id": 3714861792,
        "osm_type": "node",
        "name": "Hotel Garden Beach",
        "tourism": "hotel",
        "website": "https://www.hotelgardenbeach.it/"
      }
    },
    {
      "type": "Feature",
      "geometry": {
        "type": "Point",
        "coordinates": [
          9.3640771,
          41.1934058
        ]
      },
      "properties": {
        "id": 3721833433,
        "osm_type": "node",
        "name": "La Piazza",
        "tourism": "hotel"
      }
    },
    {
      "type": "Feature",
      "geometry": {
        "type": "Point",
        "coordinates": [
          9.671401,
          40.7803379
        ]
      },
      "properties": {
        "id": 3729329231,
        "osm_type": "node",
        "name": "Hotel Sandalyon",
        "tourism": "hotel",
        "website": "https://www.hotelsandalyon.com/"
      }
    },
    {
      "type": "Feature",
      "geometry": {
        "type": "Point",
        "coordinates": [
          9.1163778,
          39.2141139
        ]
      },
      "properties": {
        "id": 3743884407,
        "osm_type": "node",
        "name": "Hotel Regina Margherita",
        "tourism": "hotel",
        "phone": "+39 070 670342",
        "contact:phone": "+39 070 668325",
        "website": "https://www.hotelreginamargherita.com/",
        "contact:website": "http://www.hotelreginamargherita.com"
      }
    },
    {
      "type": "Feature",
      "geometry": {
        "type": "Point",
        "coordinates": [
          9.5039607,
          39.1453851
        ]
      },
      "properties": {
        "id": 3755453636,
        "osm_type": "node",
        "name": "Le Anfore",
        "tourism": "hotel",
        "phone": "+39 070 792032",
        "website": "http://www.hotelleanfore.com/bookingvillasimius"
      }
    },
    {
      "type": "Feature",
      "geometry": {
        "type": "Point",
        "coordinates": [
          9.5141847,
          39.1450614
        ]
      },
      "properties": {
        "id": 3755453670,
        "osm_type": "node",
        "tourism": "guest_house"
      }
    },
    {
      "type": "Feature",
      "geometry": {
        "type": "Point",
        "coordinates": [
          8.3077585,
          39.1470695
        ]
      },
      "properties": {
        "id": 3769644034,
        "osm_type": "node",
        "name": "B&B Terra",
        "tourism": "guest_house",
        "opening_hours": "24/7",
        "website": "http://www.bnbterra.it"
      }
    },
    {
      "type": "Feature",
      "geometry": {
        "type": "Point",
        "coordinates": [
          9.5121705,
          41.0474694
        ]
      },
      "properties": {
        "id": 3785849679,
        "osm_type": "node",
        "name": "Hotel Costa Ruja",
        "tourism": "hotel"
      }
    },
    {
      "type": "Feature",
      "geometry": {
        "type": "Point",
        "coordinates": [
          9.1171021,
          39.2163765
        ]
      },
      "properties": {
        "id": 3799581923,
        "osm_type": "node",
        "name": "B&B Regina Margherita",
        "tourism": "guest_house"
      }
    },
    {
      "type": "Feature",
      "geometry": {
        "type": "Point",
        "coordinates": [
          8.9045977,
          39.7110411
        ]
      },
      "properties": {
        "id": 3803609286,
        "osm_type": "node",
        "name": "Agriturismo Su Massaiu",
        "tourism": "guest_house"
      }
    },
    {
      "type": "Feature",
      "geometry": {
        "type": "Point",
        "coordinates": [
          8.6597077,
          40.3959801
        ]
      },
      "properties": {
        "id": 3804582415,
        "osm_type": "node",
        "name": "B&B S'Ena",
        "tourism": "guest_house",
        "phone": "+39 340 4008962"
      }
    },
    {
      "type": "Feature",
      "geometry": {
        "type": "Point",
        "coordinates": [
          9.5244265,
          39.1333776
        ]
      },
      "properties": {
        "id": 3875800087,
        "osm_type": "node",
        "name": "Green Village Resort",
        "tourism": "hotel",
        "check_date": "2025-10-21"
      }
    },
    {
      "type": "Feature",
      "geometry": {
        "type": "Point",
        "coordinates": [
          8.2369375,
          40.6566273
        ]
      },
      "properties": {
        "id": 3887777836,
        "osm_type": "node",
        "name": "Sa branda bed and breakfast",
        "tourism": "guest_house"
      }
    },
    {
      "type": "Feature",
      "geometry": {
        "type": "Point",
        "coordinates": [
          9.3828702,
          41.1815262
        ]
      },
      "properties": {
        "id": 3894092142,
        "osm_type": "node",
        "name": "La Roccia",
        "tourism": "hotel"
      }
    },
    {
      "type": "Feature",
      "geometry": {
        "type": "Point",
        "coordinates": [
          9.7334847,
          40.6195002
        ]
      },
      "properties": {
        "id": 3936195291,
        "osm_type": "node",
        "name": "Hotel Corallo",
        "tourism": "hotel"
      }
    },
    {
      "type": "Feature",
      "geometry": {
        "type": "Point",
        "coordinates": [
          9.5798342,
          39.2642372
        ]
      },
      "properties": {
        "id": 4001999204,
        "osm_type": "node",
        "name": "Il Vascello",
        "tourism": "hotel"
      }
    },
    {
      "type": "Feature",
      "geometry": {
        "type": "Point",
        "coordinates": [
          9.4652348,
          39.1295341
        ]
      },
      "properties": {
        "id": 4012092927,
        "osm_type": "node",
        "name": "Capo Boi",
        "tourism": "hotel"
      }
    },
    {
      "type": "Feature",
      "geometry": {
        "type": "Point",
        "coordinates": [
          9.2473279,
          39.2230794
        ]
      },
      "properties": {
        "id": 4054067370,
        "osm_type": "node",
        "name": "Califfo",
        "tourism": "hotel"
      }
    },
    {
      "type": "Feature",
      "geometry": {
        "type": "Point",
        "coordinates": [
          9.2530303,
          39.220326
        ]
      },
      "properties": {
        "id": 4054069443,
        "osm_type": "node",
        "name": "Setar",
        "tourism": "hotel"
      }
    },
    {
      "type": "Feature",
      "geometry": {
        "type": "Point",
        "coordinates": [
          9.5645766,
          39.2131957
        ]
      },
      "properties": {
        "id": 4114409989,
        "osm_type": "node",
        "name": "Sant'Elmo Beach Hotel",
        "tourism": "hotel",
        "phone": "+39 049 295 6411",
        "website": "http://hotelsantelmobeach.it"
      }
    },
    {
      "type": "Feature",
      "geometry": {
        "type": "Point",
        "coordinates": [
          9.1631318,
          39.2042213
        ]
      },
      "properties": {
        "id": 4121660102,
        "osm_type": "node",
        "name": "Villa del Mare",
        "tourism": "guest_house"
      }
    },
    {
      "type": "Feature",
      "geometry": {
        "type": "Point",
        "coordinates": [
          9.5082647,
          39.1309674
        ]
      },
      "properties": {
        "id": 4147775392,
        "osm_type": "node",
        "name": "Residence la Chimera",
        "tourism": "guest_house",
        "phone": "+39 070 301906",
        "website": "https://www.lachimera.com/"
      }
    },
    {
      "type": "Feature",
      "geometry": {
        "type": "Point",
        "coordinates": [
          9.5081627,
          39.1310173
        ]
      },
      "properties": {
        "id": 4152241089,
        "osm_type": "node",
        "name": "Hotel Residence la Chimera",
        "tourism": "hotel",
        "phone": "+39 070 301906",
        "website": "https://www.lachimera.com/"
      }
    },
    {
      "type": "Feature",
      "geometry": {
        "type": "Point",
        "coordinates": [
          9.6382654,
          39.8429473
        ]
      },
      "properties": {
        "id": 4193662724,
        "osm_type": "node",
        "name": "Teku Boutique Hotel",
        "tourism": "hotel",
        "phone": "+39 0782 29439",
        "website": "https://www.tekuhotel.com/"
      }
    },
    {
      "type": "Feature",
      "geometry": {
        "type": "Point",
        "coordinates": [
          8.4916068,
          39.4094104
        ]
      },
      "properties": {
        "id": 4195595339,
        "osm_type": "node",
        "name": "Su Mannau",
        "tourism": "hotel",
        "phone": "+39 347 0095367",
        "website": "http://www.ostellosumannau.com/"
      }
    },
    {
      "type": "Feature",
      "geometry": {
        "type": "Point",
        "coordinates": [
          9.4662068,
          41.0442062
        ]
      },
      "properties": {
        "id": 4206288189,
        "osm_type": "node",
        "name": "Hotel Arathena",
        "tourism": "hotel"
      }
    },
    {
      "type": "Feature",
      "geometry": {
        "type": "Point",
        "coordinates": [
          9.3323214,
          40.320767
        ]
      },
      "properties": {
        "id": 4207259006,
        "osm_type": "node",
        "name": "Bed and Breakfast Domo mea Nuoro",
        "tourism": "guest_house",
        "phone": "+39 345 734 1574"
      }
    },
    {
      "type": "Feature",
      "geometry": {
        "type": "Point",
        "coordinates": [
          9.3370616,
          40.3253685
        ]
      },
      "properties": {
        "id": 4207320334,
        "osm_type": "node",
        "name": "Affittacamere \"Carrales\"",
        "tourism": "hostel",
        "website": "https://carrales.it/"
      }
    },
    {
      "type": "Feature",
      "geometry": {
        "type": "Point",
        "coordinates": [
          8.860845,
          40.4119328
        ]
      },
      "properties": {
        "id": 4209178711,
        "osm_type": "node",
        "name": "Agriturismo Sas Abbilas",
        "tourism": "hotel",
        "phone": "+39 347 6758725",
        "website": "http://www.sasabbilas.it/"
      }
    },
    {
      "type": "Feature",
      "geometry": {
        "type": "Point",
        "coordinates": [
          9.6627583,
          40.7792873
        ]
      },
      "properties": {
        "id": 4209792091,
        "osm_type": "node",
        "name": "Residence SardegnaSummer Li Cuppulati",
        "tourism": "chalet",
        "website": "https://www.sardegnasummer.it/residence-case-affitto-a-san-teodoro-sardegna-de.html"
      }
    },
    {
      "type": "Feature",
      "geometry": {
        "type": "Point",
        "coordinates": [
          8.5005941,
          40.301197
        ]
      },
      "properties": {
        "id": 4210778975,
        "osm_type": "node",
        "name": "B&B da Anna",
        "tourism": "guest_house"
      }
    },
    {
      "type": "Feature",
      "geometry": {
        "type": "Point",
        "coordinates": [
          9.4392947,
          41.118076
        ]
      },
      "properties": {
        "id": 4211435292,
        "osm_type": "node",
        "name": "Aethos Sardinia",
        "tourism": "hotel",
        "phone": "+39 0789 892091",
        "website": "https://www.aethos.com/destinations/sardinia"
      }
    },
    {
      "type": "Feature",
      "geometry": {
        "type": "Point",
        "coordinates": [
          9.673144,
          40.7742317
        ]
      },
      "properties": {
        "id": 4217724889,
        "osm_type": "node",
        "name": "Oasi blue",
        "tourism": "guest_house"
      }
    },
    {
      "type": "Feature",
      "geometry": {
        "type": "Point",
        "coordinates": [
          8.8153991,
          40.8519743
        ]
      },
      "properties": {
        "id": 4218267239,
        "osm_type": "node",
        "name": "B&B Domus de Janas",
        "tourism": "hotel",
        "website": "www.bbdomusdejanas.com"
      }
    },
    {
      "type": "Feature",
      "geometry": {
        "type": "Point",
        "coordinates": [
          9.1281404,
          39.2238748
        ]
      },
      "properties": {
        "id": 4228854068,
        "osm_type": "node",
        "name": "B&B Ariosto",
        "tourism": "guest_house",
        "check_date": "2024-08-16"
      }
    },
    {
      "type": "Feature",
      "geometry": {
        "type": "Point",
        "coordinates": [
          9.1186752,
          39.2278951
        ]
      },
      "properties": {
        "id": 4228895891,
        "osm_type": "node",
        "name": "Le due perle",
        "tourism": "guest_house"
      }
    },
    {
      "type": "Feature",
      "geometry": {
        "type": "Point",
        "coordinates": [
          9.1210817,
          39.2280849
        ]
      },
      "properties": {
        "id": 4228907853,
        "osm_type": "node",
        "name": "B&B Giudicessa Benedetta",
        "tourism": "guest_house"
      }
    },
    {
      "type": "Feature",
      "geometry": {
        "type": "Point",
        "coordinates": [
          9.124882,
          39.2227388
        ]
      },
      "properties": {
        "id": 4228916757,
        "osm_type": "node",
        "name": "Dante 134 Rooms",
        "tourism": "hotel",
        "phone": "+39 375 593 3115",
        "website": "https://ceowelcomingitaly.it/",
        "check_date": "2024-03-26"
      }
    },
    {
      "type": "Feature",
      "geometry": {
        "type": "Point",
        "coordinates": [
          9.1207031,
          39.2281634
        ]
      },
      "properties": {
        "id": 4228917357,
        "osm_type": "node",
        "name": "B&B Superpanoramico",
        "tourism": "guest_house"
      }
    },
    {
      "type": "Feature",
      "geometry": {
        "type": "Point",
        "coordinates": [
          9.1222178,
          39.2206773
        ]
      },
      "properties": {
        "id": 4228920200,
        "osm_type": "node",
        "name": "B&B 5 Stelle",
        "tourism": "guest_house"
      }
    },
    {
      "type": "Feature",
      "geometry": {
        "type": "Point",
        "coordinates": [
          9.1643846,
          39.2081831
        ]
      },
      "properties": {
        "id": 4228932492,
        "osm_type": "node",
        "name": "Domino 12",
        "tourism": "hotel",
        "phone": "+39 347 577 4500",
        "website": "https://ceowelcomingitaly.it/",
        "check_date": "2024-02-13"
      }
    },
    {
      "type": "Feature",
      "geometry": {
        "type": "Point",
        "coordinates": [
          9.1212942,
          39.2173004
        ]
      },
      "properties": {
        "id": 4228979833,
        "osm_type": "node",
        "name": "C&O Luxury Suite",
        "tourism": "hotel",
        "phone": "+39 375 593 3115",
        "website": "https://ceowelcomingitaly.it/",
        "check_date": "2024-02-07"
      }
    },
    {
      "type": "Feature",
      "geometry": {
        "type": "Point",
        "coordinates": [
          9.1247893,
          39.2255151
        ]
      },
      "properties": {
        "id": 4229016888,
        "osm_type": "node",
        "name": "Bissenti B&B",
        "tourism": "guest_house"
      }
    },
    {
      "type": "Feature",
      "geometry": {
        "type": "Point",
        "coordinates": [
          9.1151683,
          39.213179
        ]
      },
      "properties": {
        "id": 4229034861,
        "osm_type": "node",
        "name": "Il Cagliarese",
        "tourism": "hotel",
        "phone": "+39 339 654 4083",
        "website": "http://ilcagliarese.com/le-camere/"
      }
    },
    {
      "type": "Feature",
      "geometry": {
        "type": "Point",
        "coordinates": [
          9.120629,
          39.2267371
        ]
      },
      "properties": {
        "id": 4229040802,
        "osm_type": "node",
        "name": "B&B Foyer",
        "tourism": "guest_house"
      }
    },
    {
      "type": "Feature",
      "geometry": {
        "type": "Point",
        "coordinates": [
          9.1277863,
          39.226822
        ]
      },
      "properties": {
        "id": 4229071132,
        "osm_type": "node",
        "name": "All'Operetta di Cagliari",
        "tourism": "apartment"
      }
    },
    {
      "type": "Feature",
      "geometry": {
        "type": "Point",
        "coordinates": [
          9.1109682,
          39.2160261
        ]
      },
      "properties": {
        "id": 4229074925,
        "osm_type": "node",
        "name": "Affittacamere B&B Cagliari Novecento",
        "tourism": "guest_house",
        "phone": "+39 070 650607",
        "website": "https://www.cagliarinovecento.it/"
      }
    },
    {
      "type": "Feature",
      "geometry": {
        "type": "Point",
        "coordinates": [
          9.1110465,
          39.2160782
        ]
      },
      "properties": {
        "id": 4229092312,
        "osm_type": "node",
        "name": "Hotel Quattro Mori",
        "tourism": "hotel",
        "check_date": "2024-06-03"
      }
    },
    {
      "type": "Feature",
      "geometry": {
        "type": "Point",
        "coordinates": [
          9.1260173,
          39.2243386
        ]
      },
      "properties": {
        "id": 4229095853,
        "osm_type": "node",
        "name": "B&B Marysol",
        "tourism": "guest_house"
      }
    },
    {
      "type": "Feature",
      "geometry": {
        "type": "Point",
        "coordinates": [
          9.1202802,
          39.2233392
        ]
      },
      "properties": {
        "id": 4229140490,
        "osm_type": "node",
        "name": "B&B Il Panoramico",
        "tourism": "guest_house"
      }
    },
    {
      "type": "Feature",
      "geometry": {
        "type": "Point",
        "coordinates": [
          9.1277917,
          39.2257399
        ]
      },
      "properties": {
        "id": 4229487722,
        "osm_type": "node",
        "name": "Bed and Breakfast Victoria",
        "tourism": "guest_house"
      }
    },
    {
      "type": "Feature",
      "geometry": {
        "type": "Point",
        "coordinates": [
          9.1150472,
          39.219375
        ]
      },
      "properties": {
        "id": 4229512927,
        "osm_type": "node",
        "name": "Relais Santa Croce",
        "tourism": "apartment"
      }
    },
    {
      "type": "Feature",
      "geometry": {
        "type": "Point",
        "coordinates": [
          9.1244574,
          39.2241588
        ]
      },
      "properties": {
        "id": 4229514605,
        "osm_type": "node",
        "name": "B&B Le Muse",
        "tourism": "guest_house"
      }
    },
    {
      "type": "Feature",
      "geometry": {
        "type": "Point",
        "coordinates": [
          9.1199153,
          39.217275
        ]
      },
      "properties": {
        "id": 4229520549,
        "osm_type": "node",
        "name": "Abba Rooms",
        "tourism": "hotel",
        "phone": "+39 375 593 3115",
        "website": "https://ceowelcomingitaly.it/",
        "check_date": "2024-03-26"
      }
    },
    {
      "type": "Feature",
      "geometry": {
        "type": "Point",
        "coordinates": [
          9.1150973,
          39.219284
        ]
      },
      "properties": {
        "id": 4229608105,
        "osm_type": "node",
        "name": "Holiday Home - Il Portagioie",
        "tourism": "apartment",
        "website": "https://www.ilportagioie.it"
      }
    },
    {
      "type": "Feature",
      "geometry": {
        "type": "Point",
        "coordinates": [
          9.1294259,
          39.2213766
        ]
      },
      "properties": {
        "id": 4229609991,
        "osm_type": "node",
        "name": "B&B Il Viale degli Aranci",
        "tourism": "guest_house"
      }
    },
    {
      "type": "Feature",
      "geometry": {
        "type": "Point",
        "coordinates": [
          9.1163751,
          39.2270415
        ]
      },
      "properties": {
        "id": 4229634239,
        "osm_type": "node",
        "name": "Kalista 5 Rooms",
        "tourism": "hotel",
        "phone": "+39 375 593 3115",
        "website": "https://ceowelcomingitaly.it/",
        "check_date": "2024-03-26"
      }
    },
    {
      "type": "Feature",
      "geometry": {
        "type": "Point",
        "coordinates": [
          9.1129533,
          39.2174411
        ]
      },
      "properties": {
        "id": 4229640635,
        "osm_type": "node",
        "name": "Le Suite Sul Corso",
        "tourism": "apartment"
      }
    },
    {
      "type": "Feature",
      "geometry": {
        "type": "Point",
        "coordinates": [
          9.1268635,
          39.2256553
        ]
      },
      "properties": {
        "id": 4229640704,
        "osm_type": "node",
        "name": "B&B Al Teatro Lirico",
        "tourism": "guest_house"
      }
    },
    {
      "type": "Feature",
      "geometry": {
        "type": "Point",
        "coordinates": [
          9.1165962,
          39.2198478
        ]
      },
      "properties": {
        "id": 4229641767,
        "osm_type": "node",
        "name": "Martini Rooms & Suites Castello",
        "tourism": "guest_house",
        "website": "https://www.martinirooms.it/",
        "check_date": "2025-03-11"
      }
    },
    {
      "type": "Feature",
      "geometry": {
        "type": "Point",
        "coordinates": [
          9.1154312,
          39.2133294
        ]
      },
      "properties": {
        "id": 4229660303,
        "osm_type": "node",
        "name": "My Exclusive Cavour",
        "tourism": "hotel",
        "phone": "+39 375 593 3115",
        "website": "https://ceowelcomingitaly.it/",
        "check_date": "2024-03-18"
      }
    },
    {
      "type": "Feature",
      "geometry": {
        "type": "Point",
        "coordinates": [
          9.5274532,
          40.3087463
        ]
      },
      "properties": {
        "id": 4250039140,
        "osm_type": "node",
        "name": "Turismo Rurale Su Cuile",
        "tourism": "hotel"
      }
    },
    {
      "type": "Feature",
      "geometry": {
        "type": "Point",
        "coordinates": [
          9.6209661,
          41.0027547
        ]
      },
      "properties": {
        "id": 4250520610,
        "osm_type": "node",
        "name": "Hotel La Lampara",
        "tourism": "hotel",
        "phone": "+39 0789 615140",
        "website": "https://www.lalamparahotel.com/"
      }
    },
    {
      "type": "Feature",
      "geometry": {
        "type": "Point",
        "coordinates": [
          9.0062911,
          38.9957694
        ]
      },
      "properties": {
        "id": 4257798962,
        "osm_type": "node",
        "name": "B&B",
        "tourism": "guest_house"
      }
    },
    {
      "type": "Feature",
      "geometry": {
        "type": "Point",
        "coordinates": [
          9.0127688,
          38.9933662
        ]
      },
      "properties": {
        "id": 4257798964,
        "osm_type": "node",
        "name": "Hotel Baia di Nora",
        "tourism": "hotel"
      }
    },
    {
      "type": "Feature",
      "geometry": {
        "type": "Point",
        "coordinates": [
          8.8573969,
          38.8874936
        ]
      },
      "properties": {
        "id": 4257824172,
        "osm_type": "node",
        "name": "B&B Il Faro",
        "tourism": "guest_house"
      }
    },
    {
      "type": "Feature",
      "geometry": {
        "type": "Point",
        "coordinates": [
          8.9615496,
          38.9658567
        ]
      },
      "properties": {
        "id": 4257824173,
        "osm_type": "node",
        "name": "B&B Le Stelle",
        "tourism": "guest_house"
      }
    },
    {
      "type": "Feature",
      "geometry": {
        "type": "Point",
        "coordinates": [
          8.8701629,
          38.8956005
        ]
      },
      "properties": {
        "id": 4257824175,
        "osm_type": "node",
        "name": "Baia di Chia Resort Sardinia, Curio Collection by Hilton",
        "tourism": "hotel",
        "phone": "+39 070 9237 3001",
        "website": "https://www.hilton.com/en/hotels/olbbrqq-baia-di-chia-resort-sardinia/"
      }
    },
    {
      "type": "Feature",
      "geometry": {
        "type": "Point",
        "coordinates": [
          9.3880341,
          41.2126346
        ]
      },
      "properties": {
        "id": 4263466594,
        "osm_type": "node",
        "name": "Ma & Ma Grand Hotel Resort",
        "tourism": "hotel",
        "phone": "+39 0789722406",
        "website": "https://grandhotelmaema.com"
      }
    },
    {
      "type": "Feature",
      "geometry": {
        "type": "Point",
        "coordinates": [
          8.6399206,
          39.0051728
        ]
      },
      "properties": {
        "id": 4266006856,
        "osm_type": "node",
        "name": "B&B Le Ginestre",
        "tourism": "guest_house"
      }
    },
    {
      "type": "Feature",
      "geometry": {
        "type": "Point",
        "coordinates": [
          8.4545009,
          39.0678824
        ]
      },
      "properties": {
        "id": 4266006857,
        "osm_type": "node",
        "name": "Hotel Café del Corso",
        "tourism": "hotel"
      }
    },
    {
      "type": "Feature",
      "geometry": {
        "type": "Point",
        "coordinates": [
          8.7367929,
          38.9291714
        ]
      },
      "properties": {
        "id": 4266006881,
        "osm_type": "node",
        "name": "Nuraghe Apartments",
        "tourism": "apartment",
        "website": "https://nuragheapartments.it/"
      }
    },
    {
      "type": "Feature",
      "geometry": {
        "type": "Point",
        "coordinates": [
          8.4363615,
          39.3195999
        ]
      },
      "properties": {
        "id": 4266759045,
        "osm_type": "node",
        "name": "B&B",
        "tourism": "guest_house"
      }
    },
    {
      "type": "Feature",
      "geometry": {
        "type": "Point",
        "coordinates": [
          8.3800652,
          39.2037328
        ]
      },
      "properties": {
        "id": 4266759047,
        "osm_type": "node",
        "name": "Don Pedro",
        "tourism": "hotel"
      }
    },
    {
      "type": "Feature",
      "geometry": {
        "type": "Point",
        "coordinates": [
          9.4974356,
          40.9216761
        ]
      },
      "properties": {
        "id": 4268263316,
        "osm_type": "node",
        "name": "NG Guest House Olbia l'Acquedotto",
        "tourism": "apartment"
      }
    },
    {
      "type": "Feature",
      "geometry": {
        "type": "Point",
        "coordinates": [
          9.4990112,
          40.9226063
        ]
      },
      "properties": {
        "id": 4268322210,
        "osm_type": "node",
        "name": "B&B Antica Dimora",
        "tourism": "guest_house",
        "phone": "+39 327 542 1108",
        "website": "http://www.anticadimoraolbia.it/"
      }
    },
    {
      "type": "Feature",
      "geometry": {
        "type": "Point",
        "coordinates": [
          8.481294,
          39.6091974
        ]
      },
      "properties": {
        "id": 4279220566,
        "osm_type": "node",
        "name": "B&B Il Giardino",
        "tourism": "guest_house"
      }
    },
    {
      "type": "Feature",
      "geometry": {
        "type": "Point",
        "coordinates": [
          8.4719376,
          39.599989
        ]
      },
      "properties": {
        "id": 4279220567,
        "osm_type": "node",
        "name": "B&B Maestrale",
        "tourism": "guest_house",
        "contact:phone": "+39 349 369 1953",
        "contact:website": "http://www.bnbcostaverde.it"
      }
    },
    {
      "type": "Feature",
      "geometry": {
        "type": "Point",
        "coordinates": [
          8.4721857,
          39.5254012
        ]
      },
      "properties": {
        "id": 4279221042,
        "osm_type": "node",
        "name": "Sciopadroxiu",
        "tourism": "guest_house"
      }
    },
    {
      "type": "Feature",
      "geometry": {
        "type": "Point",
        "coordinates": [
          8.5555736,
          40.7246815
        ]
      },
      "properties": {
        "id": 4284908727,
        "osm_type": "node",
        "name": "ERSU",
        "tourism": "hotel"
      }
    },
    {
      "type": "Feature",
      "geometry": {
        "type": "Point",
        "coordinates": [
          8.4117015,
          40.0243195
        ]
      },
      "properties": {
        "id": 4291383764,
        "osm_type": "node",
        "name": "Raffael",
        "tourism": "hotel",
        "contact:phone": "+39 0783 521 18",
        "contact:website": "http://www.hotelraffael.com"
      }
    },
    {
      "type": "Feature",
      "geometry": {
        "type": "Point",
        "coordinates": [
          8.3898162,
          40.0310454
        ]
      },
      "properties": {
        "id": 4295111746,
        "osm_type": "node",
        "name": "B&B Baia Blu",
        "tourism": "guest_house"
      }
    },
    {
      "type": "Feature",
      "geometry": {
        "type": "Point",
        "coordinates": [
          8.5232135,
          40.2561848
        ]
      },
      "properties": {
        "id": 4295147051,
        "osm_type": "node",
        "name": "B&B 3domus",
        "tourism": "guest_house",
        "check_date": "2024-07-31"
      }
    },
    {
      "type": "Feature",
      "geometry": {
        "type": "Point",
        "coordinates": [
          8.5222892,
          40.2545593
        ]
      },
      "properties": {
        "id": 4295147052,
        "osm_type": "node",
        "name": "Don Pedro 53",
        "tourism": "guest_house",
        "phone": "+39 320716593",
        "website": "https://www.donpedro53.com/it/"
      }
    },
    {
      "type": "Feature",
      "geometry": {
        "type": "Point",
        "coordinates": [
          8.5018525,
          40.295143
        ]
      },
      "properties": {
        "id": 4295147053,
        "osm_type": "node",
        "name": "Albergo Diffuso Cortefiorita",
        "tourism": "hotel"
      }
    },
    {
      "type": "Feature",
      "geometry": {
        "type": "Point",
        "coordinates": [
          8.5190593,
          40.2520258
        ]
      },
      "properties": {
        "id": 4295147061,
        "osm_type": "node",
        "name": "Villa Asfodeli",
        "tourism": "hotel",
        "contact:phone": "+39 0785 315052;+39 0785 315056",
        "contact:website": "http://www.asfodelihotel.com",
        "check_date": "2024-08-02"
      }
    },
    {
      "type": "Feature",
      "geometry": {
        "type": "Point",
        "coordinates": [
          8.3230062,
          40.547679
        ]
      },
      "properties": {
        "id": 4304981941,
        "osm_type": "node",
        "tourism": "guest_house"
      }
    },
    {
      "type": "Feature",
      "geometry": {
        "type": "Point",
        "coordinates": [
          8.3187039,
          40.5728843
        ]
      },
      "properties": {
        "id": 4304981947,
        "osm_type": "node",
        "name": "Riviera",
        "tourism": "hotel"
      }
    },
    {
      "type": "Feature",
      "geometry": {
        "type": "Point",
        "coordinates": [
          8.2284169,
          40.9368158
        ]
      },
      "properties": {
        "id": 4305031467,
        "osm_type": "node",
        "name": "B&B",
        "tourism": "guest_house"
      }
    },
    {
      "type": "Feature",
      "geometry": {
        "type": "Point",
        "coordinates": [
          8.2287656,
          40.9374641
        ]
      },
      "properties": {
        "id": 4305031484,
        "osm_type": "node",
        "name": "Silvestrino",
        "tourism": "hotel"
      }
    },
    {
      "type": "Feature",
      "geometry": {
        "type": "Point",
        "coordinates": [
          8.31385,
          40.5859608
        ]
      },
      "properties": {
        "id": 4305031486,
        "osm_type": "node",
        "name": "Villa Maria Pia",
        "tourism": "hotel"
      }
    },
    {
      "type": "Feature",
      "geometry": {
        "type": "Point",
        "coordinates": [
          8.2261092,
          40.9361163
        ]
      },
      "properties": {
        "id": 4305080188,
        "osm_type": "node",
        "name": "Lina",
        "tourism": "hotel"
      }
    },
    {
      "type": "Feature",
      "geometry": {
        "type": "Point",
        "coordinates": [
          8.5808347,
          40.8363278
        ]
      },
      "properties": {
        "id": 4305110624,
        "osm_type": "node",
        "name": "Bellamarina",
        "tourism": "hotel"
      }
    },
    {
      "type": "Feature",
      "geometry": {
        "type": "Point",
        "coordinates": [
          8.8751566,
          41.0126825
        ]
      },
      "properties": {
        "id": 4305123108,
        "osm_type": "node",
        "name": "B&B Isola Rossa",
        "tourism": "guest_house"
      }
    },
    {
      "type": "Feature",
      "geometry": {
        "type": "Point",
        "coordinates": [
          8.5879215,
          40.8364756
        ]
      },
      "properties": {
        "id": 4305123109,
        "osm_type": "node",
        "name": "B&B Lungomare",
        "tourism": "guest_house"
      }
    },
    {
      "type": "Feature",
      "geometry": {
        "type": "Point",
        "coordinates": [
          8.8866097,
          40.9950561
        ]
      },
      "properties": {
        "id": 4305123114,
        "osm_type": "node",
        "name": "Lu Naragù",
        "tourism": "hotel"
      }
    },
    {
      "type": "Feature",
      "geometry": {
        "type": "Point",
        "coordinates": [
          8.8769645,
          41.01264
        ]
      },
      "properties": {
        "id": 4305123116,
        "osm_type": "node",
        "name": "Smeraldo",
        "tourism": "hotel",
        "check_date": "2024-06-11"
      }
    },
    {
      "type": "Feature",
      "geometry": {
        "type": "Point",
        "coordinates": [
          8.9824368,
          41.0416179
        ]
      },
      "properties": {
        "id": 4305147768,
        "osm_type": "node",
        "name": "Falzitto Hotel Ristorante tipico",
        "tourism": "hotel"
      }
    },
    {
      "type": "Feature",
      "geometry": {
        "type": "Point",
        "coordinates": [
          9.064562,
          41.1246616
        ]
      },
      "properties": {
        "id": 4305147770,
        "osm_type": "node",
        "name": "Petri Marini Hotel",
        "tourism": "hotel"
      }
    },
    {
      "type": "Feature",
      "geometry": {
        "type": "Point",
        "coordinates": [
          8.9164836,
          41.0106375
        ]
      },
      "properties": {
        "id": 4305147775,
        "osm_type": "node",
        "name": "La Tana di Li Mazzoni",
        "tourism": "hotel"
      }
    },
    {
      "type": "Feature",
      "geometry": {
        "type": "Point",
        "coordinates": [
          9.0625758,
          41.127002
        ]
      },
      "properties": {
        "id": 4305150605,
        "osm_type": "node",
        "name": "Torre Vignola",
        "tourism": "hotel"
      }
    },
    {
      "type": "Feature",
      "geometry": {
        "type": "Point",
        "coordinates": [
          9.188996,
          41.2424724
        ]
      },
      "properties": {
        "id": 4307693916,
        "osm_type": "node",
        "name": "B&B Occhj a Mari",
        "tourism": "guest_house"
      }
    },
    {
      "type": "Feature",
      "geometry": {
        "type": "Point",
        "coordinates": [
          9.1922804,
          41.2380161
        ]
      },
      "properties": {
        "id": 4307693917,
        "osm_type": "node",
        "name": "B&B",
        "tourism": "guest_house"
      }
    },
    {
      "type": "Feature",
      "geometry": {
        "type": "Point",
        "coordinates": [
          9.0846088,
          40.9519264
        ]
      },
      "properties": {
        "id": 4322855271,
        "osm_type": "node",
        "name": "Li Naccari",
        "tourism": "guest_house"
      }
    },
    {
      "type": "Feature",
      "geometry": {
        "type": "Point",
        "coordinates": [
          9.0654783,
          40.9301328
        ]
      },
      "properties": {
        "id": 4324787502,
        "osm_type": "node",
        "name": "Li Criasgi",
        "tourism": "guest_house"
      }
    },
    {
      "type": "Feature",
      "geometry": {
        "type": "Point",
        "coordinates": [
          8.6174448,
          40.0801092
        ]
      },
      "properties": {
        "id": 4329436653,
        "osm_type": "node",
        "name": "B&B Il Tarlo",
        "tourism": "guest_house",
        "phone": "+39 3402939290"
      }
    },
    {
      "type": "Feature",
      "geometry": {
        "type": "Point",
        "coordinates": [
          8.6154754,
          40.0810754
        ]
      },
      "properties": {
        "id": 4329568693,
        "osm_type": "node",
        "name": "B&B Anna e Rossana",
        "tourism": "guest_house",
        "phone": "+39 349 4365763",
        "website": "http://www.bbannarossana.it/"
      }
    },
    {
      "type": "Feature",
      "geometry": {
        "type": "Point",
        "coordinates": [
          8.6151354,
          40.0809581
        ]
      },
      "properties": {
        "id": 4329568694,
        "osm_type": "node",
        "name": "B&B Casa con Cielo",
        "tourism": "guest_house",
        "phone": "+39 346 6613383",
        "website": "http://www.casaconcielo.com/"
      }
    },
    {
      "type": "Feature",
      "geometry": {
        "type": "Point",
        "coordinates": [
          8.61651,
          40.0807283
        ]
      },
      "properties": {
        "id": 4329568695,
        "osm_type": "node",
        "name": "B&B L’Agrifoglio",
        "tourism": "guest_house",
        "phone": "+39 348 5659307"
      }
    },
    {
      "type": "Feature",
      "geometry": {
        "type": "Point",
        "coordinates": [
          8.615858,
          40.0820927
        ]
      },
      "properties": {
        "id": 4329568696,
        "osm_type": "node",
        "name": "B&B Su Riu",
        "tourism": "guest_house",
        "phone": "+39 349 4101704",
        "website": "http://www.suriu.it/"
      }
    },
    {
      "type": "Feature",
      "geometry": {
        "type": "Point",
        "coordinates": [
          8.6157059,
          40.0822967
        ]
      },
      "properties": {
        "id": 4329568697,
        "osm_type": "node",
        "name": "B&B Da Loreta",
        "tourism": "guest_house",
        "phone": "+39 0783 54657",
        "website": "http://www.bbdaloreta.it/"
      }
    },
    {
      "type": "Feature",
      "geometry": {
        "type": "Point",
        "coordinates": [
          9.6728086,
          40.7746931
        ]
      },
      "properties": {
        "id": 4334919494,
        "osm_type": "node",
        "name": "Residence Oasi Blue",
        "tourism": "hotel"
      }
    },
    {
      "type": "Feature",
      "geometry": {
        "type": "Point",
        "coordinates": [
          8.4451568,
          39.9344681
        ]
      },
      "properties": {
        "id": 4335593689,
        "osm_type": "node",
        "name": "Agriturismo Sa Moarxia",
        "tourism": "guest_house",
        "contact:phone": "+39 346 188 5510"
      }
    },
    {
      "type": "Feature",
      "geometry": {
        "type": "Point",
        "coordinates": [
          8.2784713,
          40.7190365
        ]
      },
      "properties": {
        "id": 4348762890,
        "osm_type": "node",
        "name": "B&B Predda Bianca",
        "tourism": "guest_house",
        "website": "http://www.preddabianca.it"
      }
    },
    {
      "type": "Feature",
      "geometry": {
        "type": "Point",
        "coordinates": [
          8.4977373,
          39.1829443
        ]
      },
      "properties": {
        "id": 4359923522,
        "osm_type": "node",
        "name": "B&B Fantar House",
        "tourism": "guest_house"
      }
    },
    {
      "type": "Feature",
      "geometry": {
        "type": "Point",
        "coordinates": [
          8.4362634,
          39.9412539
        ]
      },
      "properties": {
        "id": 4366148206,
        "osm_type": "node",
        "name": "Agriturismo Matte Canna",
        "tourism": "guest_house",
        "contact:phone": "+39 346 2140778;+39 347 1233922"
      }
    },
    {
      "type": "Feature",
      "geometry": {
        "type": "Point",
        "coordinates": [
          8.4558154,
          39.9450921
        ]
      },
      "properties": {
        "id": 4366148210,
        "osm_type": "node",
        "name": "Agriturismo Villa Gaia",
        "tourism": "guest_house",
        "contact:phone": "+39 328 269 2435;+39 340 317 0324 ;+39 340 175 3168",
        "contact:website": "www.agriturvillagaia.it"
      }
    },
    {
      "type": "Feature",
      "geometry": {
        "type": "Point",
        "coordinates": [
          8.443044,
          39.9541703
        ]
      },
      "properties": {
        "id": 4366148213,
        "osm_type": "node",
        "name": "Agriturismo S'Incant'e Sinis",
        "tourism": "guest_house",
        "contact:phone": "+39 366 295 1365;+39 347 653 7106",
        "contact:website": "www.sincantu.it"
      }
    },
    {
      "type": "Feature",
      "geometry": {
        "type": "Point",
        "coordinates": [
          8.4836782,
          39.9861902
        ]
      },
      "properties": {
        "id": 4366148219,
        "osm_type": "node",
        "name": "Agriturismo Bachile Bertula",
        "tourism": "guest_house",
        "contact:phone": "+39 0783 411 277;+39 349 412 8823;+39 347 177 8923",
        "contact:website": "www.bachilebertula.it"
      }
    },
    {
      "type": "Feature",
      "geometry": {
        "type": "Point",
        "coordinates": [
          9.7611908,
          40.4384416
        ]
      },
      "properties": {
        "id": 4367615409,
        "osm_type": "node",
        "name": "Marco & Alessandro",
        "tourism": "apartment"
      }
    },
    {
      "type": "Feature",
      "geometry": {
        "type": "Point",
        "coordinates": [
          8.6584499,
          40.3977837
        ]
      },
      "properties": {
        "id": 4367749440,
        "osm_type": "node",
        "name": "B&B Drommilmulza",
        "tourism": "guest_house",
        "phone": "+39 079 800135;+39 348 7842156"
      }
    },
    {
      "type": "Feature",
      "geometry": {
        "type": "Point",
        "coordinates": [
          8.6609602,
          40.4003291
        ]
      },
      "properties": {
        "id": 4367749441,
        "osm_type": "node",
        "name": "B&B Eleonora d'Arborea",
        "tourism": "guest_house",
        "phone": "+39 079 801603"
      }
    },
    {
      "type": "Feature",
      "geometry": {
        "type": "Point",
        "coordinates": [
          8.6516664,
          40.3932782
        ]
      },
      "properties": {
        "id": 4367749442,
        "osm_type": "node",
        "name": "B&B Subra sa colte",
        "tourism": "guest_house",
        "phone": "+39 079 801561;+39 339 2524182"
      }
    },
    {
      "type": "Feature",
      "geometry": {
        "type": "Point",
        "coordinates": [
          8.4149217,
          40.8240873
        ]
      },
      "properties": {
        "id": 4372450282,
        "osm_type": "node",
        "name": "L'Oasi B&B",
        "tourism": "guest_house",
        "phone": "+39 320 8712692"
      }
    },
    {
      "type": "Feature",
      "geometry": {
        "type": "Point",
        "coordinates": [
          9.7111491,
          39.9320388
        ]
      },
      "properties": {
        "id": 4377349091,
        "osm_type": "node",
        "name": "Hotel Monte Turri",
        "tourism": "hotel",
        "phone": "+39 0782 197 0195"
      }
    },
    {
      "type": "Feature",
      "geometry": {
        "type": "Point",
        "coordinates": [
          9.4115175,
          41.2154809
        ]
      },
      "properties": {
        "id": 4380568908,
        "osm_type": "node",
        "name": "Casa Mordini Hotel",
        "tourism": "hotel"
      }
    },
    {
      "type": "Feature",
      "geometry": {
        "type": "Point",
        "coordinates": [
          9.409372,
          41.2164793
        ]
      },
      "properties": {
        "id": 4380570268,
        "osm_type": "node",
        "name": "Hotel Villa Marina",
        "tourism": "hotel"
      }
    },
    {
      "type": "Feature",
      "geometry": {
        "type": "Point",
        "coordinates": [
          9.6661222,
          39.9269083
        ]
      },
      "properties": {
        "id": 4393551451,
        "osm_type": "node",
        "name": "Il Leccio",
        "tourism": "guest_house",
        "phone": "+39 0782 626033",
        "website": "http://il-leccio-bb.it"
      }
    },
    {
      "type": "Feature",
      "geometry": {
        "type": "Point",
        "coordinates": [
          9.6662583,
          39.9261278
        ]
      },
      "properties": {
        "id": 4397334114,
        "osm_type": "node",
        "name": "Trattoria Da Angelo",
        "tourism": "hotel",
        "phone": "+39 0782 623533",
        "website": "http://www.trattoriadaangelo.it/"
      }
    },
    {
      "type": "Feature",
      "geometry": {
        "type": "Point",
        "coordinates": [
          9.6576671,
          39.9263948
        ]
      },
      "properties": {
        "id": 4400843750,
        "osm_type": "node",
        "name": "La Corte",
        "tourism": "hotel"
      }
    },
    {
      "type": "Feature",
      "geometry": {
        "type": "Point",
        "coordinates": [
          9.5741884,
          39.4203064
        ]
      },
      "properties": {
        "id": 4404919279,
        "osm_type": "node",
        "name": "Dimora degli Ulivi",
        "tourism": "guest_house"
      }
    },
    {
      "type": "Feature",
      "geometry": {
        "type": "Point",
        "coordinates": [
          9.5703206,
          39.4238143
        ]
      },
      "properties": {
        "id": 4404927339,
        "osm_type": "node",
        "name": "Domu Incantada",
        "tourism": "hotel"
      }
    },
    {
      "type": "Feature",
      "geometry": {
        "type": "Point",
        "coordinates": [
          9.5403295,
          41.0264558
        ]
      },
      "properties": {
        "id": 4406715789,
        "osm_type": "node",
        "name": "Oasi",
        "tourism": "hotel"
      }
    },
    {
      "type": "Feature",
      "geometry": {
        "type": "Point",
        "coordinates": [
          9.5225086,
          41.0354676
        ]
      },
      "properties": {
        "id": 4406868593,
        "osm_type": "node",
        "name": "Hotel le Sirene",
        "tourism": "hotel"
      }
    },
    {
      "type": "Feature",
      "geometry": {
        "type": "Point",
        "coordinates": [
          9.666164,
          40.7709644
        ]
      },
      "properties": {
        "id": 4410048819,
        "osm_type": "node",
        "name": "I&G",
        "tourism": "apartment",
        "opening_hours": "Mo-Su 09:00-13:00, 17:00-20:00",
        "phone": "+39 0784 866051"
      }
    },
    {
      "type": "Feature",
      "geometry": {
        "type": "Point",
        "coordinates": [
          9.4973595,
          41.1292022
        ]
      },
      "properties": {
        "id": 4416570489,
        "osm_type": "node",
        "name": "B&B Smeralda",
        "tourism": "hotel",
        "opening_hours": "Mo-Su 10:00-22:00",
        "phone": "+39 0789 99811",
        "website": "https://www.bbsmeralda.com/"
      }
    },
    {
      "type": "Feature",
      "geometry": {
        "type": "Point",
        "coordinates": [
          9.5557886,
          40.8391263
        ]
      },
      "properties": {
        "id": 4424878837,
        "osm_type": "node",
        "tourism": "guest_house"
      }
    },
    {
      "type": "Feature",
      "geometry": {
        "type": "Point",
        "coordinates": [
          8.5170356,
          39.5840883
        ]
      },
      "properties": {
        "id": 4432270594,
        "osm_type": "node",
        "tourism": "guest_house"
      }
    },
    {
      "type": "Feature",
      "geometry": {
        "type": "Point",
        "coordinates": [
          9.6217789,
          40.8736193
        ]
      },
      "properties": {
        "id": 4442471989,
        "osm_type": "node",
        "name": "L' Ea di Lavru",
        "tourism": "guest_house",
        "phone": "+39 0789 40301",
        "website": "https://www.lavru.it/"
      }
    },
    {
      "type": "Feature",
      "geometry": {
        "type": "Point",
        "coordinates": [
          9.1188491,
          39.2226004
        ]
      },
      "properties": {
        "id": 4449256151,
        "osm_type": "node",
        "name": "B&B Il Terrapieno",
        "tourism": "guest_house",
        "website": "http://www.bbterrapieno.com/"
      }
    },
    {
      "type": "Feature",
      "geometry": {
        "type": "Point",
        "coordinates": [
          9.5319995,
          39.3182612
        ]
      },
      "properties": {
        "id": 4460669361,
        "osm_type": "node",
        "tourism": "guest_house"
      }
    },
    {
      "type": "Feature",
      "geometry": {
        "type": "Point",
        "coordinates": [
          8.6406089,
          39.718045
        ]
      },
      "properties": {
        "id": 4463603017,
        "osm_type": "node",
        "name": "Bed&Breakfast Casa Martis",
        "tourism": "guest_house",
        "check_date": "2024-11-18"
      }
    },
    {
      "type": "Feature",
      "geometry": {
        "type": "Point",
        "coordinates": [
          8.6303587,
          39.7207765
        ]
      },
      "properties": {
        "id": 4463603525,
        "osm_type": "node",
        "name": "Bargilena Tour",
        "tourism": "guest_house"
      }
    },
    {
      "type": "Feature",
      "geometry": {
        "type": "Point",
        "coordinates": [
          8.5333648,
          39.9357611
        ]
      },
      "properties": {
        "id": 4466533441,
        "osm_type": "node",
        "name": "Spapparra",
        "tourism": "guest_house"
      }
    },
    {
      "type": "Feature",
      "geometry": {
        "type": "Point",
        "coordinates": [
          8.5592919,
          40.7277914
        ]
      },
      "properties": {
        "id": 4469700472,
        "osm_type": "node",
        "name": "Al Duomo",
        "tourism": "guest_house",
        "phone": "+39 342 8264585"
      }
    },
    {
      "type": "Feature",
      "geometry": {
        "type": "Point",
        "coordinates": [
          8.5588291,
          40.7229712
        ]
      },
      "properties": {
        "id": 4469700473,
        "osm_type": "node",
        "name": "B&B Casa Flora",
        "tourism": "guest_house",
        "phone": "+39 392 3390076"
      }
    },
    {
      "type": "Feature",
      "geometry": {
        "type": "Point",
        "coordinates": [
          9.1657437,
          39.2573655
        ]
      },
      "properties": {
        "id": 4471683758,
        "osm_type": "node",
        "name": "Bed and Breakfast Efis",
        "tourism": "guest_house",
        "phone": "+39 3453055304",
        "website": "https://bedandbreakfastefis.wordpress.com/"
      }
    },
    {
      "type": "Feature",
      "geometry": {
        "type": "Point",
        "coordinates": [
          8.3148758,
          40.5581113
        ]
      },
      "properties": {
        "id": 4473478466,
        "osm_type": "node",
        "name": "B&B Aigua",
        "tourism": "guest_house",
        "phone": "+39 340 077 7688",
        "website": "https://www.aigua.it/"
      }
    },
    {
      "type": "Feature",
      "geometry": {
        "type": "Point",
        "coordinates": [
          8.3161755,
          40.5769951
        ]
      },
      "properties": {
        "id": 4473478467,
        "osm_type": "node",
        "name": "B&B AlgheroDream",
        "tourism": "guest_house"
      }
    },
    {
      "type": "Feature",
      "geometry": {
        "type": "Point",
        "coordinates": [
          8.2695112,
          40.6150852
        ]
      },
      "properties": {
        "id": 4473478468,
        "osm_type": "node",
        "name": "B&B Da Giovanna",
        "tourism": "guest_house"
      }
    },
    {
      "type": "Feature",
      "geometry": {
        "type": "Point",
        "coordinates": [
          8.3173762,
          40.5635728
        ]
      },
      "properties": {
        "id": 4473478471,
        "osm_type": "node",
        "name": "Butterfly Accommodation",
        "tourism": "guest_house"
      }
    },
    {
      "type": "Feature",
      "geometry": {
        "type": "Point",
        "coordinates": [
          8.3223793,
          40.5465768
        ]
      },
      "properties": {
        "id": 4473478485,
        "osm_type": "node",
        "name": "Hotel Calabona",
        "tourism": "hotel",
        "phone": "+39 079977343",
        "website": "https://www.hotelcalabona.it/"
      }
    },
    {
      "type": "Feature",
      "geometry": {
        "type": "Point",
        "coordinates": [
          8.3170519,
          40.5815858
        ]
      },
      "properties": {
        "id": 4473478486,
        "osm_type": "node",
        "name": "Hotel Mistral",
        "tourism": "hotel",
        "phone": "+39 079 951828",
        "website": "https://www.hotelmistral.it/"
      }
    },
    {
      "type": "Feature",
      "geometry": {
        "type": "Point",
        "coordinates": [
          8.3140987,
          40.5580815
        ]
      },
      "properties": {
        "id": 4473478487,
        "osm_type": "node",
        "name": "Hotel San Francesco",
        "tourism": "hotel",
        "phone": "+39 079980330",
        "website": "https://www.sanfrancescohotel.com/english/"
      }
    },
    {
      "type": "Feature",
      "geometry": {
        "type": "Point",
        "coordinates": [
          8.3169677,
          40.5738213
        ]
      },
      "properties": {
        "id": 4473478488,
        "osm_type": "node",
        "name": "Hotel San Marco",
        "tourism": "hotel"
      }
    },
    {
      "type": "Feature",
      "geometry": {
        "type": "Point",
        "coordinates": [
          8.3129772,
          40.5791637
        ]
      },
      "properties": {
        "id": 4473490938,
        "osm_type": "node",
        "name": "Residenza Eucalipti",
        "tourism": "hotel",
        "phone": "+39 079951187",
        "website": "https://www.residenceucalipti.it/",
        "check_date": "2025-06-06"
      }
    },
    {
      "type": "Feature",
      "geometry": {
        "type": "Point",
        "coordinates": [
          8.3122323,
          40.5569232
        ]
      },
      "properties": {
        "id": 4473511678,
        "osm_type": "node",
        "name": "Palau Marco Polo",
        "tourism": "hotel",
        "phone": "+393516995064"
      }
    },
    {
      "type": "Feature",
      "geometry": {
        "type": "Point",
        "coordinates": [
          8.3176818,
          40.5752479
        ]
      },
      "properties": {
        "id": 4473523208,
        "osm_type": "node",
        "name": "Residenza Gardenia",
        "tourism": "hotel",
        "phone": "+39 079951187",
        "website": "https://www.residenceucalipti.it/en/residence-and-apartments-with-pool-alghero.html"
      }
    },
    {
      "type": "Feature",
      "geometry": {
        "type": "Point",
        "coordinates": [
          8.314596,
          40.5576024
        ]
      },
      "properties": {
        "id": 4473538941,
        "osm_type": "node",
        "name": "B&B Vecchia Alghero",
        "tourism": "guest_house",
        "check_date": "2025-09-10"
      }
    },
    {
      "type": "Feature",
      "geometry": {
        "type": "Point",
        "coordinates": [
          8.3168045,
          40.5761698
        ]
      },
      "properties": {
        "id": 4473541970,
        "osm_type": "node",
        "name": "Residence Europa",
        "tourism": "hotel"
      }
    },
    {
      "type": "Feature",
      "geometry": {
        "type": "Point",
        "coordinates": [
          8.3300082,
          40.5921636
        ]
      },
      "properties": {
        "id": 4473542017,
        "osm_type": "node",
        "name": "istentales",
        "tourism": "guest_house",
        "phone": "+39 328 5317066",
        "contact:phone": "+39 329 4324502",
        "website": "https://www.bebistentales.com/"
      }
    },
    {
      "type": "Feature",
      "geometry": {
        "type": "Point",
        "coordinates": [
          8.4996939,
          40.2977767
        ]
      },
      "properties": {
        "id": 4475204826,
        "osm_type": "node",
        "name": "b&b Sa Rocchitta",
        "tourism": "guest_house"
      }
    },
    {
      "type": "Feature",
      "geometry": {
        "type": "Point",
        "coordinates": [
          8.4819496,
          40.2920287
        ]
      },
      "properties": {
        "id": 4475206149,
        "osm_type": "node",
        "name": "Su Recreu",
        "tourism": "guest_house",
        "check_date": "2024-10-02"
      }
    },
    {
      "type": "Feature",
      "geometry": {
        "type": "Point",
        "coordinates": [
          8.3502483,
          40.5223126
        ]
      },
      "properties": {
        "id": 4475874073,
        "osm_type": "node",
        "name": "Casa Bice",
        "tourism": "chalet",
        "website": "https://www.airbnb.de/rooms/12749668"
      }
    },
    {
      "type": "Feature",
      "geometry": {
        "type": "Point",
        "coordinates": [
          9.458098,
          41.0824246
        ]
      },
      "properties": {
        "id": 4475919254,
        "osm_type": "node",
        "tourism": "chalet"
      }
    },
    {
      "type": "Feature",
      "geometry": {
        "type": "Point",
        "coordinates": [
          9.5640704,
          39.419554
        ]
      },
      "properties": {
        "id": 4475992689,
        "osm_type": "node",
        "name": "Ferienwohnung",
        "tourism": "chalet"
      }
    },
    {
      "type": "Feature",
      "geometry": {
        "type": "Point",
        "coordinates": [
          9.6344932,
          40.2827102
        ]
      },
      "properties": {
        "id": 4484070290,
        "osm_type": "node",
        "name": "B&B Sos Ostrazzos",
        "tourism": "guest_house",
        "phone": "+39 0784 93145",
        "website": "https://www.duepicalagonone.com/"
      }
    },
    {
      "type": "Feature",
      "geometry": {
        "type": "Point",
        "coordinates": [
          9.6374799,
          40.2836159
        ]
      },
      "properties": {
        "id": 4484070292,
        "osm_type": "node",
        "name": "Bue Marino",
        "tourism": "hotel"
      }
    },
    {
      "type": "Feature",
      "geometry": {
        "type": "Point",
        "coordinates": [
          8.7093675,
          39.9577041
        ]
      },
      "properties": {
        "id": 4484285194,
        "osm_type": "node",
        "name": "Bed and Breakfast L'agrumeto",
        "tourism": "guest_house",
        "phone": "+39 340 2417209",
        "contact:website": "http://www.lagrumetobeb.com"
      }
    },
    {
      "type": "Feature",
      "geometry": {
        "type": "Point",
        "coordinates": [
          9.1030825,
          40.9037017
        ]
      },
      "properties": {
        "id": 4485142038,
        "osm_type": "node",
        "name": "Al Vecchio Corso Locanda",
        "tourism": "guest_house",
        "phone": "+39 079 630709",
        "website": "http://www.alvecchiocorso.it"
      }
    },
    {
      "type": "Feature",
      "geometry": {
        "type": "Point",
        "coordinates": [
          8.4559585,
          39.0593374
        ]
      },
      "properties": {
        "id": 4489077860,
        "osm_type": "node",
        "name": "Palma de sols",
        "tourism": "guest_house",
        "website": "https://www.palmadesols.com/"
      }
    },
    {
      "type": "Feature",
      "geometry": {
        "type": "Point",
        "coordinates": [
          8.6847964,
          40.9018206
        ]
      },
      "properties": {
        "id": 4493003578,
        "osm_type": "node",
        "name": "Hotel Rosa Dei Venti",
        "tourism": "hotel",
        "phone": "+39 079 474255",
        "website": "hotelrosadeiventi.com"
      }
    },
    {
      "type": "Feature",
      "geometry": {
        "type": "Point",
        "coordinates": [
          8.7135558,
          40.9150506
        ]
      },
      "properties": {
        "id": 4493009710,
        "osm_type": "node",
        "name": "Sa Domo de Minnanna",
        "tourism": "guest_house"
      }
    },
    {
      "type": "Feature",
      "geometry": {
        "type": "Point",
        "coordinates": [
          9.5189128,
          39.1436192
        ]
      },
      "properties": {
        "id": 4497986725,
        "osm_type": "node",
        "name": "Acquarius",
        "tourism": "hotel"
      }
    },
    {
      "type": "Feature",
      "geometry": {
        "type": "Point",
        "coordinates": [
          9.5176179,
          39.1448822
        ]
      },
      "properties": {
        "id": 4497987857,
        "osm_type": "node",
        "name": "Belvir",
        "tourism": "hotel",
        "phone": "+39 070 451 9620",
        "website": "https://www.hotelbelvir.it/"
      }
    },
    {
      "type": "Feature",
      "geometry": {
        "type": "Point",
        "coordinates": [
          9.5639722,
          39.2362246
        ]
      },
      "properties": {
        "id": 4499905493,
        "osm_type": "node",
        "name": "Villas Resort Hotel",
        "tourism": "hotel"
      }
    },
    {
      "type": "Feature",
      "geometry": {
        "type": "Point",
        "coordinates": [
          9.566413,
          39.2356408
        ]
      },
      "properties": {
        "id": 4499905494,
        "osm_type": "node",
        "name": "IGV Club Santagiusta",
        "tourism": "hotel"
      }
    },
    {
      "type": "Feature",
      "geometry": {
        "type": "Point",
        "coordinates": [
          9.1780277,
          39.3805008
        ]
      },
      "properties": {
        "id": 4502694395,
        "osm_type": "node",
        "name": "Raggio di sole B&B",
        "tourism": "guest_house",
        "phone": "+39 070 743201",
        "website": "http://www.bbraggiodisole.it"
      }
    },
    {
      "type": "Feature",
      "geometry": {
        "type": "Point",
        "coordinates": [
          9.7130839,
          40.6305735
        ]
      },
      "properties": {
        "id": 4506821935,
        "osm_type": "node",
        "name": "B & B Oliven Garden",
        "tourism": "guest_house",
        "phone": "+39 0784 853091"
      }
    },
    {
      "type": "Feature",
      "geometry": {
        "type": "Point",
        "coordinates": [
          9.7179377,
          40.6312434
        ]
      },
      "properties": {
        "id": 4506822602,
        "osm_type": "node",
        "name": "B & B I Gerani",
        "tourism": "guest_house",
        "phone": "+39 0784 854415"
      }
    },
    {
      "type": "Feature",
      "geometry": {
        "type": "Point",
        "coordinates": [
          9.6678341,
          39.9706119
        ]
      },
      "properties": {
        "id": 4508951191,
        "osm_type": "node",
        "name": "Ogliastra",
        "tourism": "hotel",
        "check_date": "2024-05-18"
      }
    },
    {
      "type": "Feature",
      "geometry": {
        "type": "Point",
        "coordinates": [
          9.2782761,
          41.2260851
        ]
      },
      "properties": {
        "id": 4511615461,
        "osm_type": "node",
        "name": "Resort Valle dell'Erica Thalasso & SPA",
        "tourism": "hotel"
      }
    },
    {
      "type": "Feature",
      "geometry": {
        "type": "Point",
        "coordinates": [
          9.1905147,
          41.2427988
        ]
      },
      "properties": {
        "id": 4511617220,
        "osm_type": "node",
        "name": "affittacamere lu canaloni",
        "tourism": "guest_house",
        "opening_hours": "24/7",
        "phone": "+393465006565"
      }
    },
    {
      "type": "Feature",
      "geometry": {
        "type": "Point",
        "coordinates": [
          9.6722674,
          40.7800236
        ]
      },
      "properties": {
        "id": 4519391666,
        "osm_type": "node",
        "name": "Hotel Scintilla",
        "tourism": "hotel",
        "phone": "+39 0784 865519",
        "website": "https://www.hotelscintilla.com/"
      }
    },
    {
      "type": "Feature",
      "geometry": {
        "type": "Point",
        "coordinates": [
          9.3806891,
          41.1807471
        ]
      },
      "properties": {
        "id": 4522546032,
        "osm_type": "node",
        "name": "Solaris Seaside",
        "tourism": "apartment",
        "phone": "+39 351 658 2000",
        "website": "https://ventomare.com"
      }
    },
    {
      "type": "Feature",
      "geometry": {
        "type": "Point",
        "coordinates": [
          9.0110736,
          39.0641285
        ]
      },
      "properties": {
        "id": 4522672478,
        "osm_type": "node",
        "name": "Domu mea",
        "tourism": "guest_house"
      }
    },
    {
      "type": "Feature",
      "geometry": {
        "type": "Point",
        "coordinates": [
          9.1906753,
          41.2420001
        ]
      },
      "properties": {
        "id": 4576851747,
        "osm_type": "node",
        "name": "Nonna ita",
        "tourism": "guest_house"
      }
    },
    {
      "type": "Feature",
      "geometry": {
        "type": "Point",
        "coordinates": [
          8.9335349,
          39.9716885
        ]
      },
      "properties": {
        "id": 4609438058,
        "osm_type": "node",
        "tourism": "guest_house"
      }
    },
    {
      "type": "Feature",
      "geometry": {
        "type": "Point",
        "coordinates": [
          8.2267862,
          40.943821
        ]
      },
      "properties": {
        "id": 4645250189,
        "osm_type": "node",
        "name": "Cala Reale hotel",
        "tourism": "hotel",
        "opening_hours": "24/7",
        "phone": "+39079523127",
        "website": "https://www.calareale.it/"
      }
    },
    {
      "type": "Feature",
      "geometry": {
        "type": "Point",
        "coordinates": [
          9.477433,
          41.1340977
        ]
      },
      "properties": {
        "id": 4683667589,
        "osm_type": "node",
        "name": "Hotel 3 Botti",
        "tourism": "hotel",
        "opening_hours": "24/7",
        "phone": "+39078999150",
        "contact:website": "http://www.hoteltrebotti.it/",
        "check_date": "2017-08-07"
      }
    },
    {
      "type": "Feature",
      "geometry": {
        "type": "Point",
        "coordinates": [
          9.3806839,
          41.1807463
        ]
      },
      "properties": {
        "id": 4686145030,
        "osm_type": "node",
        "name": "Vento Mare Apartments",
        "tourism": "hotel",
        "phone": "+39 351 658 2000",
        "website": "https://www.ventomare.com"
      }
    },
    {
      "type": "Feature",
      "geometry": {
        "type": "Point",
        "coordinates": [
          9.1133583,
          39.2150174
        ]
      },
      "properties": {
        "id": 4748805424,
        "osm_type": "node",
        "name": "L'Ambasciata",
        "tourism": "hotel",
        "check_date": "2023-09-02"
      }
    },
    {
      "type": "Feature",
      "geometry": {
        "type": "Point",
        "coordinates": [
          9.1139525,
          39.2160154
        ]
      },
      "properties": {
        "id": 4748820124,
        "osm_type": "node",
        "name": "Ukiyo",
        "tourism": "hotel",
        "check_date": "2023-09-12"
      }
    },
    {
      "type": "Feature",
      "geometry": {
        "type": "Point",
        "coordinates": [
          9.0520366,
          39.8569596
        ]
      },
      "properties": {
        "id": 4802921707,
        "osm_type": "node",
        "name": "Bed & Breakfast Casa Melis",
        "tourism": "guest_house",
        "phone": "+39 0782 869730"
      }
    },
    {
      "type": "Feature",
      "geometry": {
        "type": "Point",
        "coordinates": [
          9.0522408,
          39.8566964
        ]
      },
      "properties": {
        "id": 4802936559,
        "osm_type": "node",
        "name": "Albergo Ristorante Sardegna",
        "tourism": "hotel",
        "phone": "+39 0782 869033",
        "website": "http://www.albergosardegna.it"
      }
    },
    {
      "type": "Feature",
      "geometry": {
        "type": "Point",
        "coordinates": [
          8.4531752,
          39.0674512
        ]
      },
      "properties": {
        "id": 4823199432,
        "osm_type": "node",
        "name": "B&B Belvedere",
        "tourism": "guest_house"
      }
    },
    {
      "type": "Feature",
      "geometry": {
        "type": "Point",
        "coordinates": [
          9.5739578,
          39.259714
        ]
      },
      "properties": {
        "id": 4840329033,
        "osm_type": "node",
        "name": "home b&b",
        "tourism": "hostel"
      }
    },
    {
      "type": "Feature",
      "geometry": {
        "type": "Point",
        "coordinates": [
          9.671214,
          39.7540375
        ]
      },
      "properties": {
        "id": 4857125222,
        "osm_type": "node",
        "name": "Sosta Cardedu OG",
        "tourism": "caravan_site"
      }
    },
    {
      "type": "Feature",
      "geometry": {
        "type": "Point",
        "coordinates": [
          9.604108,
          39.3168555
        ]
      },
      "properties": {
        "id": 4857222827,
        "osm_type": "node",
        "name": "Spiaggia di Feraxi",
        "tourism": "caravan_site"
      }
    },
    {
      "type": "Feature",
      "geometry": {
        "type": "Point",
        "coordinates": [
          9.6577178,
          39.7016403
        ]
      },
      "properties": {
        "id": 4881830428,
        "osm_type": "node",
        "name": "La Costa Est",
        "tourism": "apartment"
      }
    },
    {
      "type": "Feature",
      "geometry": {
        "type": "Point",
        "coordinates": [
          9.6489655,
          39.6864812
        ]
      },
      "properties": {
        "id": 4881834521,
        "osm_type": "node",
        "name": "I Salici",
        "tourism": "apartment"
      }
    },
    {
      "type": "Feature",
      "geometry": {
        "type": "Point",
        "coordinates": [
          9.5827589,
          40.2761274
        ]
      },
      "properties": {
        "id": 4908611322,
        "osm_type": "node",
        "tourism": "guest_house"
      }
    },
    {
      "type": "Feature",
      "geometry": {
        "type": "Point",
        "coordinates": [
          9.5905694,
          40.2895912
        ]
      },
      "properties": {
        "id": 4911647121,
        "osm_type": "node",
        "name": "Air bnb Mafalda *****",
        "tourism": "guest_house",
        "opening_hours": "Mo-Su 09:00-20:00",
        "phone": "+39 340 4764172",
        "website": "https://www.airbnb.com/"
      }
    },
    {
      "type": "Feature",
      "geometry": {
        "type": "Point",
        "coordinates": [
          9.2968368,
          40.367674
        ]
      },
      "properties": {
        "id": 4927850517,
        "osm_type": "node",
        "name": "Agriturismo Costiolu",
        "tourism": "guest_house",
        "phone": "+39 333 5630740",
        "website": "http://www.agriturismocostiolu.com/"
      }
    },
    {
      "type": "Feature",
      "geometry": {
        "type": "Point",
        "coordinates": [
          9.3506944,
          40.2061236
        ]
      },
      "properties": {
        "id": 4951379422,
        "osm_type": "node",
        "name": "Pedrales Orgosolo",
        "tourism": "guest_house",
        "phone": "+39 348 0905840"
      }
    },
    {
      "type": "Feature",
      "geometry": {
        "type": "Point",
        "coordinates": [
          8.3122398,
          40.5569045
        ]
      },
      "properties": {
        "id": 5008198145,
        "osm_type": "node",
        "name": "Palau Marco Polo",
        "tourism": "guest_house"
      }
    },
    {
      "type": "Feature",
      "geometry": {
        "type": "Point",
        "coordinates": [
          9.1189331,
          39.2197946
        ]
      },
      "properties": {
        "id": 5018042623,
        "osm_type": "node",
        "name": "Birkin villanova",
        "tourism": "hotel"
      }
    },
    {
      "type": "Feature",
      "geometry": {
        "type": "Point",
        "coordinates": [
          8.6592778,
          40.3958279
        ]
      },
      "properties": {
        "id": 5018381541,
        "osm_type": "node",
        "name": "B&B Arcobaleno",
        "tourism": "guest_house",
        "contact:phone": "+39 347 4579835;+39 329 7479621"
      }
    },
    {
      "type": "Feature",
      "geometry": {
        "type": "Point",
        "coordinates": [
          9.5662332,
          39.2470681
        ]
      },
      "properties": {
        "id": 5024563921,
        "osm_type": "node",
        "name": "Apartment Stupendo Panorama",
        "tourism": "guest_house"
      }
    },
    {
      "type": "Feature",
      "geometry": {
        "type": "Point",
        "coordinates": [
          9.5491657,
          39.1960986
        ]
      },
      "properties": {
        "id": 5024981222,
        "osm_type": "node",
        "name": "Agriturismo sa caminera",
        "tourism": "guest_house"
      }
    },
    {
      "type": "Feature",
      "geometry": {
        "type": "Point",
        "coordinates": [
          9.5651524,
          40.9446769
        ]
      },
      "properties": {
        "id": 5026199221,
        "osm_type": "node",
        "tourism": "hotel"
      }
    },
    {
      "type": "Feature",
      "geometry": {
        "type": "Point",
        "coordinates": [
          9.5525271,
          39.2031048
        ]
      },
      "properties": {
        "id": 5026884421,
        "osm_type": "node",
        "name": "Agriturismo Maria Paola Bettoli",
        "tourism": "guest_house"
      }
    },
    {
      "type": "Feature",
      "geometry": {
        "type": "Point",
        "coordinates": [
          9.7567154,
          40.5825268
        ]
      },
      "properties": {
        "id": 5033752921,
        "osm_type": "node",
        "name": "Casa Pischedda",
        "tourism": "guest_house"
      }
    },
    {
      "type": "Feature",
      "geometry": {
        "type": "Point",
        "coordinates": [
          9.1929656,
          41.2430258
        ]
      },
      "properties": {
        "id": 5040372388,
        "osm_type": "node",
        "name": "Hotel Da Cecco",
        "tourism": "hotel"
      }
    },
    {
      "type": "Feature",
      "geometry": {
        "type": "Point",
        "coordinates": [
          8.8684934,
          38.897139
        ]
      },
      "properties": {
        "id": 5042774639,
        "osm_type": "node",
        "name": "Chia Laguna",
        "tourism": "hotel",
        "website": "http://en.chialagunaresort.com/"
      }
    },
    {
      "type": "Feature",
      "geometry": {
        "type": "Point",
        "coordinates": [
          8.3289454,
          40.5538764
        ]
      },
      "properties": {
        "id": 5059825222,
        "osm_type": "node",
        "name": "Flowers Ferienwohnung",
        "tourism": "hotel"
      }
    },
    {
      "type": "Feature",
      "geometry": {
        "type": "Point",
        "coordinates": [
          8.5689564,
          40.0419899
        ]
      },
      "properties": {
        "id": 5059961510,
        "osm_type": "node",
        "name": "Agriturismo Sa Mamaioa",
        "tourism": "guest_house",
        "contact:phone": "+39 349 3567999",
        "contact:website": "http://www.agriturismosamamaioa.com"
      }
    },
    {
      "type": "Feature",
      "geometry": {
        "type": "Point",
        "coordinates": [
          8.5745046,
          40.2861368
        ]
      },
      "properties": {
        "id": 5061830697,
        "osm_type": "node",
        "name": "Agriturismo Sa Loza",
        "tourism": "guest_house",
        "phone": "+39 0785 34102;+39 338 7602671;+39 335 1401127",
        "website": "https://www.agriturismosaloza.it/"
      }
    },
    {
      "type": "Feature",
      "geometry": {
        "type": "Point",
        "coordinates": [
          8.2012269,
          40.7002355
        ]
      },
      "properties": {
        "id": 5068547144,
        "osm_type": "node",
        "name": "Campi Elisi B&B",
        "tourism": "guest_house",
        "phone": "+39 347 609 93 56",
        "website": "http://www.campi-elisi.it/"
      }
    },
    {
      "type": "Feature",
      "geometry": {
        "type": "Point",
        "coordinates": [
          9.1249287,
          40.4256164
        ]
      },
      "properties": {
        "id": 5071669922,
        "osm_type": "node",
        "name": "Agriturismo Sa Mandra Noa",
        "tourism": "guest_house",
        "phone": "+39 079 796408;+39 347 7210254",
        "website": "http://www.mandranoa.it"
      }
    },
    {
      "type": "Feature",
      "geometry": {
        "type": "Point",
        "coordinates": [
          9.5264903,
          40.3370051
        ]
      },
      "properties": {
        "id": 5076772332,
        "osm_type": "node",
        "name": "Agriturismo Iloghe",
        "tourism": "guest_house",
        "opening_hours": "24/7",
        "contact:phone": "+39 347 3091960",
        "contact:website": "http://www.agriturismoiloghe.com"
      }
    },
    {
      "type": "Feature",
      "geometry": {
        "type": "Point",
        "coordinates": [
          9.5431213,
          40.3424627
        ]
      },
      "properties": {
        "id": 5076888488,
        "osm_type": "node",
        "name": "Agriturismo Biriddo",
        "tourism": "guest_house",
        "contact:phone": "+39 338 2110395",
        "contact:website": "http://www.biriddo.com/"
      }
    },
    {
      "type": "Feature",
      "geometry": {
        "type": "Point",
        "coordinates": [
          9.5742081,
          40.3230294
        ]
      },
      "properties": {
        "id": 5076888552,
        "osm_type": "node",
        "name": "Agriturismo bio-farm Cucchè",
        "tourism": "guest_house",
        "contact:phone": "+39 347 5129501;+39 345 0621805",
        "contact:website": "http://www.biofarmcucche.it"
      }
    },
    {
      "type": "Feature",
      "geometry": {
        "type": "Point",
        "coordinates": [
          9.5534049,
          40.3199997
        ]
      },
      "properties": {
        "id": 5076889310,
        "osm_type": "node",
        "tourism": "guest_house",
        "contact:phone": "+39 380 7283887",
        "contact:website": "http://www.agriturismoneule.com"
      }
    },
    {
      "type": "Feature",
      "geometry": {
        "type": "Point",
        "coordinates": [
          9.152282,
          40.8515911
        ]
      },
      "properties": {
        "id": 5079807321,
        "osm_type": "node",
        "name": "Vallicciola",
        "tourism": "caravan_site"
      }
    },
    {
      "type": "Feature",
      "geometry": {
        "type": "Point",
        "coordinates": [
          9.5771478,
          40.0000872
        ]
      },
      "properties": {
        "id": 5094261702,
        "osm_type": "node",
        "name": "Agriturismo Munduge",
        "tourism": "guest_house",
        "contact:phone": "+39 3284548360",
        "contact:website": "http://affittacameremunduge-it.book.direct"
      }
    },
    {
      "type": "Feature",
      "geometry": {
        "type": "Point",
        "coordinates": [
          8.2353496,
          40.9035247
        ]
      },
      "properties": {
        "id": 5096665121,
        "osm_type": "node",
        "tourism": "caravan_site"
      }
    },
    {
      "type": "Feature",
      "geometry": {
        "type": "Point",
        "coordinates": [
          8.3209021,
          40.5457471
        ]
      },
      "properties": {
        "id": 5096665122,
        "osm_type": "node",
        "tourism": "caravan_site"
      }
    },
    {
      "type": "Feature",
      "geometry": {
        "type": "Point",
        "coordinates": [
          9.5383393,
          40.3493465
        ]
      },
      "properties": {
        "id": 5104775523,
        "osm_type": "node",
        "name": "Agriturismo Agripaules",
        "tourism": "guest_house",
        "phone": "+39 3493616551",
        "website": "https://www.agriturismodorgali.com"
      }
    },
    {
      "type": "Feature",
      "geometry": {
        "type": "Point",
        "coordinates": [
          9.5200824,
          39.8778648
        ]
      },
      "properties": {
        "id": 5107949786,
        "osm_type": "node",
        "name": "Hotel Ristorante Pizzeria Bosco Selene",
        "tourism": "hotel"
      }
    },
    {
      "type": "Feature",
      "geometry": {
        "type": "Point",
        "coordinates": [
          9.5144498,
          39.8909742
        ]
      },
      "properties": {
        "id": 5107950617,
        "osm_type": "node",
        "name": "Cortemalis Hostel",
        "tourism": "hostel"
      }
    },
    {
      "type": "Feature",
      "geometry": {
        "type": "Point",
        "coordinates": [
          8.3963975,
          40.0430157
        ]
      },
      "properties": {
        "id": 5120470021,
        "osm_type": "node",
        "tourism": "caravan_site"
      }
    },
    {
      "type": "Feature",
      "geometry": {
        "type": "Point",
        "coordinates": [
          9.5846835,
          39.666646
        ]
      },
      "properties": {
        "id": 5124842176,
        "osm_type": "node",
        "name": "Agriturismo Donnolù",
        "tourism": "guest_house",
        "contact:phone": "+39 347 8857926;+39 333 7393113"
      }
    },
    {
      "type": "Feature",
      "geometry": {
        "type": "Point",
        "coordinates": [
          9.7568579,
          40.5924693
        ]
      },
      "properties": {
        "id": 5138617421,
        "osm_type": "node",
        "tourism": "caravan_site"
      }
    },
    {
      "type": "Feature",
      "geometry": {
        "type": "Point",
        "coordinates": [
          8.9082746,
          39.6278882
        ]
      },
      "properties": {
        "id": 5159203224,
        "osm_type": "node",
        "name": "Luna Sorgente",
        "tourism": "hotel",
        "contact:phone": "+39 328 1064215",
        "contact:website": "http://www.lunasorgente.com"
      }
    },
    {
      "type": "Feature",
      "geometry": {
        "type": "Point",
        "coordinates": [
          9.4346419,
          39.1473247
        ]
      },
      "properties": {
        "id": 5165040140,
        "osm_type": "node",
        "name": "B&B Sa Guardia de Ferricci",
        "tourism": "guest_house",
        "website": "https://www.saguardia.com/"
      }
    },
    {
      "type": "Feature",
      "geometry": {
        "type": "Point",
        "coordinates": [
          8.8518584,
          39.6175489
        ]
      },
      "properties": {
        "id": 5165692737,
        "osm_type": "node",
        "tourism": "guest_house"
      }
    },
    {
      "type": "Feature",
      "geometry": {
        "type": "Point",
        "coordinates": [
          8.5082929,
          39.618957
        ]
      },
      "properties": {
        "id": 5179823034,
        "osm_type": "node",
        "name": "Agriturismo Marina di Arbus",
        "tourism": "guest_house",
        "contact:phone": "+39 328 955 9741; +39 340 2010 0929"
      }
    },
    {
      "type": "Feature",
      "geometry": {
        "type": "Point",
        "coordinates": [
          8.5181782,
          39.6917924
        ]
      },
      "properties": {
        "id": 5181211200,
        "osm_type": "node",
        "name": "Agriturismo Pertunghe",
        "tourism": "guest_house",
        "contact:phone": "+39 373 7741723;+39 338 7685041"
      }
    },
    {
      "type": "Feature",
      "geometry": {
        "type": "Point",
        "coordinates": [
          8.5055423,
          39.6961936
        ]
      },
      "properties": {
        "id": 5181211456,
        "osm_type": "node",
        "name": "Bed and Breakfast Casa Casti",
        "tourism": "guest_house",
        "contact:phone": "+39 346 575 1782",
        "contact:website": "http://www.agriturismocasacasti.it"
      }
    },
    {
      "type": "Feature",
      "geometry": {
        "type": "Point",
        "coordinates": [
          8.5530777,
          39.9289466
        ]
      },
      "properties": {
        "id": 5186422519,
        "osm_type": "node",
        "name": "Agriturismo Sa Crannaccia",
        "tourism": "guest_house",
        "contact:phone": "+39 320 1848 147",
        "contact:website": "https://www.sacrannaccia.com"
      }
    },
    {
      "type": "Feature",
      "geometry": {
        "type": "Point",
        "coordinates": [
          8.5309381,
          39.9322375
        ]
      },
      "properties": {
        "id": 5186553773,
        "osm_type": "node",
        "name": "Agriturismo Pala Noeddas da Pinuccia",
        "tourism": "guest_house",
        "contact:phone": "+39 0783 391 015;+39 349 41 70 921",
        "contact:website": "http://www.agriturismopinuccia.it"
      }
    },
    {
      "type": "Feature",
      "geometry": {
        "type": "Point",
        "coordinates": [
          8.4512517,
          39.9828287
        ]
      },
      "properties": {
        "id": 5194261640,
        "osm_type": "node",
        "name": "Agriturismo La Luce del Sinis",
        "tourism": "guest_house",
        "contact:phone": "+39 347 833 9294",
        "contact:website": "http://www.lalucedelsinis.it"
      }
    },
    {
      "type": "Feature",
      "geometry": {
        "type": "Point",
        "coordinates": [
          9.5070528,
          39.1103622
        ]
      },
      "properties": {
        "id": 5194350631,
        "osm_type": "node",
        "tourism": "guest_house",
        "phone": "+39 338 290 1065",
        "website": "https://cavallinoaccommodation.com/Casa/Dettagli/3"
      }
    },
    {
      "type": "Feature",
      "geometry": {
        "type": "Point",
        "coordinates": [
          9.5070646,
          39.1103609
        ]
      },
      "properties": {
        "id": 5194350632,
        "osm_type": "node",
        "tourism": "guest_house",
        "phone": "+39 338 290 1065",
        "website": "https://www.cavallinoaccommodation.com/Casa/Dettagli/4"
      }
    },
    {
      "type": "Feature",
      "geometry": {
        "type": "Point",
        "coordinates": [
          8.5204413,
          40.0383804
        ]
      },
      "properties": {
        "id": 5194426846,
        "osm_type": "node",
        "name": "Agriturismo Il Maestrale",
        "tourism": "guest_house",
        "contact:phone": "+39 0783 57 195;+39 340 989 0474",
        "contact:website": "http://www.maestraleagriturismo.com"
      }
    },
    {
      "type": "Feature",
      "geometry": {
        "type": "Point",
        "coordinates": [
          8.4960446,
          40.0162926
        ]
      },
      "properties": {
        "id": 5194427063,
        "osm_type": "node",
        "name": "Agriturismo S'Anea",
        "tourism": "guest_house",
        "contact:phone": "+39 338 775 82 12",
        "contact:website": "www.sanea.it"
      }
    },
    {
      "type": "Feature",
      "geometry": {
        "type": "Point",
        "coordinates": [
          8.6195496,
          39.9615879
        ]
      },
      "properties": {
        "id": 5195758265,
        "osm_type": "node",
        "name": "Locanda da Renzo",
        "tourism": "hotel",
        "contact:phone": "+39 335 5294141",
        "contact:website": "http://www.darenzo.it"
      }
    },
    {
      "type": "Feature",
      "geometry": {
        "type": "Point",
        "coordinates": [
          8.6145768,
          39.9454044
        ]
      },
      "properties": {
        "id": 5195758266,
        "osm_type": "node",
        "name": "Agriturismo Il giglio",
        "tourism": "guest_house",
        "contact:phone": "+39 349 14 47 955",
        "contact:website": "http://www.agriturismoilgiglio.com/"
      }
    },
    {
      "type": "Feature",
      "geometry": {
        "type": "Point",
        "coordinates": [
          8.6306492,
          39.9505075
        ]
      },
      "properties": {
        "id": 5195758268,
        "osm_type": "node",
        "name": "Agriturismo Su Livariu",
        "tourism": "guest_house",
        "contact:phone": "+39 0783 34099; +39 328 937 8139",
        "contact:website": "http://www.sulivariu.it/"
      }
    },
    {
      "type": "Feature",
      "geometry": {
        "type": "Point",
        "coordinates": [
          8.6476283,
          39.9688621
        ]
      },
      "properties": {
        "id": 5195758307,
        "osm_type": "node",
        "name": "Agriturismo Serras d'Ala",
        "tourism": "guest_house",
        "contact:phone": "+39 328 331 9918 ;+39 329 562 7271",
        "contact:website": "http://www.serrasdala.com/"
      }
    },
    {
      "type": "Feature",
      "geometry": {
        "type": "Point",
        "coordinates": [
          8.7235951,
          39.9706104
        ]
      },
      "properties": {
        "id": 5195758317,
        "osm_type": "node",
        "name": "Agriturismo L'Oliveto",
        "tourism": "guest_house",
        "contact:phone": "+39 0783 27 205;+39 340 497 7090",
        "contact:website": "http://www.loliveto.sardegna.it"
      }
    },
    {
      "type": "Feature",
      "geometry": {
        "type": "Point",
        "coordinates": [
          8.4772021,
          40.0249444
        ]
      },
      "properties": {
        "id": 5195897128,
        "osm_type": "node",
        "name": "Is Benas Coutry Lodge",
        "tourism": "hotel",
        "contact:phone": "+39 0783 528022;+39 0783 528023",
        "contact:website": "https://isbenaslodge.com"
      }
    },
    {
      "type": "Feature",
      "geometry": {
        "type": "Point",
        "coordinates": [
          8.456419,
          40.0198576
        ]
      },
      "properties": {
        "id": 5195897152,
        "osm_type": "node",
        "tourism": "guest_house"
      }
    },
    {
      "type": "Feature",
      "geometry": {
        "type": "Point",
        "coordinates": [
          8.4443732,
          40.0231862
        ]
      },
      "properties": {
        "id": 5195897174,
        "osm_type": "node",
        "name": "Agriturismo La Mimosa",
        "tourism": "guest_house",
        "contact:phone": "+39 0783 411 442;+39 349 534 33 67",
        "contact:website": "http://www.lamimosaagriturismo.it"
      }
    },
    {
      "type": "Feature",
      "geometry": {
        "type": "Point",
        "coordinates": [
          8.5224348,
          40.149683
        ]
      },
      "properties": {
        "id": 5196332083,
        "osm_type": "node",
        "name": "Agriturismo S'Ispiga",
        "tourism": "guest_house",
        "contact:phone": "+39 347 302 2768;+39 347 939 2278",
        "contact:website": "http://www.sispiga.it"
      }
    },
    {
      "type": "Feature",
      "geometry": {
        "type": "Point",
        "coordinates": [
          8.4789415,
          40.1498255
        ]
      },
      "properties": {
        "id": 5197551530,
        "osm_type": "node",
        "name": "Agriturismo Pedramanna",
        "tourism": "guest_house",
        "contact:phone": "+39 349 551 1354",
        "contact:website": "http://www.pedramanna.it"
      }
    },
    {
      "type": "Feature",
      "geometry": {
        "type": "Point",
        "coordinates": [
          8.5024564,
          40.20188
        ]
      },
      "properties": {
        "id": 5197599682,
        "osm_type": "node",
        "name": "La Rosa dei Venti",
        "tourism": "guest_house",
        "contact:phone": "+39 0783 090 008;+39 349 068 3862",
        "contact:website": "http://www.larosadeiventiristorante.com"
      }
    },
    {
      "type": "Feature",
      "geometry": {
        "type": "Point",
        "coordinates": [
          8.4875943,
          40.2248614
        ]
      },
      "properties": {
        "id": 5197769421,
        "osm_type": "node",
        "name": "Agriturismo Columbargia",
        "tourism": "guest_house",
        "contact:phone": "+39 070 671861"
      }
    },
    {
      "type": "Feature",
      "geometry": {
        "type": "Point",
        "coordinates": [
          8.4869224,
          40.2717402
        ]
      },
      "properties": {
        "id": 5198022489,
        "osm_type": "node",
        "name": "Villaggio Turas",
        "tourism": "apartment",
        "contact:phone": "+39 366 404 7962",
        "contact:website": "http://www.villaggioturas.it"
      }
    },
    {
      "type": "Feature",
      "geometry": {
        "type": "Point",
        "coordinates": [
          9.7336104,
          40.6565646
        ]
      },
      "properties": {
        "id": 5212514854,
        "osm_type": "node",
        "name": "Agriturismo Orvile",
        "tourism": "guest_house"
      }
    },
    {
      "type": "Feature",
      "geometry": {
        "type": "Point",
        "coordinates": [
          9.7255759,
          40.6367844
        ]
      },
      "properties": {
        "id": 5212514855,
        "osm_type": "node",
        "name": "da Marco e Caterina",
        "tourism": "guest_house",
        "website": "http://www.marcoecaterina.it"
      }
    },
    {
      "type": "Feature",
      "geometry": {
        "type": "Point",
        "coordinates": [
          9.3341061,
          40.6500811
        ]
      },
      "properties": {
        "id": 5222412337,
        "osm_type": "node",
        "name": "Bed & Breakfast da Gigi",
        "tourism": "guest_house"
      }
    },
    {
      "type": "Feature",
      "geometry": {
        "type": "Point",
        "coordinates": [
          9.2388153,
          40.5071063
        ]
      },
      "properties": {
        "id": 5224789881,
        "osm_type": "node",
        "tourism": "guest_house"
      }
    },
    {
      "type": "Feature",
      "geometry": {
        "type": "Point",
        "coordinates": [
          9.3671912,
          40.4542949
        ]
      },
      "properties": {
        "id": 5228552774,
        "osm_type": "node",
        "name": "Agriturismo Dogolai",
        "tourism": "guest_house",
        "contact:phone": "+39 320 833 6118"
      }
    },
    {
      "type": "Feature",
      "geometry": {
        "type": "Point",
        "coordinates": [
          9.4909818,
          40.4691025
        ]
      },
      "properties": {
        "id": 5230894215,
        "osm_type": "node",
        "name": "Agriturismo Montalbo",
        "tourism": "guest_house",
        "contact:phone": "+39 0784 416 635;+39 347 827 0737",
        "contact:website": "http://web.tiscali.it/agriturismomontalbo/"
      }
    },
    {
      "type": "Feature",
      "geometry": {
        "type": "Point",
        "coordinates": [
          9.5507495,
          40.5098023
        ]
      },
      "properties": {
        "id": 5234635698,
        "osm_type": "node",
        "name": "Agriturismo Janna 'e Ruche",
        "tourism": "guest_house",
        "contact:phone": "+39 0784 416 819"
      }
    },
    {
      "type": "Feature",
      "geometry": {
        "type": "Point",
        "coordinates": [
          9.5919965,
          40.4258369
        ]
      },
      "properties": {
        "id": 5235118254,
        "osm_type": "node",
        "name": "Agriturismo Matta 'e Sole",
        "tourism": "guest_house",
        "contact:phone": "+39 347 922 8048;+39 348 773 3382"
      }
    },
    {
      "type": "Feature",
      "geometry": {
        "type": "Point",
        "coordinates": [
          9.6334742,
          40.4247987
        ]
      },
      "properties": {
        "id": 5236052246,
        "osm_type": "node",
        "name": "Agriturismo Piperedda",
        "tourism": "guest_house",
        "contact:phone": "+39 333 840 0836",
        "contact:website": "http://www.agriturismopiperedda.it"
      }
    },
    {
      "type": "Feature",
      "geometry": {
        "type": "Point",
        "coordinates": [
          9.6148556,
          40.40635
        ]
      },
      "properties": {
        "id": 5236329561,
        "osm_type": "node",
        "name": "Agriturismo Funtan'arva",
        "tourism": "guest_house",
        "contact:phone": "+39 347 139 8025"
      }
    },
    {
      "type": "Feature",
      "geometry": {
        "type": "Point",
        "coordinates": [
          9.6142517,
          40.3652044
        ]
      },
      "properties": {
        "id": 5236619657,
        "osm_type": "node",
        "name": "Agriturismo Rubinu",
        "tourism": "guest_house",
        "contact:phone": "+39 345 963 4191"
      }
    },
    {
      "type": "Feature",
      "geometry": {
        "type": "Point",
        "coordinates": [
          9.6142381,
          40.3480701
        ]
      },
      "properties": {
        "id": 5236619912,
        "osm_type": "node",
        "name": "Agriturismo Conca 'e Janas",
        "tourism": "guest_house",
        "contact:phone": "+39 347 9745601;+39 339 3213006;+39 347 5901577",
        "contact:website": "www.concaejanas.com"
      }
    },
    {
      "type": "Feature",
      "geometry": {
        "type": "Point",
        "coordinates": [
          9.6166696,
          40.336511
        ]
      },
      "properties": {
        "id": 5236864808,
        "osm_type": "node",
        "tourism": "guest_house"
      }
    },
    {
      "type": "Feature",
      "geometry": {
        "type": "Point",
        "coordinates": [
          9.6430182,
          40.31713
        ]
      },
      "properties": {
        "id": 5237501708,
        "osm_type": "node",
        "name": "Agriturismo Cala Cartoe",
        "tourism": "guest_house",
        "contact:phone": "+39 320 712 6195"
      }
    },
    {
      "type": "Feature",
      "geometry": {
        "type": "Point",
        "coordinates": [
          9.6662052,
          40.3359849
        ]
      },
      "properties": {
        "id": 5237502230,
        "osm_type": "node",
        "name": "Agriturismo Gulunie",
        "tourism": "guest_house",
        "contact:phone": "+39 347 08 94 562;+39 328 87 48 917",
        "contact:website": "http://www.gulunie.com"
      }
    },
    {
      "type": "Feature",
      "geometry": {
        "type": "Point",
        "coordinates": [
          9.6160184,
          40.2622254
        ]
      },
      "properties": {
        "id": 5237700082,
        "osm_type": "node",
        "name": "Agriturismo Nuraghe Mannu",
        "tourism": "guest_house",
        "phone": "+39 078 493264;+39 328 8685824",
        "website": "https://www.nuraghemannu.com/"
      }
    },
    {
      "type": "Feature",
      "geometry": {
        "type": "Point",
        "coordinates": [
          9.6174788,
          40.2603086
        ]
      },
      "properties": {
        "id": 5237700083,
        "osm_type": "node",
        "name": "Agriturismo Codula Fuili",
        "tourism": "guest_house",
        "contact:phone": "+39 328 734 0863;+39 340 2546208",
        "contact:website": "http://www.codulafuili.com"
      }
    },
    {
      "type": "Feature",
      "geometry": {
        "type": "Point",
        "coordinates": [
          8.9959824,
          39.0098829
        ]
      },
      "properties": {
        "id": 5239614155,
        "osm_type": "node",
        "name": "La casa papavero",
        "tourism": "apartment"
      }
    },
    {
      "type": "Feature",
      "geometry": {
        "type": "Point",
        "coordinates": [
          9.6185542,
          39.994607
        ]
      },
      "properties": {
        "id": 5244606501,
        "osm_type": "node",
        "tourism": "guest_house"
      }
    },
    {
      "type": "Feature",
      "geometry": {
        "type": "Point",
        "coordinates": [
          9.6108846,
          39.8469196
        ]
      },
      "properties": {
        "id": 5247158575,
        "osm_type": "node",
        "name": "Agriturismo Ogliastra",
        "tourism": "guest_house",
        "contact:phone": "+39 368 327 2583",
        "contact:website": "http://www.agriturismogliastra.it"
      }
    },
    {
      "type": "Feature",
      "geometry": {
        "type": "Point",
        "coordinates": [
          9.6034187,
          39.8706735
        ]
      },
      "properties": {
        "id": 5247158868,
        "osm_type": "node",
        "name": "Agriturismo Su Barraccu",
        "tourism": "guest_house",
        "contact:phone": "+39 334 949 4062",
        "contact:website": "http://www.subarraccu.it"
      }
    },
    {
      "type": "Feature",
      "geometry": {
        "type": "Point",
        "coordinates": [
          8.5477321,
          39.5259868
        ]
      },
      "properties": {
        "id": 5289217442,
        "osm_type": "node",
        "name": "Turismo rurale Cortes",
        "tourism": "guest_house",
        "contact:phone": "+39 340 537 9676"
      }
    },
    {
      "type": "Feature",
      "geometry": {
        "type": "Point",
        "coordinates": [
          8.5391973,
          39.5064848
        ]
      },
      "properties": {
        "id": 5289217927,
        "osm_type": "node",
        "tourism": "guest_house"
      }
    },
    {
      "type": "Feature",
      "geometry": {
        "type": "Point",
        "coordinates": [
          8.4127808,
          40.0385853
        ]
      },
      "properties": {
        "id": 5289899715,
        "osm_type": "node",
        "name": "Agriturismo Zenti Arrubia",
        "tourism": "guest_house",
        "contact:phone": "+39 0783 58010"
      }
    },
    {
      "type": "Feature",
      "geometry": {
        "type": "Point",
        "coordinates": [
          8.4193374,
          40.0079901
        ]
      },
      "properties": {
        "id": 5289899730,
        "osm_type": "node",
        "name": "Agriturismo Sabori Antigu",
        "tourism": "guest_house",
        "contact:phone": "+39 327 181 9819",
        "contact:website": "http://www.saboriantigu.it/"
      }
    },
    {
      "type": "Feature",
      "geometry": {
        "type": "Point",
        "coordinates": [
          8.4255601,
          40.01976
        ]
      },
      "properties": {
        "id": 5289899752,
        "osm_type": "node",
        "name": "Agriturismo Angolo Azzurro",
        "tourism": "guest_house",
        "contact:phone": "+39 333 5281872",
        "contact:website": "http://www.agriturismoangoloazzurro.com"
      }
    },
    {
      "type": "Feature",
      "geometry": {
        "type": "Point",
        "coordinates": [
          8.4152779,
          40.0228277
        ]
      },
      "properties": {
        "id": 5289899757,
        "osm_type": "node",
        "name": "Agriturismo Il Ginepro",
        "tourism": "guest_house",
        "contact:phone": "+39 347 44 24 153",
        "contact:website": "http://agriturismoilginepro.it/"
      }
    },
    {
      "type": "Feature",
      "geometry": {
        "type": "Point",
        "coordinates": [
          8.3209816,
          40.6074294
        ]
      },
      "properties": {
        "id": 5298280845,
        "osm_type": "node",
        "name": "Sol Doradu",
        "tourism": "guest_house"
      }
    },
    {
      "type": "Feature",
      "geometry": {
        "type": "Point",
        "coordinates": [
          9.6913227,
          40.4080238
        ]
      },
      "properties": {
        "id": 5318757503,
        "osm_type": "node",
        "name": "Agriturismo Su Birde",
        "tourism": "guest_house",
        "contact:phone": "+39 329 409 3288"
      }
    },
    {
      "type": "Feature",
      "geometry": {
        "type": "Point",
        "coordinates": [
          9.6734458,
          40.3780894
        ]
      },
      "properties": {
        "id": 5319942363,
        "osm_type": "node",
        "name": "Agriturismo Sa Conca Ruia",
        "tourism": "guest_house",
        "contact:phone": "+39 327 544 4582"
      }
    },
    {
      "type": "Feature",
      "geometry": {
        "type": "Point",
        "coordinates": [
          9.6053056,
          39.4542567
        ]
      },
      "properties": {
        "id": 5322279669,
        "osm_type": "node",
        "name": "Agriturismo Marongiu",
        "tourism": "guest_house",
        "contact:phone": "+39 070 9978001"
      }
    },
    {
      "type": "Feature",
      "geometry": {
        "type": "Point",
        "coordinates": [
          9.162658,
          39.4374525
        ]
      },
      "properties": {
        "id": 5336920183,
        "osm_type": "node",
        "name": "Agriturismo L'Agrumeto",
        "tourism": "guest_house",
        "contact:phone": "+39 340 973 0697;+39 349 274 8174",
        "contact:website": "http://www.lagrumeto.eu/"
      }
    },
    {
      "type": "Feature",
      "geometry": {
        "type": "Point",
        "coordinates": [
          9.1310938,
          39.4853979
        ]
      },
      "properties": {
        "id": 5337148437,
        "osm_type": "node",
        "name": "Agriturismo Su Mesoni",
        "tourism": "guest_house",
        "contact:phone": "+39 347 134 4360"
      }
    },
    {
      "type": "Feature",
      "geometry": {
        "type": "Point",
        "coordinates": [
          9.0014344,
          40.5858076
        ]
      },
      "properties": {
        "id": 5338029321,
        "osm_type": "node",
        "name": "Duos Apposentos",
        "tourism": "guest_house",
        "contact:phone": "+39 347 6898522",
        "contact:website": "http://www.duosapposentos.it/"
      }
    },
    {
      "type": "Feature",
      "geometry": {
        "type": "Point",
        "coordinates": [
          8.8619032,
          39.4953667
        ]
      },
      "properties": {
        "id": 5351030781,
        "osm_type": "node",
        "name": "Agriturismo Su Stai",
        "tourism": "guest_house",
        "contact:phone": "+39 328 2814 843;+39 348 0446 461",
        "contact:website": "http://www.agriturvalbella.it"
      }
    },
    {
      "type": "Feature",
      "geometry": {
        "type": "Point",
        "coordinates": [
          8.557144,
          39.4786842
        ]
      },
      "properties": {
        "id": 5367540753,
        "osm_type": "node",
        "name": "La Quercia Agriturismo",
        "tourism": "guest_house",
        "contact:phone": "+39 347 541 7837"
      }
    },
    {
      "type": "Feature",
      "geometry": {
        "type": "Point",
        "coordinates": [
          8.2364577,
          40.8687892
        ]
      },
      "properties": {
        "id": 5380556384,
        "osm_type": "node",
        "name": "B&B Altamarea",
        "tourism": "guest_house"
      }
    },
    {
      "type": "Feature",
      "geometry": {
        "type": "Point",
        "coordinates": [
          8.2383808,
          40.8606754
        ]
      },
      "properties": {
        "id": 5380567131,
        "osm_type": "node",
        "name": "Eolo B&B Home Relax",
        "tourism": "guest_house"
      }
    },
    {
      "type": "Feature",
      "geometry": {
        "type": "Point",
        "coordinates": [
          8.2799618,
          40.6042691
        ]
      },
      "properties": {
        "id": 5383240887,
        "osm_type": "node",
        "name": "Hotel Fertilia",
        "tourism": "hotel"
      }
    },
    {
      "type": "Feature",
      "geometry": {
        "type": "Point",
        "coordinates": [
          8.6431892,
          39.9898006
        ]
      },
      "properties": {
        "id": 5426915789,
        "osm_type": "node",
        "name": "Hotel L'Anfora",
        "tourism": "hotel",
        "website": "http://www.anforahoteloristano.com"
      }
    },
    {
      "type": "Feature",
      "geometry": {
        "type": "Point",
        "coordinates": [
          9.2734104,
          40.6146284
        ]
      },
      "properties": {
        "id": 5436772803,
        "osm_type": "node",
        "name": "Agriturismo Santa Reparata",
        "tourism": "guest_house"
      }
    },
    {
      "type": "Feature",
      "geometry": {
        "type": "Point",
        "coordinates": [
          9.4125232,
          41.216683
        ]
      },
      "properties": {
        "id": 5445985234,
        "osm_type": "node",
        "name": "Hotel delle Isole",
        "tourism": "hotel"
      }
    },
    {
      "type": "Feature",
      "geometry": {
        "type": "Point",
        "coordinates": [
          9.77463,
          40.432551
        ]
      },
      "properties": {
        "id": 5450624221,
        "osm_type": "node",
        "name": "Villa Arancio",
        "tourism": "apartment",
        "website": "https://www.calaliberotto.info/"
      }
    },
    {
      "type": "Feature",
      "geometry": {
        "type": "Point",
        "coordinates": [
          9.6914528,
          40.5917543
        ]
      },
      "properties": {
        "id": 5462716548,
        "osm_type": "node",
        "name": "Sa Tanca 'E Bore Agrotousismo",
        "tourism": "guest_house",
        "contact:phone": "+39 329 6282 578;+39 338 7574 456;+39 329 0677 997",
        "contact:website": "http://www.satancaebore.it"
      }
    },
    {
      "type": "Feature",
      "geometry": {
        "type": "Point",
        "coordinates": [
          9.7027154,
          40.6483964
        ]
      },
      "properties": {
        "id": 5464937005,
        "osm_type": "node",
        "name": "Hotel Maria Caderina green village",
        "tourism": "hotel",
        "contact:phone": "+39 345 657 07 04",
        "contact:website": "http://www.greenvillageposada.com"
      }
    },
    {
      "type": "Feature",
      "geometry": {
        "type": "Point",
        "coordinates": [
          9.1724816,
          39.3916227
        ]
      },
      "properties": {
        "id": 5497038520,
        "osm_type": "node",
        "name": "Agriturismo Baccu Cardu",
        "tourism": "guest_house",
        "contact:phone": "+39 338 633 6116;+39 320 075 5271",
        "contact:website": "http://www.agriturismobaccucardu.it"
      }
    },
    {
      "type": "Feature",
      "geometry": {
        "type": "Point",
        "coordinates": [
          8.878294,
          40.966604
        ]
      },
      "properties": {
        "id": 5511390221,
        "osm_type": "node",
        "name": "Sardegna Rent S.R.L.",
        "tourism": "apartment",
        "phone": "+39 079 689718",
        "website": "https://www.sardegnarent.it/"
      }
    },
    {
      "type": "Feature",
      "geometry": {
        "type": "Point",
        "coordinates": [
          8.8734367,
          39.4240785
        ]
      },
      "properties": {
        "id": 5520268660,
        "osm_type": "node",
        "name": "Agriturismo Orange Moon",
        "tourism": "guest_house",
        "contact:phone": "+39 070 9137144",
        "contact:website": "http://www.orangemoonagriturismo.com"
      }
    },
    {
      "type": "Feature",
      "geometry": {
        "type": "Point",
        "coordinates": [
          8.22593,
          40.9456885
        ]
      },
      "properties": {
        "id": 5524651185,
        "osm_type": "node",
        "name": "Park Hotel Asinara",
        "tourism": "hotel",
        "website": "https://www.parkhotelasinara.com/"
      }
    },
    {
      "type": "Feature",
      "geometry": {
        "type": "Point",
        "coordinates": [
          8.2463202,
          40.6537514
        ]
      },
      "properties": {
        "id": 5543222467,
        "osm_type": "node",
        "name": "Agriturismo Elicriso",
        "tourism": "guest_house",
        "contact:phone": "+39 079 999 116"
      }
    },
    {
      "type": "Feature",
      "geometry": {
        "type": "Point",
        "coordinates": [
          8.2977663,
          40.6522934
        ]
      },
      "properties": {
        "id": 5561366059,
        "osm_type": "node",
        "name": "Agriturismo Sa Mandra",
        "tourism": "guest_house",
        "contact:phone": "+39 079 999150",
        "contact:website": "www.aziendasamandra.it"
      }
    },
    {
      "type": "Feature",
      "geometry": {
        "type": "Point",
        "coordinates": [
          9.635785,
          39.4429307
        ]
      },
      "properties": {
        "id": 5591082171,
        "osm_type": "node",
        "name": "Camping Village Porto Corallo",
        "tourism": "camp_site",
        "website": "https://www.portocorallocamping.it"
      }
    },
    {
      "type": "Feature",
      "geometry": {
        "type": "Point",
        "coordinates": [
          9.4589177,
          39.8172644
        ]
      },
      "properties": {
        "id": 5592182421,
        "osm_type": "node",
        "name": "Scala san giorgio",
        "tourism": "hotel"
      }
    },
    {
      "type": "Feature",
      "geometry": {
        "type": "Point",
        "coordinates": [
          8.5346474,
          39.3128818
        ]
      },
      "properties": {
        "id": 5594666975,
        "osm_type": "node",
        "name": "Le Case di Nonna",
        "tourism": "apartment",
        "website": "https://www.lecasedinonna.it"
      }
    },
    {
      "type": "Feature",
      "geometry": {
        "type": "Point",
        "coordinates": [
          9.635013,
          40.2854064
        ]
      },
      "properties": {
        "id": 5605187420,
        "osm_type": "node",
        "name": "Hotel La Playa",
        "tourism": "hotel"
      }
    },
    {
      "type": "Feature",
      "geometry": {
        "type": "Point",
        "coordinates": [
          8.7830791,
          40.2657242
        ]
      },
      "properties": {
        "id": 5612551239,
        "osm_type": "node",
        "name": "Casa Castori",
        "tourism": "guest_house"
      }
    },
    {
      "type": "Feature",
      "geometry": {
        "type": "Point",
        "coordinates": [
          9.474737,
          40.7052314
        ]
      },
      "properties": {
        "id": 5624699067,
        "osm_type": "node",
        "name": "Agriturismo Fratelli Muzzu",
        "tourism": "guest_house"
      }
    },
    {
      "type": "Feature",
      "geometry": {
        "type": "Point",
        "coordinates": [
          9.518453,
          40.6912794
        ]
      },
      "properties": {
        "id": 5627069975,
        "osm_type": "node",
        "name": "Agriturismo Corda",
        "tourism": "guest_house",
        "contact:phone": "+39 0789 49125",
        "contact:website": "http://www.agriturismotoninocorda.it"
      }
    },
    {
      "type": "Feature",
      "geometry": {
        "type": "Point",
        "coordinates": [
          8.6054106,
          39.5300537
        ]
      },
      "properties": {
        "id": 5630140921,
        "osm_type": "node",
        "name": "Monolocale",
        "tourism": "apartment"
      }
    },
    {
      "type": "Feature",
      "geometry": {
        "type": "Point",
        "coordinates": [
          9.7042818,
          40.6578638
        ]
      },
      "properties": {
        "id": 5630683763,
        "osm_type": "node",
        "name": "Agriturismo Irghitula",
        "tourism": "guest_house",
        "contact:phone": "+393280351425",
        "contact:website": "http://www.agriturismo-irghitula.com"
      }
    },
    {
      "type": "Feature",
      "geometry": {
        "type": "Point",
        "coordinates": [
          9.6793856,
          40.6794623
        ]
      },
      "properties": {
        "id": 5630684234,
        "osm_type": "node",
        "name": "Agriturismo Muru Idda",
        "tourism": "guest_house",
        "contact:phone": "+39 338 525 7502"
      }
    },
    {
      "type": "Feature",
      "geometry": {
        "type": "Point",
        "coordinates": [
          9.3855871,
          39.3467272
        ]
      },
      "properties": {
        "id": 5646002572,
        "osm_type": "node",
        "tourism": "guest_house",
        "contact:phone": "+39 340 5083141",
        "contact:website": "http://sadomemalloru.it"
      }
    },
    {
      "type": "Feature",
      "geometry": {
        "type": "Point",
        "coordinates": [
          9.1026924,
          39.567208
        ]
      },
      "properties": {
        "id": 5654379426,
        "osm_type": "node",
        "name": "Sa Domu de sa Contissa",
        "tourism": "guest_house"
      }
    },
    {
      "type": "Feature",
      "geometry": {
        "type": "Point",
        "coordinates": [
          9.1986881,
          39.3626699
        ]
      },
      "properties": {
        "id": 5658673798,
        "osm_type": "node",
        "name": "La Rocca di San Vincenzo",
        "tourism": "hotel"
      }
    },
    {
      "type": "Feature",
      "geometry": {
        "type": "Point",
        "coordinates": [
          9.1626567,
          39.3659308
        ]
      },
      "properties": {
        "id": 5660402666,
        "osm_type": "node",
        "name": "Agriturismo Santu Marcialis",
        "tourism": "guest_house",
        "contact:phone": "+39 070 740 598"
      }
    },
    {
      "type": "Feature",
      "geometry": {
        "type": "Point",
        "coordinates": [
          8.8773056,
          41.0125359
        ]
      },
      "properties": {
        "id": 5664560322,
        "osm_type": "node",
        "name": "B&B",
        "tourism": "hotel"
      }
    },
    {
      "type": "Feature",
      "geometry": {
        "type": "Point",
        "coordinates": [
          8.2203668,
          40.9543254
        ]
      },
      "properties": {
        "id": 5666690233,
        "osm_type": "node",
        "name": "Sa Serra",
        "tourism": "guest_house"
      }
    },
    {
      "type": "Feature",
      "geometry": {
        "type": "Point",
        "coordinates": [
          9.5817147,
          40.8959754
        ]
      },
      "properties": {
        "id": 5667503221,
        "osm_type": "node",
        "name": "Residenza le Maree",
        "tourism": "apartment"
      }
    },
    {
      "type": "Feature",
      "geometry": {
        "type": "Point",
        "coordinates": [
          9.043703,
          39.2699034
        ]
      },
      "properties": {
        "id": 5671997377,
        "osm_type": "node",
        "tourism": "guest_house"
      }
    },
    {
      "type": "Feature",
      "geometry": {
        "type": "Point",
        "coordinates": [
          9.7499515,
          40.6055312
        ]
      },
      "properties": {
        "id": 5673418521,
        "osm_type": "node",
        "name": "Ferienwohnung Loserts",
        "tourism": "apartment"
      }
    },
    {
      "type": "Feature",
      "geometry": {
        "type": "Point",
        "coordinates": [
          9.4313381,
          41.0920388
        ]
      },
      "properties": {
        "id": 5684477668,
        "osm_type": "node",
        "name": "MOMA Boutique Hotel",
        "tourism": "hotel"
      }
    },
    {
      "type": "Feature",
      "geometry": {
        "type": "Point",
        "coordinates": [
          9.2863296,
          39.238324
        ]
      },
      "properties": {
        "id": 5725123460,
        "osm_type": "node",
        "name": "Villa Ingeborg",
        "tourism": "guest_house"
      }
    },
    {
      "type": "Feature",
      "geometry": {
        "type": "Point",
        "coordinates": [
          9.0709326,
          41.1256366
        ]
      },
      "properties": {
        "id": 5736357799,
        "osm_type": "node",
        "name": "Club Hotel Ragno d'Oro",
        "tourism": "hotel",
        "website": "https://www.ragnodorovignola.it/"
      }
    },
    {
      "type": "Feature",
      "geometry": {
        "type": "Point",
        "coordinates": [
          9.046147,
          41.1044853
        ]
      },
      "properties": {
        "id": 5736357800,
        "osm_type": "node",
        "name": "Stazzo Gallurese La Cugara",
        "tourism": "hotel",
        "website": "https://www.stazzolacugara.it/la-cugara/"
      }
    },
    {
      "type": "Feature",
      "geometry": {
        "type": "Point",
        "coordinates": [
          8.3146799,
          40.5593592
        ]
      },
      "properties": {
        "id": 5741514448,
        "osm_type": "node",
        "name": "B&B Zahra",
        "tourism": "guest_house"
      }
    },
    {
      "type": "Feature",
      "geometry": {
        "type": "Point",
        "coordinates": [
          9.6447596,
          39.77613
        ]
      },
      "properties": {
        "id": 5742781686,
        "osm_type": "node",
        "name": "Hotel Cardedu",
        "tourism": "hotel",
        "phone": "+39 0782 769004",
        "website": "https://www.hotelcardedu.it/"
      }
    },
    {
      "type": "Feature",
      "geometry": {
        "type": "Point",
        "coordinates": [
          9.61585,
          40.2605546
        ]
      },
      "properties": {
        "id": 5743290322,
        "osm_type": "node",
        "name": "Villa Maria Caterina",
        "tourism": "hotel"
      }
    },
    {
      "type": "Feature",
      "geometry": {
        "type": "Point",
        "coordinates": [
          9.2791849,
          39.2350357
        ]
      },
      "properties": {
        "id": 5746247421,
        "osm_type": "node",
        "name": "Ferienort",
        "tourism": "apartment"
      }
    },
    {
      "type": "Feature",
      "geometry": {
        "type": "Point",
        "coordinates": [
          8.4393839,
          39.2623093
        ]
      },
      "properties": {
        "id": 5752145296,
        "osm_type": "node",
        "name": "Agriturismo L'Orizzonte",
        "tourism": "guest_house",
        "phone": "+39 0781 45835",
        "website": "http://www.agriturismoorizzonte.it/"
      }
    },
    {
      "type": "Feature",
      "geometry": {
        "type": "Point",
        "coordinates": [
          9.323084,
          41.1828771
        ]
      },
      "properties": {
        "id": 5769052518,
        "osm_type": "node",
        "name": "Hotel Porto Puddu e Reception di Residence Il Nido dei Gabbiani",
        "tourism": "hotel"
      }
    },
    {
      "type": "Feature",
      "geometry": {
        "type": "Point",
        "coordinates": [
          9.1315595,
          39.2185471
        ]
      },
      "properties": {
        "id": 5777692417,
        "osm_type": "node",
        "name": "ILM Cagliari",
        "tourism": "guest_house",
        "website": "https://www.booking.com/hotel/it/ilm-cagliari.it.html"
      }
    },
    {
      "type": "Feature",
      "geometry": {
        "type": "Point",
        "coordinates": [
          9.2033845,
          40.3918383
        ]
      },
      "properties": {
        "id": 5779040835,
        "osm_type": "node",
        "name": "Agriturismo Testone",
        "tourism": "guest_house",
        "phone": "+39 0784 230539",
        "website": "https://www.agriturismotestone.com"
      }
    },
    {
      "type": "Feature",
      "geometry": {
        "type": "Point",
        "coordinates": [
          8.8762665,
          40.9679019
        ]
      },
      "properties": {
        "id": 5782868660,
        "osm_type": "node",
        "name": "Pendrasardinia",
        "tourism": "apartment"
      }
    },
    {
      "type": "Feature",
      "geometry": {
        "type": "Point",
        "coordinates": [
          9.2522873,
          39.6946427
        ]
      },
      "properties": {
        "id": 5783027470,
        "osm_type": "node",
        "name": "B&B Charme Sa Pardina",
        "tourism": "guest_house"
      }
    },
    {
      "type": "Feature",
      "geometry": {
        "type": "Point",
        "coordinates": [
          8.6860979,
          40.7296969
        ]
      },
      "properties": {
        "id": 5791787073,
        "osm_type": "node",
        "name": "Rifugio dell'aquila",
        "tourism": "guest_house"
      }
    },
    {
      "type": "Feature",
      "geometry": {
        "type": "Point",
        "coordinates": [
          8.6919826,
          40.7164727
        ]
      },
      "properties": {
        "id": 5791787074,
        "osm_type": "node",
        "name": "Agriturismo Antonello Ruiu",
        "tourism": "guest_house"
      }
    },
    {
      "type": "Feature",
      "geometry": {
        "type": "Point",
        "coordinates": [
          8.5345899,
          39.3127022
        ]
      },
      "properties": {
        "id": 5799950262,
        "osm_type": "node",
        "name": "La Casa di Nichedda",
        "tourism": "apartment",
        "phone": "+393289442747",
        "website": "https://www.lacasadinichedda.it"
      }
    },
    {
      "type": "Feature",
      "geometry": {
        "type": "Point",
        "coordinates": [
          9.545225,
          39.4429388
        ]
      },
      "properties": {
        "id": 5802256891,
        "osm_type": "node",
        "name": "B&B Casa Licheri",
        "tourism": "guest_house",
        "website": "https://www.bbcasalicheri.it"
      }
    },
    {
      "type": "Feature",
      "geometry": {
        "type": "Point",
        "coordinates": [
          8.4757557,
          40.2487972
        ]
      },
      "properties": {
        "id": 5803595948,
        "osm_type": "node",
        "name": "Alabe Hotel",
        "tourism": "hotel"
      }
    },
    {
      "type": "Feature",
      "geometry": {
        "type": "Point",
        "coordinates": [
          9.5826264,
          39.8569799
        ]
      },
      "properties": {
        "id": 5804131884,
        "osm_type": "node",
        "name": "Antica Posada",
        "tourism": "guest_house",
        "website": "https://www.anticaposada.com/"
      }
    },
    {
      "type": "Feature",
      "geometry": {
        "type": "Point",
        "coordinates": [
          9.3307422,
          40.3176957
        ]
      },
      "properties": {
        "id": 5839836586,
        "osm_type": "node",
        "tourism": "caravan_site"
      }
    },
    {
      "type": "Feature",
      "geometry": {
        "type": "Point",
        "coordinates": [
          9.4994818,
          40.9953385
        ]
      },
      "properties": {
        "id": 5875311296,
        "osm_type": "node",
        "name": "Casa di Ray",
        "tourism": "apartment"
      }
    },
    {
      "type": "Feature",
      "geometry": {
        "type": "Point",
        "coordinates": [
          9.6671963,
          40.0292246
        ]
      },
      "properties": {
        "id": 5888560701,
        "osm_type": "node",
        "name": "Serraenna Bedroom",
        "tourism": "guest_house"
      }
    },
    {
      "type": "Feature",
      "geometry": {
        "type": "Point",
        "coordinates": [
          9.7379464,
          40.6902253
        ]
      },
      "properties": {
        "id": 5894572134,
        "osm_type": "node",
        "name": "Cala Mirto",
        "tourism": "hotel",
        "phone": "+39 0784 837344"
      }
    },
    {
      "type": "Feature",
      "geometry": {
        "type": "Point",
        "coordinates": [
          9.6570971,
          40.7856898
        ]
      },
      "properties": {
        "id": 5903272585,
        "osm_type": "node",
        "name": "Helios Hotel",
        "tourism": "hotel"
      }
    },
    {
      "type": "Feature",
      "geometry": {
        "type": "Point",
        "coordinates": [
          9.6727938,
          40.7805175
        ]
      },
      "properties": {
        "id": 5929417385,
        "osm_type": "node",
        "name": "Hotel Onda Marina",
        "tourism": "hotel",
        "phone": "+390784865788",
        "website": "https://www.hotelondamarina.it/"
      }
    },
    {
      "type": "Feature",
      "geometry": {
        "type": "Point",
        "coordinates": [
          9.4171202,
          41.1711177
        ]
      },
      "properties": {
        "id": 5984017886,
        "osm_type": "node",
        "name": "Villa Simona",
        "tourism": "chalet"
      }
    },
    {
      "type": "Feature",
      "geometry": {
        "type": "Point",
        "coordinates": [
          9.497372,
          40.9077162
        ]
      },
      "properties": {
        "id": 5998882071,
        "osm_type": "node",
        "name": "Bed & Breakfast Al Paz",
        "tourism": "guest_house"
      }
    },
    {
      "type": "Feature",
      "geometry": {
        "type": "Point",
        "coordinates": [
          9.1885494,
          41.2354385
        ]
      },
      "properties": {
        "id": 6111059687,
        "osm_type": "node",
        "name": "b&b la pintadera",
        "tourism": "guest_house",
        "opening_hours": "Mo-Su 09:00-20:00",
        "phone": "+393493389657",
        "website": "http://www.bb-lapintadera.it"
      }
    },
    {
      "type": "Feature",
      "geometry": {
        "type": "Point",
        "coordinates": [
          9.7620887,
          40.5832848
        ]
      },
      "properties": {
        "id": 6170843268,
        "osm_type": "node",
        "name": "Muriska",
        "tourism": "guest_house"
      }
    },
    {
      "type": "Feature",
      "geometry": {
        "type": "Point",
        "coordinates": [
          8.6882641,
          40.9048249
        ]
      },
      "properties": {
        "id": 6263697785,
        "osm_type": "node",
        "name": "Hotel Residence Ampuria",
        "tourism": "hotel"
      }
    },
    {
      "type": "Feature",
      "geometry": {
        "type": "Point",
        "coordinates": [
          9.1216525,
          39.22957
        ]
      },
      "properties": {
        "id": 6320753153,
        "osm_type": "node",
        "name": "B&B Attico Bianco",
        "tourism": "guest_house",
        "check_date": "2025-12-29"
      }
    },
    {
      "type": "Feature",
      "geometry": {
        "type": "Point",
        "coordinates": [
          9.6841479,
          40.3452081
        ]
      },
      "properties": {
        "id": 6394799222,
        "osm_type": "node",
        "name": "Villa degli Ulivi e delle Rose",
        "tourism": "apartment"
      }
    },
    {
      "type": "Feature",
      "geometry": {
        "type": "Point",
        "coordinates": [
          9.3799314,
          41.1803085
        ]
      },
      "properties": {
        "id": 6398894018,
        "osm_type": "node",
        "name": "B&B La Fonda",
        "tourism": "hotel"
      }
    },
    {
      "type": "Feature",
      "geometry": {
        "type": "Point",
        "coordinates": [
          9.5193455,
          39.141812
        ]
      },
      "properties": {
        "id": 6403506852,
        "osm_type": "node",
        "name": "Ca'Mea",
        "tourism": "guest_house",
        "phone": "+39 349 145 7668"
      }
    },
    {
      "type": "Feature",
      "geometry": {
        "type": "Point",
        "coordinates": [
          9.0849844,
          40.7597583
        ]
      },
      "properties": {
        "id": 6449034661,
        "osm_type": "node",
        "name": "Il Nuraghe del lago Coghinas",
        "tourism": "guest_house"
      }
    },
    {
      "type": "Feature",
      "geometry": {
        "type": "Point",
        "coordinates": [
          8.6538361,
          40.3954502
        ]
      },
      "properties": {
        "id": 6452466384,
        "osm_type": "node",
        "name": "B&B La Madonnina",
        "tourism": "guest_house",
        "phone": "+39 329 6099960"
      }
    },
    {
      "type": "Feature",
      "geometry": {
        "type": "Point",
        "coordinates": [
          8.6407898,
          40.4078802
        ]
      },
      "properties": {
        "id": 6452467185,
        "osm_type": "node",
        "name": "B&B Antas",
        "tourism": "guest_house",
        "phone": "+39 320 0629949; +39 346 0471687; +39 079 805123",
        "website": "http://www.antas-bedandbreakfast.com"
      }
    },
    {
      "type": "Feature",
      "geometry": {
        "type": "Point",
        "coordinates": [
          8.1943157,
          40.6199911
        ]
      },
      "properties": {
        "id": 6454944516,
        "osm_type": "node",
        "name": "Baia de Conte",
        "tourism": "hotel"
      }
    },
    {
      "type": "Feature",
      "geometry": {
        "type": "Point",
        "coordinates": [
          9.568843,
          39.4273875
        ]
      },
      "properties": {
        "id": 6466366629,
        "osm_type": "node",
        "name": "Luna e Limoni Country",
        "tourism": "guest_house"
      }
    },
    {
      "type": "Feature",
      "geometry": {
        "type": "Point",
        "coordinates": [
          8.4032,
          39.1028
        ]
      },
      "properties": {
        "id": 6504869981,
        "osm_type": "node",
        "name": "B&B La Casa del Mare",
        "tourism": "hotel",
        "phone": "+39 389 109 8752"
      }
    },
    {
      "type": "Feature",
      "geometry": {
        "type": "Point",
        "coordinates": [
          8.6359086,
          39.7202999
        ]
      },
      "properties": {
        "id": 6512212612,
        "osm_type": "node",
        "name": "La corte di Lucina",
        "tourism": "hotel"
      }
    },
    {
      "type": "Feature",
      "geometry": {
        "type": "Point",
        "coordinates": [
          9.6553269,
          40.1317285
        ]
      },
      "properties": {
        "id": 6516448350,
        "osm_type": "node",
        "name": "Olobissi",
        "tourism": "camp_site"
      }
    },
    {
      "type": "Feature",
      "geometry": {
        "type": "Point",
        "coordinates": [
          9.2298485,
          39.942832
        ]
      },
      "properties": {
        "id": 6551526189,
        "osm_type": "node",
        "name": "Rifugio Forestale",
        "tourism": "alpine_hut"
      }
    },
    {
      "type": "Feature",
      "geometry": {
        "type": "Point",
        "coordinates": [
          8.2065091,
          40.9600298
        ]
      },
      "properties": {
        "id": 6588449852,
        "osm_type": "node",
        "name": "Club Esse Sporting",
        "tourism": "hotel",
        "phone": "+39 06 45439344",
        "website": "https://www.clubesse.it/strutture/hotel-sporting/"
      }
    },
    {
      "type": "Feature",
      "geometry": {
        "type": "Point",
        "coordinates": [
          9.1330048,
          41.139199
        ]
      },
      "properties": {
        "id": 6588449853,
        "osm_type": "node",
        "name": "Club Esse Gallura Beach Village",
        "tourism": "hotel",
        "phone": "+39 06 45439344",
        "website": "https://www.clubesse.it/strutture/resort-gallura-beach-village/"
      }
    },
    {
      "type": "Feature",
      "geometry": {
        "type": "Point",
        "coordinates": [
          9.3688104,
          41.1798085
        ]
      },
      "properties": {
        "id": 6588449854,
        "osm_type": "node",
        "name": "Club Esse Porto Rafael",
        "tourism": "hotel",
        "phone": "+39 06 45439344",
        "website": "https://www.clubesse.it/strutture/hotel-porto-rafael/"
      }
    },
    {
      "type": "Feature",
      "geometry": {
        "type": "Point",
        "coordinates": [
          9.3888431,
          41.1763708
        ]
      },
      "properties": {
        "id": 6588449855,
        "osm_type": "node",
        "name": "Club Esse Posada Beach",
        "tourism": "hotel",
        "phone": "+39 06 45439344",
        "website": "https://www.clubesse.it/strutture/hotel-posada-beach-resort/"
      }
    },
    {
      "type": "Feature",
      "geometry": {
        "type": "Point",
        "coordinates": [
          9.3890332,
          41.1775993
        ]
      },
      "properties": {
        "id": 6588449856,
        "osm_type": "node",
        "name": "Club Esse Capo d'Orso",
        "tourism": "hotel",
        "phone": "+39 06 45439344",
        "website": "https://www.clubesse.it/strutture/residence-capo-d-orso/"
      }
    },
    {
      "type": "Feature",
      "geometry": {
        "type": "Point",
        "coordinates": [
          9.4705153,
          41.1243189
        ]
      },
      "properties": {
        "id": 6588449857,
        "osm_type": "node",
        "name": "Club Esse Cala Bitta",
        "tourism": "hotel",
        "phone": "+39 06 45439344",
        "website": "https://www.clubesse.it/strutture/hotel-cala-bitta/"
      }
    },
    {
      "type": "Feature",
      "geometry": {
        "type": "Point",
        "coordinates": [
          9.3966464,
          39.148621
        ]
      },
      "properties": {
        "id": 6588449858,
        "osm_type": "node",
        "name": "Club Esse Torre delle Stelle",
        "tourism": "hotel",
        "phone": "+39 06 45439344",
        "website": "https://www.clubesse.it/strutture/residence-torre-delle-stelle/"
      }
    },
    {
      "type": "Feature",
      "geometry": {
        "type": "Point",
        "coordinates": [
          9.3202988,
          39.2176311
        ]
      },
      "properties": {
        "id": 6639472926,
        "osm_type": "node",
        "name": "Villa Desideria Bed and Breakfast Sardegna",
        "tourism": "guest_house"
      }
    },
    {
      "type": "Feature",
      "geometry": {
        "type": "Point",
        "coordinates": [
          9.0338503,
          40.4068596
        ]
      },
      "properties": {
        "id": 6647634287,
        "osm_type": "node",
        "name": "Hotel Le Tre Rose",
        "tourism": "hotel",
        "contact:phone": "+390797949090;+393497641288",
        "contact:website": "https://www.letrerose.it"
      }
    },
    {
      "type": "Feature",
      "geometry": {
        "type": "Point",
        "coordinates": [
          9.6417542,
          39.6701033
        ]
      },
      "properties": {
        "id": 6665706185,
        "osm_type": "node",
        "name": "Ville Indipendenti Melis",
        "tourism": "apartment",
        "phone": "+39 3479982654"
      }
    },
    {
      "type": "Feature",
      "geometry": {
        "type": "Point",
        "coordinates": [
          9.486137,
          39.1386618
        ]
      },
      "properties": {
        "id": 6699884888,
        "osm_type": "node",
        "name": "Su Giganti",
        "tourism": "hotel",
        "website": "https://www.hotelsugiganti.com/en/"
      }
    },
    {
      "type": "Feature",
      "geometry": {
        "type": "Point",
        "coordinates": [
          9.5092166,
          41.1404319
        ]
      },
      "properties": {
        "id": 6711885510,
        "osm_type": "node",
        "name": "Hotel Pitrizza",
        "tourism": "hotel"
      }
    },
    {
      "type": "Feature",
      "geometry": {
        "type": "Point",
        "coordinates": [
          8.5754982,
          39.9290505
        ]
      },
      "properties": {
        "id": 6721915285,
        "osm_type": "node",
        "name": "B & B da Erika",
        "tourism": "guest_house",
        "phone": "+39 0783 33750"
      }
    },
    {
      "type": "Feature",
      "geometry": {
        "type": "Point",
        "coordinates": [
          8.5312305,
          39.9275586
        ]
      },
      "properties": {
        "id": 6734003600,
        "osm_type": "node",
        "name": "Torremana",
        "tourism": "apartment",
        "phone": "+39 346 305 6104",
        "website": "https://torremana.it/"
      }
    },
    {
      "type": "Feature",
      "geometry": {
        "type": "Point",
        "coordinates": [
          9.1839877,
          39.2596571
        ]
      },
      "properties": {
        "id": 6780478585,
        "osm_type": "node",
        "tourism": "caravan_site"
      }
    },
    {
      "type": "Feature",
      "geometry": {
        "type": "Point",
        "coordinates": [
          8.3071823,
          39.1431021
        ]
      },
      "properties": {
        "id": 6788464579,
        "osm_type": "node",
        "name": "Hotel Riviera",
        "tourism": "hotel"
      }
    },
    {
      "type": "Feature",
      "geometry": {
        "type": "Point",
        "coordinates": [
          9.7109704,
          39.9224979
        ]
      },
      "properties": {
        "id": 6795006488,
        "osm_type": "node",
        "tourism": "hotel"
      }
    },
    {
      "type": "Feature",
      "geometry": {
        "type": "Point",
        "coordinates": [
          8.7094384,
          40.9136394
        ]
      },
      "properties": {
        "id": 6799905986,
        "osm_type": "node",
        "tourism": "apartment"
      }
    },
    {
      "type": "Feature",
      "geometry": {
        "type": "Point",
        "coordinates": [
          8.9979503,
          40.7397644
        ]
      },
      "properties": {
        "id": 6813165043,
        "osm_type": "node",
        "name": "Agriturismo Pedru Caddu",
        "tourism": "hotel",
        "contact:phone": "+39 079 718500",
        "website": "https://www.agripedrucaddu.com/"
      }
    },
    {
      "type": "Feature",
      "geometry": {
        "type": "Point",
        "coordinates": [
          9.6164612,
          40.2623791
        ]
      },
      "properties": {
        "id": 6814067795,
        "osm_type": "node",
        "name": "Agriturismo Camping Nuraghe Mannu",
        "tourism": "camp_site",
        "tents": "yes",
        "website": "https://www.nuraghemannu.com/"
      }
    },
    {
      "type": "Feature",
      "geometry": {
        "type": "Point",
        "coordinates": [
          9.6900133,
          39.9890033
        ]
      },
      "properties": {
        "id": 6833353035,
        "osm_type": "node",
        "name": "Hotel Agugliastra",
        "tourism": "hotel",
        "phone": "+39 0782 615005",
        "website": "https://www.hotelagugliastra.it/"
      }
    },
    {
      "type": "Feature",
      "geometry": {
        "type": "Point",
        "coordinates": [
          8.5910346,
          39.9080995
        ]
      },
      "properties": {
        "id": 6834267486,
        "osm_type": "node",
        "tourism": "apartment"
      }
    },
    {
      "type": "Feature",
      "geometry": {
        "type": "Point",
        "coordinates": [
          9.4226424,
          41.2199843
        ]
      },
      "properties": {
        "id": 6834267488,
        "osm_type": "node",
        "name": "Villabianca",
        "tourism": "guest_house",
        "phone": "+39 0789 727441"
      }
    },
    {
      "type": "Feature",
      "geometry": {
        "type": "Point",
        "coordinates": [
          8.590856,
          39.9081376
        ]
      },
      "properties": {
        "id": 6834267585,
        "osm_type": "node",
        "tourism": "apartment"
      }
    },
    {
      "type": "Feature",
      "geometry": {
        "type": "Point",
        "coordinates": [
          9.3565883,
          40.206057
        ]
      },
      "properties": {
        "id": 6845434685,
        "osm_type": "node",
        "tourism": "caravan_site"
      }
    },
    {
      "type": "Feature",
      "geometry": {
        "type": "Point",
        "coordinates": [
          9.048262,
          39.3790929
        ]
      },
      "properties": {
        "id": 6868035991,
        "osm_type": "node",
        "name": "Hotel Palladium",
        "tourism": "hotel"
      }
    },
    {
      "type": "Feature",
      "geometry": {
        "type": "Point",
        "coordinates": [
          9.2550701,
          40.9881854
        ]
      },
      "properties": {
        "id": 6892585746,
        "osm_type": "node",
        "name": "Hotel Funtana Abbas",
        "tourism": "hotel",
        "phone": "+39 079 669041"
      }
    },
    {
      "type": "Feature",
      "geometry": {
        "type": "Point",
        "coordinates": [
          9.7440574,
          40.5975722
        ]
      },
      "properties": {
        "id": 6938883952,
        "osm_type": "node",
        "name": "Agriturismo Sa Costa",
        "tourism": "hotel"
      }
    },
    {
      "type": "Feature",
      "geometry": {
        "type": "Point",
        "coordinates": [
          8.8243449,
          39.6122
        ]
      },
      "properties": {
        "id": 6955933120,
        "osm_type": "node",
        "name": "B&B Casa Olla",
        "tourism": "chalet",
        "website": "www.bnbcasaolla.it"
      }
    },
    {
      "type": "Feature",
      "geometry": {
        "type": "Point",
        "coordinates": [
          8.4006677,
          39.3975184
        ]
      },
      "properties": {
        "id": 6964228022,
        "osm_type": "node",
        "name": "Hotel '904",
        "tourism": "hotel",
        "check_date": "2025-02-23"
      }
    },
    {
      "type": "Feature",
      "geometry": {
        "type": "Point",
        "coordinates": [
          9.1922949,
          41.1936548
        ]
      },
      "properties": {
        "id": 6977115985,
        "osm_type": "node",
        "tourism": "guest_house"
      }
    },
    {
      "type": "Feature",
      "geometry": {
        "type": "Point",
        "coordinates": [
          9.1197105,
          39.216023
        ]
      },
      "properties": {
        "id": 7012089457,
        "osm_type": "node",
        "name": "Neko Hotel",
        "tourism": "hotel"
      }
    },
    {
      "type": "Feature",
      "geometry": {
        "type": "Point",
        "coordinates": [
          8.8982419,
          39.72276
        ]
      },
      "properties": {
        "id": 7034178686,
        "osm_type": "node",
        "name": "Area sosta camper Baradili",
        "tourism": "caravan_site",
        "opening_hours": "24/7"
      }
    },
    {
      "type": "Feature",
      "geometry": {
        "type": "Point",
        "coordinates": [
          8.3207551,
          40.811458
        ]
      },
      "properties": {
        "id": 7056161162,
        "osm_type": "node",
        "name": "Casa Eroma - B&B",
        "tourism": "guest_house"
      }
    },
    {
      "type": "Feature",
      "geometry": {
        "type": "Point",
        "coordinates": [
          9.0013178,
          40.5851151
        ]
      },
      "properties": {
        "id": 7148196089,
        "osm_type": "node",
        "name": "Dal Cardinale",
        "tourism": "guest_house"
      }
    },
    {
      "type": "Feature",
      "geometry": {
        "type": "Point",
        "coordinates": [
          9.0044117,
          40.5848518
        ]
      },
      "properties": {
        "id": 7152611861,
        "osm_type": "node",
        "name": "B&B Montiju",
        "tourism": "guest_house",
        "contact:phone": "+39 349 816 8877"
      }
    },
    {
      "type": "Feature",
      "geometry": {
        "type": "Point",
        "coordinates": [
          9.7477917,
          40.6178525
        ]
      },
      "properties": {
        "id": 7204426208,
        "osm_type": "node",
        "name": "Ferienhaus Sardafit",
        "tourism": "guest_house"
      }
    },
    {
      "type": "Feature",
      "geometry": {
        "type": "Point",
        "coordinates": [
          8.5755229,
          39.1134703
        ]
      },
      "properties": {
        "id": 7249353975,
        "osm_type": "node",
        "name": "Agriturismo Sirimagus",
        "tourism": "motel"
      }
    },
    {
      "type": "Feature",
      "geometry": {
        "type": "Point",
        "coordinates": [
          9.5782687,
          39.2603576
        ]
      },
      "properties": {
        "id": 7619165798,
        "osm_type": "node",
        "name": "Villetta Tre",
        "tourism": "guest_house"
      }
    },
    {
      "type": "Feature",
      "geometry": {
        "type": "Point",
        "coordinates": [
          9.5783947,
          39.2604963
        ]
      },
      "properties": {
        "id": 7619165799,
        "osm_type": "node",
        "name": "Villetta Quattro",
        "tourism": "guest_house"
      }
    },
    {
      "type": "Feature",
      "geometry": {
        "type": "Point",
        "coordinates": [
          9.5767668,
          39.2599153
        ]
      },
      "properties": {
        "id": 7620550619,
        "osm_type": "node",
        "name": "Villetta Rosamar",
        "tourism": "guest_house"
      }
    },
    {
      "type": "Feature",
      "geometry": {
        "type": "Point",
        "coordinates": [
          9.5770132,
          39.2601683
        ]
      },
      "properties": {
        "id": 7620550620,
        "osm_type": "node",
        "name": "Villetta Romana",
        "tourism": "guest_house"
      }
    },
    {
      "type": "Feature",
      "geometry": {
        "type": "Point",
        "coordinates": [
          8.2091201,
          40.5927304
        ]
      },
      "properties": {
        "id": 7658995885,
        "osm_type": "node",
        "tourism": "chalet"
      }
    },
    {
      "type": "Feature",
      "geometry": {
        "type": "Point",
        "coordinates": [
          9.5853084,
          40.8755345
        ]
      },
      "properties": {
        "id": 7659039985,
        "osm_type": "node",
        "name": "Tavolara Sunrise Villa",
        "tourism": "chalet"
      }
    },
    {
      "type": "Feature",
      "geometry": {
        "type": "Point",
        "coordinates": [
          9.1091807,
          39.2159225
        ]
      },
      "properties": {
        "id": 7682331141,
        "osm_type": "node",
        "name": "Suite Cagliaritane",
        "tourism": "hotel",
        "phone": "+393496323590",
        "website": "https://www.suitecagliaritane.com/"
      }
    },
    {
      "type": "Feature",
      "geometry": {
        "type": "Point",
        "coordinates": [
          8.4365022,
          39.888765
        ]
      },
      "properties": {
        "id": 7682957518,
        "osm_type": "node",
        "tourism": "guest_house"
      }
    },
    {
      "type": "Feature",
      "geometry": {
        "type": "Point",
        "coordinates": [
          8.5316469,
          40.0079325
        ]
      },
      "properties": {
        "id": 7691430406,
        "osm_type": "node",
        "tourism": "guest_house"
      }
    },
    {
      "type": "Feature",
      "geometry": {
        "type": "Point",
        "coordinates": [
          9.3494227,
          40.1923391
        ]
      },
      "properties": {
        "id": 7707553786,
        "osm_type": "node",
        "name": "Area di sosta SUPRAMONTE",
        "tourism": "camp_site",
        "opening_hours": "Mo-Su 09:00-20:00",
        "tents": "yes",
        "contact:phone": "+393491775877",
        "website": "https://www.supramonte.it"
      }
    },
    {
      "type": "Feature",
      "geometry": {
        "type": "Point",
        "coordinates": [
          9.6861252,
          39.9835854
        ]
      },
      "properties": {
        "id": 7726873885,
        "osm_type": "node",
        "name": "Camper Service Costa Orientale",
        "tourism": "caravan_site",
        "phone": "+393339042522"
      }
    },
    {
      "type": "Feature",
      "geometry": {
        "type": "Point",
        "coordinates": [
          9.7506996,
          40.6089866
        ]
      },
      "properties": {
        "id": 7734473302,
        "osm_type": "node",
        "name": "Hotel L'ancora",
        "tourism": "hotel"
      }
    },
    {
      "type": "Feature",
      "geometry": {
        "type": "Point",
        "coordinates": [
          8.503084,
          40.2954825
        ]
      },
      "properties": {
        "id": 7764764169,
        "osm_type": "node",
        "tourism": "guest_house"
      }
    },
    {
      "type": "Feature",
      "geometry": {
        "type": "Point",
        "coordinates": [
          8.39218,
          39.087392
        ]
      },
      "properties": {
        "id": 7804695085,
        "osm_type": "node",
        "name": "Area di Sosta Vittoriano",
        "tourism": "caravan_site",
        "opening_hours": "Mo-Su 08:00-20:00",
        "phone": "+39 333 3773487"
      }
    },
    {
      "type": "Feature",
      "geometry": {
        "type": "Point",
        "coordinates": [
          9.3789502,
          41.1813874
        ]
      },
      "properties": {
        "id": 7899876123,
        "osm_type": "node",
        "name": "Palau City Hotel",
        "tourism": "hotel",
        "phone": "+390789709807"
      }
    },
    {
      "type": "Feature",
      "geometry": {
        "type": "Point",
        "coordinates": [
          8.4833143,
          40.284496
        ]
      },
      "properties": {
        "id": 7965302785,
        "osm_type": "node",
        "tourism": "caravan_site"
      }
    },
    {
      "type": "Feature",
      "geometry": {
        "type": "Point",
        "coordinates": [
          9.3969575,
          39.156607
        ]
      },
      "properties": {
        "id": 7993181185,
        "osm_type": "node",
        "name": "Villa Anna",
        "tourism": "guest_house",
        "phone": "+393927471642"
      }
    },
    {
      "type": "Feature",
      "geometry": {
        "type": "Point",
        "coordinates": [
          9.3929736,
          39.810866
        ]
      },
      "properties": {
        "id": 8023185587,
        "osm_type": "node",
        "name": "B&B \"Gennarcu\"",
        "tourism": "guest_house",
        "website": "http://www.gennarcu.it/it/home-page/"
      }
    },
    {
      "type": "Feature",
      "geometry": {
        "type": "Point",
        "coordinates": [
          9.3566622,
          39.6263996
        ]
      },
      "properties": {
        "id": 8039145985,
        "osm_type": "node",
        "name": "BnB Zia Maria",
        "tourism": "hostel",
        "phone": "+39 388 898 9829"
      }
    },
    {
      "type": "Feature",
      "geometry": {
        "type": "Point",
        "coordinates": [
          8.451184,
          39.0606068
        ]
      },
      "properties": {
        "id": 8121078705,
        "osm_type": "node",
        "name": "Dobson House",
        "tourism": "apartment"
      }
    },
    {
      "type": "Feature",
      "geometry": {
        "type": "Point",
        "coordinates": [
          9.3319191,
          40.8039757
        ]
      },
      "properties": {
        "id": 8150985557,
        "osm_type": "node",
        "name": "Hotel Ristorante Dai Compari",
        "tourism": "hotel",
        "phone": "+39 338 964 7966",
        "website": "https://www.hoteldaicompari.it"
      }
    },
    {
      "type": "Feature",
      "geometry": {
        "type": "Point",
        "coordinates": [
          8.8865636,
          39.6737458
        ]
      },
      "properties": {
        "id": 8254374640,
        "osm_type": "node",
        "name": "B&B Gelsomina",
        "tourism": "guest_house",
        "website": "https://www.facebook.com/Gelsomina1954"
      }
    },
    {
      "type": "Feature",
      "geometry": {
        "type": "Point",
        "coordinates": [
          9.7489754,
          40.6701965
        ]
      },
      "properties": {
        "id": 8303473544,
        "osm_type": "node",
        "name": "Club Hotel Marina Seada Beach",
        "tourism": "hotel",
        "contact:website": "https://www.marinaseadabeach.it/"
      }
    },
    {
      "type": "Feature",
      "geometry": {
        "type": "Point",
        "coordinates": [
          9.2967792,
          40.3672464
        ]
      },
      "properties": {
        "id": 8749843978,
        "osm_type": "node",
        "name": "Agritourismo Costiolu",
        "tourism": "caravan_site",
        "website": "https://www.agriturismocostiolu.com/index.php"
      }
    },
    {
      "type": "Feature",
      "geometry": {
        "type": "Point",
        "coordinates": [
          9.0124263,
          39.2842517
        ]
      },
      "properties": {
        "id": 8754280309,
        "osm_type": "node",
        "name": "Scalas Giorgia",
        "tourism": "guest_house",
        "phone": "+390709197747"
      }
    },
    {
      "type": "Feature",
      "geometry": {
        "type": "Point",
        "coordinates": [
          9.0115329,
          39.283525
        ]
      },
      "properties": {
        "id": 8754285219,
        "osm_type": "node",
        "name": "Albergo Il Teatrino",
        "tourism": "hotel"
      }
    },
    {
      "type": "Feature",
      "geometry": {
        "type": "Point",
        "coordinates": [
          8.9968633,
          39.2982853
        ]
      },
      "properties": {
        "id": 8755165186,
        "osm_type": "node",
        "name": "B&B Il Girasole",
        "tourism": "guest_house",
        "phone": "+393393021497"
      }
    },
    {
      "type": "Feature",
      "geometry": {
        "type": "Point",
        "coordinates": [
          9.6608033,
          39.970722
        ]
      },
      "properties": {
        "id": 8760594042,
        "osm_type": "node",
        "name": "Sa Crai b&b",
        "tourism": "hotel"
      }
    },
    {
      "type": "Feature",
      "geometry": {
        "type": "Point",
        "coordinates": [
          9.5109337,
          39.1577545
        ]
      },
      "properties": {
        "id": 8760594043,
        "osm_type": "node",
        "name": "B&B I Graniti Sardi Villasimius",
        "tourism": "hotel"
      }
    },
    {
      "type": "Feature",
      "geometry": {
        "type": "Point",
        "coordinates": [
          8.3677481,
          39.1101025
        ]
      },
      "properties": {
        "id": 8760594044,
        "osm_type": "node",
        "name": "Calabisso - Gaudi B&B",
        "tourism": "hotel"
      }
    },
    {
      "type": "Feature",
      "geometry": {
        "type": "Point",
        "coordinates": [
          8.4235339,
          39.8974442
        ]
      },
      "properties": {
        "id": 8760594045,
        "osm_type": "node",
        "name": "Sa Cannizzada",
        "tourism": "hotel"
      }
    },
    {
      "type": "Feature",
      "geometry": {
        "type": "Point",
        "coordinates": [
          8.2234336,
          40.5919917
        ]
      },
      "properties": {
        "id": 8760753843,
        "osm_type": "node",
        "name": "B&B La Casa Bianca di Porto Conte",
        "tourism": "hotel"
      }
    },
    {
      "type": "Feature",
      "geometry": {
        "type": "Point",
        "coordinates": [
          8.6912397,
          40.9046165
        ]
      },
      "properties": {
        "id": 8760753844,
        "osm_type": "node",
        "name": "REAL B&B PrimoSole",
        "tourism": "hotel"
      }
    },
    {
      "type": "Feature",
      "geometry": {
        "type": "Point",
        "coordinates": [
          9.4184226,
          41.2243546
        ]
      },
      "properties": {
        "id": 8760753845,
        "osm_type": "node",
        "name": "The Roses Garden",
        "tourism": "hotel"
      }
    },
    {
      "type": "Feature",
      "geometry": {
        "type": "Point",
        "coordinates": [
          9.749417,
          40.6097023
        ]
      },
      "properties": {
        "id": 8765012678,
        "osm_type": "node",
        "name": "Cala della Torre Resort",
        "tourism": "hotel",
        "phone": "+39 0721 63071",
        "website": "https://www.hotelcaladellatorre.com/"
      }
    },
    {
      "type": "Feature",
      "geometry": {
        "type": "Point",
        "coordinates": [
          9.5393374,
          41.1116172
        ]
      },
      "properties": {
        "id": 8852531816,
        "osm_type": "node",
        "name": "CPH Colonna Pevero Hotel",
        "tourism": "hotel",
        "phone": "+39 0789 907009",
        "website": "https://www.cphpeverohotel.com/"
      }
    },
    {
      "type": "Feature",
      "geometry": {
        "type": "Point",
        "coordinates": [
          9.4839406,
          40.9213764
        ]
      },
      "properties": {
        "id": 8878090863,
        "osm_type": "node",
        "name": "City Garden Guest House",
        "tourism": "hotel"
      }
    },
    {
      "type": "Feature",
      "geometry": {
        "type": "Point",
        "coordinates": [
          8.5246536,
          39.9034819
        ]
      },
      "properties": {
        "id": 9037287472,
        "osm_type": "node",
        "name": "Hotel Lido Beach",
        "tourism": "hotel",
        "website": "https://www.hotellido.org/"
      }
    },
    {
      "type": "Feature",
      "geometry": {
        "type": "Point",
        "coordinates": [
          9.6684816,
          39.7837578
        ]
      },
      "properties": {
        "id": 9050340485,
        "osm_type": "node",
        "name": "Area Sosta Camper Mare Blu",
        "tourism": "caravan_site"
      }
    },
    {
      "type": "Feature",
      "geometry": {
        "type": "Point",
        "coordinates": [
          8.881758,
          38.9055955
        ]
      },
      "properties": {
        "id": 9060272717,
        "osm_type": "node",
        "name": "B&B A Sa Tanca",
        "tourism": "guest_house"
      }
    },
    {
      "type": "Feature",
      "geometry": {
        "type": "Point",
        "coordinates": [
          9.4487945,
          41.074091
        ]
      },
      "properties": {
        "id": 9066426217,
        "osm_type": "node",
        "name": "Cascioni Eco Retreat",
        "tourism": "hotel",
        "opening_hours": "24/7",
        "phone": "+39 347 836 4555",
        "website": "https://www.cascioni.com/"
      }
    },
    {
      "type": "Feature",
      "geometry": {
        "type": "Point",
        "coordinates": [
          9.6761213,
          40.8218841
        ]
      },
      "properties": {
        "id": 9071518017,
        "osm_type": "node",
        "name": "Baglioni Resort Sardegna",
        "tourism": "hotel",
        "opening_hours": "24/7",
        "phone": "+3907841908000",
        "website": "https://www.baglionihotels.com/baglioni-resort-sardinia-san-teodoro"
      }
    },
    {
      "type": "Feature",
      "geometry": {
        "type": "Point",
        "coordinates": [
          8.1754445,
          40.78584
        ]
      },
      "properties": {
        "id": 9095124456,
        "osm_type": "node",
        "name": "Agriturismo Finagliosu",
        "tourism": "guest_house"
      }
    },
    {
      "type": "Feature",
      "geometry": {
        "type": "Point",
        "coordinates": [
          8.2513836,
          40.6572809
        ]
      },
      "properties": {
        "id": 9108793698,
        "osm_type": "node",
        "name": "Agriturismo Bonsai",
        "tourism": "guest_house"
      }
    },
    {
      "type": "Feature",
      "geometry": {
        "type": "Point",
        "coordinates": [
          8.2702525,
          40.6246785
        ]
      },
      "properties": {
        "id": 9179823178,
        "osm_type": "node",
        "name": "B&B Fiori di Pesco Alghero - Fertilia",
        "tourism": "guest_house",
        "phone": "+393497561139"
      }
    },
    {
      "type": "Feature",
      "geometry": {
        "type": "Point",
        "coordinates": [
          8.8020271,
          39.7910522
        ]
      },
      "properties": {
        "id": 9209739851,
        "osm_type": "node",
        "name": "Casa Murroni",
        "tourism": "apartment"
      }
    },
    {
      "type": "Feature",
      "geometry": {
        "type": "Point",
        "coordinates": [
          9.0009687,
          39.7035083
        ]
      },
      "properties": {
        "id": 9238192421,
        "osm_type": "node",
        "name": "Diecizero Contemporany Art Hotel",
        "tourism": "hotel"
      }
    },
    {
      "type": "Feature",
      "geometry": {
        "type": "Point",
        "coordinates": [
          9.5707771,
          41.0019743
        ]
      },
      "properties": {
        "id": 9258379532,
        "osm_type": "node",
        "name": "Residence Baia de Bahas",
        "tourism": "hotel",
        "phone": "+39 079 271461",
        "website": "https://www.residencebaiadebahas.com/"
      }
    },
    {
      "type": "Feature",
      "geometry": {
        "type": "Point",
        "coordinates": [
          9.6140659,
          41.0029226
        ]
      },
      "properties": {
        "id": 9258421521,
        "osm_type": "node",
        "name": "Gabbiano Azzurro",
        "tourism": "hotel",
        "phone": "+39 0789 46929",
        "website": "https://www.hotelgabbianoazzurro.com/"
      }
    },
    {
      "type": "Feature",
      "geometry": {
        "type": "Point",
        "coordinates": [
          9.7089626,
          40.7343067
        ]
      },
      "properties": {
        "id": 9261392515,
        "osm_type": "node",
        "name": "Baia del Porto",
        "tourism": "hotel",
        "phone": "+39 0784 844897",
        "website": "https://www.hotelbaiadelporto.it/"
      }
    },
    {
      "type": "Feature",
      "geometry": {
        "type": "Point",
        "coordinates": [
          9.7112015,
          39.9335729
        ]
      },
      "properties": {
        "id": 9366084007,
        "osm_type": "node",
        "name": "Hotel Cala Moresca",
        "tourism": "hotel",
        "phone": "+39 0782 197 0195"
      }
    },
    {
      "type": "Feature",
      "geometry": {
        "type": "Point",
        "coordinates": [
          8.9068005,
          39.7544543
        ]
      },
      "properties": {
        "id": 9387849043,
        "osm_type": "node",
        "name": "Casa Susanna",
        "tourism": "hotel",
        "phone": "+39 342 611 6397"
      }
    },
    {
      "type": "Feature",
      "geometry": {
        "type": "Point",
        "coordinates": [
          9.1238592,
          39.6961502
        ]
      },
      "properties": {
        "id": 9666874390,
        "osm_type": "node",
        "name": "Area Attrezzata",
        "tourism": "caravan_site"
      }
    },
    {
      "type": "Feature",
      "geometry": {
        "type": "Point",
        "coordinates": [
          9.6225864,
          40.3503909
        ]
      },
      "properties": {
        "id": 9666898331,
        "osm_type": "node",
        "name": "Agricamping Su Nuragheddu",
        "tourism": "camp_site",
        "tents": "yes",
        "contact:phone": "+39 340 8937481",
        "website": "https://www.sunuragheddu.com/"
      }
    },
    {
      "type": "Feature",
      "geometry": {
        "type": "Point",
        "coordinates": [
          9.6559809,
          40.8454831
        ]
      },
      "properties": {
        "id": 9669807488,
        "osm_type": "node",
        "name": "Reception Lu Nibareddu",
        "tourism": "chalet",
        "website": "https://www.lunibareddu.it/de/"
      }
    },
    {
      "type": "Feature",
      "geometry": {
        "type": "Point",
        "coordinates": [
          8.6307079,
          39.4354242
        ]
      },
      "properties": {
        "id": 9680954300,
        "osm_type": "node",
        "name": "Baita genna Eidadi (privata)",
        "tourism": "alpine_hut"
      }
    },
    {
      "type": "Feature",
      "geometry": {
        "type": "Point",
        "coordinates": [
          8.714227,
          40.9147071
        ]
      },
      "properties": {
        "id": 9682884998,
        "osm_type": "node",
        "name": "Apartamento Anda&Torra",
        "tourism": "apartment",
        "phone": "+39 347 400 5765"
      }
    },
    {
      "type": "Feature",
      "geometry": {
        "type": "Point",
        "coordinates": [
          8.3228002,
          40.5525025
        ]
      },
      "properties": {
        "id": 9689348824,
        "osm_type": "node",
        "name": "Apartamento Via Sassari",
        "tourism": "apartment"
      }
    },
    {
      "type": "Feature",
      "geometry": {
        "type": "Point",
        "coordinates": [
          8.3228304,
          40.5525468
        ]
      },
      "properties": {
        "id": 9689348825,
        "osm_type": "node",
        "name": "Luelen Apartment",
        "tourism": "apartment"
      }
    },
    {
      "type": "Feature",
      "geometry": {
        "type": "Point",
        "coordinates": [
          8.7146505,
          40.9150579
        ]
      },
      "properties": {
        "id": 9689359833,
        "osm_type": "node",
        "name": "Bellagio B&B",
        "tourism": "guest_house"
      }
    },
    {
      "type": "Feature",
      "geometry": {
        "type": "Point",
        "coordinates": [
          8.5030703,
          40.2005749
        ]
      },
      "properties": {
        "id": 9740842717,
        "osm_type": "node",
        "name": "La Rosa dei venti",
        "tourism": "caravan_site"
      }
    },
    {
      "type": "Feature",
      "geometry": {
        "type": "Point",
        "coordinates": [
          9.5167172,
          39.1475462
        ]
      },
      "properties": {
        "id": 9769032601,
        "osm_type": "node",
        "name": "B&B Il Piccolo Giardino",
        "tourism": "apartment"
      }
    },
    {
      "type": "Feature",
      "geometry": {
        "type": "Point",
        "coordinates": [
          8.5028001,
          40.2958787
        ]
      },
      "properties": {
        "id": 9778874453,
        "osm_type": "node",
        "name": "Regnos Altos",
        "tourism": "hotel",
        "phone": "+39 379 1272959",
        "website": "https://www.regnosaltos.it/"
      }
    },
    {
      "type": "Feature",
      "geometry": {
        "type": "Point",
        "coordinates": [
          9.5056631,
          41.1378642
        ]
      },
      "properties": {
        "id": 9805533317,
        "osm_type": "node",
        "name": "Le Residenze degli Oleandri",
        "tourism": "guest_house"
      }
    },
    {
      "type": "Feature",
      "geometry": {
        "type": "Point",
        "coordinates": [
          8.3275041,
          40.7512787
        ]
      },
      "properties": {
        "id": 9811429325,
        "osm_type": "node",
        "name": "Su Siddaddu",
        "tourism": "chalet",
        "website": "https://www.susiddaddu.it/"
      }
    },
    {
      "type": "Feature",
      "geometry": {
        "type": "Point",
        "coordinates": [
          9.3222463,
          39.2110308
        ]
      },
      "properties": {
        "id": 9855792717,
        "osm_type": "node",
        "name": "garden sharing Officina Equestre",
        "tourism": "camp_site",
        "tents": "yes",
        "phone": "+39 393 486 5513",
        "website": "https://www.gardensharing.it/it/struttura/area-camping-in-maneggio-officina-equestre-613e0e537bc47c6c1321cf51/"
      }
    },
    {
      "type": "Feature",
      "geometry": {
        "type": "Point",
        "coordinates": [
          9.0020443,
          39.0114343
        ]
      },
      "properties": {
        "id": 9877595018,
        "osm_type": "node",
        "name": "Villa Madau",
        "tourism": "hotel"
      }
    },
    {
      "type": "Feature",
      "geometry": {
        "type": "Point",
        "coordinates": [
          8.4476817,
          39.0000259
        ]
      },
      "properties": {
        "id": 9879325707,
        "osm_type": "node",
        "name": "Lu'Hotel Maladroxia Sant'Antioco",
        "tourism": "hotel",
        "phone": "+39 0781817403",
        "website": "https://www.luhotel-maladroxia.it/"
      }
    },
    {
      "type": "Feature",
      "geometry": {
        "type": "Point",
        "coordinates": [
          9.519765,
          39.7901368
        ]
      },
      "properties": {
        "id": 9885773277,
        "osm_type": "node",
        "name": "Da Concetta",
        "tourism": "hotel"
      }
    },
    {
      "type": "Feature",
      "geometry": {
        "type": "Point",
        "coordinates": [
          8.5307895,
          40.312625
        ]
      },
      "properties": {
        "id": 9893735774,
        "osm_type": "node",
        "name": "Agricamping Su'e Lentu",
        "tourism": "camp_site",
        "tents": "yes",
        "contact:phone": "+39 329 408 5376",
        "contact:website": "https://quisardegna.eu/Sardegna/Default.asp?MnDesc=musei&MnCall=agricamping-su-e-lentu-bosa&Struttura=46&Lang=1&MnGroup=3&MnNum=1"
      }
    },
    {
      "type": "Feature",
      "geometry": {
        "type": "Point",
        "coordinates": [
          8.5281531,
          40.3114125
        ]
      },
      "properties": {
        "id": 9893738683,
        "osm_type": "node",
        "name": "Agricampeggio Mattagiana",
        "tourism": "camp_site",
        "tents": "yes",
        "contact:phone": "+39 334 897 7053",
        "contact:website": "https://www.mattagiana.com/"
      }
    },
    {
      "type": "Feature",
      "geometry": {
        "type": "Point",
        "coordinates": [
          9.3823091,
          41.1859706
        ]
      },
      "properties": {
        "id": 9936999117,
        "osm_type": "node",
        "tourism": "hotel"
      }
    },
    {
      "type": "Feature",
      "geometry": {
        "type": "Point",
        "coordinates": [
          8.2365301,
          40.8787434
        ]
      },
      "properties": {
        "id": 9939469489,
        "osm_type": "node",
        "name": "Nonno Stacca",
        "tourism": "guest_house"
      }
    },
    {
      "type": "Feature",
      "geometry": {
        "type": "Point",
        "coordinates": [
          9.4496747,
          40.8568639
        ]
      },
      "properties": {
        "id": 9949786051,
        "osm_type": "node",
        "name": "Domo De Enas",
        "tourism": "chalet"
      }
    },
    {
      "type": "Feature",
      "geometry": {
        "type": "Point",
        "coordinates": [
          9.0108455,
          39.0662674
        ]
      },
      "properties": {
        "id": 9951263713,
        "osm_type": "node",
        "name": "Hotel Villa Rosa",
        "tourism": "hotel",
        "phone": "+39 070 900171",
        "website": "https://hotelvillarosaweb.it/"
      }
    },
    {
      "type": "Feature",
      "geometry": {
        "type": "Point",
        "coordinates": [
          8.5387421,
          39.9245201
        ]
      },
      "properties": {
        "id": 9983148227,
        "osm_type": "node",
        "name": "Casa Titti",
        "tourism": "guest_house",
        "phone": "+39 331 3348040",
        "website": "http://www.casatitti.it/"
      }
    },
    {
      "type": "Feature",
      "geometry": {
        "type": "Point",
        "coordinates": [
          9.5857906,
          40.2901146
        ]
      },
      "properties": {
        "id": 10016352477,
        "osm_type": "node",
        "name": "Safeheaven Sardinia",
        "tourism": "guest_house",
        "phone": "+393792890010",
        "website": "https://www.safeheavensardinia.com/"
      }
    },
    {
      "type": "Feature",
      "geometry": {
        "type": "Point",
        "coordinates": [
          9.5063044,
          40.0939009
        ]
      },
      "properties": {
        "id": 10051680015,
        "osm_type": "node",
        "name": "B&B Serraecoro",
        "tourism": "apartment"
      }
    },
    {
      "type": "Feature",
      "geometry": {
        "type": "Point",
        "coordinates": [
          8.3428222,
          40.5613899
        ]
      },
      "properties": {
        "id": 10059481357,
        "osm_type": "node",
        "name": "Butterfly House B&B",
        "tourism": "motel"
      }
    },
    {
      "type": "Feature",
      "geometry": {
        "type": "Point",
        "coordinates": [
          9.5106116,
          40.1530431
        ]
      },
      "properties": {
        "id": 10087329635,
        "osm_type": "node",
        "tourism": "caravan_site"
      }
    },
    {
      "type": "Feature",
      "geometry": {
        "type": "Point",
        "coordinates": [
          8.414785,
          40.0229753
        ]
      },
      "properties": {
        "id": 10106351131,
        "osm_type": "node",
        "name": "Nature Resort by Ginepro & Co.",
        "tourism": "hotel",
        "phone": "+393474424153",
        "website": "https://nature-resort.ginepro.co/"
      }
    },
    {
      "type": "Feature",
      "geometry": {
        "type": "Point",
        "coordinates": [
          9.1752168,
          40.0259958
        ]
      },
      "properties": {
        "id": 10180483626,
        "osm_type": "node",
        "name": "Antica Potecarìa",
        "tourism": "guest_house"
      }
    },
    {
      "type": "Feature",
      "geometry": {
        "type": "Point",
        "coordinates": [
          9.509996,
          39.2970622
        ]
      },
      "properties": {
        "id": 10262109730,
        "osm_type": "node",
        "name": "Hotel Ristorante i Menhir",
        "tourism": "hotel",
        "phone": "+39 070 9949272",
        "website": "https://www.imenhirs.com/"
      }
    },
    {
      "type": "Feature",
      "geometry": {
        "type": "Point",
        "coordinates": [
          9.3311493,
          40.6523949
        ]
      },
      "properties": {
        "id": 10285721425,
        "osm_type": "node",
        "name": "B&B Santa Croce",
        "tourism": "guest_house"
      }
    },
    {
      "type": "Feature",
      "geometry": {
        "type": "Point",
        "coordinates": [
          8.9746747,
          39.492678
        ]
      },
      "properties": {
        "id": 10292926604,
        "osm_type": "node",
        "name": "Domu Odilia B&B",
        "tourism": "guest_house"
      }
    },
    {
      "type": "Feature",
      "geometry": {
        "type": "Point",
        "coordinates": [
          9.3969483,
          39.1442228
        ]
      },
      "properties": {
        "id": 10302059886,
        "osm_type": "node",
        "name": "Villa Patty",
        "tourism": "guest_house"
      }
    },
    {
      "type": "Feature",
      "geometry": {
        "type": "Point",
        "coordinates": [
          9.5896287,
          40.2919396
        ]
      },
      "properties": {
        "id": 10304129723,
        "osm_type": "node",
        "name": "Sardinia Room Siscaledda",
        "tourism": "guest_house"
      }
    },
    {
      "type": "Feature",
      "geometry": {
        "type": "Point",
        "coordinates": [
          9.4078383,
          40.2743996
        ]
      },
      "properties": {
        "id": 10315188617,
        "osm_type": "node",
        "name": "Su Confortu",
        "tourism": "guest_house"
      }
    },
    {
      "type": "Feature",
      "geometry": {
        "type": "Point",
        "coordinates": [
          8.5490824,
          40.2767471
        ]
      },
      "properties": {
        "id": 10316613859,
        "osm_type": "node",
        "name": "S'ena B&B",
        "tourism": "guest_house",
        "phone": "+39 0785 34705",
        "website": "www.s-ena.it"
      }
    },
    {
      "type": "Feature",
      "geometry": {
        "type": "Point",
        "coordinates": [
          8.5018839,
          40.2966032
        ]
      },
      "properties": {
        "id": 10316720816,
        "osm_type": "node",
        "name": "B&B Ada's Guest House",
        "tourism": "guest_house"
      }
    },
    {
      "type": "Feature",
      "geometry": {
        "type": "Point",
        "coordinates": [
          9.6890082,
          40.3821795
        ]
      },
      "properties": {
        "id": 10316876408,
        "osm_type": "node",
        "name": "Domo Micali",
        "tourism": "guest_house"
      }
    },
    {
      "type": "Feature",
      "geometry": {
        "type": "Point",
        "coordinates": [
          9.6302136,
          40.4094456
        ]
      },
      "properties": {
        "id": 10316883043,
        "osm_type": "node",
        "name": "Affittacamere Su Ponzu",
        "tourism": "guest_house"
      }
    },
    {
      "type": "Feature",
      "geometry": {
        "type": "Point",
        "coordinates": [
          8.3201696,
          40.5757193
        ]
      },
      "properties": {
        "id": 10536698592,
        "osm_type": "node",
        "name": "Papaleo's House",
        "tourism": "guest_house"
      }
    },
    {
      "type": "Feature",
      "geometry": {
        "type": "Point",
        "coordinates": [
          9.6730867,
          40.7764655
        ]
      },
      "properties": {
        "id": 10536929898,
        "osm_type": "node",
        "name": "Residence Harbour",
        "tourism": "hotel"
      }
    },
    {
      "type": "Feature",
      "geometry": {
        "type": "Point",
        "coordinates": [
          9.6689137,
          40.7745026
        ]
      },
      "properties": {
        "id": 10536971812,
        "osm_type": "node",
        "name": "Hotel Bonsai",
        "tourism": "hotel"
      }
    },
    {
      "type": "Feature",
      "geometry": {
        "type": "Point",
        "coordinates": [
          8.5702958,
          40.7835162
        ]
      },
      "properties": {
        "id": 10539700096,
        "osm_type": "node",
        "name": "B&B Relais",
        "tourism": "guest_house"
      }
    },
    {
      "type": "Feature",
      "geometry": {
        "type": "Point",
        "coordinates": [
          8.5972255,
          40.7769803
        ]
      },
      "properties": {
        "id": 10539707502,
        "osm_type": "node",
        "name": "B&B La Pace dei Sensi",
        "tourism": "guest_house"
      }
    },
    {
      "type": "Feature",
      "geometry": {
        "type": "Point",
        "coordinates": [
          8.783216,
          40.9170139
        ]
      },
      "properties": {
        "id": 10539816994,
        "osm_type": "node",
        "name": "Sa Florida",
        "tourism": "hotel",
        "website": "https://www.safiorida.com/"
      }
    },
    {
      "type": "Feature",
      "geometry": {
        "type": "Point",
        "coordinates": [
          9.1397793,
          41.1503487
        ]
      },
      "properties": {
        "id": 10540090199,
        "osm_type": "node",
        "name": "Monti Russu",
        "tourism": "guest_house"
      }
    },
    {
      "type": "Feature",
      "geometry": {
        "type": "Point",
        "coordinates": [
          9.1875502,
          41.2381061
        ]
      },
      "properties": {
        "id": 10540107301,
        "osm_type": "node",
        "name": "Maison Margherita",
        "tourism": "guest_house"
      }
    },
    {
      "type": "Feature",
      "geometry": {
        "type": "Point",
        "coordinates": [
          9.1865927,
          41.240056
        ]
      },
      "properties": {
        "id": 10540107304,
        "osm_type": "node",
        "name": "I Mirti Bianchi",
        "tourism": "hotel"
      }
    },
    {
      "type": "Feature",
      "geometry": {
        "type": "Point",
        "coordinates": [
          9.5267089,
          41.1366759
        ]
      },
      "properties": {
        "id": 10540274856,
        "osm_type": "node",
        "name": "B&B Il Cervo Dormiglione",
        "tourism": "guest_house"
      }
    },
    {
      "type": "Feature",
      "geometry": {
        "type": "Point",
        "coordinates": [
          9.656497,
          39.833372
        ]
      },
      "properties": {
        "id": 10614633021,
        "osm_type": "node",
        "name": "Agriturismo Chiai Francesco",
        "tourism": "guest_house"
      }
    },
    {
      "type": "Feature",
      "geometry": {
        "type": "Point",
        "coordinates": [
          9.0990175,
          41.0812742
        ]
      },
      "properties": {
        "id": 10722252406,
        "osm_type": "node",
        "name": "Stazzo di l'incantu",
        "tourism": "chalet",
        "website": "https://www.sardegna-e.com/buildings/stazzo-di-lincantu"
      }
    },
    {
      "type": "Feature",
      "geometry": {
        "type": "Point",
        "coordinates": [
          9.7444234,
          40.6101312
        ]
      },
      "properties": {
        "id": 10743920082,
        "osm_type": "node",
        "name": "Hotel Ristorante L'Aragosta",
        "tourism": "hotel",
        "phone": "+39 0784 810046",
        "website": "https://www.laragostahotel.it/"
      }
    },
    {
      "type": "Feature",
      "geometry": {
        "type": "Point",
        "coordinates": [
          8.3170705,
          40.8102719
        ]
      },
      "properties": {
        "id": 10752352474,
        "osm_type": "node",
        "name": "Agriturismo Cuile de Molino",
        "tourism": "guest_house",
        "phone": "+393389832159",
        "website": "http://www.cuiledemolino.it/"
      }
    },
    {
      "type": "Feature",
      "geometry": {
        "type": "Point",
        "coordinates": [
          8.3444813,
          40.7470385
        ]
      },
      "properties": {
        "id": 10752380548,
        "osm_type": "node",
        "name": "Agriturismo Cristina",
        "tourism": "guest_house",
        "phone": "+39 340 3924862",
        "website": "https://www.agriturismocristina.com/"
      }
    },
    {
      "type": "Feature",
      "geometry": {
        "type": "Point",
        "coordinates": [
          8.32069,
          40.8113311
        ]
      },
      "properties": {
        "id": 10752382978,
        "osm_type": "node",
        "name": "I 4 MORI",
        "tourism": "guest_house",
        "phone": "+393888794015"
      }
    },
    {
      "type": "Feature",
      "geometry": {
        "type": "Point",
        "coordinates": [
          8.5340972,
          39.3155755
        ]
      },
      "properties": {
        "id": 10840354205,
        "osm_type": "node",
        "name": "Casa Monica Vacanze",
        "tourism": "guest_house",
        "opening_hours": "Mo-Su 08:00-23:00",
        "phone": "+39 348 321 2793"
      }
    },
    {
      "type": "Feature",
      "geometry": {
        "type": "Point",
        "coordinates": [
          9.0119109,
          39.2956502
        ]
      },
      "properties": {
        "id": 10876061598,
        "osm_type": "node",
        "name": "Agriturismo Is Scalas",
        "tourism": "guest_house"
      }
    },
    {
      "type": "Feature",
      "geometry": {
        "type": "Point",
        "coordinates": [
          9.3602149,
          40.2030252
        ]
      },
      "properties": {
        "id": 10887073175,
        "osm_type": "node",
        "name": "S'Orgosa",
        "tourism": "guest_house",
        "phone": "+39 340 2249173"
      }
    },
    {
      "type": "Feature",
      "geometry": {
        "type": "Point",
        "coordinates": [
          9.6184628,
          41.0038783
        ]
      },
      "properties": {
        "id": 10964016334,
        "osm_type": "node",
        "name": "Brezza b&b",
        "tourism": "guest_house"
      }
    },
    {
      "type": "Feature",
      "geometry": {
        "type": "Point",
        "coordinates": [
          8.4845644,
          40.2746913
        ]
      },
      "properties": {
        "id": 10983642205,
        "osm_type": "node",
        "tourism": "caravan_site"
      }
    },
    {
      "type": "Feature",
      "geometry": {
        "type": "Point",
        "coordinates": [
          9.5471247,
          40.9271405
        ]
      },
      "properties": {
        "id": 11001440415,
        "osm_type": "node",
        "tourism": "caravan_site"
      }
    },
    {
      "type": "Feature",
      "geometry": {
        "type": "Point",
        "coordinates": [
          9.0018844,
          39.0112733
        ]
      },
      "properties": {
        "id": 11056964484,
        "osm_type": "node",
        "name": "Villa Mereu",
        "tourism": "hotel",
        "contact:website": "https://beb.it/villamereu/it/",
        "check_date": "2025-08-31"
      }
    },
    {
      "type": "Feature",
      "geometry": {
        "type": "Point",
        "coordinates": [
          9.665799,
          39.9777538
        ]
      },
      "properties": {
        "id": 11068815405,
        "osm_type": "node",
        "tourism": "apartment"
      }
    },
    {
      "type": "Feature",
      "geometry": {
        "type": "Point",
        "coordinates": [
          9.5028045,
          40.9250065
        ]
      },
      "properties": {
        "id": 11073447954,
        "osm_type": "node",
        "name": "Tramas Hotel & Spa",
        "tourism": "hotel",
        "phone": "+39 0789 24 409",
        "website": "https://tramashotel.it/"
      }
    },
    {
      "type": "Feature",
      "geometry": {
        "type": "Point",
        "coordinates": [
          9.4247516,
          39.1668622
        ]
      },
      "properties": {
        "id": 11099164472,
        "osm_type": "node",
        "name": "Soul Valley",
        "tourism": "hotel",
        "website": "https://soulvalley.it/"
      }
    },
    {
      "type": "Feature",
      "geometry": {
        "type": "Point",
        "coordinates": [
          9.7454158,
          40.601206
        ]
      },
      "properties": {
        "id": 11101188334,
        "osm_type": "node",
        "name": "S'Arena Beach Oasis Hotel",
        "tourism": "hotel",
        "phone": "+3907841910106",
        "website": "https://www.sarenabeach.it/"
      }
    },
    {
      "type": "Feature",
      "geometry": {
        "type": "Point",
        "coordinates": [
          9.4572387,
          39.8171145
        ]
      },
      "properties": {
        "id": 11111338105,
        "osm_type": "node",
        "tourism": "camp_site"
      }
    },
    {
      "type": "Feature",
      "geometry": {
        "type": "Point",
        "coordinates": [
          9.5309227,
          40.9872963
        ]
      },
      "properties": {
        "id": 11142349705,
        "osm_type": "node",
        "name": "Macciuneddu country retreat",
        "tourism": "guest_house"
      }
    },
    {
      "type": "Feature",
      "geometry": {
        "type": "Point",
        "coordinates": [
          9.5309109,
          40.9872774
        ]
      },
      "properties": {
        "id": 11142349805,
        "osm_type": "node",
        "name": "Macciuneddu Country Retreat",
        "tourism": "guest_house"
      }
    },
    {
      "type": "Feature",
      "geometry": {
        "type": "Point",
        "coordinates": [
          8.9191987,
          40.1716487
        ]
      },
      "properties": {
        "id": 11159012950,
        "osm_type": "node",
        "name": "Agriturismo Binzas Betzas",
        "tourism": "guest_house",
        "website": "https://binzasbetzas.com"
      }
    },
    {
      "type": "Feature",
      "geometry": {
        "type": "Point",
        "coordinates": [
          8.9193597,
          40.1764947
        ]
      },
      "properties": {
        "id": 11159012951,
        "osm_type": "node",
        "name": "Nyu Domo B&B",
        "tourism": "guest_house"
      }
    },
    {
      "type": "Feature",
      "geometry": {
        "type": "Point",
        "coordinates": [
          8.9186227,
          40.1758261
        ]
      },
      "properties": {
        "id": 11159012952,
        "osm_type": "node",
        "name": "Domuspes",
        "tourism": "guest_house"
      }
    },
    {
      "type": "Feature",
      "geometry": {
        "type": "Point",
        "coordinates": [
          9.153263,
          39.1861939
        ]
      },
      "properties": {
        "id": 11163525920,
        "osm_type": "node",
        "tourism": "hotel"
      }
    },
    {
      "type": "Feature",
      "geometry": {
        "type": "Point",
        "coordinates": [
          9.5188868,
          39.8945265
        ]
      },
      "properties": {
        "id": 11168001405,
        "osm_type": "node",
        "tourism": "apartment"
      }
    },
    {
      "type": "Feature",
      "geometry": {
        "type": "Point",
        "coordinates": [
          9.1130206,
          39.217303
        ]
      },
      "properties": {
        "id": 11171755454,
        "osm_type": "node",
        "name": "Hotel Carlo Felice",
        "tourism": "hotel",
        "check_date": "2023-09-06"
      }
    },
    {
      "type": "Feature",
      "geometry": {
        "type": "Point",
        "coordinates": [
          9.1161457,
          39.2112969
        ]
      },
      "properties": {
        "id": 11175496106,
        "osm_type": "node",
        "name": "Palazzo Tirso",
        "tourism": "hotel",
        "contact:website": "https://www.palazzotirsocagliari.com/",
        "check_date": "2025-02-19"
      }
    },
    {
      "type": "Feature",
      "geometry": {
        "type": "Point",
        "coordinates": [
          9.1141248,
          39.2141984
        ]
      },
      "properties": {
        "id": 11175537000,
        "osm_type": "node",
        "name": "Hotel Dedoni",
        "tourism": "hotel",
        "contact:phone": "+39 070 664871"
      }
    },
    {
      "type": "Feature",
      "geometry": {
        "type": "Point",
        "coordinates": [
          9.1116524,
          39.2145087
        ]
      },
      "properties": {
        "id": 11178571488,
        "osm_type": "node",
        "name": "Magnini rooms",
        "tourism": "hotel",
        "check_date": "2023-09-09"
      }
    },
    {
      "type": "Feature",
      "geometry": {
        "type": "Point",
        "coordinates": [
          9.1135009,
          39.2161266
        ]
      },
      "properties": {
        "id": 11180744935,
        "osm_type": "node",
        "name": "C&O Savoia Deluxe Rooms",
        "tourism": "hotel",
        "phone": "+39 375 593 3115",
        "website": "https://ceowelcomingitaly.it/"
      }
    },
    {
      "type": "Feature",
      "geometry": {
        "type": "Point",
        "coordinates": [
          8.5676139,
          40.1851979
        ]
      },
      "properties": {
        "id": 11187510529,
        "osm_type": "node",
        "name": "Il Sogno - House Gallery",
        "tourism": "apartment",
        "phone": "+393460378458"
      }
    },
    {
      "type": "Feature",
      "geometry": {
        "type": "Point",
        "coordinates": [
          8.219309,
          40.5972718
        ]
      },
      "properties": {
        "id": 11187792421,
        "osm_type": "node",
        "name": "Hotel Corte Rosada",
        "tourism": "hotel",
        "contact:phone": "+39079942038",
        "contact:website": "http://www.hotelcorterosada.it"
      }
    },
    {
      "type": "Feature",
      "geometry": {
        "type": "Point",
        "coordinates": [
          9.1105923,
          39.2192151
        ]
      },
      "properties": {
        "id": 11189125026,
        "osm_type": "node",
        "name": "B&B Il giardino segreto",
        "tourism": "hotel",
        "check_date": "2023-09-13"
      }
    },
    {
      "type": "Feature",
      "geometry": {
        "type": "Point",
        "coordinates": [
          9.1135652,
          39.2168092
        ]
      },
      "properties": {
        "id": 11193342446,
        "osm_type": "node",
        "name": "Baylle Hotel",
        "tourism": "hotel",
        "check_date": "2023-09-15"
      }
    },
    {
      "type": "Feature",
      "geometry": {
        "type": "Point",
        "coordinates": [
          9.190895,
          41.2400449
        ]
      },
      "properties": {
        "id": 11229883621,
        "osm_type": "node",
        "name": "Hotel Marinaro",
        "tourism": "hotel"
      }
    },
    {
      "type": "Feature",
      "geometry": {
        "type": "Point",
        "coordinates": [
          9.6617929,
          40.033468
        ]
      },
      "properties": {
        "id": 11262510597,
        "osm_type": "node",
        "name": "Bia Maore",
        "tourism": "hotel"
      }
    },
    {
      "type": "Feature",
      "geometry": {
        "type": "Point",
        "coordinates": [
          8.5282782,
          39.9327113
        ]
      },
      "properties": {
        "id": 11270165469,
        "osm_type": "node",
        "name": "B&B Dimora Orrù",
        "tourism": "guest_house",
        "phone": "+39 349 2166046"
      }
    },
    {
      "type": "Feature",
      "geometry": {
        "type": "Point",
        "coordinates": [
          8.5303512,
          39.9282835
        ]
      },
      "properties": {
        "id": 11270165569,
        "osm_type": "node",
        "name": "Cabras centro alloggio turistico",
        "tourism": "apartment",
        "phone": "+39 349 2166046"
      }
    },
    {
      "type": "Feature",
      "geometry": {
        "type": "Point",
        "coordinates": [
          9.6972062,
          40.3768767
        ]
      },
      "properties": {
        "id": 11277886194,
        "osm_type": "node",
        "name": "S'Ortale",
        "tourism": "hotel",
        "website": "https://www.sortale.it/"
      }
    },
    {
      "type": "Feature",
      "geometry": {
        "type": "Point",
        "coordinates": [
          8.3173979,
          40.5563973
        ]
      },
      "properties": {
        "id": 11283431793,
        "osm_type": "node",
        "name": "Hotel la Margherita",
        "tourism": "hotel",
        "website": "https://hotellamargherita.it/"
      }
    },
    {
      "type": "Feature",
      "geometry": {
        "type": "Point",
        "coordinates": [
          9.4990399,
          40.9420596
        ]
      },
      "properties": {
        "id": 11289063703,
        "osm_type": "node",
        "name": "Hotel Ambrosio La Corte",
        "tourism": "hotel",
        "website": "https://www.lacortehotelolbia.it/"
      }
    },
    {
      "type": "Feature",
      "geometry": {
        "type": "Point",
        "coordinates": [
          8.4024474,
          40.8354382
        ]
      },
      "properties": {
        "id": 11299438069,
        "osm_type": "node",
        "tourism": "hotel",
        "opening_hours": "24/7"
      }
    },
    {
      "type": "Feature",
      "geometry": {
        "type": "Point",
        "coordinates": [
          9.1134686,
          39.2160516
        ]
      },
      "properties": {
        "id": 11309092632,
        "osm_type": "node",
        "tourism": "guest_house"
      }
    },
    {
      "type": "Feature",
      "geometry": {
        "type": "Point",
        "coordinates": [
          9.1168507,
          39.2140093
        ]
      },
      "properties": {
        "id": 11331168273,
        "osm_type": "node",
        "name": "Casa Clàt",
        "tourism": "hotel"
      }
    },
    {
      "type": "Feature",
      "geometry": {
        "type": "Point",
        "coordinates": [
          9.4778236,
          41.1406159
        ]
      },
      "properties": {
        "id": 11332789843,
        "osm_type": "node",
        "name": "Club Hotel",
        "tourism": "hotel",
        "phone": "+39078999006"
      }
    },
    {
      "type": "Feature",
      "geometry": {
        "type": "Point",
        "coordinates": [
          9.1125174,
          39.7374441
        ]
      },
      "properties": {
        "id": 11377318451,
        "osm_type": "node",
        "name": "Casa Ghiani",
        "tourism": "guest_house",
        "phone": "+393401213380",
        "website": "https://www.casaghiani.it/"
      }
    },
    {
      "type": "Feature",
      "geometry": {
        "type": "Point",
        "coordinates": [
          9.2246169,
          39.8707133
        ]
      },
      "properties": {
        "id": 11401259386,
        "osm_type": "node",
        "name": "Hotel Miramonti",
        "tourism": "hotel"
      }
    },
    {
      "type": "Feature",
      "geometry": {
        "type": "Point",
        "coordinates": [
          9.1863576,
          39.2353925
        ]
      },
      "properties": {
        "id": 11406465688,
        "osm_type": "node",
        "name": "Suite4Relax",
        "tourism": "guest_house",
        "opening_hours": "24/7",
        "phone": "+39 32 9192 8402",
        "website": "https://suite4relax.com/",
        "check_date": "2023-12-09"
      }
    },
    {
      "type": "Feature",
      "geometry": {
        "type": "Point",
        "coordinates": [
          9.7107768,
          40.7100848
        ]
      },
      "properties": {
        "id": 11501438447,
        "osm_type": "node",
        "tourism": "hotel"
      }
    },
    {
      "type": "Feature",
      "geometry": {
        "type": "Point",
        "coordinates": [
          8.7381807,
          40.8430243
        ]
      },
      "properties": {
        "id": 11556229190,
        "osm_type": "node",
        "name": "Agriturismo Monte Entosu",
        "tourism": "guest_house",
        "phone": "+39 079 576168",
        "website": "https://www.agriturismomontentosu.com"
      }
    },
    {
      "type": "Feature",
      "geometry": {
        "type": "Point",
        "coordinates": [
          9.3560167,
          40.2026986
        ]
      },
      "properties": {
        "id": 11672275900,
        "osm_type": "node",
        "name": "Veranos",
        "tourism": "guest_house",
        "phone": "+39 347 1576715"
      }
    },
    {
      "type": "Feature",
      "geometry": {
        "type": "Point",
        "coordinates": [
          8.5025348,
          40.2961333
        ]
      },
      "properties": {
        "id": 11753240406,
        "osm_type": "node",
        "name": "Bosa Queen House",
        "tourism": "hotel",
        "phone": "+390785373058",
        "website": "https://www.bosaqueenhouse.it/",
        "check_date": "2024-09-11"
      }
    },
    {
      "type": "Feature",
      "geometry": {
        "type": "Point",
        "coordinates": [
          8.4404962,
          39.352185
        ]
      },
      "properties": {
        "id": 11825182769,
        "osm_type": "node",
        "name": "Agriturismo Sa Rocca",
        "tourism": "guest_house"
      }
    },
    {
      "type": "Feature",
      "geometry": {
        "type": "Point",
        "coordinates": [
          8.6382159,
          39.0098807
        ]
      },
      "properties": {
        "id": 11829797569,
        "osm_type": "node",
        "name": "B&B / Affittacamere Il Girasole",
        "tourism": "guest_house"
      }
    },
    {
      "type": "Feature",
      "geometry": {
        "type": "Point",
        "coordinates": [
          8.5353533,
          39.3135399
        ]
      },
      "properties": {
        "id": 11877062039,
        "osm_type": "node",
        "name": "Casa Belle Époque",
        "tourism": "apartment"
      }
    },
    {
      "type": "Feature",
      "geometry": {
        "type": "Point",
        "coordinates": [
          9.1666527,
          41.2219631
        ]
      },
      "properties": {
        "id": 11886447599,
        "osm_type": "node",
        "name": "Mangia's Santa Teresa Sardinia, Curio Collection by Hilton",
        "tourism": "hotel",
        "phone": "+39 0789 756040",
        "website": "https://www.hilton.com/en/hotels/olbccqq-mangias-santa-teresa-sardinia/"
      }
    },
    {
      "type": "Feature",
      "geometry": {
        "type": "Point",
        "coordinates": [
          9.4202755,
          41.2295802
        ]
      },
      "properties": {
        "id": 11929277470,
        "osm_type": "node",
        "name": "B&B Mongiardino",
        "tourism": "guest_house"
      }
    },
    {
      "type": "Feature",
      "geometry": {
        "type": "Point",
        "coordinates": [
          8.4316652,
          39.3321557
        ]
      },
      "properties": {
        "id": 11965971269,
        "osm_type": "node",
        "name": "Ostello del viandante",
        "tourism": "hostel"
      }
    },
    {
      "type": "Feature",
      "geometry": {
        "type": "Point",
        "coordinates": [
          8.8751259,
          41.0124026
        ]
      },
      "properties": {
        "id": 11980139515,
        "osm_type": "node",
        "name": "Casetta Al mare B&B",
        "tourism": "guest_house"
      }
    },
    {
      "type": "Feature",
      "geometry": {
        "type": "Point",
        "coordinates": [
          8.9667623,
          41.0553283
        ]
      },
      "properties": {
        "id": 11997705552,
        "osm_type": "node",
        "name": "Li Rocchi",
        "tourism": "chalet"
      }
    },
    {
      "type": "Feature",
      "geometry": {
        "type": "Point",
        "coordinates": [
          8.989881,
          38.9756456
        ]
      },
      "properties": {
        "id": 12046701658,
        "osm_type": "node",
        "name": "Baia delle Palme Beach",
        "tourism": "apartment",
        "website": "https://www.baiadellepalme.com/it/806/Beach.html"
      }
    },
    {
      "type": "Feature",
      "geometry": {
        "type": "Point",
        "coordinates": [
          8.6108906,
          38.9950201
        ]
      },
      "properties": {
        "id": 12063533271,
        "osm_type": "node",
        "name": "Villa Arianna - Porto Pino",
        "tourism": "guest_house",
        "phone": "+39 3926287465",
        "website": "https://www.booking.com/hotel/it/villa-arianna-porto-pino-sant-anna-arresi.it.html",
        "check_date": "2024-07-19"
      }
    },
    {
      "type": "Feature",
      "geometry": {
        "type": "Point",
        "coordinates": [
          9.6270863,
          40.8744632
        ]
      },
      "properties": {
        "id": 12066943054,
        "osm_type": "node",
        "name": "Sa Prenda B&B",
        "tourism": "guest_house"
      }
    },
    {
      "type": "Feature",
      "geometry": {
        "type": "Point",
        "coordinates": [
          8.468756,
          39.2822666
        ]
      },
      "properties": {
        "id": 12151042433,
        "osm_type": "node",
        "name": "B&B L'Elicriso",
        "tourism": "guest_house",
        "phone": "+393393555003"
      }
    },
    {
      "type": "Feature",
      "geometry": {
        "type": "Point",
        "coordinates": [
          8.4597723,
          39.2583224
        ]
      },
      "properties": {
        "id": 12151045354,
        "osm_type": "node",
        "name": "Villa El Minero bed and breakfast",
        "tourism": "guest_house",
        "phone": "+393336250912"
      }
    },
    {
      "type": "Feature",
      "geometry": {
        "type": "Point",
        "coordinates": [
          8.4684683,
          39.2814453
        ]
      },
      "properties": {
        "id": 12151064861,
        "osm_type": "node",
        "name": "Agriturismo Lo Sperone Gonnesa",
        "tourism": "guest_house",
        "phone": "+393389860661",
        "website": "https://www.agriturismolosperonegonnesa.it/"
      }
    },
    {
      "type": "Feature",
      "geometry": {
        "type": "Point",
        "coordinates": [
          8.457979,
          39.2577444
        ]
      },
      "properties": {
        "id": 12151110303,
        "osm_type": "node",
        "name": "Agriturismo scuderie di Morimenta",
        "tourism": "guest_house",
        "phone": "+393288986991",
        "website": "http://www.agriturismolescuderie.eu/"
      }
    },
    {
      "type": "Feature",
      "geometry": {
        "type": "Point",
        "coordinates": [
          8.5029592,
          40.2966181
        ]
      },
      "properties": {
        "id": 12170624728,
        "osm_type": "node",
        "name": "Casa Portella",
        "tourism": "guest_house",
        "check_date": "2024-09-11"
      }
    },
    {
      "type": "Feature",
      "geometry": {
        "type": "Point",
        "coordinates": [
          8.5009811,
          40.2960288
        ]
      },
      "properties": {
        "id": 12171489795,
        "osm_type": "node",
        "name": "Madalena",
        "tourism": "guest_house",
        "check_date": "2024-09-12"
      }
    },
    {
      "type": "Feature",
      "geometry": {
        "type": "Point",
        "coordinates": [
          9.1864417,
          41.2426336
        ]
      },
      "properties": {
        "id": 12176699701,
        "osm_type": "node",
        "name": "Hotel La Contessa - Suite & Apartments",
        "tourism": "hotel",
        "website": "https://www.hotellacontessa.it/"
      }
    },
    {
      "type": "Feature",
      "geometry": {
        "type": "Point",
        "coordinates": [
          8.5627666,
          40.727019
        ]
      },
      "properties": {
        "id": 12176945267,
        "osm_type": "node",
        "name": "Al Castello",
        "tourism": "apartment",
        "check_date": "2024-09-14"
      }
    },
    {
      "type": "Feature",
      "geometry": {
        "type": "Point",
        "coordinates": [
          9.6115694,
          40.3836489
        ]
      },
      "properties": {
        "id": 12178862667,
        "osm_type": "node",
        "name": "Castello Malicas",
        "tourism": "guest_house"
      }
    },
    {
      "type": "Feature",
      "geometry": {
        "type": "Point",
        "coordinates": [
          9.4834918,
          40.9216239
        ]
      },
      "properties": {
        "id": 12181737249,
        "osm_type": "node",
        "name": "Casa Lucia",
        "tourism": "guest_house"
      }
    },
    {
      "type": "Feature",
      "geometry": {
        "type": "Point",
        "coordinates": [
          8.8815534,
          38.9046269
        ]
      },
      "properties": {
        "id": 12184735978,
        "osm_type": "node",
        "name": "Tom eJerry",
        "tourism": "guest_house"
      }
    },
    {
      "type": "Feature",
      "geometry": {
        "type": "Point",
        "coordinates": [
          9.049931,
          39.2697728
        ]
      },
      "properties": {
        "id": 12184763402,
        "osm_type": "node",
        "name": "Lemon's Appartment",
        "tourism": "hotel"
      }
    },
    {
      "type": "Feature",
      "geometry": {
        "type": "Point",
        "coordinates": [
          9.5690092,
          39.2490564
        ]
      },
      "properties": {
        "id": 12184763403,
        "osm_type": "node",
        "name": "B&B Vacanza Facile",
        "tourism": "guest_house"
      }
    },
    {
      "type": "Feature",
      "geometry": {
        "type": "Point",
        "coordinates": [
          8.4261858,
          40.8226536
        ]
      },
      "properties": {
        "id": 12184945781,
        "osm_type": "node",
        "name": "Il Melo Residence",
        "tourism": "apartment",
        "website": "https://ilmeloresidence.it"
      }
    },
    {
      "type": "Feature",
      "geometry": {
        "type": "Point",
        "coordinates": [
          8.5635426,
          40.7475541
        ]
      },
      "properties": {
        "id": 12193066220,
        "osm_type": "node",
        "name": "Country Road House",
        "tourism": "guest_house",
        "website": "https://www.airbnb.co.uk/rooms/35507290?source_impression_id=p3_1727025682_P3RbC3WGA88IAFuY"
      }
    },
    {
      "type": "Feature",
      "geometry": {
        "type": "Point",
        "coordinates": [
          9.1089901,
          39.2182794
        ]
      },
      "properties": {
        "id": 12194196847,
        "osm_type": "node",
        "name": "Metropolitan Rooms",
        "tourism": "hotel"
      }
    },
    {
      "type": "Feature",
      "geometry": {
        "type": "Point",
        "coordinates": [
          8.5274581,
          39.9309674
        ]
      },
      "properties": {
        "id": 12202296089,
        "osm_type": "node",
        "name": "Aquae Sinis",
        "tourism": "hotel",
        "opening_hours": "08:00-20:00",
        "phone": "+39 0783 1856050",
        "website": "https://aquaesinis.it/",
        "check_date": "2024-09-28"
      }
    },
    {
      "type": "Feature",
      "geometry": {
        "type": "Point",
        "coordinates": [
          9.502833,
          40.9225559
        ]
      },
      "properties": {
        "id": 12215015601,
        "osm_type": "node",
        "name": "L' Essenza Hotel - Olbia",
        "tourism": "hotel"
      }
    },
    {
      "type": "Feature",
      "geometry": {
        "type": "Point",
        "coordinates": [
          8.5215384,
          39.1782439
        ]
      },
      "properties": {
        "id": 12215060301,
        "osm_type": "node",
        "name": "Piero's appartment",
        "tourism": "guest_house",
        "phone": "+39 328 425 0713",
        "website": "https://www.booking.com/hotel/it/piero-39-s-apartment-carbonia.fr.html",
        "check_date": "2024-10-02"
      }
    },
    {
      "type": "Feature",
      "geometry": {
        "type": "Point",
        "coordinates": [
          8.717877,
          39.0933383
        ]
      },
      "properties": {
        "id": 12222961882,
        "osm_type": "node",
        "name": "Hotel Villa Santadi",
        "tourism": "hotel",
        "phone": "+393889890600"
      }
    },
    {
      "type": "Feature",
      "geometry": {
        "type": "Point",
        "coordinates": [
          9.4190313,
          41.0258945
        ]
      },
      "properties": {
        "id": 12256760550,
        "osm_type": "node",
        "name": "Agriturismo San Giovanni",
        "tourism": "guest_house"
      }
    },
    {
      "type": "Feature",
      "geometry": {
        "type": "Point",
        "coordinates": [
          8.7140734,
          40.9161416
        ]
      },
      "properties": {
        "id": 12258657626,
        "osm_type": "node",
        "name": "B&B Casa Doria",
        "tourism": "guest_house",
        "phone": "+39 349 355 7882"
      }
    },
    {
      "type": "Feature",
      "geometry": {
        "type": "Point",
        "coordinates": [
          8.3696702,
          40.5545976
        ]
      },
      "properties": {
        "id": 12269718449,
        "osm_type": "node",
        "name": "B&B Valli Verdi",
        "tourism": "guest_house",
        "check_date": "2024-10-21"
      }
    },
    {
      "type": "Feature",
      "geometry": {
        "type": "Point",
        "coordinates": [
          9.6284333,
          40.2801145
        ]
      },
      "properties": {
        "id": 12271300155,
        "osm_type": "node",
        "name": "Palmasera Bed & Breakfast",
        "tourism": "guest_house",
        "phone": "+39 348 584 5133",
        "website": "https://www.bebpalmasera.com",
        "check_date": "2024-10-21"
      }
    },
    {
      "type": "Feature",
      "geometry": {
        "type": "Point",
        "coordinates": [
          9.1115878,
          39.2158601
        ]
      },
      "properties": {
        "id": 12321369225,
        "osm_type": "node",
        "name": "Sardinia Domus",
        "tourism": "hotel",
        "phone": "+39 070 659 783",
        "website": "https://www.sardiniadomus.it/"
      }
    },
    {
      "type": "Feature",
      "geometry": {
        "type": "Point",
        "coordinates": [
          8.5392015,
          39.9250108
        ]
      },
      "properties": {
        "id": 12521253873,
        "osm_type": "node",
        "name": "Domus de Victoria",
        "tourism": "guest_house"
      }
    },
    {
      "type": "Feature",
      "geometry": {
        "type": "Point",
        "coordinates": [
          9.5384068,
          40.3491985
        ]
      },
      "properties": {
        "id": 12538731016,
        "osm_type": "node",
        "name": "Agriturismo Agripaules",
        "tourism": "camp_site",
        "opening_hours": "24/7",
        "tents": "yes",
        "contact:phone": "+39 349 3616551;+39 342 5526276",
        "website": "https://www.agriturismodorgali.com"
      }
    },
    {
      "type": "Feature",
      "geometry": {
        "type": "Point",
        "coordinates": [
          9.5957005,
          39.9619561
        ]
      },
      "properties": {
        "id": 12556844101,
        "osm_type": "node",
        "name": "Agriturismo Nuraghe Murtarba",
        "tourism": "guest_house",
        "phone": "+39 328 69 83 126",
        "website": "https://agriturismonuraghemurtarba.wordpress.com/"
      }
    },
    {
      "type": "Feature",
      "geometry": {
        "type": "Point",
        "coordinates": [
          9.6313539,
          40.282988
        ]
      },
      "properties": {
        "id": 12598073501,
        "osm_type": "node",
        "name": "Sa Dommo de Mammai",
        "tourism": "guest_house"
      }
    },
    {
      "type": "Feature",
      "geometry": {
        "type": "Point",
        "coordinates": [
          9.6943306,
          40.4040688
        ]
      },
      "properties": {
        "id": 12613370502,
        "osm_type": "node",
        "name": "Camping Shambala",
        "tourism": "camp_site",
        "phone": "+39 346 323 6595"
      }
    },
    {
      "type": "Feature",
      "geometry": {
        "type": "Point",
        "coordinates": [
          9.2137401,
          41.1271828
        ]
      },
      "properties": {
        "id": 12623632202,
        "osm_type": "node",
        "name": "Lu Furracu",
        "tourism": "guest_house",
        "phone": "+39 333 485 5451"
      }
    },
    {
      "type": "Feature",
      "geometry": {
        "type": "Point",
        "coordinates": [
          9.3770562,
          39.5206286
        ]
      },
      "properties": {
        "id": 12635812413,
        "osm_type": "node",
        "name": "B&B Villa Chiara",
        "tourism": "guest_house",
        "contact:phone": "+39 370 326 5973",
        "website": "https://villachiara.webnode.it"
      }
    },
    {
      "type": "Feature",
      "geometry": {
        "type": "Point",
        "coordinates": [
          9.1921362,
          41.1922904
        ]
      },
      "properties": {
        "id": 12645682304,
        "osm_type": "node",
        "name": "Agricamping Petra di Cossu",
        "tourism": "camp_site",
        "tents": "yes",
        "contact:phone": "+393283246914",
        "contact:website": "https://www.petradicossu.it/",
        "check_date": "2025-03-08"
      }
    },
    {
      "type": "Feature",
      "geometry": {
        "type": "Point",
        "coordinates": [
          9.6796243,
          39.9884844
        ]
      },
      "properties": {
        "id": 12679884915,
        "osm_type": "node",
        "name": "FioreRosa",
        "tourism": "apartment",
        "contact:website": "http://www.fiorerosa.com"
      }
    },
    {
      "type": "Feature",
      "geometry": {
        "type": "Point",
        "coordinates": [
          9.194593,
          39.9536698
        ]
      },
      "properties": {
        "id": 12725894102,
        "osm_type": "node",
        "name": "La Baita di Aritzo",
        "tourism": "hotel",
        "website": "https://www.labaita.eu",
        "check_date": "2025-04-03"
      }
    },
    {
      "type": "Feature",
      "geometry": {
        "type": "Point",
        "coordinates": [
          9.7496663,
          40.6104745
        ]
      },
      "properties": {
        "id": 12791729637,
        "osm_type": "node",
        "name": "hibiscus hotel",
        "tourism": "hotel",
        "website": "https://hibiscushotel.it/"
      }
    },
    {
      "type": "Feature",
      "geometry": {
        "type": "Point",
        "coordinates": [
          9.749621,
          40.6106464
        ]
      },
      "properties": {
        "id": 12800856692,
        "osm_type": "node",
        "name": "Abitare in Vacanza",
        "tourism": "hotel",
        "website": "https://abitareinvacanza.it/"
      }
    },
    {
      "type": "Feature",
      "geometry": {
        "type": "Point",
        "coordinates": [
          9.6970682,
          40.5742314
        ]
      },
      "properties": {
        "id": 12806592077,
        "osm_type": "node",
        "name": "Domo Papiros B&B",
        "tourism": "guest_house",
        "phone": "+39 328 838 1803"
      }
    },
    {
      "type": "Feature",
      "geometry": {
        "type": "Point",
        "coordinates": [
          8.3206807,
          40.5505448
        ]
      },
      "properties": {
        "id": 12819321301,
        "osm_type": "node",
        "name": "Da Umby (B&B)",
        "tourism": "hotel"
      }
    },
    {
      "type": "Feature",
      "geometry": {
        "type": "Point",
        "coordinates": [
          8.3184087,
          40.5741998
        ]
      },
      "properties": {
        "id": 12819380601,
        "osm_type": "node",
        "name": "ALGHERO - Da Nonna Maria",
        "tourism": "hotel"
      }
    },
    {
      "type": "Feature",
      "geometry": {
        "type": "Point",
        "coordinates": [
          8.3185888,
          40.5603437
        ]
      },
      "properties": {
        "id": 12819380701,
        "osm_type": "node",
        "name": "L'Indià Vittorio Affittacamere",
        "tourism": "hotel"
      }
    },
    {
      "type": "Feature",
      "geometry": {
        "type": "Point",
        "coordinates": [
          9.1863521,
          41.1639233
        ]
      },
      "properties": {
        "id": 12830069501,
        "osm_type": "node",
        "name": "B&B Rena Majore",
        "tourism": "apartment"
      }
    },
    {
      "type": "Feature",
      "geometry": {
        "type": "Point",
        "coordinates": [
          9.0501165,
          39.8498504
        ]
      },
      "properties": {
        "id": 12830308466,
        "osm_type": "node",
        "tourism": "hotel",
        "website": "https://oasifrancescanalaconi.com",
        "check_date": "2025-05-12"
      }
    },
    {
      "type": "Feature",
      "geometry": {
        "type": "Point",
        "coordinates": [
          8.6785997,
          40.6579141
        ]
      },
      "properties": {
        "id": 12830936111,
        "osm_type": "node",
        "name": "Sa domo 'e su furru",
        "tourism": "guest_house"
      }
    },
    {
      "type": "Feature",
      "geometry": {
        "type": "Point",
        "coordinates": [
          9.6924067,
          40.3797886
        ]
      },
      "properties": {
        "id": 12837536795,
        "osm_type": "node",
        "name": "Albergho sa dommo",
        "tourism": "hotel"
      }
    },
    {
      "type": "Feature",
      "geometry": {
        "type": "Point",
        "coordinates": [
          8.5638273,
          39.5610911
        ]
      },
      "properties": {
        "id": 12854102404,
        "osm_type": "node",
        "name": "Sa Tanca",
        "tourism": "guest_house",
        "phone": "+393409105265",
        "website": "http://www.agrisatanca.com/"
      }
    },
    {
      "type": "Feature",
      "geometry": {
        "type": "Point",
        "coordinates": [
          8.5930826,
          40.6744512
        ]
      },
      "properties": {
        "id": 12862212087,
        "osm_type": "node",
        "name": "B&B Al Centro - Ossi",
        "tourism": "hotel",
        "phone": "+393469699890"
      }
    },
    {
      "type": "Feature",
      "geometry": {
        "type": "Point",
        "coordinates": [
          9.3200725,
          41.1796146
        ]
      },
      "properties": {
        "id": 12862282405,
        "osm_type": "node",
        "name": "PortoPollo SurfHouse",
        "tourism": "hotel",
        "phone": "+393454408201"
      }
    },
    {
      "type": "Feature",
      "geometry": {
        "type": "Point",
        "coordinates": [
          9.5068857,
          39.2635115
        ]
      },
      "properties": {
        "id": 12881099001,
        "osm_type": "node",
        "name": "Camping S'Argilloni",
        "tourism": "camp_site",
        "opening_hours": "24/7",
        "phone": "+39 3889790222",
        "website": "https://www.agricampeggio-sardegna.com/it/camping-sardegna.html"
      }
    },
    {
      "type": "Feature",
      "geometry": {
        "type": "Point",
        "coordinates": [
          8.6811482,
          40.9000991
        ]
      },
      "properties": {
        "id": 12886060762,
        "osm_type": "node",
        "name": "Best Western Hotel Blumarea",
        "tourism": "hotel"
      }
    },
    {
      "type": "Feature",
      "geometry": {
        "type": "Point",
        "coordinates": [
          9.3982849,
          40.2826177
        ]
      },
      "properties": {
        "id": 12896177401,
        "osm_type": "node",
        "name": "Locanda Tipica Sa Corte",
        "tourism": "hotel"
      }
    },
    {
      "type": "Feature",
      "geometry": {
        "type": "Point",
        "coordinates": [
          9.629196,
          39.7847814
        ]
      },
      "properties": {
        "id": 12896284614,
        "osm_type": "node",
        "name": "PIUMA Campsite & more",
        "tourism": "camp_site",
        "opening_hours": "09:00-21:00",
        "tents": "yes",
        "phone": "+393494242176",
        "website": "https://www.piumacamp.site/"
      }
    },
    {
      "type": "Feature",
      "geometry": {
        "type": "Point",
        "coordinates": [
          9.5199724,
          39.3160312
        ]
      },
      "properties": {
        "id": 12902255387,
        "osm_type": "node",
        "name": "Azienda BLE",
        "tourism": "camp_site",
        "tents": "yes",
        "website": "https://www.aziendable.it"
      }
    },
    {
      "type": "Feature",
      "geometry": {
        "type": "Point",
        "coordinates": [
          9.5724705,
          40.2830647
        ]
      },
      "properties": {
        "id": 12944787902,
        "osm_type": "node",
        "name": "Residenza di Campagna S'Eranile",
        "tourism": "guest_house",
        "phone": "+393472961571",
        "website": "https://www.seranile.com/"
      }
    },
    {
      "type": "Feature",
      "geometry": {
        "type": "Point",
        "coordinates": [
          8.5280076,
          39.3096426
        ]
      },
      "properties": {
        "id": 12989857295,
        "osm_type": "node",
        "name": "Il rifugio dei minatori",
        "tourism": "hotel"
      }
    },
    {
      "type": "Feature",
      "geometry": {
        "type": "Point",
        "coordinates": [
          9.4689565,
          41.045614
        ]
      },
      "properties": {
        "id": 12993004601,
        "osm_type": "node",
        "name": "Hotel San Pantaleo",
        "tourism": "hotel"
      }
    },
    {
      "type": "Feature",
      "geometry": {
        "type": "Point",
        "coordinates": [
          9.692551,
          40.3792114
        ]
      },
      "properties": {
        "id": 13000103370,
        "osm_type": "node",
        "name": "Casa Zia Dora",
        "tourism": "apartment"
      }
    },
    {
      "type": "Feature",
      "geometry": {
        "type": "Point",
        "coordinates": [
          9.4253174,
          41.1411744
        ]
      },
      "properties": {
        "id": 13023114541,
        "osm_type": "node",
        "name": "Stelle Marine",
        "tourism": "hotel"
      }
    },
    {
      "type": "Feature",
      "geometry": {
        "type": "Point",
        "coordinates": [
          9.4702904,
          41.1163535
        ]
      },
      "properties": {
        "id": 13028012820,
        "osm_type": "node",
        "name": "La Corte di Pulicinu",
        "tourism": "hotel"
      }
    },
    {
      "type": "Feature",
      "geometry": {
        "type": "Point",
        "coordinates": [
          9.1866165,
          41.2415914
        ]
      },
      "properties": {
        "id": 13033673303,
        "osm_type": "node",
        "name": "Gallura Hotel",
        "tourism": "hotel"
      }
    },
    {
      "type": "Feature",
      "geometry": {
        "type": "Point",
        "coordinates": [
          8.6489362,
          39.6836212
        ]
      },
      "properties": {
        "id": 13049637201,
        "osm_type": "node",
        "name": "L’INCOGNITA",
        "tourism": "motel",
        "phone": "+39 348 5291405"
      }
    },
    {
      "type": "Feature",
      "geometry": {
        "type": "Point",
        "coordinates": [
          8.8061038,
          39.9954978
        ]
      },
      "properties": {
        "id": 13055952002,
        "osm_type": "node",
        "name": "Casa sul Fiume",
        "tourism": "guest_house",
        "phone": "+393701066766"
      }
    },
    {
      "type": "Feature",
      "geometry": {
        "type": "Point",
        "coordinates": [
          9.5762588,
          39.2565154
        ]
      },
      "properties": {
        "id": 13059826839,
        "osm_type": "node",
        "name": "FeWo Jung",
        "tourism": "chalet",
        "website": "https://fewo-sardinien.de.cool/"
      }
    },
    {
      "type": "Feature",
      "geometry": {
        "type": "Point",
        "coordinates": [
          9.561336,
          40.833849
        ]
      },
      "properties": {
        "id": 13061468608,
        "osm_type": "node",
        "name": "Bed and Breakfast Lu Lignamu",
        "tourism": "guest_house"
      }
    },
    {
      "type": "Feature",
      "geometry": {
        "type": "Point",
        "coordinates": [
          9.656593,
          39.6878242
        ]
      },
      "properties": {
        "id": 13065585301,
        "osm_type": "node",
        "name": "Residence Zinnibirip",
        "tourism": "chalet"
      }
    },
    {
      "type": "Feature",
      "geometry": {
        "type": "Point",
        "coordinates": [
          8.4308132,
          39.0911663
        ]
      },
      "properties": {
        "id": 13069171700,
        "osm_type": "node",
        "name": "Villa Mare Mare",
        "tourism": "guest_house"
      }
    },
    {
      "type": "Feature",
      "geometry": {
        "type": "Point",
        "coordinates": [
          8.3489925,
          40.5789504
        ]
      },
      "properties": {
        "id": 13071982447,
        "osm_type": "node",
        "name": "Il Sogno di Alghero",
        "tourism": "guest_house",
        "phone": "+39 079 987292",
        "website": "http://www.ilsognodialghero.it/"
      }
    },
    {
      "type": "Feature",
      "geometry": {
        "type": "Point",
        "coordinates": [
          8.3480517,
          40.5829935
        ]
      },
      "properties": {
        "id": 13072006528,
        "osm_type": "node",
        "name": "Villa Vittoria",
        "tourism": "guest_house"
      }
    },
    {
      "type": "Feature",
      "geometry": {
        "type": "Point",
        "coordinates": [
          8.3532572,
          40.5750832
        ]
      },
      "properties": {
        "id": 13072009785,
        "osm_type": "node",
        "name": "Nit i Dia",
        "tourism": "apartment",
        "phone": "+39 347 5962503",
        "website": "https://www.nitidia.it/"
      }
    },
    {
      "type": "Feature",
      "geometry": {
        "type": "Point",
        "coordinates": [
          8.3721785,
          39.064545
        ]
      },
      "properties": {
        "id": 13072207754,
        "osm_type": "node",
        "name": "Villa Suirì",
        "tourism": "guest_house"
      }
    },
    {
      "type": "Feature",
      "geometry": {
        "type": "Point",
        "coordinates": [
          9.6839289,
          40.7651107
        ]
      },
      "properties": {
        "id": 13073319201,
        "osm_type": "node",
        "name": "Liscia Eldi",
        "tourism": "apartment",
        "phone": "+39 049 295 6411",
        "website": "https://www.lisciaeldiresort.it/"
      }
    },
    {
      "type": "Feature",
      "geometry": {
        "type": "Point",
        "coordinates": [
          8.2286204,
          40.9377833
        ]
      },
      "properties": {
        "id": 13100154938,
        "osm_type": "node",
        "name": "B&B La Reale",
        "tourism": "hotel",
        "phone": "+393334230280",
        "website": "https://www.bblareale.it/"
      }
    },
    {
      "type": "Feature",
      "geometry": {
        "type": "Point",
        "coordinates": [
          8.7886345,
          39.6113651
        ]
      },
      "properties": {
        "id": 13100179664,
        "osm_type": "node",
        "name": "Hotel Sardegna Termale",
        "tourism": "hotel",
        "contact:phone": "+39 070 938 5044",
        "contact:website": "http://www.sardegnatermale.it"
      }
    },
    {
      "type": "Feature",
      "geometry": {
        "type": "Point",
        "coordinates": [
          9.6356593,
          39.9348484
        ]
      },
      "properties": {
        "id": 13120712001,
        "osm_type": "node",
        "name": "Il Panoramico",
        "tourism": "apartment"
      }
    },
    {
      "type": "Feature",
      "geometry": {
        "type": "Point",
        "coordinates": [
          9.0298868,
          41.0921028
        ]
      },
      "properties": {
        "id": 13159518872,
        "osm_type": "node",
        "name": "Agriturismo Lu Nadu",
        "tourism": "guest_house",
        "phone": "+39 346 609 7572",
        "website": "https://www.agriturismolunodu.it/"
      }
    },
    {
      "type": "Feature",
      "geometry": {
        "type": "Point",
        "coordinates": [
          8.2153371,
          40.813757
        ]
      },
      "properties": {
        "id": 13162727280,
        "osm_type": "node",
        "name": "Lispusada",
        "tourism": "guest_house",
        "website": "https://www.lispusada.com/",
        "check_date": "2025-09-22"
      }
    },
    {
      "type": "Feature",
      "geometry": {
        "type": "Point",
        "coordinates": [
          8.4037235,
          40.8374118
        ]
      },
      "properties": {
        "id": 13174151747,
        "osm_type": "node",
        "name": "City Boutique",
        "tourism": "hotel",
        "check_date": "2025-09-26"
      }
    },
    {
      "type": "Feature",
      "geometry": {
        "type": "Point",
        "coordinates": [
          8.3180341,
          40.5803506
        ]
      },
      "properties": {
        "id": 13206292694,
        "osm_type": "node",
        "name": "B&B Lo Spicchio",
        "tourism": "guest_house"
      }
    },
    {
      "type": "Feature",
      "geometry": {
        "type": "Point",
        "coordinates": [
          9.6694733,
          40.7738935
        ]
      },
      "properties": {
        "id": 13207236605,
        "osm_type": "node",
        "name": "Residence Stella Marina",
        "tourism": "apartment",
        "website": "https://www.residencestellamarina.com/"
      }
    },
    {
      "type": "Feature",
      "geometry": {
        "type": "Point",
        "coordinates": [
          9.1974518,
          39.9535937
        ]
      },
      "properties": {
        "id": 13225497146,
        "osm_type": "node",
        "name": "Hotel Moderno",
        "tourism": "hotel"
      }
    },
    {
      "type": "Feature",
      "geometry": {
        "type": "Point",
        "coordinates": [
          8.3679066,
          40.5497639
        ]
      },
      "properties": {
        "id": 13232789401,
        "osm_type": "node",
        "name": "B&B Kapi Country",
        "tourism": "hotel"
      }
    },
    {
      "type": "Feature",
      "geometry": {
        "type": "Point",
        "coordinates": [
          8.3212233,
          40.5781202
        ]
      },
      "properties": {
        "id": 13232816739,
        "osm_type": "node",
        "name": "Heart of Sardinia",
        "tourism": "guest_house",
        "phone": "+44 7488911525",
        "website": "https://www.airbnb.it/rooms/865638294258665345?source_impression_id=p3_1760448465_P3vvrcw4RI5s_6jQ"
      }
    },
    {
      "type": "Feature",
      "geometry": {
        "type": "Point",
        "coordinates": [
          8.8748932,
          39.631523
        ]
      },
      "properties": {
        "id": 13248739110,
        "osm_type": "node",
        "name": "Area camper Tramontana Villanovaforru",
        "tourism": "caravan_site"
      }
    },
    {
      "type": "Feature",
      "geometry": {
        "type": "Point",
        "coordinates": [
          8.5705027,
          39.5568549
        ]
      },
      "properties": {
        "id": 13248762560,
        "osm_type": "node",
        "name": "Area Camper Miniera Montevecchio",
        "tourism": "caravan_site",
        "website": "https://www.minieradimontevecchio.it/en/camper-area.html"
      }
    },
    {
      "type": "Feature",
      "geometry": {
        "type": "Point",
        "coordinates": [
          9.187972,
          41.2382203
        ]
      },
      "properties": {
        "id": 13254039080,
        "osm_type": "node",
        "name": "Canne al vento",
        "tourism": "hotel"
      }
    },
    {
      "type": "Feature",
      "geometry": {
        "type": "Point",
        "coordinates": [
          9.5031714,
          40.9247999
        ]
      },
      "properties": {
        "id": 13270282552,
        "osm_type": "node",
        "name": "Tramas Hotel & Spa",
        "tourism": "hotel",
        "phone": "+39 0789 24 409",
        "website": "https://tramashotel.it/"
      }
    },
    {
      "type": "Feature",
      "geometry": {
        "type": "Point",
        "coordinates": [
          8.3235102,
          40.551241
        ]
      },
      "properties": {
        "id": 13273647901,
        "osm_type": "node",
        "name": "Angedras",
        "tourism": "hotel"
      }
    },
    {
      "type": "Feature",
      "geometry": {
        "type": "Point",
        "coordinates": [
          8.2273601,
          40.9383052
        ]
      },
      "properties": {
        "id": 13279548145,
        "osm_type": "node",
        "name": "Boutique Hotel",
        "tourism": "hotel"
      }
    },
    {
      "type": "Feature",
      "geometry": {
        "type": "Point",
        "coordinates": [
          9.0806822,
          39.9428315
        ]
      },
      "properties": {
        "id": 13287699588,
        "osm_type": "node",
        "tourism": "guest_house"
      }
    },
    {
      "type": "Feature",
      "geometry": {
        "type": "Point",
        "coordinates": [
          9.2182186,
          40.5243688
        ]
      },
      "properties": {
        "id": 13288462798,
        "osm_type": "node",
        "name": "B&B Delogu",
        "tourism": "guest_house"
      }
    },
    {
      "type": "Feature",
      "geometry": {
        "type": "Point",
        "coordinates": [
          8.8774534,
          40.9619879
        ]
      },
      "properties": {
        "id": 13296384649,
        "osm_type": "node",
        "name": "Marina",
        "tourism": "hotel"
      }
    },
    {
      "type": "Feature",
      "geometry": {
        "type": "Point",
        "coordinates": [
          9.1851725,
          39.9119911
        ]
      },
      "properties": {
        "id": 13308491685,
        "osm_type": "node",
        "name": "Dimora Garau",
        "tourism": "hotel"
      }
    },
    {
      "type": "Feature",
      "geometry": {
        "type": "Point",
        "coordinates": [
          9.5062445,
          39.9608521
        ]
      },
      "properties": {
        "id": 13326824207,
        "osm_type": "node",
        "tourism": "guest_house"
      }
    },
    {
      "type": "Feature",
      "geometry": {
        "type": "Point",
        "coordinates": [
          9.5420097,
          39.8796035
        ]
      },
      "properties": {
        "id": 13340016708,
        "osm_type": "node",
        "tourism": "hotel"
      }
    },
    {
      "type": "Feature",
      "geometry": {
        "type": "Point",
        "coordinates": [
          8.9200439,
          40.2253878
        ]
      },
      "properties": {
        "id": 13416361140,
        "osm_type": "node",
        "name": "Casa del Pellegrino del Cammino di Santu Jacu",
        "tourism": "hostel"
      }
    },
    {
      "type": "Feature",
      "geometry": {
        "type": "Point",
        "coordinates": [
          8.5058021,
          40.2924739
        ]
      },
      "properties": {
        "id": 13428665824,
        "osm_type": "node",
        "name": "Sweet Home",
        "tourism": "guest_house",
        "phone": "+39 327 7063284",
        "website": "https://www.airbnb.com/h/sweethomebosa"
      }
    },
    {
      "type": "Feature",
      "geometry": {
        "type": "Point",
        "coordinates": [
          9.5489567,
          39.3295569
        ]
      },
      "properties": {
        "id": 13434164041,
        "osm_type": "node",
        "name": "La Valle del Mirto",
        "tourism": "guest_house"
      }
    },
    {
      "type": "Feature",
      "geometry": {
        "type": "Point",
        "coordinates": [
          9.6910143,
          40.7341775
        ]
      },
      "properties": {
        "id": 13444894147,
        "osm_type": "node",
        "name": "Residenza Gli Ulivi",
        "tourism": "apartment"
      }
    },
    {
      "type": "Feature",
      "geometry": {
        "type": "Point",
        "coordinates": [
          9.2070769,
          41.0476845
        ]
      },
      "properties": {
        "id": 13474564664,
        "osm_type": "node",
        "name": "Hotel Ristorante San Trano",
        "tourism": "hotel"
      }
    },
    {
      "type": "Feature",
      "geometry": {
        "type": "Point",
        "coordinates": [
          8.8771402,
          40.9684407
        ]
      },
      "properties": {
        "id": 13483114438,
        "osm_type": "node",
        "name": "Horizon Hotel",
        "tourism": "hotel"
      }
    },
    {
      "type": "Feature",
      "geometry": {
        "type": "Point",
        "coordinates": [
          8.8977449,
          39.7211262
        ]
      },
      "properties": {
        "id": 13524884090,
        "osm_type": "node",
        "name": "Casa Vacanze Montis",
        "tourism": "guest_house"
      }
    },
    {
      "type": "Feature",
      "geometry": {
        "type": "Point",
        "coordinates": [
          9.0178026,
          39.7332247
        ]
      },
      "properties": {
        "id": 13531570657,
        "osm_type": "node",
        "name": "Borgo Antico",
        "tourism": "guest_house"
      }
    },
    {
      "type": "Feature",
      "geometry": {
        "type": "Point",
        "coordinates": [
          8.5342785,
          39.9228769
        ]
      },
      "properties": {
        "id": 13564809676,
        "osm_type": "node",
        "name": "B&B Holidays",
        "tourism": "guest_house"
      }
    },
    {
      "type": "Feature",
      "geometry": {
        "type": "Point",
        "coordinates": [
          8.532471,
          39.9310845
        ]
      },
      "properties": {
        "id": 13564858902,
        "osm_type": "node",
        "name": "Lanita B&B",
        "tourism": "guest_house"
      }
    },
    {
      "type": "Feature",
      "geometry": {
        "type": "Point",
        "coordinates": [
          8.5307954,
          39.9278459
        ]
      },
      "properties": {
        "id": 13564858933,
        "osm_type": "node",
        "name": "Affittacamere Shardana",
        "tourism": "guest_house"
      }
    },
    {
      "type": "Feature",
      "geometry": {
        "type": "Point",
        "coordinates": [
          8.5247842,
          39.9231357
        ]
      },
      "properties": {
        "id": 13564858940,
        "osm_type": "node",
        "name": "B&B Gi & Giò",
        "tourism": "guest_house"
      }
    },
    {
      "type": "Feature",
      "geometry": {
        "type": "Point",
        "coordinates": [
          8.5337008,
          39.9267931
        ]
      },
      "properties": {
        "id": 13564858956,
        "osm_type": "node",
        "name": "Alice B&B",
        "tourism": "guest_house"
      }
    },
    {
      "type": "Feature",
      "geometry": {
        "type": "Point",
        "coordinates": [
          8.4205422,
          40.0412185
        ]
      },
      "properties": {
        "id": 13565225501,
        "osm_type": "node",
        "name": "Villa Luigi",
        "tourism": "chalet",
        "check_date": "2026-02-14"
      }
    },
    {
      "type": "Feature",
      "geometry": {
        "type": "Point",
        "coordinates": [
          8.868277,
          39.6314599
        ]
      },
      "properties": {
        "id": 13566953598,
        "osm_type": "node",
        "name": "B&B Casa degli Aranci",
        "tourism": "guest_house"
      }
    },
    {
      "type": "Feature",
      "geometry": {
        "type": "Point",
        "coordinates": [
          8.900002,
          39.6467996
        ]
      },
      "properties": {
        "id": 13567847188,
        "osm_type": "node",
        "name": "S'Antigu",
        "tourism": "guest_house"
      }
    },
    {
      "type": "Feature",
      "geometry": {
        "type": "Point",
        "coordinates": [
          8.5713074,
          39.9311196
        ]
      },
      "properties": {
        "id": 13577654454,
        "osm_type": "node",
        "name": "Villa Donigala",
        "tourism": "guest_house"
      }
    },
    {
      "type": "Feature",
      "geometry": {
        "type": "Point",
        "coordinates": [
          8.5722998,
          39.9298238
        ]
      },
      "properties": {
        "id": 13577654455,
        "osm_type": "node",
        "name": "Giardino Villa Sara",
        "tourism": "guest_house"
      }
    },
    {
      "type": "Feature",
      "geometry": {
        "type": "Point",
        "coordinates": [
          8.5766186,
          39.9277284
        ]
      },
      "properties": {
        "id": 13577654456,
        "osm_type": "node",
        "name": "B&B Al Rimedio",
        "tourism": "guest_house"
      }
    },
    {
      "type": "Feature",
      "geometry": {
        "type": "Point",
        "coordinates": [
          8.9201664,
          39.6622018
        ]
      },
      "properties": {
        "id": 13579788386,
        "osm_type": "node",
        "name": "Casa Berenice",
        "tourism": "guest_house"
      }
    },
    {
      "type": "Feature",
      "geometry": {
        "type": "Point",
        "coordinates": [
          8.9212867,
          39.6608642
        ]
      },
      "properties": {
        "id": 13579825125,
        "osm_type": "node",
        "name": "Locanda La Rosa",
        "tourism": "motel"
      }
    },
    {
      "type": "Feature",
      "geometry": {
        "type": "Point",
        "coordinates": [
          8.9579002,
          39.6171625
        ]
      },
      "properties": {
        "id": 13586337660,
        "osm_type": "node",
        "name": "Villa Chiara",
        "tourism": "guest_house"
      }
    },
    {
      "type": "Feature",
      "geometry": {
        "type": "Point",
        "coordinates": [
          8.9560878,
          39.6161284
        ]
      },
      "properties": {
        "id": 13586337662,
        "osm_type": "node",
        "name": "B&B La Pavoncella",
        "tourism": "guest_house"
      }
    },
    {
      "type": "Feature",
      "geometry": {
        "type": "Point",
        "coordinates": [
          8.96017,
          39.6183238
        ]
      },
      "properties": {
        "id": 13586337663,
        "osm_type": "node",
        "name": "Diamante Sardo",
        "tourism": "guest_house"
      }
    },
    {
      "type": "Feature",
      "geometry": {
        "type": "Point",
        "coordinates": [
          9.142229,
          39.7002675
        ]
      },
      "properties": {
        "id": 13587234271,
        "osm_type": "node",
        "name": "B&B Porcedda Giacomo",
        "tourism": "guest_house"
      }
    },
    {
      "type": "Feature",
      "geometry": {
        "type": "Point",
        "coordinates": [
          9.1429683,
          39.7012548
        ]
      },
      "properties": {
        "id": 13587234279,
        "osm_type": "node",
        "name": "B&B Marongiu Giuseppina",
        "tourism": "guest_house"
      }
    },
    {
      "type": "Feature",
      "geometry": {
        "type": "Point",
        "coordinates": [
          9.145852,
          39.7030242
        ]
      },
      "properties": {
        "id": 13587234280,
        "osm_type": "node",
        "name": "Ipetra Affittacamere",
        "tourism": "guest_house"
      }
    },
    {
      "type": "Feature",
      "geometry": {
        "type": "Point",
        "coordinates": [
          9.1438925,
          39.7026365
        ]
      },
      "properties": {
        "id": 13587234283,
        "osm_type": "node",
        "name": "Biora Hospitality",
        "tourism": "guest_house"
      }
    },
    {
      "type": "Feature",
      "geometry": {
        "type": "Point",
        "coordinates": [
          9.1456559,
          39.6989305
        ]
      },
      "properties": {
        "id": 13587234284,
        "osm_type": "node",
        "name": "B&B Alberelli",
        "tourism": "guest_house"
      }
    },
    {
      "type": "Feature",
      "geometry": {
        "type": "Point",
        "coordinates": [
          9.1476993,
          39.704356
        ]
      },
      "properties": {
        "id": 13587234285,
        "osm_type": "node",
        "name": "B&B Belli Come Il Sole",
        "tourism": "guest_house"
      }
    },
    {
      "type": "Feature",
      "geometry": {
        "type": "Point",
        "coordinates": [
          8.6072251,
          39.8870639
        ]
      },
      "properties": {
        "id": 13588936666,
        "osm_type": "node",
        "name": "B&B Cuccuru 'e Portu",
        "tourism": "guest_house"
      }
    },
    {
      "type": "Feature",
      "geometry": {
        "type": "Point",
        "coordinates": [
          8.5121767,
          39.907721
        ]
      },
      "properties": {
        "id": 13592194083,
        "osm_type": "node",
        "name": "Casa \"Stella Maris\"",
        "tourism": "hostel",
        "phone": "+39 340 062 4802",
        "website": "https://www.sfg-stellamaris.com"
      }
    },
    {
      "type": "Feature",
      "geometry": {
        "type": "Point",
        "coordinates": [
          9.0018316,
          39.6409575
        ]
      },
      "properties": {
        "id": 13598727228,
        "osm_type": "node",
        "name": "B&B Araucaria",
        "tourism": "guest_house"
      }
    },
    {
      "type": "Feature",
      "geometry": {
        "type": "Point",
        "coordinates": [
          9.0066252,
          39.6431886
        ]
      },
      "properties": {
        "id": 13598727229,
        "osm_type": "node",
        "name": "Affittacamere Perra Nicola",
        "tourism": "guest_house"
      }
    },
    {
      "type": "Feature",
      "geometry": {
        "type": "Point",
        "coordinates": [
          8.8356121,
          40.1342755
        ]
      },
      "properties": {
        "id": 13602969085,
        "osm_type": "node",
        "name": "Piccola Dimora",
        "tourism": "guest_house"
      }
    },
    {
      "type": "Feature",
      "geometry": {
        "type": "Point",
        "coordinates": [
          9.6590966,
          40.7827204
        ]
      },
      "properties": {
        "id": 13606474679,
        "osm_type": "node",
        "name": "B&B GUACAMAYO",
        "tourism": "guest_house",
        "website": "https://www.bnbguacamayo.com/"
      }
    },
    {
      "type": "Feature",
      "geometry": {
        "type": "Point",
        "coordinates": [
          8.5940525,
          39.8999227
        ]
      },
      "properties": {
        "id": 13607332001,
        "osm_type": "node",
        "name": "Domus de Brugu",
        "tourism": "guest_house"
      }
    },
    {
      "type": "Feature",
      "geometry": {
        "type": "Point",
        "coordinates": [
          9.3838502,
          39.521425
        ]
      },
      "properties": {
        "id": 13634265730,
        "osm_type": "node",
        "name": "Residenza Culturale Armungia",
        "tourism": "guest_house",
        "website": "https://www.vathel.com/residenzaculturalearmungia"
      }
    },
    {
      "type": "Feature",
      "geometry": {
        "type": "Point",
        "coordinates": [
          9.5572122,
          40.77985
        ]
      },
      "properties": {
        "id": 13651408441,
        "osm_type": "node",
        "tourism": "camp_site"
      }
    },
    {
      "type": "Feature",
      "geometry": {
        "type": "Point",
        "coordinates": [
          9.2900321,
          39.5160285
        ]
      },
      "properties": {
        "id": 13660715483,
        "osm_type": "node",
        "tourism": "guest_house"
      }
    },
    {
      "type": "Feature",
      "geometry": {
        "type": "Point",
        "coordinates": [
          9.1530249,
          40.9171782
        ]
      },
      "properties": {
        "id": 13729233444,
        "osm_type": "node",
        "name": "Il Melograno",
        "tourism": "hotel"
      }
    },
    {
      "type": "Feature",
      "geometry": {
        "type": "Point",
        "coordinates": [
          8.8177043,
          40.9345534
        ]
      },
      "properties": {
        "id": 39695815,
        "osm_type": "way",
        "name": "Camping Villaggio La Foce",
        "tourism": "camp_site",
        "tents": "yes",
        "contact:phone": "+393277636934",
        "contact:website": "https://foce.it/"
      }
    },
    {
      "type": "Feature",
      "geometry": {
        "type": "Point",
        "coordinates": [
          9.7085192,
          39.9237473
        ]
      },
      "properties": {
        "id": 64973793,
        "osm_type": "way",
        "name": "Telis",
        "tourism": "camp_site",
        "tents": "yes",
        "phone": "+39 0782 667140",
        "website": "https://campingtelis.com/"
      }
    },
    {
      "type": "Feature",
      "geometry": {
        "type": "Point",
        "coordinates": [
          8.5589298,
          39.3105563
        ]
      },
      "properties": {
        "id": 70761864,
        "osm_type": "way",
        "name": "Le Tour Hotel",
        "tourism": "hotel"
      }
    },
    {
      "type": "Feature",
      "geometry": {
        "type": "Point",
        "coordinates": [
          8.4072246,
          39.9494619
        ]
      },
      "properties": {
        "id": 72444791,
        "osm_type": "way",
        "name": "Camping Is Aruttas",
        "tourism": "camp_site",
        "tents": "yes",
        "website": "https://www.campingisaruttas.it"
      }
    },
    {
      "type": "Feature",
      "geometry": {
        "type": "Point",
        "coordinates": [
          9.7731826,
          40.4294428
        ]
      },
      "properties": {
        "id": 72725391,
        "osm_type": "way",
        "name": "Camping & Bungalows Porto Sosàlinos",
        "tourism": "camp_site",
        "tents": "yes",
        "phone": "+39 0784 91044",
        "website": "https://www.portososalinos.it/"
      }
    },
    {
      "type": "Feature",
      "geometry": {
        "type": "Point",
        "coordinates": [
          9.7911945,
          40.4449746
        ]
      },
      "properties": {
        "id": 82242404,
        "osm_type": "way",
        "name": "Camping Cala Ginepro",
        "tourism": "camp_site",
        "tents": "yes",
        "website": "https://campingcalaginepro.net"
      }
    },
    {
      "type": "Feature",
      "geometry": {
        "type": "Point",
        "coordinates": [
          8.1913815,
          40.6438569
        ]
      },
      "properties": {
        "id": 83939292,
        "osm_type": "way",
        "name": "Camping Glamping Village Torre del Porticciolo",
        "tourism": "camp_site",
        "tents": "yes",
        "contact:phone": "+39 079919007;+39 079919010",
        "website": "https://www.torredelporticciolo.it"
      }
    },
    {
      "type": "Feature",
      "geometry": {
        "type": "Point",
        "coordinates": [
          9.4426249,
          41.1330157
        ]
      },
      "properties": {
        "id": 85573566,
        "osm_type": "way",
        "name": "Centro Vacanze Isuledda",
        "tourism": "camp_site",
        "tents": "yes",
        "phone": "+39 0789 86003",
        "website": "https://www.isuledda.it/"
      }
    },
    {
      "type": "Feature",
      "geometry": {
        "type": "Point",
        "coordinates": [
          9.6326735,
          40.2853999
        ]
      },
      "properties": {
        "id": 97845415,
        "osm_type": "way",
        "name": "Campeggio Cala Gonone",
        "tourism": "camp_site",
        "tents": "yes",
        "website": "https://www.calagononecamping.com/de/",
        "check_date": "2026-04-03"
      }
    },
    {
      "type": "Feature",
      "geometry": {
        "type": "Point",
        "coordinates": [
          9.7681057,
          40.4258787
        ]
      },
      "properties": {
        "id": 102704343,
        "osm_type": "way",
        "name": "VILLAGGIO ALBA DORATA",
        "tourism": "hotel"
      }
    },
    {
      "type": "Feature",
      "geometry": {
        "type": "Point",
        "coordinates": [
          9.7806619,
          40.4378818
        ]
      },
      "properties": {
        "id": 102705393,
        "osm_type": "way",
        "name": "La Conchiglia",
        "tourism": "guest_house"
      }
    },
    {
      "type": "Feature",
      "geometry": {
        "type": "Point",
        "coordinates": [
          9.7692166,
          40.4255172
        ]
      },
      "properties": {
        "id": 102705888,
        "osm_type": "way",
        "name": "VILLAGGIO ALBA DORATA",
        "tourism": "hotel"
      }
    },
    {
      "type": "Feature",
      "geometry": {
        "type": "Point",
        "coordinates": [
          9.7673313,
          40.4251886
        ]
      },
      "properties": {
        "id": 102705979,
        "osm_type": "way",
        "name": "VILLAGGIO ALBA DORATA",
        "tourism": "hotel"
      }
    },
    {
      "type": "Feature",
      "geometry": {
        "type": "Point",
        "coordinates": [
          9.7874493,
          40.4477488
        ]
      },
      "properties": {
        "id": 102709895,
        "osm_type": "way",
        "name": "I Giardini di Cala Ginepro Hotel Resort",
        "tourism": "hotel"
      }
    },
    {
      "type": "Feature",
      "geometry": {
        "type": "Point",
        "coordinates": [
          9.692564,
          40.379248
        ]
      },
      "properties": {
        "id": 102711187,
        "osm_type": "way",
        "name": "Casa zia Dora",
        "tourism": "apartment"
      }
    },
    {
      "type": "Feature",
      "geometry": {
        "type": "Point",
        "coordinates": [
          9.6624854,
          40.0873824
        ]
      },
      "properties": {
        "id": 112708955,
        "osm_type": "way",
        "name": "Rifugio Cooperativa Goloritzè",
        "tourism": "alpine_hut",
        "contact:website": "http://www.coopgoloritze.com/rifugio-altopiano-golgo/"
      }
    },
    {
      "type": "Feature",
      "geometry": {
        "type": "Point",
        "coordinates": [
          9.3200087,
          39.2060768
        ]
      },
      "properties": {
        "id": 117912510,
        "osm_type": "way",
        "name": "Lavita Camp",
        "tourism": "hotel",
        "website": "https://www.lavitacamp.it/index.html"
      }
    },
    {
      "type": "Feature",
      "geometry": {
        "type": "Point",
        "coordinates": [
          8.8453472,
          38.8778711
        ]
      },
      "properties": {
        "id": 117964829,
        "osm_type": "way",
        "name": "Lighthouse Experience",
        "tourism": "hotel"
      }
    },
    {
      "type": "Feature",
      "geometry": {
        "type": "Point",
        "coordinates": [
          8.5447128,
          40.8242303
        ]
      },
      "properties": {
        "id": 118461312,
        "osm_type": "way",
        "name": "Camping Villaggio Li Nibari",
        "tourism": "camp_site",
        "tents": "yes",
        "contact:phone": "+39079310303"
      }
    },
    {
      "type": "Feature",
      "geometry": {
        "type": "Point",
        "coordinates": [
          9.3194529,
          41.1991515
        ]
      },
      "properties": {
        "id": 119335537,
        "osm_type": "way",
        "name": "Isola dei Gabbiani",
        "tourism": "camp_site",
        "tents": "yes",
        "phone": "+39 0789 704019",
        "website": "https://www.isoladeigabbiani.it"
      }
    },
    {
      "type": "Feature",
      "geometry": {
        "type": "Point",
        "coordinates": [
          9.6712663,
          39.8204763
        ]
      },
      "properties": {
        "id": 119452886,
        "osm_type": "way",
        "name": "Camping La Pineta",
        "tourism": "camp_site",
        "tents": "yes",
        "phone": "+39 0782 29372",
        "contact:website": "http://www.campingbungalowlapineta.it"
      }
    },
    {
      "type": "Feature",
      "geometry": {
        "type": "Point",
        "coordinates": [
          9.6778065,
          39.8354774
        ]
      },
      "properties": {
        "id": 119455746,
        "osm_type": "way",
        "name": "Baia Azzurra",
        "tourism": "hotel"
      }
    },
    {
      "type": "Feature",
      "geometry": {
        "type": "Point",
        "coordinates": [
          9.6829363,
          39.8417097
        ]
      },
      "properties": {
        "id": 119456212,
        "osm_type": "way",
        "name": "Camping Marina",
        "tourism": "camp_site",
        "tents": "yes",
        "website": "https://www.campingmarina.it/"
      }
    },
    {
      "type": "Feature",
      "geometry": {
        "type": "Point",
        "coordinates": [
          9.6600174,
          39.949234
        ]
      },
      "properties": {
        "id": 119571860,
        "osm_type": "way",
        "name": "L'Ulivo",
        "tourism": "hotel",
        "contact:phone": "+39 0782 668 995",
        "contact:website": "http://www.hotelulivo.it/"
      }
    },
    {
      "type": "Feature",
      "geometry": {
        "type": "Point",
        "coordinates": [
          9.3977905,
          39.8695756
        ]
      },
      "properties": {
        "id": 119749412,
        "osm_type": "way",
        "name": "Caserma Ula",
        "tourism": "camp_site",
        "website": "http://www.sardegnasentieri.it/da-vedere/caserma-ula-montarbu"
      }
    },
    {
      "type": "Feature",
      "geometry": {
        "type": "Point",
        "coordinates": [
          8.7968811,
          40.9235259
        ]
      },
      "properties": {
        "id": 119752907,
        "osm_type": "way",
        "name": "International Camping Valledoria",
        "tourism": "camp_site",
        "tents": "yes",
        "website": "https://www.campingvalledoria.com/"
      }
    },
    {
      "type": "Feature",
      "geometry": {
        "type": "Point",
        "coordinates": [
          9.6856881,
          39.9834999
        ]
      },
      "properties": {
        "id": 120553251,
        "osm_type": "way",
        "tourism": "caravan_site"
      }
    },
    {
      "type": "Feature",
      "geometry": {
        "type": "Point",
        "coordinates": [
          9.6733335,
          39.7278226
        ]
      },
      "properties": {
        "id": 121291732,
        "osm_type": "way",
        "name": "Campeggio Coccorrocci",
        "tourism": "camp_site",
        "tents": "yes",
        "contact:phone": "+39 328 379 4773;+39 379 177 3509",
        "contact:website": "https://www.coccorroccicamping.com/"
      }
    },
    {
      "type": "Feature",
      "geometry": {
        "type": "Point",
        "coordinates": [
          9.1778477,
          41.1811036
        ]
      },
      "properties": {
        "id": 123564552,
        "osm_type": "way",
        "name": "La Liccia",
        "tourism": "camp_site",
        "tents": "yes",
        "phone": "+39 0789 755190",
        "website": "https://www.campinglaliccia.com/"
      }
    },
    {
      "type": "Feature",
      "geometry": {
        "type": "Point",
        "coordinates": [
          9.4035982,
          41.2529419
        ]
      },
      "properties": {
        "id": 126761445,
        "osm_type": "way",
        "name": "Camping Abbatoggia",
        "tourism": "camp_site",
        "tents": "yes",
        "website": "https://www.abbatoggiavillage.it/"
      }
    },
    {
      "type": "Feature",
      "geometry": {
        "type": "Point",
        "coordinates": [
          9.1051061,
          39.2512629
        ]
      },
      "properties": {
        "id": 128049123,
        "osm_type": "way",
        "name": "Hotel Quadrifoglio",
        "tourism": "hotel",
        "phone": "+39 070 5430 9394",
        "website": "https://www.hotelquadrifoglio.net/"
      }
    },
    {
      "type": "Feature",
      "geometry": {
        "type": "Point",
        "coordinates": [
          9.7157907,
          40.7014769
        ]
      },
      "properties": {
        "id": 134400322,
        "osm_type": "way",
        "name": "Pedra & Cupa",
        "tourism": "camp_site",
        "tents": "yes",
        "website": "http://www.pedraecupa-camping.com/"
      }
    },
    {
      "type": "Feature",
      "geometry": {
        "type": "Point",
        "coordinates": [
          9.7168997,
          40.6993024
        ]
      },
      "properties": {
        "id": 134400349,
        "osm_type": "way",
        "name": "Villagio Baia dei Pini",
        "tourism": "hotel",
        "website": "https://www.villaggiobaiadeipini.it/"
      }
    },
    {
      "type": "Feature",
      "geometry": {
        "type": "Point",
        "coordinates": [
          9.7156963,
          40.7024576
        ]
      },
      "properties": {
        "id": 134400350,
        "osm_type": "way",
        "name": "Sa Playa",
        "tourism": "chalet",
        "website": "https://www.residencesaplaya.com/"
      }
    },
    {
      "type": "Feature",
      "geometry": {
        "type": "Point",
        "coordinates": [
          8.3867557,
          39.0065653
        ]
      },
      "properties": {
        "id": 135742616,
        "osm_type": "way",
        "name": "Tonnara Camping",
        "tourism": "camp_site",
        "tents": "yes",
        "website": "http://www.camping-tonnara.it"
      }
    },
    {
      "type": "Feature",
      "geometry": {
        "type": "Point",
        "coordinates": [
          8.3654536,
          39.1067639
        ]
      },
      "properties": {
        "id": 136279965,
        "osm_type": "way",
        "name": "Calasetta Residence",
        "tourism": "hotel",
        "phone": "+393278279187",
        "website": "https://www.calasettaresidence.com/"
      }
    },
    {
      "type": "Feature",
      "geometry": {
        "type": "Point",
        "coordinates": [
          8.3710556,
          39.1100352
        ]
      },
      "properties": {
        "id": 136490058,
        "osm_type": "way",
        "name": "Cala di Seta",
        "tourism": "hotel",
        "phone": "+39 0781 88304",
        "website": "https://www.hotelcaladiseta.it/"
      }
    },
    {
      "type": "Feature",
      "geometry": {
        "type": "Point",
        "coordinates": [
          8.8642743,
          38.8894813
        ]
      },
      "properties": {
        "id": 136633020,
        "osm_type": "way",
        "name": "Area Camper Chia",
        "tourism": "caravan_site"
      }
    },
    {
      "type": "Feature",
      "geometry": {
        "type": "Point",
        "coordinates": [
          9.5161627,
          39.1218279
        ]
      },
      "properties": {
        "id": 141950767,
        "osm_type": "way",
        "name": "Pullman Timi Ama Sardegna Hotel",
        "tourism": "hotel",
        "contact:phone": "+39 07079791",
        "website": "https://www.accorhotels.com/gb/hotel-3040-pullman-timi-ama-sardegna/index.shtml"
      }
    },
    {
      "type": "Feature",
      "geometry": {
        "type": "Point",
        "coordinates": [
          9.5271639,
          39.1294046
        ]
      },
      "properties": {
        "id": 141998447,
        "osm_type": "way",
        "name": "Area Sosta Campersimius",
        "tourism": "caravan_site",
        "phone": "+39 329 418 9478",
        "website": "http://www.campersimius.com"
      }
    },
    {
      "type": "Feature",
      "geometry": {
        "type": "Point",
        "coordinates": [
          8.9536542,
          39.892591
        ]
      },
      "properties": {
        "id": 143733637,
        "osm_type": "way",
        "name": "Rifugio Castello Medusa",
        "tourism": "chalet"
      }
    },
    {
      "type": "Feature",
      "geometry": {
        "type": "Point",
        "coordinates": [
          9.7181124,
          40.6581458
        ]
      },
      "properties": {
        "id": 143932007,
        "osm_type": "way",
        "name": "La Posada del Cavallo B&B",
        "tourism": "guest_house"
      }
    },
    {
      "type": "Feature",
      "geometry": {
        "type": "Point",
        "coordinates": [
          9.5249054,
          39.1338318
        ]
      },
      "properties": {
        "id": 146735767,
        "osm_type": "way",
        "tourism": "hotel"
      }
    },
    {
      "type": "Feature",
      "geometry": {
        "type": "Point",
        "coordinates": [
          9.1343434,
          39.2047277
        ]
      },
      "properties": {
        "id": 146849821,
        "osm_type": "way",
        "name": "Hotel Panorama",
        "tourism": "hotel",
        "contact:phone": "+39 070 307691",
        "contact:website": "http://www.hotelpanorama.it",
        "check_date": "2025-08-08"
      }
    },
    {
      "type": "Feature",
      "geometry": {
        "type": "Point",
        "coordinates": [
          9.1903907,
          40.135261
        ]
      },
      "properties": {
        "id": 149684768,
        "osm_type": "way",
        "name": "Hotel ristorante",
        "tourism": "hotel"
      }
    },
    {
      "type": "Feature",
      "geometry": {
        "type": "Point",
        "coordinates": [
          9.1962667,
          40.1586256
        ]
      },
      "properties": {
        "id": 149695463,
        "osm_type": "way",
        "name": "Ristorante Borello",
        "tourism": "guest_house"
      }
    },
    {
      "type": "Feature",
      "geometry": {
        "type": "Point",
        "coordinates": [
          9.6931377,
          39.9942657
        ]
      },
      "properties": {
        "id": 149978988,
        "osm_type": "way",
        "name": "Ostello Bellavista",
        "tourism": "hotel",
        "check_date": "2024-05-17"
      }
    },
    {
      "type": "Feature",
      "geometry": {
        "type": "Point",
        "coordinates": [
          9.3394898,
          40.1682752
        ]
      },
      "properties": {
        "id": 151346841,
        "osm_type": "way",
        "name": "Ai Monti del Gennargentu",
        "tourism": "guest_house",
        "opening_hours": "12:30-15:30,20:00-22:30",
        "phone": "+39 0784 402374",
        "contact:phone": "+39 339 7013183",
        "website": "https://www.aimontidelgennargentu.it/"
      }
    },
    {
      "type": "Feature",
      "geometry": {
        "type": "Point",
        "coordinates": [
          8.7696782,
          40.2689893
        ]
      },
      "properties": {
        "id": 152558998,
        "osm_type": "way",
        "name": "(Ex MotelAgip);Motel",
        "tourism": "motel"
      }
    },
    {
      "type": "Feature",
      "geometry": {
        "type": "Point",
        "coordinates": [
          8.4862367,
          39.7132195
        ]
      },
      "properties": {
        "id": 153573912,
        "osm_type": "way",
        "name": "Capofrasca Resort",
        "tourism": "hotel",
        "contact:phone": "+39 070 97 72 90",
        "contact:website": "http://www.capofrascaresort.it/"
      }
    },
    {
      "type": "Feature",
      "geometry": {
        "type": "Point",
        "coordinates": [
          9.7500096,
          40.6002221
        ]
      },
      "properties": {
        "id": 156719716,
        "osm_type": "way",
        "tourism": "caravan_site"
      }
    },
    {
      "type": "Feature",
      "geometry": {
        "type": "Point",
        "coordinates": [
          9.5116235,
          39.1077581
        ]
      },
      "properties": {
        "id": 157214122,
        "osm_type": "way",
        "name": "Cala Caterina",
        "tourism": "hotel"
      }
    },
    {
      "type": "Feature",
      "geometry": {
        "type": "Point",
        "coordinates": [
          9.5767733,
          40.2633343
        ]
      },
      "properties": {
        "id": 157920212,
        "osm_type": "way",
        "name": "Rifugio Gorropu",
        "tourism": "guest_house",
        "phone": "+39 0784 94897",
        "website": "https://www.rifugiogorropu.it/"
      }
    },
    {
      "type": "Feature",
      "geometry": {
        "type": "Point",
        "coordinates": [
          8.4499442,
          39.5399055
        ]
      },
      "properties": {
        "id": 159550755,
        "osm_type": "way",
        "name": "Hotel Le Dune Piscinas",
        "tourism": "hotel",
        "contact:phone": "+39 070 977 130",
        "contact:website": "http://www.leduneingurtosu.it/"
      }
    },
    {
      "type": "Feature",
      "geometry": {
        "type": "Point",
        "coordinates": [
          8.8135678,
          40.1250134
        ]
      },
      "properties": {
        "id": 159919394,
        "osm_type": "way",
        "name": "Bed and Breakfast Da Annabarbara",
        "tourism": "guest_house",
        "website": "http://www.daannabarbara.it/"
      }
    },
    {
      "type": "Feature",
      "geometry": {
        "type": "Point",
        "coordinates": [
          9.0141771,
          39.8990419
        ]
      },
      "properties": {
        "id": 159989835,
        "osm_type": "way",
        "name": "Agriturismo Genna e Corte",
        "tourism": "guest_house",
        "phone": "+39 0782 869135; +39 368 754 4639",
        "website": "https://www.gennaecorte.it/"
      }
    },
    {
      "type": "Feature",
      "geometry": {
        "type": "Point",
        "coordinates": [
          8.9799367,
          38.9679723
        ]
      },
      "properties": {
        "id": 161306760,
        "osm_type": "way",
        "name": "Hotel Flamingo Resort",
        "tourism": "hotel",
        "phone": "+39 0709208361",
        "website": "https://www.hotelflamingo.it/"
      }
    },
    {
      "type": "Feature",
      "geometry": {
        "type": "Point",
        "coordinates": [
          8.9831609,
          38.9694178
        ]
      },
      "properties": {
        "id": 161306761,
        "osm_type": "way",
        "name": "Hotel Mare e Pineta",
        "tourism": "hotel",
        "phone": "+39 0709209406",
        "website": "https://www.hotelmarepineta.it/"
      }
    },
    {
      "type": "Feature",
      "geometry": {
        "type": "Point",
        "coordinates": [
          9.7214057,
          40.3734355
        ]
      },
      "properties": {
        "id": 161575895,
        "osm_type": "way",
        "name": "CLUB HOTEL OROSEI BEACH",
        "tourism": "hotel",
        "website": "https://www.oroseibeach.it/"
      }
    },
    {
      "type": "Feature",
      "geometry": {
        "type": "Point",
        "coordinates": [
          9.7151202,
          40.7022282
        ]
      },
      "properties": {
        "id": 164584450,
        "osm_type": "way",
        "tourism": "chalet"
      }
    },
    {
      "type": "Feature",
      "geometry": {
        "type": "Point",
        "coordinates": [
          9.7150898,
          40.7022501
        ]
      },
      "properties": {
        "id": 164584452,
        "osm_type": "way",
        "tourism": "chalet"
      }
    },
    {
      "type": "Feature",
      "geometry": {
        "type": "Point",
        "coordinates": [
          9.7150768,
          40.702306
        ]
      },
      "properties": {
        "id": 164584453,
        "osm_type": "way",
        "tourism": "chalet"
      }
    },
    {
      "type": "Feature",
      "geometry": {
        "type": "Point",
        "coordinates": [
          9.715271,
          40.7023876
        ]
      },
      "properties": {
        "id": 164584455,
        "osm_type": "way",
        "tourism": "chalet"
      }
    },
    {
      "type": "Feature",
      "geometry": {
        "type": "Point",
        "coordinates": [
          9.7160712,
          40.7027962
        ]
      },
      "properties": {
        "id": 164584456,
        "osm_type": "way",
        "tourism": "chalet"
      }
    },
    {
      "type": "Feature",
      "geometry": {
        "type": "Point",
        "coordinates": [
          9.715789,
          40.7027535
        ]
      },
      "properties": {
        "id": 164584457,
        "osm_type": "way",
        "tourism": "chalet"
      }
    },
    {
      "type": "Feature",
      "geometry": {
        "type": "Point",
        "coordinates": [
          9.7156127,
          40.7023331
        ]
      },
      "properties": {
        "id": 164584458,
        "osm_type": "way",
        "tourism": "chalet"
      }
    },
    {
      "type": "Feature",
      "geometry": {
        "type": "Point",
        "coordinates": [
          9.7159083,
          40.7028459
        ]
      },
      "properties": {
        "id": 164584459,
        "osm_type": "way",
        "tourism": "chalet"
      }
    },
    {
      "type": "Feature",
      "geometry": {
        "type": "Point",
        "coordinates": [
          9.716036,
          40.7029505
        ]
      },
      "properties": {
        "id": 164584460,
        "osm_type": "way",
        "tourism": "chalet"
      }
    },
    {
      "type": "Feature",
      "geometry": {
        "type": "Point",
        "coordinates": [
          9.7162088,
          40.7027735
        ]
      },
      "properties": {
        "id": 164584462,
        "osm_type": "way",
        "tourism": "chalet"
      }
    },
    {
      "type": "Feature",
      "geometry": {
        "type": "Point",
        "coordinates": [
          9.7157504,
          40.7023103
        ]
      },
      "properties": {
        "id": 164584463,
        "osm_type": "way",
        "tourism": "chalet"
      }
    },
    {
      "type": "Feature",
      "geometry": {
        "type": "Point",
        "coordinates": [
          9.715763,
          40.7024897
        ]
      },
      "properties": {
        "id": 164584465,
        "osm_type": "way",
        "tourism": "chalet"
      }
    },
    {
      "type": "Feature",
      "geometry": {
        "type": "Point",
        "coordinates": [
          9.715447,
          40.7021665
        ]
      },
      "properties": {
        "id": 164584467,
        "osm_type": "way",
        "tourism": "chalet"
      }
    },
    {
      "type": "Feature",
      "geometry": {
        "type": "Point",
        "coordinates": [
          9.7159186,
          40.7026405
        ]
      },
      "properties": {
        "id": 164584468,
        "osm_type": "way",
        "tourism": "chalet"
      }
    },
    {
      "type": "Feature",
      "geometry": {
        "type": "Point",
        "coordinates": [
          9.7159007,
          40.7024668
        ]
      },
      "properties": {
        "id": 164584469,
        "osm_type": "way",
        "tourism": "chalet"
      }
    },
    {
      "type": "Feature",
      "geometry": {
        "type": "Point",
        "coordinates": [
          9.7155848,
          40.7021437
        ]
      },
      "properties": {
        "id": 164584470,
        "osm_type": "way",
        "tourism": "chalet"
      }
    },
    {
      "type": "Feature",
      "geometry": {
        "type": "Point",
        "coordinates": [
          9.7154545,
          40.7025409
        ]
      },
      "properties": {
        "id": 164584471,
        "osm_type": "way",
        "tourism": "chalet"
      }
    },
    {
      "type": "Feature",
      "geometry": {
        "type": "Point",
        "coordinates": [
          9.7156613,
          40.7026488
        ]
      },
      "properties": {
        "id": 164584473,
        "osm_type": "way",
        "tourism": "chalet"
      }
    },
    {
      "type": "Feature",
      "geometry": {
        "type": "Point",
        "coordinates": [
          9.7160564,
          40.7026178
        ]
      },
      "properties": {
        "id": 164584475,
        "osm_type": "way",
        "tourism": "chalet"
      }
    },
    {
      "type": "Feature",
      "geometry": {
        "type": "Point",
        "coordinates": [
          9.7156585,
          40.7023255
        ]
      },
      "properties": {
        "id": 164584476,
        "osm_type": "way",
        "tourism": "chalet"
      }
    },
    {
      "type": "Feature",
      "geometry": {
        "type": "Point",
        "coordinates": [
          9.715299,
          40.7023179
        ]
      },
      "properties": {
        "id": 164584477,
        "osm_type": "way",
        "tourism": "chalet"
      }
    },
    {
      "type": "Feature",
      "geometry": {
        "type": "Point",
        "coordinates": [
          9.7158089,
          40.7024821
        ]
      },
      "properties": {
        "id": 164584479,
        "osm_type": "way",
        "tourism": "chalet"
      }
    },
    {
      "type": "Feature",
      "geometry": {
        "type": "Point",
        "coordinates": [
          9.7159931,
          40.7029149
        ]
      },
      "properties": {
        "id": 164584480,
        "osm_type": "way",
        "tourism": "chalet"
      }
    },
    {
      "type": "Feature",
      "geometry": {
        "type": "Point",
        "coordinates": [
          9.7154929,
          40.702159
        ]
      },
      "properties": {
        "id": 164584481,
        "osm_type": "way",
        "tourism": "chalet"
      }
    },
    {
      "type": "Feature",
      "geometry": {
        "type": "Point",
        "coordinates": [
          9.716117,
          40.7027888
        ]
      },
      "properties": {
        "id": 164584482,
        "osm_type": "way",
        "tourism": "chalet"
      }
    },
    {
      "type": "Feature",
      "geometry": {
        "type": "Point",
        "coordinates": [
          9.7159645,
          40.702633
        ]
      },
      "properties": {
        "id": 164584483,
        "osm_type": "way",
        "tourism": "chalet"
      }
    },
    {
      "type": "Feature",
      "geometry": {
        "type": "Point",
        "coordinates": [
          9.7157073,
          40.7023207
        ]
      },
      "properties": {
        "id": 164584485,
        "osm_type": "way",
        "tourism": "chalet"
      }
    },
    {
      "type": "Feature",
      "geometry": {
        "type": "Point",
        "coordinates": [
          9.7159521,
          40.7028806
        ]
      },
      "properties": {
        "id": 164584486,
        "osm_type": "way",
        "tourism": "chalet"
      }
    },
    {
      "type": "Feature",
      "geometry": {
        "type": "Point",
        "coordinates": [
          9.7158577,
          40.7024773
        ]
      },
      "properties": {
        "id": 164584489,
        "osm_type": "way",
        "tourism": "chalet"
      }
    },
    {
      "type": "Feature",
      "geometry": {
        "type": "Point",
        "coordinates": [
          9.7155417,
          40.7021541
        ]
      },
      "properties": {
        "id": 164584490,
        "osm_type": "way",
        "tourism": "chalet"
      }
    },
    {
      "type": "Feature",
      "geometry": {
        "type": "Point",
        "coordinates": [
          9.7160134,
          40.7026282
        ]
      },
      "properties": {
        "id": 164584491,
        "osm_type": "way",
        "tourism": "chalet"
      }
    },
    {
      "type": "Feature",
      "geometry": {
        "type": "Point",
        "coordinates": [
          9.7157462,
          40.7027178
        ]
      },
      "properties": {
        "id": 164584492,
        "osm_type": "way",
        "tourism": "chalet"
      }
    },
    {
      "type": "Feature",
      "geometry": {
        "type": "Point",
        "coordinates": [
          9.7154826,
          40.7024712
        ]
      },
      "properties": {
        "id": 164584493,
        "osm_type": "way",
        "tourism": "chalet"
      }
    },
    {
      "type": "Feature",
      "geometry": {
        "type": "Point",
        "coordinates": [
          9.7161658,
          40.702784
        ]
      },
      "properties": {
        "id": 164584495,
        "osm_type": "way",
        "tourism": "chalet"
      }
    },
    {
      "type": "Feature",
      "geometry": {
        "type": "Point",
        "coordinates": [
          9.715286,
          40.7023533
        ]
      },
      "properties": {
        "id": 164584496,
        "osm_type": "way",
        "tourism": "chalet"
      }
    },
    {
      "type": "Feature",
      "geometry": {
        "type": "Point",
        "coordinates": [
          9.7157051,
          40.7026834
        ]
      },
      "properties": {
        "id": 164584498,
        "osm_type": "way",
        "tourism": "chalet"
      }
    },
    {
      "type": "Feature",
      "geometry": {
        "type": "Point",
        "coordinates": [
          9.7154695,
          40.7025066
        ]
      },
      "properties": {
        "id": 164584499,
        "osm_type": "way",
        "tourism": "chalet"
      }
    },
    {
      "type": "Feature",
      "geometry": {
        "type": "Point",
        "coordinates": [
          9.7154965,
          40.7024359
        ]
      },
      "properties": {
        "id": 164584500,
        "osm_type": "way",
        "tourism": "chalet"
      }
    },
    {
      "type": "Feature",
      "geometry": {
        "type": "Point",
        "coordinates": [
          9.7153129,
          40.7022825
        ]
      },
      "properties": {
        "id": 164584502,
        "osm_type": "way",
        "tourism": "chalet"
      }
    },
    {
      "type": "Feature",
      "geometry": {
        "type": "Point",
        "coordinates": [
          9.6872744,
          39.9875729
        ]
      },
      "properties": {
        "id": 165022619,
        "osm_type": "way",
        "name": "Nascar",
        "tourism": "hotel",
        "phone": "+39 0782 615314",
        "website": "https://www.nascarhotel.eu/"
      }
    },
    {
      "type": "Feature",
      "geometry": {
        "type": "Point",
        "coordinates": [
          9.5479194,
          41.088831
        ]
      },
      "properties": {
        "id": 165546216,
        "osm_type": "way",
        "name": "Hotel Nibaru",
        "tourism": "hotel",
        "website": "https://www.hotelnibaru.it/"
      }
    },
    {
      "type": "Feature",
      "geometry": {
        "type": "Point",
        "coordinates": [
          8.5063827,
          40.1407386
        ]
      },
      "properties": {
        "id": 166611672,
        "osm_type": "way",
        "name": "Casa Asfodeli",
        "tourism": "apartment",
        "contact:phone": "+39 340 374 3364"
      }
    },
    {
      "type": "Feature",
      "geometry": {
        "type": "Point",
        "coordinates": [
          8.4651029,
          40.3149007
        ]
      },
      "properties": {
        "id": 167222958,
        "osm_type": "way",
        "name": "S'Abba Druche",
        "tourism": "caravan_site",
        "contact:phone": "+39 338 348 1579",
        "website": "https://www.sabbadruche.com/"
      }
    },
    {
      "type": "Feature",
      "geometry": {
        "type": "Point",
        "coordinates": [
          9.6876852,
          39.9912745
        ]
      },
      "properties": {
        "id": 168242653,
        "osm_type": "way",
        "name": "Hotel Plammas",
        "tourism": "hotel"
      }
    },
    {
      "type": "Feature",
      "geometry": {
        "type": "Point",
        "coordinates": [
          8.5035353,
          40.1433683
        ]
      },
      "properties": {
        "id": 168781493,
        "osm_type": "way",
        "name": "Casa Oratiddo",
        "tourism": "apartment"
      }
    },
    {
      "type": "Feature",
      "geometry": {
        "type": "Point",
        "coordinates": [
          8.8652129,
          38.9889103
        ]
      },
      "properties": {
        "id": 169430328,
        "osm_type": "way",
        "tourism": "guest_house"
      }
    },
    {
      "type": "Feature",
      "geometry": {
        "type": "Point",
        "coordinates": [
          9.4353423,
          41.0960171
        ]
      },
      "properties": {
        "id": 170743462,
        "osm_type": "way",
        "name": "Villaggio Camping Golfo di Arzachena",
        "tourism": "camp_site",
        "tents": "yes",
        "website": "https://www.campingarzachena.it/"
      }
    },
    {
      "type": "Feature",
      "geometry": {
        "type": "Point",
        "coordinates": [
          8.4937967,
          40.1043629
        ]
      },
      "properties": {
        "id": 171795719,
        "osm_type": "way",
        "name": "Residence S'adde 'e sa pruna",
        "tourism": "guest_house"
      }
    },
    {
      "type": "Feature",
      "geometry": {
        "type": "Point",
        "coordinates": [
          9.4951993,
          39.1422161
        ]
      },
      "properties": {
        "id": 171957212,
        "osm_type": "way",
        "name": "Le Zagare",
        "tourism": "hotel",
        "phone": "+39 070 791581",
        "website": "http://www.lezagarehotel.it/"
      }
    },
    {
      "type": "Feature",
      "geometry": {
        "type": "Point",
        "coordinates": [
          9.5115504,
          39.1222111
        ]
      },
      "properties": {
        "id": 171961937,
        "osm_type": "way",
        "name": "Villaggio Camping Spiaggia del Riso",
        "tourism": "camp_site",
        "tents": "yes",
        "website": "https://www.villaggiospiaggiadelriso.it/"
      }
    },
    {
      "type": "Feature",
      "geometry": {
        "type": "Point",
        "coordinates": [
          9.599692,
          39.3749719
        ]
      },
      "properties": {
        "id": 172330718,
        "osm_type": "way",
        "name": "Quattro Mori",
        "tourism": "camp_site",
        "contact:phone": "+39 070 999110",
        "website": "https://www.4mori.it/"
      }
    },
    {
      "type": "Feature",
      "geometry": {
        "type": "Point",
        "coordinates": [
          9.630185,
          40.2775287
        ]
      },
      "properties": {
        "id": 172456803,
        "osm_type": "way",
        "name": "Palmasera Village Resort",
        "tourism": "hotel"
      }
    },
    {
      "type": "Feature",
      "geometry": {
        "type": "Point",
        "coordinates": [
          9.6875008,
          40.3448225
        ]
      },
      "properties": {
        "id": 172580920,
        "osm_type": "way",
        "name": "Osalla Beach Garden",
        "tourism": "caravan_site"
      }
    },
    {
      "type": "Feature",
      "geometry": {
        "type": "Point",
        "coordinates": [
          9.7394827,
          40.6320463
        ]
      },
      "properties": {
        "id": 172678486,
        "osm_type": "way",
        "name": "Ermosa",
        "tourism": "camp_site",
        "tents": "yes",
        "contact:phone": "+39 0784 853010",
        "website": "https://www.campingermosa.com"
      }
    },
    {
      "type": "Feature",
      "geometry": {
        "type": "Point",
        "coordinates": [
          8.4717893,
          39.5256953
        ]
      },
      "properties": {
        "id": 173137926,
        "osm_type": "way",
        "name": "Camping Sciopadroxiu",
        "tourism": "camp_site",
        "tents": "yes",
        "phone": "+39 340 5724310;+393497167231",
        "website": "http://www.campingsciopadroxiu.com/"
      }
    },
    {
      "type": "Feature",
      "geometry": {
        "type": "Point",
        "coordinates": [
          8.8867071,
          38.9024723
        ]
      },
      "properties": {
        "id": 176616974,
        "osm_type": "way",
        "name": "Hotel Torre Chia",
        "tourism": "hotel"
      }
    },
    {
      "type": "Feature",
      "geometry": {
        "type": "Point",
        "coordinates": [
          9.1642353,
          40.7863893
        ]
      },
      "properties": {
        "id": 176708271,
        "osm_type": "way",
        "name": "Monte Acuto B&B",
        "tourism": "guest_house"
      }
    },
    {
      "type": "Feature",
      "geometry": {
        "type": "Point",
        "coordinates": [
          9.275221,
          39.6793967
        ]
      },
      "properties": {
        "id": 176851268,
        "osm_type": "way",
        "name": "Hotel Castellinaria",
        "tourism": "hotel"
      }
    },
    {
      "type": "Feature",
      "geometry": {
        "type": "Point",
        "coordinates": [
          9.2602065,
          39.6984206
        ]
      },
      "properties": {
        "id": 176855398,
        "osm_type": "way",
        "name": "Antichi Ovili",
        "tourism": "hotel",
        "phone": "+393457183424",
        "website": "http://www.antichiovili.it/"
      }
    },
    {
      "type": "Feature",
      "geometry": {
        "type": "Point",
        "coordinates": [
          8.5189063,
          39.908538
        ]
      },
      "properties": {
        "id": 178636483,
        "osm_type": "way",
        "name": "Torregrande",
        "tourism": "camp_site",
        "tents": "yes"
      }
    },
    {
      "type": "Feature",
      "geometry": {
        "type": "Point",
        "coordinates": [
          8.7044677,
          40.9134765
        ]
      },
      "properties": {
        "id": 179162104,
        "osm_type": "way",
        "name": "Hotel Nadir",
        "tourism": "hotel",
        "website": "http://www.hotelnadir.it"
      }
    },
    {
      "type": "Feature",
      "geometry": {
        "type": "Point",
        "coordinates": [
          8.7072505,
          40.913458
        ]
      },
      "properties": {
        "id": 179354128,
        "osm_type": "way",
        "name": "Pensione Pinna",
        "tourism": "hotel"
      }
    },
    {
      "type": "Feature",
      "geometry": {
        "type": "Point",
        "coordinates": [
          8.7063132,
          40.9135944
        ]
      },
      "properties": {
        "id": 179354139,
        "osm_type": "way",
        "name": "Hotel Albergo Castello",
        "tourism": "hotel",
        "website": "http://www.hotelristorantecastello.com/"
      }
    },
    {
      "type": "Feature",
      "geometry": {
        "type": "Point",
        "coordinates": [
          8.70904,
          40.9136503
        ]
      },
      "properties": {
        "id": 179354224,
        "osm_type": "way",
        "name": "Hotel Janus",
        "tourism": "hotel",
        "website": "https://www.janushotel.it/"
      }
    },
    {
      "type": "Feature",
      "geometry": {
        "type": "Point",
        "coordinates": [
          8.707902,
          40.913387
        ]
      },
      "properties": {
        "id": 179354263,
        "osm_type": "way",
        "name": "Hotel Riviera",
        "tourism": "hotel",
        "website": "https://www.hotelriviera.net/"
      }
    },
    {
      "type": "Feature",
      "geometry": {
        "type": "Point",
        "coordinates": [
          8.5446786,
          40.1305959
        ]
      },
      "properties": {
        "id": 179434397,
        "osm_type": "way",
        "name": "Casa del Cacciatore Massa e Loi",
        "tourism": "alpine_hut"
      }
    },
    {
      "type": "Feature",
      "geometry": {
        "type": "Point",
        "coordinates": [
          9.7390846,
          40.6318183
        ]
      },
      "properties": {
        "id": 180933935,
        "osm_type": "way",
        "name": "Camping Ermonsa",
        "tourism": "hotel",
        "phone": "+39 0784 853010",
        "website": "https://www.campingermosa.com/"
      }
    },
    {
      "type": "Feature",
      "geometry": {
        "type": "Point",
        "coordinates": [
          8.7250663,
          40.9121694
        ]
      },
      "properties": {
        "id": 181897620,
        "osm_type": "way",
        "name": "Hotel Residence La Baia",
        "tourism": "hotel",
        "website": "http://www.hotelresidencelabaia.com"
      }
    },
    {
      "type": "Feature",
      "geometry": {
        "type": "Point",
        "coordinates": [
          8.7220875,
          40.9122963
        ]
      },
      "properties": {
        "id": 182042438,
        "osm_type": "way",
        "name": "Hotel Pedraladda",
        "tourism": "hotel",
        "website": "http://www.hotelpedraladda.it"
      }
    },
    {
      "type": "Feature",
      "geometry": {
        "type": "Point",
        "coordinates": [
          8.6986745,
          40.9056805
        ]
      },
      "properties": {
        "id": 183613350,
        "osm_type": "way",
        "name": "Hotel Resort Bajaloglia",
        "tourism": "hotel",
        "website": "http://www.charmingsardinia.com"
      }
    },
    {
      "type": "Feature",
      "geometry": {
        "type": "Point",
        "coordinates": [
          8.7363652,
          40.9152647
        ]
      },
      "properties": {
        "id": 184345806,
        "osm_type": "way",
        "name": "Castelsardo Resort Village Baia Ostina",
        "tourism": "hotel",
        "website": "https://www.castelsardoresortvillage.it/"
      }
    },
    {
      "type": "Feature",
      "geometry": {
        "type": "Point",
        "coordinates": [
          9.3768705,
          41.1865596
        ]
      },
      "properties": {
        "id": 185249204,
        "osm_type": "way",
        "name": "Camping Acapulco",
        "tourism": "camp_site",
        "tents": "yes",
        "phone": "+39 0789 709497",
        "website": "https://campingacapulco.com/"
      }
    },
    {
      "type": "Feature",
      "geometry": {
        "type": "Point",
        "coordinates": [
          9.4054078,
          41.1610485
        ]
      },
      "properties": {
        "id": 185269018,
        "osm_type": "way",
        "name": "Camping Capo D'Orso",
        "tourism": "camp_site",
        "tents": "yes",
        "phone": "+39 0365 520 682",
        "website": "https://www.capodorso.it/"
      }
    },
    {
      "type": "Feature",
      "geometry": {
        "type": "Point",
        "coordinates": [
          9.5070583,
          41.0053662
        ]
      },
      "properties": {
        "id": 185495568,
        "osm_type": "way",
        "name": "Villaggio Camping Cugnana",
        "tourism": "camp_site",
        "tents": "yes",
        "phone": "+39 0789 33184",
        "website": "https://www.campingcugnana.it/"
      }
    },
    {
      "type": "Feature",
      "geometry": {
        "type": "Point",
        "coordinates": [
          9.1270249,
          39.2103844
        ]
      },
      "properties": {
        "id": 186658798,
        "osm_type": "way",
        "name": "Camper Cagliari Park",
        "tourism": "caravan_site",
        "phone": "+39 329 6713141",
        "website": "https://www.campercagliaripark.it/"
      }
    },
    {
      "type": "Feature",
      "geometry": {
        "type": "Point",
        "coordinates": [
          8.7568718,
          39.8119947
        ]
      },
      "properties": {
        "id": 188140767,
        "osm_type": "way",
        "name": "casa del cacciatore Beda Manca",
        "tourism": "hostel"
      }
    },
    {
      "type": "Feature",
      "geometry": {
        "type": "Point",
        "coordinates": [
          9.142226,
          39.2066462
        ]
      },
      "properties": {
        "id": 189215823,
        "osm_type": "way",
        "name": "Hotel Caesar",
        "tourism": "hotel"
      }
    },
    {
      "type": "Feature",
      "geometry": {
        "type": "Point",
        "coordinates": [
          9.5203325,
          39.1202556
        ]
      },
      "properties": {
        "id": 189726942,
        "osm_type": "way",
        "name": "Residence Porto Giunco",
        "tourism": "guest_house"
      }
    },
    {
      "type": "Feature",
      "geometry": {
        "type": "Point",
        "coordinates": [
          8.6377755,
          39.7229309
        ]
      },
      "properties": {
        "id": 197099328,
        "osm_type": "way",
        "name": "Albergo Ristorante \"La terrazza\"",
        "tourism": "hotel"
      }
    },
    {
      "type": "Feature",
      "geometry": {
        "type": "Point",
        "coordinates": [
          9.2280031,
          40.0104685
        ]
      },
      "properties": {
        "id": 198826298,
        "osm_type": "way",
        "name": "Hotel Ristorante La Nuova",
        "tourism": "hotel"
      }
    },
    {
      "type": "Feature",
      "geometry": {
        "type": "Point",
        "coordinates": [
          9.2199863,
          40.0060397
        ]
      },
      "properties": {
        "id": 198830210,
        "osm_type": "way",
        "name": "OASI",
        "tourism": "hotel"
      }
    },
    {
      "type": "Feature",
      "geometry": {
        "type": "Point",
        "coordinates": [
          8.5855881,
          39.7737546
        ]
      },
      "properties": {
        "id": 199385493,
        "osm_type": "way",
        "name": "Hotel Le Torri",
        "tourism": "hotel",
        "website": "https://www.letorrihotelsardegna.it/"
      }
    },
    {
      "type": "Feature",
      "geometry": {
        "type": "Point",
        "coordinates": [
          8.4560337,
          39.6891014
        ]
      },
      "properties": {
        "id": 199931713,
        "osm_type": "way",
        "name": "Hotel Villaggio Sabbie d'Oro",
        "tourism": "hotel",
        "contact:phone": "+39 070 977 074",
        "contact:website": "http://www.villaggiosabbiedoro.net"
      }
    },
    {
      "type": "Feature",
      "geometry": {
        "type": "Point",
        "coordinates": [
          9.6293139,
          40.2795073
        ]
      },
      "properties": {
        "id": 216208177,
        "osm_type": "way",
        "name": "Palmasera",
        "tourism": "caravan_site",
        "phone": "+39 348 584 5133",
        "check_date": "2024-10-20"
      }
    },
    {
      "type": "Feature",
      "geometry": {
        "type": "Point",
        "coordinates": [
          9.6675306,
          39.7024075
        ]
      },
      "properties": {
        "id": 220928538,
        "osm_type": "way",
        "name": "Villaggio Camping Tesonis Beach",
        "tourism": "camp_site",
        "tents": "yes",
        "contact:phone": "+39 0782 570441;+39 0782 570442",
        "contact:website": "https://campingvillagetesonis.netsons.org/"
      }
    },
    {
      "type": "Feature",
      "geometry": {
        "type": "Point",
        "coordinates": [
          8.5401862,
          39.9956242
        ]
      },
      "properties": {
        "id": 222066079,
        "osm_type": "way",
        "name": "Agriturismo Bellu 1",
        "tourism": "guest_house",
        "website": "https://www.agriturismobellu.it/"
      }
    },
    {
      "type": "Feature",
      "geometry": {
        "type": "Point",
        "coordinates": [
          9.6531549,
          40.7627465
        ]
      },
      "properties": {
        "id": 224178493,
        "osm_type": "way",
        "tourism": "hotel"
      }
    },
    {
      "type": "Feature",
      "geometry": {
        "type": "Point",
        "coordinates": [
          9.7469569,
          40.6610505
        ]
      },
      "properties": {
        "id": 224209294,
        "osm_type": "way",
        "name": "Hotel Matta 'e Peru",
        "tourism": "hotel"
      }
    },
    {
      "type": "Feature",
      "geometry": {
        "type": "Point",
        "coordinates": [
          8.5488004,
          39.8058351
        ]
      },
      "properties": {
        "id": 225107205,
        "osm_type": "way",
        "name": "Colonia Marina Santa Chiara",
        "tourism": "hotel"
      }
    },
    {
      "type": "Feature",
      "geometry": {
        "type": "Point",
        "coordinates": [
          9.2529781,
          39.2200996
        ]
      },
      "properties": {
        "id": 228070254,
        "osm_type": "way",
        "name": "Hotel Setar",
        "tourism": "hotel",
        "website": "https://www.hotelsetar.it/"
      }
    },
    {
      "type": "Feature",
      "geometry": {
        "type": "Point",
        "coordinates": [
          9.2538002,
          39.2195431
        ]
      },
      "properties": {
        "id": 228121935,
        "osm_type": "way",
        "name": "Grand Hotel Quattro Torri",
        "tourism": "hotel"
      }
    },
    {
      "type": "Feature",
      "geometry": {
        "type": "Point",
        "coordinates": [
          9.2698216,
          39.2198334
        ]
      },
      "properties": {
        "id": 228380083,
        "osm_type": "way",
        "name": "Hotel Ristorante Su Meriagu",
        "tourism": "hotel"
      }
    },
    {
      "type": "Feature",
      "geometry": {
        "type": "Point",
        "coordinates": [
          9.2474918,
          39.2227147
        ]
      },
      "properties": {
        "id": 229163042,
        "osm_type": "way",
        "name": "Hotel Califfo",
        "tourism": "hotel"
      }
    },
    {
      "type": "Feature",
      "geometry": {
        "type": "Point",
        "coordinates": [
          9.7875025,
          40.4478709
        ]
      },
      "properties": {
        "id": 229167632,
        "osm_type": "way",
        "name": "I Giardini di Cala Ginepro Hotel Resort",
        "tourism": "hotel",
        "website": "https://www.hotelgiardinicalaginepro.com/"
      }
    },
    {
      "type": "Feature",
      "geometry": {
        "type": "Point",
        "coordinates": [
          9.6060972,
          40.3186292
        ]
      },
      "properties": {
        "id": 229543661,
        "osm_type": "way",
        "name": "Hotel Ristorante Ispinigoli",
        "tourism": "hotel"
      }
    },
    {
      "type": "Feature",
      "geometry": {
        "type": "Point",
        "coordinates": [
          8.316558,
          40.5748762
        ]
      },
      "properties": {
        "id": 232402987,
        "osm_type": "way",
        "name": "Residence Buganvillea",
        "tourism": "hotel",
        "phone": "+39 079 951187",
        "website": "https://www.residenceucalipti.it/"
      }
    },
    {
      "type": "Feature",
      "geometry": {
        "type": "Point",
        "coordinates": [
          8.316931,
          40.5744101
        ]
      },
      "properties": {
        "id": 232904661,
        "osm_type": "way",
        "name": "Residence Picalè",
        "tourism": "hotel",
        "phone": "+39 079986280",
        "website": "https://www.residencepicale.it/"
      }
    },
    {
      "type": "Feature",
      "geometry": {
        "type": "Point",
        "coordinates": [
          9.5133128,
          40.9086766
        ]
      },
      "properties": {
        "id": 234564335,
        "osm_type": "way",
        "name": "Jazz Hotel",
        "tourism": "hotel"
      }
    },
    {
      "type": "Feature",
      "geometry": {
        "type": "Point",
        "coordinates": [
          9.4305729,
          39.1347251
        ]
      },
      "properties": {
        "id": 234810033,
        "osm_type": "way",
        "name": "Albergo al Mare",
        "tourism": "hotel",
        "website": "http://www.hotelviadelmare.com/"
      }
    },
    {
      "type": "Feature",
      "geometry": {
        "type": "Point",
        "coordinates": [
          8.5631546,
          39.3062003
        ]
      },
      "properties": {
        "id": 235076110,
        "osm_type": "way",
        "name": "SportVillage",
        "tourism": "motel"
      }
    },
    {
      "type": "Feature",
      "geometry": {
        "type": "Point",
        "coordinates": [
          8.5546008,
          39.2972709
        ]
      },
      "properties": {
        "id": 235227496,
        "osm_type": "way",
        "name": "Hotel Corte Rubja",
        "tourism": "motel",
        "website": "https://www.corterubja.it/"
      }
    },
    {
      "type": "Feature",
      "geometry": {
        "type": "Point",
        "coordinates": [
          9.0193205,
          39.156051
        ]
      },
      "properties": {
        "id": 235588549,
        "osm_type": "way",
        "name": "Santa Lucia",
        "tourism": "hotel",
        "phone": "+39 070 710832",
        "website": "http://www.hotelsantaluciacapoterra.it"
      }
    },
    {
      "type": "Feature",
      "geometry": {
        "type": "Point",
        "coordinates": [
          9.504271,
          40.9321727
        ]
      },
      "properties": {
        "id": 237047265,
        "osm_type": "way",
        "name": "DoubleTree by Hilton Olbia - Sardinia",
        "tourism": "hotel",
        "phone": "+39 0789 5561",
        "website": "https://www.hilton.com/en/hotels/olbdtdi-doubletree-olbia-sardinia/"
      }
    },
    {
      "type": "Feature",
      "geometry": {
        "type": "Point",
        "coordinates": [
          9.2805667,
          41.0008686
        ]
      },
      "properties": {
        "id": 237435241,
        "osm_type": "way",
        "name": "Hotel Ristorante ValKarana",
        "tourism": "hotel",
        "website": "https://www.valkarana.com/"
      }
    },
    {
      "type": "Feature",
      "geometry": {
        "type": "Point",
        "coordinates": [
          8.6892063,
          39.7852062
        ]
      },
      "properties": {
        "id": 238697869,
        "osm_type": "way",
        "name": "Ostello Zuradili",
        "tourism": "hostel"
      }
    },
    {
      "type": "Feature",
      "geometry": {
        "type": "Point",
        "coordinates": [
          9.7107789,
          40.3863753
        ]
      },
      "properties": {
        "id": 247016181,
        "osm_type": "way",
        "name": "Santa Maria Resort",
        "tourism": "hotel",
        "contact:phone": "+39 345 671 4199",
        "contact:website": "http://www.santamariaresort.it"
      }
    },
    {
      "type": "Feature",
      "geometry": {
        "type": "Point",
        "coordinates": [
          8.768244,
          39.7403742
        ]
      },
      "properties": {
        "id": 247955787,
        "osm_type": "way",
        "name": "Sa Matta Frisca",
        "tourism": "guest_house"
      }
    },
    {
      "type": "Feature",
      "geometry": {
        "type": "Point",
        "coordinates": [
          8.6731546,
          39.9539053
        ]
      },
      "properties": {
        "id": 248440824,
        "osm_type": "way",
        "name": "Bed and breakfast Is Scabas",
        "tourism": "guest_house",
        "contact:phone": "+39 380 798 25 22",
        "contact:website": "https://www.isscabas.com"
      }
    },
    {
      "type": "Feature",
      "geometry": {
        "type": "Point",
        "coordinates": [
          8.8070617,
          39.9993604
        ]
      },
      "properties": {
        "id": 251734426,
        "osm_type": "way",
        "name": "Sardegna Grand Hotel Terme",
        "tourism": "hotel",
        "website": "https://www.termesardegna.it/"
      }
    },
    {
      "type": "Feature",
      "geometry": {
        "type": "Point",
        "coordinates": [
          8.8068088,
          39.9981298
        ]
      },
      "properties": {
        "id": 251741562,
        "osm_type": "way",
        "name": "Centro Benessere SPA e Terme",
        "tourism": "hotel"
      }
    },
    {
      "type": "Feature",
      "geometry": {
        "type": "Point",
        "coordinates": [
          8.4893226,
          40.2971103
        ]
      },
      "properties": {
        "id": 254799607,
        "osm_type": "way",
        "name": "Hotel Royal",
        "tourism": "hotel"
      }
    },
    {
      "type": "Feature",
      "geometry": {
        "type": "Point",
        "coordinates": [
          9.5696691,
          39.2416566
        ]
      },
      "properties": {
        "id": 260081063,
        "osm_type": "way",
        "name": "Capo Ferrato",
        "tourism": "camp_site",
        "tents": "yes",
        "phone": "+39070885653",
        "website": "https://www.campingcapoferrato.com/"
      }
    },
    {
      "type": "Feature",
      "geometry": {
        "type": "Point",
        "coordinates": [
          9.5738845,
          39.2545832
        ]
      },
      "properties": {
        "id": 260081076,
        "osm_type": "way",
        "name": "Free Beach Club",
        "tourism": "hotel"
      }
    },
    {
      "type": "Feature",
      "geometry": {
        "type": "Point",
        "coordinates": [
          9.1632462,
          40.7855258
        ]
      },
      "properties": {
        "id": 260132762,
        "osm_type": "way",
        "name": "Albergo Ristorante Nuovo Limbara",
        "tourism": "hotel"
      }
    },
    {
      "type": "Feature",
      "geometry": {
        "type": "Point",
        "coordinates": [
          9.6051248,
          41.002369
        ]
      },
      "properties": {
        "id": 260140131,
        "osm_type": "way",
        "name": "King's Hotel",
        "tourism": "hotel"
      }
    },
    {
      "type": "Feature",
      "geometry": {
        "type": "Point",
        "coordinates": [
          9.6004472,
          39.2908661
        ]
      },
      "properties": {
        "id": 260948901,
        "osm_type": "way",
        "name": "Tiliguerta",
        "tourism": "camp_site",
        "phone": "+39 070 9914 3738",
        "website": "https://www.tiliguerta.com/"
      }
    },
    {
      "type": "Feature",
      "geometry": {
        "type": "Point",
        "coordinates": [
          9.5767395,
          39.2661351
        ]
      },
      "properties": {
        "id": 261509077,
        "osm_type": "way",
        "tourism": "hotel"
      }
    },
    {
      "type": "Feature",
      "geometry": {
        "type": "Point",
        "coordinates": [
          9.424241,
          39.1353109
        ]
      },
      "properties": {
        "id": 262430473,
        "osm_type": "way",
        "name": "La Scogliera",
        "tourism": "hotel",
        "website": "http://www.lascoglierasolanas.it/"
      }
    },
    {
      "type": "Feature",
      "geometry": {
        "type": "Point",
        "coordinates": [
          9.5194493,
          39.2360678
        ]
      },
      "properties": {
        "id": 263713546,
        "osm_type": "way",
        "tourism": "caravan_site"
      }
    },
    {
      "type": "Feature",
      "geometry": {
        "type": "Point",
        "coordinates": [
          8.6709414,
          40.0189989
        ]
      },
      "properties": {
        "id": 266553424,
        "osm_type": "way",
        "name": "B&B Floris Palmas",
        "tourism": "guest_house"
      }
    },
    {
      "type": "Feature",
      "geometry": {
        "type": "Point",
        "coordinates": [
          9.4368213,
          41.1078094
        ]
      },
      "properties": {
        "id": 273557603,
        "osm_type": "way",
        "name": "Blu Hotel Morisco",
        "tourism": "hotel"
      }
    },
    {
      "type": "Feature",
      "geometry": {
        "type": "Point",
        "coordinates": [
          9.4320738,
          41.1325633
        ]
      },
      "properties": {
        "id": 273557614,
        "osm_type": "way",
        "name": "Sporting Hotel Tanca Manna",
        "tourism": "hotel",
        "check_date": "2024-06-22"
      }
    },
    {
      "type": "Feature",
      "geometry": {
        "type": "Point",
        "coordinates": [
          9.5079407,
          41.1381866
        ]
      },
      "properties": {
        "id": 273558302,
        "osm_type": "way",
        "name": "Le Palme",
        "tourism": "hotel",
        "phone": "+39 0789 906011",
        "website": "https://www.hotellepalmeportocervo.it/de/hotel-porto-cervo/1-0.html"
      }
    },
    {
      "type": "Feature",
      "geometry": {
        "type": "Point",
        "coordinates": [
          9.4973419,
          41.1292483
        ]
      },
      "properties": {
        "id": 273558926,
        "osm_type": "way",
        "name": "B&B Smeralda",
        "tourism": "guest_house",
        "website": "https://www.bbsmeralda.com/"
      }
    },
    {
      "type": "Feature",
      "geometry": {
        "type": "Point",
        "coordinates": [
          9.5387814,
          41.1319844
        ]
      },
      "properties": {
        "id": 273560870,
        "osm_type": "way",
        "name": "Cervo Hotel and Conference Center",
        "tourism": "hotel"
      }
    },
    {
      "type": "Feature",
      "geometry": {
        "type": "Point",
        "coordinates": [
          9.4418103,
          41.1321375
        ]
      },
      "properties": {
        "id": 273561559,
        "osm_type": "way",
        "tourism": "chalet"
      }
    },
    {
      "type": "Feature",
      "geometry": {
        "type": "Point",
        "coordinates": [
          9.439284,
          41.1137256
        ]
      },
      "properties": {
        "id": 273561783,
        "osm_type": "way",
        "name": "Resort Cala di Falco",
        "tourism": "hotel"
      }
    },
    {
      "type": "Feature",
      "geometry": {
        "type": "Point",
        "coordinates": [
          9.438103,
          41.1074341
        ]
      },
      "properties": {
        "id": 273561802,
        "osm_type": "way",
        "name": "Hotel Baja",
        "tourism": "hotel"
      }
    },
    {
      "type": "Feature",
      "geometry": {
        "type": "Point",
        "coordinates": [
          9.4235236,
          41.1174433
        ]
      },
      "properties": {
        "id": 273562178,
        "osm_type": "way",
        "name": "Hotel Micalosu",
        "tourism": "hotel",
        "phone": "+39 07898 6326",
        "website": "https://www.hotelmicalosu.it/"
      }
    },
    {
      "type": "Feature",
      "geometry": {
        "type": "Point",
        "coordinates": [
          9.5299234,
          41.1326821
        ]
      },
      "properties": {
        "id": 273562192,
        "osm_type": "way",
        "name": "Luci di la Muntagna",
        "tourism": "hotel"
      }
    },
    {
      "type": "Feature",
      "geometry": {
        "type": "Point",
        "coordinates": [
          9.4412434,
          41.1323188
        ]
      },
      "properties": {
        "id": 273562205,
        "osm_type": "way",
        "tourism": "chalet"
      }
    },
    {
      "type": "Feature",
      "geometry": {
        "type": "Point",
        "coordinates": [
          9.5327023,
          41.090867
        ]
      },
      "properties": {
        "id": 273565071,
        "osm_type": "way",
        "name": "Hotel Valdiola",
        "tourism": "hotel"
      }
    },
    {
      "type": "Feature",
      "geometry": {
        "type": "Point",
        "coordinates": [
          9.3965017,
          41.0909147
        ]
      },
      "properties": {
        "id": 273565962,
        "osm_type": "way",
        "name": "Lu Pastruccialeddu",
        "tourism": "guest_house"
      }
    },
    {
      "type": "Feature",
      "geometry": {
        "type": "Point",
        "coordinates": [
          9.4610592,
          41.1151656
        ]
      },
      "properties": {
        "id": 273567449,
        "osm_type": "way",
        "name": "L’Ea Bianca Luxury Resort",
        "tourism": "hotel",
        "phone": "+39 0789 974311"
      }
    },
    {
      "type": "Feature",
      "geometry": {
        "type": "Point",
        "coordinates": [
          9.440755,
          41.1320675
        ]
      },
      "properties": {
        "id": 273567611,
        "osm_type": "way",
        "tourism": "chalet"
      }
    },
    {
      "type": "Feature",
      "geometry": {
        "type": "Point",
        "coordinates": [
          9.5640865,
          41.0991595
        ]
      },
      "properties": {
        "id": 273567803,
        "osm_type": "way",
        "name": "Romazzino",
        "tourism": "hotel"
      }
    },
    {
      "type": "Feature",
      "geometry": {
        "type": "Point",
        "coordinates": [
          9.5271031,
          39.9186125
        ]
      },
      "properties": {
        "id": 273743488,
        "osm_type": "way",
        "name": "Hotel Murru",
        "tourism": "hotel",
        "contact:phone": "+39 0782 37665",
        "contact:website": "http://www.hotelmurru.com",
        "check_date": "2024-06-05"
      }
    },
    {
      "type": "Feature",
      "geometry": {
        "type": "Point",
        "coordinates": [
          9.419961,
          40.5798863
        ]
      },
      "properties": {
        "id": 273770346,
        "osm_type": "way",
        "name": "Agriturismo Ertila",
        "tourism": "guest_house",
        "contact:phone": "+39 0784 414558",
        "contact:website": "http://www.agriturismoertila.it/"
      }
    },
    {
      "type": "Feature",
      "geometry": {
        "type": "Point",
        "coordinates": [
          9.3803836,
          40.476304
        ]
      },
      "properties": {
        "id": 273770395,
        "osm_type": "way",
        "name": "Hotel Ristorante Su Lithu",
        "tourism": "hotel",
        "contact:phone": "+39 0784 413 012",
        "contact:website": "http://www.sulithu.it"
      }
    },
    {
      "type": "Feature",
      "geometry": {
        "type": "Point",
        "coordinates": [
          9.5874466,
          40.3703304
        ]
      },
      "properties": {
        "id": 273799641,
        "osm_type": "way",
        "name": "Bed and Breakfast La Valle del Cedrino",
        "tourism": "guest_house",
        "contact:phone": "+39 340 0065 332;+39 320 0611 057",
        "contact:website": "http://www.beblavalledelcedrino.com"
      }
    },
    {
      "type": "Feature",
      "geometry": {
        "type": "Point",
        "coordinates": [
          9.6197161,
          41.0039876
        ]
      },
      "properties": {
        "id": 274868802,
        "osm_type": "way",
        "name": "hotel Maria",
        "tourism": "hotel",
        "website": "https://hotelmariasardegna.it/"
      }
    },
    {
      "type": "Feature",
      "geometry": {
        "type": "Point",
        "coordinates": [
          9.6321301,
          40.2806304
        ]
      },
      "properties": {
        "id": 274940028,
        "osm_type": "way",
        "name": "I Ginepri",
        "tourism": "hotel"
      }
    },
    {
      "type": "Feature",
      "geometry": {
        "type": "Point",
        "coordinates": [
          9.6315396,
          40.2808626
        ]
      },
      "properties": {
        "id": 274943412,
        "osm_type": "way",
        "name": "Bue Marino",
        "tourism": "hotel"
      }
    },
    {
      "type": "Feature",
      "geometry": {
        "type": "Point",
        "coordinates": [
          9.5921303,
          40.2878103
        ]
      },
      "properties": {
        "id": 274944231,
        "osm_type": "way",
        "name": "Da Francesca",
        "tourism": "guest_house"
      }
    },
    {
      "type": "Feature",
      "geometry": {
        "type": "Point",
        "coordinates": [
          9.5961194,
          39.3663647
        ]
      },
      "properties": {
        "id": 276492004,
        "osm_type": "way",
        "name": "Campeggio Torre Salinas",
        "tourism": "camp_site",
        "tents": "yes",
        "phone": "+39 070 999032",
        "website": "https://www.campingvillagetorresalinas.it/"
      }
    },
    {
      "type": "Feature",
      "geometry": {
        "type": "Point",
        "coordinates": [
          9.5313415,
          39.8869574
        ]
      },
      "properties": {
        "id": 276604811,
        "osm_type": "way",
        "tourism": "hotel",
        "contact:phone": "+39 0782 42471; +39 0782 42472",
        "contact:website": "http://www.hotelvillaselene.net"
      }
    },
    {
      "type": "Feature",
      "geometry": {
        "type": "Point",
        "coordinates": [
          9.5203365,
          39.8779981
        ]
      },
      "properties": {
        "id": 276605212,
        "osm_type": "way",
        "name": "Hotel Ristorante Pizzeria Bosco Selene",
        "tourism": "hotel"
      }
    },
    {
      "type": "Feature",
      "geometry": {
        "type": "Point",
        "coordinates": [
          9.5314989,
          39.8833546
        ]
      },
      "properties": {
        "id": 276605890,
        "osm_type": "way",
        "name": "B&B Iradas",
        "tourism": "guest_house",
        "phone": "+39 347 9393390",
        "website": "http://www.iradas.it/"
      }
    },
    {
      "type": "Feature",
      "geometry": {
        "type": "Point",
        "coordinates": [
          9.556947,
          40.8474696
        ]
      },
      "properties": {
        "id": 276644771,
        "osm_type": "way",
        "name": "Borgo di Campagna Hotel Ristorante",
        "tourism": "hotel",
        "phone": "+39 0789 41321",
        "website": "https://www.borgodicampagna.it/"
      }
    },
    {
      "type": "Feature",
      "geometry": {
        "type": "Point",
        "coordinates": [
          9.65325,
          40.8692954
        ]
      },
      "properties": {
        "id": 276644811,
        "osm_type": "way",
        "name": "Hotel Don Diego",
        "tourism": "hotel",
        "phone": "+39 0789 40006",
        "website": "https://www.hoteldondiego.com/"
      }
    },
    {
      "type": "Feature",
      "geometry": {
        "type": "Point",
        "coordinates": [
          9.5980974,
          40.8278465
        ]
      },
      "properties": {
        "id": 276647376,
        "osm_type": "way",
        "name": "The Old Farm Asfodeli",
        "tourism": "guest_house"
      }
    },
    {
      "type": "Feature",
      "geometry": {
        "type": "Point",
        "coordinates": [
          9.6331309,
          39.4376979
        ]
      },
      "properties": {
        "id": 276767119,
        "osm_type": "way",
        "name": "Bellavista",
        "tourism": "caravan_site",
        "opening_hours": "Apr-Oct",
        "phone": "+39 345 50 50 069",
        "website": "http://www.bellavistacamperservice.com/"
      }
    },
    {
      "type": "Feature",
      "geometry": {
        "type": "Point",
        "coordinates": [
          9.3814747,
          39.1751755
        ]
      },
      "properties": {
        "id": 276937033,
        "osm_type": "way",
        "name": "Hotel Il Monastero",
        "tourism": "hotel"
      }
    },
    {
      "type": "Feature",
      "geometry": {
        "type": "Point",
        "coordinates": [
          9.2678587,
          39.2162153
        ]
      },
      "properties": {
        "id": 276947077,
        "osm_type": "way",
        "name": "Faro Sardo",
        "tourism": "guest_house",
        "website": "https://www.farosardo.it/"
      }
    },
    {
      "type": "Feature",
      "geometry": {
        "type": "Point",
        "coordinates": [
          9.0926252,
          39.2586291
        ]
      },
      "properties": {
        "id": 277184044,
        "osm_type": "way",
        "name": "Holiday Inn",
        "tourism": "hotel",
        "phone": "+39 070 5379",
        "website": "https://www.holidayinn.com/hotels/it/it/cagliari/cglit/hoteldetail"
      }
    },
    {
      "type": "Feature",
      "geometry": {
        "type": "Point",
        "coordinates": [
          9.1309291,
          39.233162
        ]
      },
      "properties": {
        "id": 277184117,
        "osm_type": "way",
        "name": "Residence \"Ulivi e Palme\"",
        "tourism": "hotel"
      }
    },
    {
      "type": "Feature",
      "geometry": {
        "type": "Point",
        "coordinates": [
          9.097347,
          39.2413035
        ]
      },
      "properties": {
        "id": 277184126,
        "osm_type": "way",
        "name": "Sardegna Hotel",
        "tourism": "hotel",
        "phone": "+39 070 286245",
        "website": "https://www.sardegnahotelcagliari.it/hotel.php",
        "check_date": "2025-02-17"
      }
    },
    {
      "type": "Feature",
      "geometry": {
        "type": "Point",
        "coordinates": [
          9.4287266,
          40.9961096
        ]
      },
      "properties": {
        "id": 277316531,
        "osm_type": "way",
        "name": "Li Paduleddi",
        "tourism": "guest_house"
      }
    },
    {
      "type": "Feature",
      "geometry": {
        "type": "Point",
        "coordinates": [
          9.5091702,
          40.9076416
        ]
      },
      "properties": {
        "id": 277317615,
        "osm_type": "way",
        "name": "Hotel Savoia",
        "tourism": "hotel"
      }
    },
    {
      "type": "Feature",
      "geometry": {
        "type": "Point",
        "coordinates": [
          9.5718658,
          40.9469104
        ]
      },
      "properties": {
        "id": 277320020,
        "osm_type": "way",
        "name": "Hotel Mare Blue",
        "tourism": "hotel"
      }
    },
    {
      "type": "Feature",
      "geometry": {
        "type": "Point",
        "coordinates": [
          9.5880746,
          40.8850085
        ]
      },
      "properties": {
        "id": 277320468,
        "osm_type": "way",
        "name": "Hotel Daniel",
        "tourism": "hotel",
        "phone": "+390789379030",
        "website": "https://www.hotel-daniel.it/"
      }
    },
    {
      "type": "Feature",
      "geometry": {
        "type": "Point",
        "coordinates": [
          9.4977522,
          40.9418771
        ]
      },
      "properties": {
        "id": 277321412,
        "osm_type": "way",
        "name": "Hotel Felix Olbia",
        "tourism": "hotel"
      }
    },
    {
      "type": "Feature",
      "geometry": {
        "type": "Point",
        "coordinates": [
          9.535517,
          41.005917
        ]
      },
      "properties": {
        "id": 277321614,
        "osm_type": "way",
        "name": "Sulia House Porto Rotondo, Curio Collection by Hilton",
        "tourism": "hotel",
        "phone": "+39 0789 30000",
        "website": "https://www.hilton.com/en/hotels/olbprqq-sulia-house-porto-rotondo/"
      }
    },
    {
      "type": "Feature",
      "geometry": {
        "type": "Point",
        "coordinates": [
          9.5292094,
          40.9462609
        ]
      },
      "properties": {
        "id": 277321621,
        "osm_type": "way",
        "name": "Geovillage Sport Wellness & Convention Resort",
        "tourism": "hotel",
        "phone": "+39 0789 554000",
        "website": "https://geovillage.it/"
      }
    },
    {
      "type": "Feature",
      "geometry": {
        "type": "Point",
        "coordinates": [
          9.4993004,
          40.9336981
        ]
      },
      "properties": {
        "id": 277327492,
        "osm_type": "way",
        "name": "Hotel Stella 2000",
        "tourism": "hotel",
        "opening_hours": "24/7",
        "phone": "+39 0789 51156; +39 0789 51412",
        "website": "http://hotelstella2000.it/",
        "check_date": "2024-09-15"
      }
    },
    {
      "type": "Feature",
      "geometry": {
        "type": "Point",
        "coordinates": [
          9.5700461,
          40.9449917
        ]
      },
      "properties": {
        "id": 277329394,
        "osm_type": "way",
        "name": "Residence Rosa dei Venti",
        "tourism": "guest_house"
      }
    },
    {
      "type": "Feature",
      "geometry": {
        "type": "Point",
        "coordinates": [
          9.5104763,
          40.9112523
        ]
      },
      "properties": {
        "id": 277335930,
        "osm_type": "way",
        "name": "B&B Da Lucina",
        "tourism": "guest_house",
        "phone": "+39 346 008 0024"
      }
    },
    {
      "type": "Feature",
      "geometry": {
        "type": "Point",
        "coordinates": [
          9.6060168,
          40.9093183
        ]
      },
      "properties": {
        "id": 277337154,
        "osm_type": "way",
        "name": "Hotel CalaCuncheddi",
        "tourism": "hotel"
      }
    },
    {
      "type": "Feature",
      "geometry": {
        "type": "Point",
        "coordinates": [
          8.5826544,
          39.7961755
        ]
      },
      "properties": {
        "id": 277485634,
        "osm_type": "way",
        "name": "Albergo Ristorante La Pineta dal 1974",
        "tourism": "hotel",
        "phone": "+390783800684"
      }
    },
    {
      "type": "Feature",
      "geometry": {
        "type": "Point",
        "coordinates": [
          8.5499236,
          39.8126901
        ]
      },
      "properties": {
        "id": 277486252,
        "osm_type": "way",
        "name": "Colonia Marina Santa Barbara",
        "tourism": "hotel"
      }
    },
    {
      "type": "Feature",
      "geometry": {
        "type": "Point",
        "coordinates": [
          8.5514287,
          39.729469
        ]
      },
      "properties": {
        "id": 277488029,
        "osm_type": "way",
        "name": "Dimora Arborea",
        "tourism": "guest_house",
        "phone": "+39 346 147 3497"
      }
    },
    {
      "type": "Feature",
      "geometry": {
        "type": "Point",
        "coordinates": [
          9.5628201,
          40.5173439
        ]
      },
      "properties": {
        "id": 277489645,
        "osm_type": "way",
        "name": "Azienda agrituristica Untana 'e Deus",
        "tourism": "guest_house",
        "contact:phone": "+39 0784 416 683;+39 328 159 3383"
      }
    },
    {
      "type": "Feature",
      "geometry": {
        "type": "Point",
        "coordinates": [
          8.6639243,
          39.7811973
        ]
      },
      "properties": {
        "id": 277494490,
        "osm_type": "way",
        "name": "Il vecchio olivetto",
        "tourism": "guest_house"
      }
    },
    {
      "type": "Feature",
      "geometry": {
        "type": "Point",
        "coordinates": [
          9.3987238,
          41.2099961
        ]
      },
      "properties": {
        "id": 277777125,
        "osm_type": "way",
        "name": "Hotel Il Gabbiano",
        "tourism": "hotel"
      }
    },
    {
      "type": "Feature",
      "geometry": {
        "type": "Point",
        "coordinates": [
          9.3849221,
          41.2162576
        ]
      },
      "properties": {
        "id": 277777136,
        "osm_type": "way",
        "name": "Hotel Nido d'aquila",
        "tourism": "hotel"
      }
    },
    {
      "type": "Feature",
      "geometry": {
        "type": "Point",
        "coordinates": [
          9.406832,
          41.2503097
        ]
      },
      "properties": {
        "id": 277777282,
        "osm_type": "way",
        "name": "Touring Club",
        "tourism": "hotel",
        "check_date": "2024-06-08"
      }
    },
    {
      "type": "Feature",
      "geometry": {
        "type": "Point",
        "coordinates": [
          9.4066976,
          41.2123712
        ]
      },
      "properties": {
        "id": 277778982,
        "osm_type": "way",
        "name": "Hotel Excelsior",
        "tourism": "hotel"
      }
    },
    {
      "type": "Feature",
      "geometry": {
        "type": "Point",
        "coordinates": [
          9.3923266,
          41.2128735
        ]
      },
      "properties": {
        "id": 277779868,
        "osm_type": "way",
        "name": "Hotel Villa del Parco",
        "tourism": "hotel",
        "website": "https://www.villadelparco.com/"
      }
    },
    {
      "type": "Feature",
      "geometry": {
        "type": "Point",
        "coordinates": [
          8.3597999,
          39.0852772
        ]
      },
      "properties": {
        "id": 277789545,
        "osm_type": "way",
        "name": "Stella del Sud",
        "tourism": "hotel",
        "website": "https://hotelstelladelsud.com/"
      }
    },
    {
      "type": "Feature",
      "geometry": {
        "type": "Point",
        "coordinates": [
          8.3532061,
          39.0758495
        ]
      },
      "properties": {
        "id": 277790694,
        "osm_type": "way",
        "name": "Luci del Faro",
        "tourism": "hotel"
      }
    },
    {
      "type": "Feature",
      "geometry": {
        "type": "Point",
        "coordinates": [
          8.2766198,
          39.0997639
        ]
      },
      "properties": {
        "id": 277808466,
        "osm_type": "way",
        "name": "Case del Sole",
        "tourism": "apartment",
        "website": "http://www.casedelsole.net/"
      }
    },
    {
      "type": "Feature",
      "geometry": {
        "type": "Point",
        "coordinates": [
          8.2609948,
          39.1145508
        ]
      },
      "properties": {
        "id": 277808472,
        "osm_type": "way",
        "name": "Villa La Caletta",
        "tourism": "chalet"
      }
    },
    {
      "type": "Feature",
      "geometry": {
        "type": "Point",
        "coordinates": [
          8.2821704,
          39.1091219
        ]
      },
      "properties": {
        "id": 277808642,
        "osm_type": "way",
        "name": "Hotel Galman",
        "tourism": "hotel",
        "website": "http://www.galman.it/"
      }
    },
    {
      "type": "Feature",
      "geometry": {
        "type": "Point",
        "coordinates": [
          8.2633935,
          39.1131392
        ]
      },
      "properties": {
        "id": 277809210,
        "osm_type": "way",
        "name": "ALBA B&B (La Tartaruga)",
        "tourism": "guest_house",
        "website": "https://www.albabnb.com/"
      }
    },
    {
      "type": "Feature",
      "geometry": {
        "type": "Point",
        "coordinates": [
          8.2562076,
          39.1146307
        ]
      },
      "properties": {
        "id": 277812228,
        "osm_type": "way",
        "name": "Casa Della Fiction “L'isola di Pietro“",
        "tourism": "chalet"
      }
    },
    {
      "type": "Feature",
      "geometry": {
        "type": "Point",
        "coordinates": [
          9.3238796,
          40.3219912
        ]
      },
      "properties": {
        "id": 278062343,
        "osm_type": "way",
        "name": "Euro Hotel",
        "tourism": "hotel",
        "website": "https://www.eurohotelnuoro.it/"
      }
    },
    {
      "type": "Feature",
      "geometry": {
        "type": "Point",
        "coordinates": [
          9.3187111,
          40.3233623
        ]
      },
      "properties": {
        "id": 278062646,
        "osm_type": "way",
        "name": "Hotel Sandalia",
        "tourism": "hotel",
        "phone": "+39 0784 38353",
        "website": "https://www.hotelsandalia.com/"
      }
    },
    {
      "type": "Feature",
      "geometry": {
        "type": "Point",
        "coordinates": [
          9.3694608,
          40.3207882
        ]
      },
      "properties": {
        "id": 278062857,
        "osm_type": "way",
        "name": "Hotel Sacchi",
        "tourism": "hotel"
      }
    },
    {
      "type": "Feature",
      "geometry": {
        "type": "Point",
        "coordinates": [
          8.7862096,
          39.6139927
        ]
      },
      "properties": {
        "id": 278134532,
        "osm_type": "way",
        "name": "Antiche Terme di Sardara",
        "tourism": "hotel",
        "contact:phone": "+39 070 9387200",
        "contact:website": "http://www.termedisardara.it"
      }
    },
    {
      "type": "Feature",
      "geometry": {
        "type": "Point",
        "coordinates": [
          9.2221126,
          39.2632512
        ]
      },
      "properties": {
        "id": 278298352,
        "osm_type": "way",
        "name": "Hotel I Ginepri",
        "tourism": "hotel"
      }
    },
    {
      "type": "Feature",
      "geometry": {
        "type": "Point",
        "coordinates": [
          8.4459279,
          38.9982699
        ]
      },
      "properties": {
        "id": 278404571,
        "osm_type": "way",
        "name": "Hotel Maladroxia",
        "tourism": "hotel"
      }
    },
    {
      "type": "Feature",
      "geometry": {
        "type": "Point",
        "coordinates": [
          8.3789577,
          39.0204648
        ]
      },
      "properties": {
        "id": 278405590,
        "osm_type": "way",
        "name": "Casa Vacanze Belo Horizonte",
        "tourism": "guest_house",
        "phone": "+39 3478021947",
        "website": "https://airbnb.it/h/villapanoramicabelohorizonte"
      }
    },
    {
      "type": "Feature",
      "geometry": {
        "type": "Point",
        "coordinates": [
          8.2060708,
          40.9679164
        ]
      },
      "properties": {
        "id": 279142761,
        "osm_type": "way",
        "name": "La Pelosetta Residence Hotel",
        "tourism": "hotel"
      }
    },
    {
      "type": "Feature",
      "geometry": {
        "type": "Point",
        "coordinates": [
          8.2041503,
          40.9403761
        ]
      },
      "properties": {
        "id": 279144164,
        "osm_type": "way",
        "name": "Agriturismo Depalmas",
        "tourism": "guest_house",
        "phone": "+39 079 523129"
      }
    },
    {
      "type": "Feature",
      "geometry": {
        "type": "Point",
        "coordinates": [
          8.5447224,
          40.8242695
        ]
      },
      "properties": {
        "id": 279179045,
        "osm_type": "way",
        "name": "Domo Sabino",
        "tourism": "camp_site"
      }
    },
    {
      "type": "Feature",
      "geometry": {
        "type": "Point",
        "coordinates": [
          8.4818099,
          40.8174621
        ]
      },
      "properties": {
        "id": 279179570,
        "osm_type": "way",
        "name": "Villaggio dei Pini",
        "tourism": "hotel",
        "phone": "+39 327 5850815",
        "website": "https://www.aurumhotels.it/it/villaggio_pini"
      }
    },
    {
      "type": "Feature",
      "geometry": {
        "type": "Point",
        "coordinates": [
          8.4718116,
          40.8183234
        ]
      },
      "properties": {
        "id": 279179650,
        "osm_type": "way",
        "tourism": "hotel"
      }
    },
    {
      "type": "Feature",
      "geometry": {
        "type": "Point",
        "coordinates": [
          8.5922418,
          40.8423894
        ]
      },
      "properties": {
        "id": 279186299,
        "osm_type": "way",
        "tourism": "camp_site"
      }
    },
    {
      "type": "Feature",
      "geometry": {
        "type": "Point",
        "coordinates": [
          8.4849512,
          40.8174799
        ]
      },
      "properties": {
        "id": 279186306,
        "osm_type": "way",
        "name": "Golfo dell'Asinara Camping Resort",
        "tourism": "camp_site",
        "tents": "yes",
        "website": "https://www.campingasinara.it/"
      }
    },
    {
      "type": "Feature",
      "geometry": {
        "type": "Point",
        "coordinates": [
          8.5746122,
          39.9054109
        ]
      },
      "properties": {
        "id": 279200727,
        "osm_type": "way",
        "name": "Hostel Sa Rodia",
        "tourism": "hostel",
        "contact:phone": "+39 0783 251881",
        "contact:website": "http://www.hostelrodia.it"
      }
    },
    {
      "type": "Feature",
      "geometry": {
        "type": "Point",
        "coordinates": [
          8.5723487,
          39.9234332
        ]
      },
      "properties": {
        "id": 279204553,
        "osm_type": "way",
        "name": "B&B Il Melograno da Vilma",
        "tourism": "guest_house",
        "phone": "+39 340 7973707",
        "website": "https://www.ilmelogranodavilma.it/"
      }
    },
    {
      "type": "Feature",
      "geometry": {
        "type": "Point",
        "coordinates": [
          8.4146767,
          40.8377989
        ]
      },
      "properties": {
        "id": 279210429,
        "osm_type": "way",
        "name": "Hostel Balai",
        "tourism": "hostel"
      }
    },
    {
      "type": "Feature",
      "geometry": {
        "type": "Point",
        "coordinates": [
          8.3377738,
          40.5416539
        ]
      },
      "properties": {
        "id": 279262426,
        "osm_type": "way",
        "name": "Villa Grazia B&B Alghero",
        "tourism": "guest_house",
        "phone": "+39 338 924 4531",
        "website": "https://villagrazia-bed-and-breakfast-alghero.com/"
      }
    },
    {
      "type": "Feature",
      "geometry": {
        "type": "Point",
        "coordinates": [
          8.3141038,
          40.6243362
        ]
      },
      "properties": {
        "id": 279263000,
        "osm_type": "way",
        "name": "Meriagu",
        "tourism": "guest_house"
      }
    },
    {
      "type": "Feature",
      "geometry": {
        "type": "Point",
        "coordinates": [
          8.3184048,
          40.5523515
        ]
      },
      "properties": {
        "id": 279263160,
        "osm_type": "way",
        "name": "Hotel Balear",
        "tourism": "hotel"
      }
    },
    {
      "type": "Feature",
      "geometry": {
        "type": "Point",
        "coordinates": [
          8.311236,
          40.5845515
        ]
      },
      "properties": {
        "id": 279263271,
        "osm_type": "way",
        "tourism": "hotel"
      }
    },
    {
      "type": "Feature",
      "geometry": {
        "type": "Point",
        "coordinates": [
          8.3189605,
          40.5710042
        ]
      },
      "properties": {
        "id": 279263478,
        "osm_type": "way",
        "name": "Hotel Soleado",
        "tourism": "hotel",
        "phone": "+39 079 953263",
        "website": "https://www.hotelsoleado.it/en/"
      }
    },
    {
      "type": "Feature",
      "geometry": {
        "type": "Point",
        "coordinates": [
          8.3189202,
          40.5705787
        ]
      },
      "properties": {
        "id": 279264053,
        "osm_type": "way",
        "name": "Hotel Florida",
        "tourism": "hotel"
      }
    },
    {
      "type": "Feature",
      "geometry": {
        "type": "Point",
        "coordinates": [
          8.347148,
          40.5358485
        ]
      },
      "properties": {
        "id": 279266813,
        "osm_type": "way",
        "name": "Nidi della Poiana",
        "tourism": "guest_house"
      }
    },
    {
      "type": "Feature",
      "geometry": {
        "type": "Point",
        "coordinates": [
          8.3584778,
          40.5714213
        ]
      },
      "properties": {
        "id": 279269722,
        "osm_type": "way",
        "name": "Alghero Resort Country Hotel",
        "tourism": "hotel"
      }
    },
    {
      "type": "Feature",
      "geometry": {
        "type": "Point",
        "coordinates": [
          8.3180902,
          40.5504342
        ]
      },
      "properties": {
        "id": 279270521,
        "osm_type": "way",
        "name": "Villa Las Tronas",
        "tourism": "hotel",
        "website": "https://www.hotelvillalastronas.it/"
      }
    },
    {
      "type": "Feature",
      "geometry": {
        "type": "Point",
        "coordinates": [
          8.2054798,
          40.5931967
        ]
      },
      "properties": {
        "id": 279271363,
        "osm_type": "way",
        "name": "El Faro",
        "tourism": "hotel",
        "contact:phone": "+39 079 942010",
        "contact:website": "http://www.elfarohotel.it"
      }
    },
    {
      "type": "Feature",
      "geometry": {
        "type": "Point",
        "coordinates": [
          8.3167176,
          40.5532077
        ]
      },
      "properties": {
        "id": 279271916,
        "osm_type": "way",
        "name": "VIlla Mosca",
        "tourism": "hotel",
        "website": "https://www.villamosca.it/"
      }
    },
    {
      "type": "Feature",
      "geometry": {
        "type": "Point",
        "coordinates": [
          8.191325,
          40.6426466
        ]
      },
      "properties": {
        "id": 279272967,
        "osm_type": "way",
        "name": "Porticciolo",
        "tourism": "camp_site",
        "tents": "yes"
      }
    },
    {
      "type": "Feature",
      "geometry": {
        "type": "Point",
        "coordinates": [
          9.6719193,
          40.7818167
        ]
      },
      "properties": {
        "id": 279386425,
        "osm_type": "way",
        "name": "Campeggio San Teodoro La Cinta",
        "tourism": "camp_site",
        "tents": "yes",
        "website": "https://www.campingsanteodoro.com"
      }
    },
    {
      "type": "Feature",
      "geometry": {
        "type": "Point",
        "coordinates": [
          9.2869473,
          40.6882718
        ]
      },
      "properties": {
        "id": 279398844,
        "osm_type": "way",
        "name": "Rifugio S'Achile Mazore",
        "tourism": "alpine_hut"
      }
    },
    {
      "type": "Feature",
      "geometry": {
        "type": "Point",
        "coordinates": [
          9.0850536,
          40.7595772
        ]
      },
      "properties": {
        "id": 279424755,
        "osm_type": "way",
        "name": "Il Nuraghe del lago Coghinas",
        "tourism": "hotel",
        "website": "https://nuraghedellagocoghinas.com"
      }
    },
    {
      "type": "Feature",
      "geometry": {
        "type": "Point",
        "coordinates": [
          9.7484867,
          40.6766505
        ]
      },
      "properties": {
        "id": 280115960,
        "osm_type": "way",
        "name": "Camping Sa Marina",
        "tourism": "camp_site",
        "tents": "yes",
        "contact:phone": "+39 380 2105764",
        "website": "https://www.samarina.com"
      }
    },
    {
      "type": "Feature",
      "geometry": {
        "type": "Point",
        "coordinates": [
          9.6400096,
          40.7008813
        ]
      },
      "properties": {
        "id": 280116474,
        "osm_type": "way",
        "name": "Villa Mariposa",
        "tourism": "apartment"
      }
    },
    {
      "type": "Feature",
      "geometry": {
        "type": "Point",
        "coordinates": [
          9.7136377,
          40.7031646
        ]
      },
      "properties": {
        "id": 280116972,
        "osm_type": "way",
        "tourism": "chalet"
      }
    },
    {
      "type": "Feature",
      "geometry": {
        "type": "Point",
        "coordinates": [
          9.709456,
          40.720511
        ]
      },
      "properties": {
        "id": 280122498,
        "osm_type": "way",
        "tourism": "camp_site"
      }
    },
    {
      "type": "Feature",
      "geometry": {
        "type": "Point",
        "coordinates": [
          9.7095221,
          40.7310823
        ]
      },
      "properties": {
        "id": 280122617,
        "osm_type": "way",
        "name": "Club Lookea Sporting",
        "tourism": "hotel",
        "website": "https://www.tui.fr/club-lookea-sporting-sardinia_OLBSLSPO/"
      }
    },
    {
      "type": "Feature",
      "geometry": {
        "type": "Point",
        "coordinates": [
          9.3513987,
          41.1754028
        ]
      },
      "properties": {
        "id": 280162640,
        "osm_type": "way",
        "name": "B&B Stazzu",
        "tourism": "guest_house",
        "phone": "+39 0789 709487"
      }
    },
    {
      "type": "Feature",
      "geometry": {
        "type": "Point",
        "coordinates": [
          9.4209257,
          41.1702858
        ]
      },
      "properties": {
        "id": 280162840,
        "osm_type": "way",
        "name": "Hotel Capo d'Orso Thalasso & SPA",
        "tourism": "hotel",
        "phone": "+39 0789 790350",
        "website": "https://www.hotelcapodorso.com/"
      }
    },
    {
      "type": "Feature",
      "geometry": {
        "type": "Point",
        "coordinates": [
          9.3827969,
          41.179981
        ]
      },
      "properties": {
        "id": 280164876,
        "osm_type": "way",
        "name": "La Vecchia Fonte",
        "tourism": "hotel"
      }
    },
    {
      "type": "Feature",
      "geometry": {
        "type": "Point",
        "coordinates": [
          9.0107369,
          39.2834223
        ]
      },
      "properties": {
        "id": 281462870,
        "osm_type": "way",
        "name": "Hotel Grillo",
        "tourism": "hotel",
        "contact:phone": "+39 070 946350",
        "contact:website": "http://www.hotelgrillo.net/"
      }
    },
    {
      "type": "Feature",
      "geometry": {
        "type": "Point",
        "coordinates": [
          9.7098472,
          40.586868
        ]
      },
      "properties": {
        "id": 281475018,
        "osm_type": "way",
        "name": "Il Laghetto",
        "tourism": "guest_house"
      }
    },
    {
      "type": "Feature",
      "geometry": {
        "type": "Point",
        "coordinates": [
          9.7451335,
          40.5757198
        ]
      },
      "properties": {
        "id": 281475925,
        "osm_type": "way",
        "tourism": "apartment"
      }
    },
    {
      "type": "Feature",
      "geometry": {
        "type": "Point",
        "coordinates": [
          8.6643693,
          39.981895
        ]
      },
      "properties": {
        "id": 281503637,
        "osm_type": "way",
        "name": "Bed and breakfast The Country House",
        "tourism": "guest_house",
        "contact:phone": "+39 324 893 8978"
      }
    },
    {
      "type": "Feature",
      "geometry": {
        "type": "Point",
        "coordinates": [
          8.8109361,
          39.6174814
        ]
      },
      "properties": {
        "id": 281514624,
        "osm_type": "way",
        "name": "Ristorante Hotel Monreale",
        "tourism": "hotel",
        "contact:phone": "+39 070 938 7139"
      }
    },
    {
      "type": "Feature",
      "geometry": {
        "type": "Point",
        "coordinates": [
          9.1865729,
          41.2329921
        ]
      },
      "properties": {
        "id": 282347732,
        "osm_type": "way",
        "name": "Hotel La Funta",
        "tourism": "hotel",
        "contact:website": "http://www.hotellafuntana.com/"
      }
    },
    {
      "type": "Feature",
      "geometry": {
        "type": "Point",
        "coordinates": [
          8.5330196,
          39.3095112
        ]
      },
      "properties": {
        "id": 283515349,
        "osm_type": "way",
        "name": "Euro Hotel",
        "tourism": "hotel",
        "check_date": "2025-03-27"
      }
    },
    {
      "type": "Feature",
      "geometry": {
        "type": "Point",
        "coordinates": [
          8.6074224,
          39.312045
        ]
      },
      "properties": {
        "id": 283515593,
        "osm_type": "way",
        "tourism": "hotel"
      }
    },
    {
      "type": "Feature",
      "geometry": {
        "type": "Point",
        "coordinates": [
          9.1818041,
          41.2409761
        ]
      },
      "properties": {
        "id": 283550328,
        "osm_type": "way",
        "tourism": "hotel"
      }
    },
    {
      "type": "Feature",
      "geometry": {
        "type": "Point",
        "coordinates": [
          9.0247486,
          39.1563914
        ]
      },
      "properties": {
        "id": 283690742,
        "osm_type": "way",
        "name": "Corte Maddalena",
        "tourism": "hotel"
      }
    },
    {
      "type": "Feature",
      "geometry": {
        "type": "Point",
        "coordinates": [
          8.972038,
          39.1776315
        ]
      },
      "properties": {
        "id": 283696157,
        "osm_type": "way",
        "name": "Rosa Hotel",
        "tourism": "hotel",
        "contact:phone": "+39 070 722016",
        "website": "http://www.rosahotel.com/"
      }
    },
    {
      "type": "Feature",
      "geometry": {
        "type": "Point",
        "coordinates": [
          8.2709246,
          40.693251
        ]
      },
      "properties": {
        "id": 283961927,
        "osm_type": "way",
        "name": "Agriturismo il Mirto",
        "tourism": "guest_house",
        "contact:phone": "+39 340 801 4105",
        "contact:website": "http://www.agriturismoilmirto.it"
      }
    },
    {
      "type": "Feature",
      "geometry": {
        "type": "Point",
        "coordinates": [
          8.1888166,
          40.8172119
        ]
      },
      "properties": {
        "id": 283962271,
        "osm_type": "way",
        "name": "Casa Ginepro",
        "tourism": "chalet"
      }
    },
    {
      "type": "Feature",
      "geometry": {
        "type": "Point",
        "coordinates": [
          8.1998619,
          40.8030555
        ]
      },
      "properties": {
        "id": 283963752,
        "osm_type": "way",
        "name": "Bed & Breakfast Solmar Vacanze",
        "tourism": "guest_house"
      }
    },
    {
      "type": "Feature",
      "geometry": {
        "type": "Point",
        "coordinates": [
          8.1997563,
          40.8026988
        ]
      },
      "properties": {
        "id": 283963840,
        "osm_type": "way",
        "name": "La Mansarda",
        "tourism": "guest_house"
      }
    },
    {
      "type": "Feature",
      "geometry": {
        "type": "Point",
        "coordinates": [
          8.3262975,
          40.6903057
        ]
      },
      "properties": {
        "id": 284221560,
        "osm_type": "way",
        "name": "Le Ginestre",
        "tourism": "guest_house",
        "contact:phone": "+39 339 243 7195"
      }
    },
    {
      "type": "Feature",
      "geometry": {
        "type": "Point",
        "coordinates": [
          8.3596026,
          40.6871312
        ]
      },
      "properties": {
        "id": 284222201,
        "osm_type": "way",
        "name": "Domo de pedra",
        "tourism": "guest_house",
        "phone": "+39 339 587 29 33",
        "website": "http://www.agriturismodomodepedra.com"
      }
    },
    {
      "type": "Feature",
      "geometry": {
        "type": "Point",
        "coordinates": [
          8.4707338,
          40.7332805
        ]
      },
      "properties": {
        "id": 284751015,
        "osm_type": "way",
        "name": "I Due Mari",
        "tourism": "guest_house",
        "phone": "+39 331 57 84 477",
        "website": "http://www.duemarisardegna.com"
      }
    },
    {
      "type": "Feature",
      "geometry": {
        "type": "Point",
        "coordinates": [
          9.521922,
          39.1261782
        ]
      },
      "properties": {
        "id": 286320462,
        "osm_type": "way",
        "name": "VOI Tanka Resort",
        "tourism": "hotel"
      }
    },
    {
      "type": "Feature",
      "geometry": {
        "type": "Point",
        "coordinates": [
          9.5267039,
          39.1322066
        ]
      },
      "properties": {
        "id": 288026689,
        "osm_type": "way",
        "name": "Hotel Mariposas",
        "tourism": "hotel"
      }
    },
    {
      "type": "Feature",
      "geometry": {
        "type": "Point",
        "coordinates": [
          8.9767484,
          38.9792488
        ]
      },
      "properties": {
        "id": 288926280,
        "osm_type": "way",
        "name": "Villa Del Borgo",
        "tourism": "hotel"
      }
    },
    {
      "type": "Feature",
      "geometry": {
        "type": "Point",
        "coordinates": [
          9.3745308,
          40.9200254
        ]
      },
      "properties": {
        "id": 289595523,
        "osm_type": "way",
        "name": "B&B Domo Mia",
        "tourism": "guest_house"
      }
    },
    {
      "type": "Feature",
      "geometry": {
        "type": "Point",
        "coordinates": [
          8.4515784,
          39.9272488
        ]
      },
      "properties": {
        "id": 289613891,
        "osm_type": "way",
        "tourism": "guest_house"
      }
    },
    {
      "type": "Feature",
      "geometry": {
        "type": "Point",
        "coordinates": [
          9.6923728,
          39.9208045
        ]
      },
      "properties": {
        "id": 289634106,
        "osm_type": "way",
        "name": "Campeggio Sos Flores",
        "tourism": "camp_site",
        "tents": "yes",
        "contact:phone": "+39 0782 667485",
        "contact:website": "https://www.campingsosflores.com/"
      }
    },
    {
      "type": "Feature",
      "geometry": {
        "type": "Point",
        "coordinates": [
          9.6805927,
          39.9075261
        ]
      },
      "properties": {
        "id": 289634110,
        "osm_type": "way",
        "name": "Camping Cigno Bianco",
        "tourism": "camp_site",
        "tents": "yes",
        "contact:phone": "+39 0782 624927; +39 339 165 1553",
        "contact:website": "https://campingcignobianco.it/"
      }
    },
    {
      "type": "Feature",
      "geometry": {
        "type": "Point",
        "coordinates": [
          9.6809607,
          39.9064977
        ]
      },
      "properties": {
        "id": 289634113,
        "osm_type": "way",
        "name": "Camping Village Orri",
        "tourism": "camp_site",
        "tents": "yes",
        "contact:phone": "+39 0782 624695",
        "contact:website": "https://campingorri.it/"
      }
    },
    {
      "type": "Feature",
      "geometry": {
        "type": "Point",
        "coordinates": [
          9.6718686,
          39.9277377
        ]
      },
      "properties": {
        "id": 289635219,
        "osm_type": "way",
        "tourism": "hotel"
      }
    },
    {
      "type": "Feature",
      "geometry": {
        "type": "Point",
        "coordinates": [
          9.6792285,
          39.9127492
        ]
      },
      "properties": {
        "id": 289637073,
        "osm_type": "way",
        "name": "Locanda Su Pasu",
        "tourism": "hotel",
        "website": "https://www.supasu.it/"
      }
    },
    {
      "type": "Feature",
      "geometry": {
        "type": "Point",
        "coordinates": [
          9.7064645,
          39.932556
        ]
      },
      "properties": {
        "id": 289637931,
        "osm_type": "way",
        "name": "Borgo degli Ulivi Residence",
        "tourism": "hotel",
        "check_date": "2025-10-11"
      }
    },
    {
      "type": "Feature",
      "geometry": {
        "type": "Point",
        "coordinates": [
          9.4178127,
          40.26405
        ]
      },
      "properties": {
        "id": 291564670,
        "osm_type": "way",
        "name": "Cooperativa Turistica ENIS",
        "tourism": "hotel",
        "phone": "+39 0784 288363",
        "website": "https://www.coopenis.it/"
      }
    },
    {
      "type": "Feature",
      "geometry": {
        "type": "Point",
        "coordinates": [
          8.6137489,
          40.238301
        ]
      },
      "properties": {
        "id": 293411312,
        "osm_type": "way",
        "name": "Villa Il Frutteto",
        "tourism": "chalet",
        "website": "https://www.homeaway.com/vacation-rental/p84369"
      }
    },
    {
      "type": "Feature",
      "geometry": {
        "type": "Point",
        "coordinates": [
          8.6198578,
          40.2420587
        ]
      },
      "properties": {
        "id": 293411352,
        "osm_type": "way",
        "name": "Agriturismo Orosu",
        "tourism": "guest_house",
        "phone": "+39 328 9366503",
        "website": "http://www.orosuagriturismo.com/"
      }
    },
    {
      "type": "Feature",
      "geometry": {
        "type": "Point",
        "coordinates": [
          8.8242406,
          39.9337698
        ]
      },
      "properties": {
        "id": 293641678,
        "osm_type": "way",
        "name": "Rifugio Monte Grighine",
        "tourism": "alpine_hut",
        "website": "http://www.comuneallai.gov.it/cultura/cultura.asp?id=17&ln=IT"
      }
    },
    {
      "type": "Feature",
      "geometry": {
        "type": "Point",
        "coordinates": [
          9.034308,
          40.0481992
        ]
      },
      "properties": {
        "id": 294094653,
        "osm_type": "way",
        "name": "Agriturismo S’Argalasi",
        "tourism": "guest_house"
      }
    },
    {
      "type": "Feature",
      "geometry": {
        "type": "Point",
        "coordinates": [
          8.8360495,
          40.1213786
        ]
      },
      "properties": {
        "id": 294102573,
        "osm_type": "way",
        "name": "Bed and Breakfast Istaulu",
        "tourism": "guest_house"
      }
    },
    {
      "type": "Feature",
      "geometry": {
        "type": "Point",
        "coordinates": [
          8.4493785,
          39.6817377
        ]
      },
      "properties": {
        "id": 294436343,
        "osm_type": "way",
        "name": "Torre Hotel",
        "tourism": "hotel",
        "contact:phone": "+39 070 977218;+39 393 0290726",
        "contact:website": "http://www.torrehotel.it"
      }
    },
    {
      "type": "Feature",
      "geometry": {
        "type": "Point",
        "coordinates": [
          8.5227414,
          39.4945766
        ]
      },
      "properties": {
        "id": 294437069,
        "osm_type": "way",
        "tourism": "guest_house"
      }
    },
    {
      "type": "Feature",
      "geometry": {
        "type": "Point",
        "coordinates": [
          8.5592987,
          39.5139943
        ]
      },
      "properties": {
        "id": 294437538,
        "osm_type": "way",
        "name": "Bed and Breakfast Rio Castangias",
        "tourism": "guest_house"
      }
    },
    {
      "type": "Feature",
      "geometry": {
        "type": "Point",
        "coordinates": [
          8.4658626,
          39.577675
        ]
      },
      "properties": {
        "id": 294438797,
        "osm_type": "way",
        "name": "Il Corsaro Nero",
        "tourism": "hotel",
        "contact:phone": "+39 070 977236",
        "contact:website": "http://www.hotelcorsaronero.com"
      }
    },
    {
      "type": "Feature",
      "geometry": {
        "type": "Point",
        "coordinates": [
          8.4478162,
          39.6773934
        ]
      },
      "properties": {
        "id": 294439390,
        "osm_type": "way",
        "name": "Zeeva Hotel & Resort",
        "tourism": "hotel",
        "contact:phone": "+39 070 205 7478",
        "contact:website": "https://www.zeevahotel.com/"
      }
    },
    {
      "type": "Feature",
      "geometry": {
        "type": "Point",
        "coordinates": [
          8.8630256,
          39.6357744
        ]
      },
      "properties": {
        "id": 294446842,
        "osm_type": "way",
        "name": "Hotel I Lecci",
        "tourism": "hotel"
      }
    },
    {
      "type": "Feature",
      "geometry": {
        "type": "Point",
        "coordinates": [
          8.4220876,
          39.4406562
        ]
      },
      "properties": {
        "id": 294611584,
        "osm_type": "way",
        "tourism": "guest_house"
      }
    },
    {
      "type": "Feature",
      "geometry": {
        "type": "Point",
        "coordinates": [
          8.4133276,
          39.4486493
        ]
      },
      "properties": {
        "id": 294620307,
        "osm_type": "way",
        "tourism": "hotel"
      }
    },
    {
      "type": "Feature",
      "geometry": {
        "type": "Point",
        "coordinates": [
          8.6022136,
          39.0318739
        ]
      },
      "properties": {
        "id": 294659737,
        "osm_type": "way",
        "name": "Kiteshomes",
        "tourism": "guest_house"
      }
    },
    {
      "type": "Feature",
      "geometry": {
        "type": "Point",
        "coordinates": [
          8.6406092,
          39.005743
        ]
      },
      "properties": {
        "id": 294661118,
        "osm_type": "way",
        "name": "Hotel",
        "tourism": "hotel"
      }
    },
    {
      "type": "Feature",
      "geometry": {
        "type": "Point",
        "coordinates": [
          9.10047,
          40.8880233
        ]
      },
      "properties": {
        "id": 294963972,
        "osm_type": "way",
        "name": "Meladormo B&B",
        "tourism": "guest_house"
      }
    },
    {
      "type": "Feature",
      "geometry": {
        "type": "Point",
        "coordinates": [
          9.2616538,
          39.8662944
        ]
      },
      "properties": {
        "id": 295158869,
        "osm_type": "way",
        "name": "Agriturismo Ticci",
        "tourism": "guest_house"
      }
    },
    {
      "type": "Feature",
      "geometry": {
        "type": "Point",
        "coordinates": [
          9.5231607,
          39.2958819
        ]
      },
      "properties": {
        "id": 295314612,
        "osm_type": "way",
        "tourism": "guest_house"
      }
    },
    {
      "type": "Feature",
      "geometry": {
        "type": "Point",
        "coordinates": [
          9.5034365,
          39.288586
        ]
      },
      "properties": {
        "id": 295314904,
        "osm_type": "way",
        "name": "casa campagna",
        "tourism": "guest_house"
      }
    },
    {
      "type": "Feature",
      "geometry": {
        "type": "Point",
        "coordinates": [
          9.49876,
          39.2869113
        ]
      },
      "properties": {
        "id": 295314917,
        "osm_type": "way",
        "name": "Agriturismo la Sorgente",
        "tourism": "motel"
      }
    },
    {
      "type": "Feature",
      "geometry": {
        "type": "Point",
        "coordinates": [
          9.5668895,
          39.2249819
        ]
      },
      "properties": {
        "id": 295315194,
        "osm_type": "way",
        "name": "Hotel La Villa del Re",
        "tourism": "hotel",
        "phone": "+39 070 7753009",
        "website": "https://www.lavilladelre.com/"
      }
    },
    {
      "type": "Feature",
      "geometry": {
        "type": "Point",
        "coordinates": [
          9.5299188,
          39.1291749
        ]
      },
      "properties": {
        "id": 295501379,
        "osm_type": "way",
        "name": "Hotel Simius Playa",
        "tourism": "hotel",
        "website": "https://www.simiusplaya.com/",
        "check_date": "2025-02-21"
      }
    },
    {
      "type": "Feature",
      "geometry": {
        "type": "Point",
        "coordinates": [
          9.5086612,
          39.1273676
        ]
      },
      "properties": {
        "id": 295501509,
        "osm_type": "way",
        "name": "Stella Maris",
        "tourism": "hotel",
        "website": "https://www.stella-maris.com/"
      }
    },
    {
      "type": "Feature",
      "geometry": {
        "type": "Point",
        "coordinates": [
          9.528643,
          39.1298616
        ]
      },
      "properties": {
        "id": 295501535,
        "osm_type": "way",
        "name": "Residence Altura",
        "tourism": "hotel",
        "website": "https://www.hotelaltura.com/"
      }
    },
    {
      "type": "Feature",
      "geometry": {
        "type": "Point",
        "coordinates": [
          9.1079052,
          39.7429319
        ]
      },
      "properties": {
        "id": 295511947,
        "osm_type": "way",
        "name": "Hotel Il Cardellino",
        "tourism": "hotel",
        "website": "https://www.hotelcardellinoisili.com/"
      }
    },
    {
      "type": "Feature",
      "geometry": {
        "type": "Point",
        "coordinates": [
          9.5723534,
          39.2526823
        ]
      },
      "properties": {
        "id": 295894338,
        "osm_type": "way",
        "name": "Albaruja",
        "tourism": "hotel",
        "check_date": "2025-09-28"
      }
    },
    {
      "type": "Feature",
      "geometry": {
        "type": "Point",
        "coordinates": [
          8.4570831,
          39.9276803
        ]
      },
      "properties": {
        "id": 295903835,
        "osm_type": "way",
        "name": "Agriturismo Sa Ruda",
        "tourism": "guest_house",
        "contact:phone": "+39 328 017 3379",
        "contact:website": "http://www.agriturismosaruda.it"
      }
    },
    {
      "type": "Feature",
      "geometry": {
        "type": "Point",
        "coordinates": [
          8.545903,
          39.9177085
        ]
      },
      "properties": {
        "id": 295905142,
        "osm_type": "way",
        "name": "Agriturismo Su Sattu",
        "tourism": "guest_house",
        "contact:phone": "+39 347 717 1747",
        "contact:website": "http://www.agriturismosusattu.it"
      }
    },
    {
      "type": "Feature",
      "geometry": {
        "type": "Point",
        "coordinates": [
          8.5113327,
          40.0119457
        ]
      },
      "properties": {
        "id": 296101827,
        "osm_type": "way",
        "name": "Bed and Breakfast Pedras",
        "tourism": "guest_house"
      }
    },
    {
      "type": "Feature",
      "geometry": {
        "type": "Point",
        "coordinates": [
          8.5044709,
          40.2723856
        ]
      },
      "properties": {
        "id": 296350927,
        "osm_type": "way",
        "name": "Bed and Breakfast Il Rosmarino",
        "tourism": "guest_house",
        "contact:phone": "+39 342 388 9411",
        "contact:website": "http://www.bedandbreakfastilrosmarino.com"
      }
    },
    {
      "type": "Feature",
      "geometry": {
        "type": "Point",
        "coordinates": [
          9.003647,
          39.0105806
        ]
      },
      "properties": {
        "id": 296378089,
        "osm_type": "way",
        "name": "Villa Alberta",
        "tourism": "hotel",
        "contact:website": "https://www.villa-alberta.com/",
        "check_date": "2025-08-31"
      }
    },
    {
      "type": "Feature",
      "geometry": {
        "type": "Point",
        "coordinates": [
          8.9105351,
          38.9263428
        ]
      },
      "properties": {
        "id": 296378181,
        "osm_type": "way",
        "name": "Rocca Dorada",
        "tourism": "hotel"
      }
    },
    {
      "type": "Feature",
      "geometry": {
        "type": "Point",
        "coordinates": [
          9.0149712,
          38.9961944
        ]
      },
      "properties": {
        "id": 296378575,
        "osm_type": "way",
        "name": "Sant'Efis Hotel - Hotel 4 Stelle Sup.",
        "tourism": "hotel",
        "phone": "+390709208181",
        "website": "https://www.santefishotel.com/"
      }
    },
    {
      "type": "Feature",
      "geometry": {
        "type": "Point",
        "coordinates": [
          9.0092185,
          39.0032642
        ]
      },
      "properties": {
        "id": 296380873,
        "osm_type": "way",
        "name": "Nora Club Hotel & SPA",
        "tourism": "hotel",
        "contact:phone": "+39 070 924 422",
        "website": "https://www.noraclubhotel.it"
      }
    },
    {
      "type": "Feature",
      "geometry": {
        "type": "Point",
        "coordinates": [
          9.0086459,
          39.0040958
        ]
      },
      "properties": {
        "id": 296380916,
        "osm_type": "way",
        "name": "Lantana Resort Hotel & Apartments",
        "tourism": "hotel",
        "contact:phone": "+39 070 924 411",
        "website": "https://www.lantanaresort.it/"
      }
    },
    {
      "type": "Feature",
      "geometry": {
        "type": "Point",
        "coordinates": [
          8.9316126,
          38.9325375
        ]
      },
      "properties": {
        "id": 296382342,
        "osm_type": "way",
        "name": "Hotel Il Castello",
        "tourism": "hotel",
        "website": "https://www.fortevillageresort.com/ru/hotels-suites/il-castello/"
      }
    },
    {
      "type": "Feature",
      "geometry": {
        "type": "Point",
        "coordinates": [
          8.7191685,
          38.9525698
        ]
      },
      "properties": {
        "id": 296411624,
        "osm_type": "way",
        "name": "Agriturismo Costa del Sol",
        "tourism": "guest_house"
      }
    },
    {
      "type": "Feature",
      "geometry": {
        "type": "Point",
        "coordinates": [
          8.7445576,
          38.9558027
        ]
      },
      "properties": {
        "id": 296412634,
        "osm_type": "way",
        "name": "B&B Giallo Limone",
        "tourism": "guest_house"
      }
    },
    {
      "type": "Feature",
      "geometry": {
        "type": "Point",
        "coordinates": [
          9.2563904,
          39.9902039
        ]
      },
      "properties": {
        "id": 296580557,
        "osm_type": "way",
        "name": "Agriturismo Girgini",
        "tourism": "hostel",
        "phone": "+39336459729;+393290161595"
      }
    },
    {
      "type": "Feature",
      "geometry": {
        "type": "Point",
        "coordinates": [
          9.1704089,
          40.0214876
        ]
      },
      "properties": {
        "id": 296582414,
        "osm_type": "way",
        "name": "Su Toni",
        "tourism": "hotel"
      }
    },
    {
      "type": "Feature",
      "geometry": {
        "type": "Point",
        "coordinates": [
          9.1693779,
          40.0240269
        ]
      },
      "properties": {
        "id": 296584418,
        "osm_type": "way",
        "name": "Belvedere II",
        "tourism": "hotel"
      }
    },
    {
      "type": "Feature",
      "geometry": {
        "type": "Point",
        "coordinates": [
          9.0520686,
          40.241918
        ]
      },
      "properties": {
        "id": 296787455,
        "osm_type": "way",
        "name": "Hotel Funtana e Donne",
        "tourism": "hotel",
        "website": "http://www.hotelfuntanaedonneottana.com/"
      }
    },
    {
      "type": "Feature",
      "geometry": {
        "type": "Point",
        "coordinates": [
          8.9658516,
          40.3176937
        ]
      },
      "properties": {
        "id": 296806206,
        "osm_type": "way",
        "name": "Hotel Ristorante Badderosa",
        "tourism": "hotel"
      }
    },
    {
      "type": "Feature",
      "geometry": {
        "type": "Point",
        "coordinates": [
          8.8798697,
          40.3491102
        ]
      },
      "properties": {
        "id": 296810803,
        "osm_type": "way",
        "name": "Hotel Borgo Antico",
        "tourism": "hotel"
      }
    },
    {
      "type": "Feature",
      "geometry": {
        "type": "Point",
        "coordinates": [
          8.5104608,
          40.2519547
        ]
      },
      "properties": {
        "id": 297439654,
        "osm_type": "way",
        "name": "Albergo rurale La Corte degli Ulivi",
        "tourism": "hotel"
      }
    },
    {
      "type": "Feature",
      "geometry": {
        "type": "Point",
        "coordinates": [
          9.6835297,
          39.9679207
        ]
      },
      "properties": {
        "id": 297850131,
        "osm_type": "way",
        "name": "Camping Cavallo Bianco",
        "tourism": "camp_site",
        "tents": "yes",
        "contact:phone": "+39 0782 669110;+39 338 3807472",
        "contact:website": "https://www.campeggiocavallobianco.com/"
      }
    },
    {
      "type": "Feature",
      "geometry": {
        "type": "Point",
        "coordinates": [
          9.6885366,
          39.9905394
        ]
      },
      "properties": {
        "id": 297853615,
        "osm_type": "way",
        "name": "Albergo Santa Maria",
        "tourism": "hotel",
        "website": "https://www.albergosantamaria.it/"
      }
    },
    {
      "type": "Feature",
      "geometry": {
        "type": "Point",
        "coordinates": [
          9.677986,
          39.8355569
        ]
      },
      "properties": {
        "id": 298042069,
        "osm_type": "way",
        "name": "Baia Azzurra",
        "tourism": "hotel"
      }
    },
    {
      "type": "Feature",
      "geometry": {
        "type": "Point",
        "coordinates": [
          9.6731098,
          39.8183196
        ]
      },
      "properties": {
        "id": 298042079,
        "osm_type": "way",
        "name": "Camping L'Ultima Spiaggia",
        "tourism": "camp_site",
        "tents": "yes",
        "phone": "+39 0782 29 363",
        "website": "https://www.campingultimaspiaggia.it/"
      }
    },
    {
      "type": "Feature",
      "geometry": {
        "type": "Point",
        "coordinates": [
          9.6502069,
          39.6676431
        ]
      },
      "properties": {
        "id": 298053938,
        "osm_type": "way",
        "name": "Villa Foxi Mordegu",
        "tourism": "chalet"
      }
    },
    {
      "type": "Feature",
      "geometry": {
        "type": "Point",
        "coordinates": [
          9.6492074,
          39.6671137
        ]
      },
      "properties": {
        "id": 298054007,
        "osm_type": "way",
        "tourism": "chalet"
      }
    },
    {
      "type": "Feature",
      "geometry": {
        "type": "Point",
        "coordinates": [
          9.6506383,
          39.6664496
        ]
      },
      "properties": {
        "id": 298054011,
        "osm_type": "way",
        "tourism": "chalet"
      }
    },
    {
      "type": "Feature",
      "geometry": {
        "type": "Point",
        "coordinates": [
          9.6504468,
          39.6674984
        ]
      },
      "properties": {
        "id": 298055591,
        "osm_type": "way",
        "name": "Casa Rosella",
        "tourism": "chalet"
      }
    },
    {
      "type": "Feature",
      "geometry": {
        "type": "Point",
        "coordinates": [
          9.507896,
          39.7632929
        ]
      },
      "properties": {
        "id": 298063290,
        "osm_type": "way",
        "name": "Hotel Rifugio d'Ogliastra",
        "tourism": "hotel",
        "contact:website": "http://www.hotelrifugiodogliastra.it"
      }
    },
    {
      "type": "Feature",
      "geometry": {
        "type": "Point",
        "coordinates": [
          9.4914207,
          39.8093975
        ]
      },
      "properties": {
        "id": 298073202,
        "osm_type": "way",
        "name": "Taccu Maccu",
        "tourism": "guest_house"
      }
    },
    {
      "type": "Feature",
      "geometry": {
        "type": "Point",
        "coordinates": [
          9.6251637,
          39.8654064
        ]
      },
      "properties": {
        "id": 298115326,
        "osm_type": "way",
        "name": "Funtana Ena",
        "tourism": "hotel",
        "website": "https://www.funtanaena.it/"
      }
    },
    {
      "type": "Feature",
      "geometry": {
        "type": "Point",
        "coordinates": [
          9.4405558,
          39.9577845
        ]
      },
      "properties": {
        "id": 298132955,
        "osm_type": "way",
        "name": "Hotel Il Nido dell'Acquila",
        "tourism": "hotel",
        "phone": "+39 320 352 8096",
        "website": "https://www.ilnidodellaquila.com/"
      }
    },
    {
      "type": "Feature",
      "geometry": {
        "type": "Point",
        "coordinates": [
          9.3794983,
          40.0089035
        ]
      },
      "properties": {
        "id": 298133676,
        "osm_type": "way",
        "tourism": "alpine_hut"
      }
    },
    {
      "type": "Feature",
      "geometry": {
        "type": "Point",
        "coordinates": [
          8.6638639,
          40.1764706
        ]
      },
      "properties": {
        "id": 298874515,
        "osm_type": "way",
        "name": "Albergo Ristorante Malica",
        "tourism": "hotel",
        "website": "https://www.albergomalica.it/"
      }
    },
    {
      "type": "Feature",
      "geometry": {
        "type": "Point",
        "coordinates": [
          8.6064246,
          40.017121
        ]
      },
      "properties": {
        "id": 298886530,
        "osm_type": "way",
        "tourism": "guest_house"
      }
    },
    {
      "type": "Feature",
      "geometry": {
        "type": "Point",
        "coordinates": [
          8.4229522,
          40.0161181
        ]
      },
      "properties": {
        "id": 298888046,
        "osm_type": "way",
        "name": "Hotel Menhirs",
        "tourism": "hotel",
        "contact:phone": "+39 348 3109881;+39 348 2219700",
        "contact:website": "http://www.albergomenhirs.com/"
      }
    },
    {
      "type": "Feature",
      "geometry": {
        "type": "Point",
        "coordinates": [
          9.1619513,
          40.4580036
        ]
      },
      "properties": {
        "id": 302637042,
        "osm_type": "way",
        "name": "S'Astore Hotel Ristorante Pizzeria",
        "tourism": "hotel",
        "website": "https://www.sastore.it/"
      }
    },
    {
      "type": "Feature",
      "geometry": {
        "type": "Point",
        "coordinates": [
          9.022144,
          40.5402816
        ]
      },
      "properties": {
        "id": 304094291,
        "osm_type": "way",
        "name": "Monte Pirastru",
        "tourism": "hotel"
      }
    },
    {
      "type": "Feature",
      "geometry": {
        "type": "Point",
        "coordinates": [
          8.9994615,
          40.5866493
        ]
      },
      "properties": {
        "id": 304300937,
        "osm_type": "way",
        "name": "Hotel Mastino",
        "tourism": "hotel"
      }
    },
    {
      "type": "Feature",
      "geometry": {
        "type": "Point",
        "coordinates": [
          9.1108943,
          40.582025
        ]
      },
      "properties": {
        "id": 304308501,
        "osm_type": "way",
        "name": "Hotel \"Liberty\"",
        "tourism": "hotel"
      }
    },
    {
      "type": "Feature",
      "geometry": {
        "type": "Point",
        "coordinates": [
          9.104485,
          40.578964
        ]
      },
      "properties": {
        "id": 304308516,
        "osm_type": "way",
        "name": "Hotel Ristorante \"La Pineta\"",
        "tourism": "hotel"
      }
    },
    {
      "type": "Feature",
      "geometry": {
        "type": "Point",
        "coordinates": [
          8.7855873,
          40.9132588
        ]
      },
      "properties": {
        "id": 304874644,
        "osm_type": "way",
        "name": "La Casa di Spinosella",
        "tourism": "apartment",
        "website": "https://lacasadispinosella.it/"
      }
    },
    {
      "type": "Feature",
      "geometry": {
        "type": "Point",
        "coordinates": [
          8.8019095,
          40.9291184
        ]
      },
      "properties": {
        "id": 304874647,
        "osm_type": "way",
        "name": "Casteldoria Mare Resort",
        "tourism": "hotel"
      }
    },
    {
      "type": "Feature",
      "geometry": {
        "type": "Point",
        "coordinates": [
          8.7953797,
          40.9231029
        ]
      },
      "properties": {
        "id": 304875526,
        "osm_type": "way",
        "name": "International Camping Valledoria",
        "tourism": "camp_site",
        "tents": "yes",
        "phone": "+39 079 584070",
        "website": "https://www.campingvalledoria.com/"
      }
    },
    {
      "type": "Feature",
      "geometry": {
        "type": "Point",
        "coordinates": [
          8.8282057,
          40.9247682
        ]
      },
      "properties": {
        "id": 304876903,
        "osm_type": "way",
        "name": "B&B Il Ginepro",
        "tourism": "guest_house"
      }
    },
    {
      "type": "Feature",
      "geometry": {
        "type": "Point",
        "coordinates": [
          8.3944387,
          40.4731557
        ]
      },
      "properties": {
        "id": 305312737,
        "osm_type": "way",
        "name": "Palaentone",
        "tourism": "chalet"
      }
    },
    {
      "type": "Feature",
      "geometry": {
        "type": "Point",
        "coordinates": [
          9.0002419,
          41.058544
        ]
      },
      "properties": {
        "id": 305320809,
        "osm_type": "way",
        "name": "Agriturismo Lu Colbu",
        "tourism": "guest_house",
        "website": "http://m.agriturismo.it/de/bauernhof/sardinien/olbia-tempio/LuColbu-2920038/index.html"
      }
    },
    {
      "type": "Feature",
      "geometry": {
        "type": "Point",
        "coordinates": [
          9.0938232,
          40.9226387
        ]
      },
      "properties": {
        "id": 305330058,
        "osm_type": "way",
        "name": "B&B Conca Marina",
        "tourism": "guest_house",
        "phone": "+39 338 4117667",
        "website": "www.concamarina.it"
      }
    },
    {
      "type": "Feature",
      "geometry": {
        "type": "Point",
        "coordinates": [
          8.9076521,
          40.8790361
        ]
      },
      "properties": {
        "id": 305338872,
        "osm_type": "way",
        "name": "B&B Scupaggiu",
        "tourism": "guest_house"
      }
    },
    {
      "type": "Feature",
      "geometry": {
        "type": "Point",
        "coordinates": [
          8.8284133,
          40.9457736
        ]
      },
      "properties": {
        "id": 305340390,
        "osm_type": "way",
        "name": "Nicolaus Baia delle Mimose",
        "tourism": "hotel"
      }
    },
    {
      "type": "Feature",
      "geometry": {
        "type": "Point",
        "coordinates": [
          9.1076801,
          39.8622506
        ]
      },
      "properties": {
        "id": 305350153,
        "osm_type": "way",
        "name": "Su Pitiolu",
        "tourism": "guest_house",
        "phone": "+39 328 4272072"
      }
    },
    {
      "type": "Feature",
      "geometry": {
        "type": "Point",
        "coordinates": [
          8.6384101,
          39.949634
        ]
      },
      "properties": {
        "id": 305351371,
        "osm_type": "way",
        "name": "Bed and Breakfast Su Strangiu",
        "tourism": "guest_house",
        "website": "http://bbsustrangiu.altervista.org"
      }
    },
    {
      "type": "Feature",
      "geometry": {
        "type": "Point",
        "coordinates": [
          9.7186999,
          40.3742494
        ]
      },
      "properties": {
        "id": 305644923,
        "osm_type": "way",
        "name": "Camere Garden",
        "tourism": "hotel"
      }
    },
    {
      "type": "Feature",
      "geometry": {
        "type": "Point",
        "coordinates": [
          9.0951931,
          40.9115057
        ]
      },
      "properties": {
        "id": 306484654,
        "osm_type": "way",
        "name": "Pausania Inn",
        "tourism": "hotel",
        "phone": "+39 079 634037",
        "website": "https://www.hotelpausaniainn.com/"
      }
    },
    {
      "type": "Feature",
      "geometry": {
        "type": "Point",
        "coordinates": [
          9.6833564,
          39.963977
        ]
      },
      "properties": {
        "id": 310417388,
        "osm_type": "way",
        "name": "Camping Iscrixedda",
        "tourism": "camp_site",
        "tents": "yes",
        "contact:phone": "+39 347 5949100",
        "contact:website": "https://www.campingiscrixedda.com/"
      }
    },
    {
      "type": "Feature",
      "geometry": {
        "type": "Point",
        "coordinates": [
          9.6848102,
          39.9696869
        ]
      },
      "properties": {
        "id": 310417390,
        "osm_type": "way",
        "name": "Camping Le Cernie",
        "tourism": "camp_site",
        "tents": "yes",
        "contact:phone": "+39 329 398 9618; +39 330 508 640; +39 327 691 0063",
        "contact:website": "https://www.campinglecernie.it/"
      }
    },
    {
      "type": "Feature",
      "geometry": {
        "type": "Point",
        "coordinates": [
          8.4654337,
          40.3135533
        ]
      },
      "properties": {
        "id": 311387174,
        "osm_type": "way",
        "name": "S'Abba Druche",
        "tourism": "camp_site",
        "phone": "+39 338 348 1579",
        "website": "https://abbadruche.it"
      }
    },
    {
      "type": "Feature",
      "geometry": {
        "type": "Point",
        "coordinates": [
          8.7123406,
          39.9621907
        ]
      },
      "properties": {
        "id": 318668818,
        "osm_type": "way",
        "name": "Bed and Breakfast La Palma",
        "tourism": "guest_house",
        "contact:phone": "+39 346 21 31 188",
        "contact:website": "http://www.bblapalma.com"
      }
    },
    {
      "type": "Feature",
      "geometry": {
        "type": "Point",
        "coordinates": [
          8.7061562,
          39.9574423
        ]
      },
      "properties": {
        "id": 318668819,
        "osm_type": "way",
        "name": "Bed and breakfast Il Parco",
        "tourism": "guest_house",
        "contact:phone": "+39 349 267 2668",
        "contact:website": "https://bbparco.jimdo.com"
      }
    },
    {
      "type": "Feature",
      "geometry": {
        "type": "Point",
        "coordinates": [
          8.6572586,
          40.0986915
        ]
      },
      "properties": {
        "id": 318856922,
        "osm_type": "way",
        "name": "Sa Mola",
        "tourism": "hotel",
        "website": "https://www.samola.it"
      }
    },
    {
      "type": "Feature",
      "geometry": {
        "type": "Point",
        "coordinates": [
          8.5295385,
          39.9030058
        ]
      },
      "properties": {
        "id": 319212352,
        "osm_type": "way",
        "name": "Spinnaker",
        "tourism": "camp_site",
        "tents": "yes",
        "phone": "+39 0783 22074",
        "website": "https://www.spinnakervacanze.com/"
      }
    },
    {
      "type": "Feature",
      "geometry": {
        "type": "Point",
        "coordinates": [
          9.198772,
          40.2299257
        ]
      },
      "properties": {
        "id": 320555973,
        "osm_type": "way",
        "name": "Hotel Ristorante Sos Elicos",
        "tourism": "hotel"
      }
    },
    {
      "type": "Feature",
      "geometry": {
        "type": "Point",
        "coordinates": [
          8.532004,
          39.9516937
        ]
      },
      "properties": {
        "id": 320859272,
        "osm_type": "way",
        "name": "Hotel Su Soi",
        "tourism": "hotel",
        "phone": "+39 0783 392569"
      }
    },
    {
      "type": "Feature",
      "geometry": {
        "type": "Point",
        "coordinates": [
          8.5563263,
          39.9298036
        ]
      },
      "properties": {
        "id": 320994326,
        "osm_type": "way",
        "name": "B&B Il catalano",
        "tourism": "guest_house",
        "website": "http://www.ilcatalano.com/"
      }
    },
    {
      "type": "Feature",
      "geometry": {
        "type": "Point",
        "coordinates": [
          8.4553396,
          39.9264797
        ]
      },
      "properties": {
        "id": 320994329,
        "osm_type": "way",
        "name": "Agriturismo Il Sinis",
        "tourism": "guest_house",
        "phone": "+39 0783 392653",
        "website": "https://www.agriturismoilsinis.it/"
      }
    },
    {
      "type": "Feature",
      "geometry": {
        "type": "Point",
        "coordinates": [
          8.3001008,
          39.1595493
        ]
      },
      "properties": {
        "id": 322505320,
        "osm_type": "way",
        "name": "Hotel Le Terrazze",
        "tourism": "hotel",
        "website": "http://www.leterrazzecarloforte.it"
      }
    },
    {
      "type": "Feature",
      "geometry": {
        "type": "Point",
        "coordinates": [
          8.26964,
          39.102374
        ]
      },
      "properties": {
        "id": 322505321,
        "osm_type": "way",
        "name": "Hotel Mezzaluna",
        "tourism": "hotel",
        "website": "http://www.hotelmezzaluna.it/"
      }
    },
    {
      "type": "Feature",
      "geometry": {
        "type": "Point",
        "coordinates": [
          8.7725061,
          40.1753312
        ]
      },
      "properties": {
        "id": 322650231,
        "osm_type": "way",
        "name": "Campeggio Nuraghe Ruju",
        "tourism": "camp_site",
        "tents": "yes",
        "contact:phone": "+39 0785776257",
        "website": "https://www.nuragheruiu-bhbi.it/"
      }
    },
    {
      "type": "Feature",
      "geometry": {
        "type": "Point",
        "coordinates": [
          8.5542205,
          39.81828
        ]
      },
      "properties": {
        "id": 322662381,
        "osm_type": "way",
        "name": "Camping S'Ena Arrubia",
        "tourism": "camp_site",
        "tents": "yes",
        "phone": "+39 0783 809011",
        "website": "https://www.senarrubia.com"
      }
    },
    {
      "type": "Feature",
      "geometry": {
        "type": "Point",
        "coordinates": [
          8.9174789,
          40.1723383
        ]
      },
      "properties": {
        "id": 322927787,
        "osm_type": "way",
        "name": "Affittacamere Catedda",
        "tourism": "guest_house",
        "opening_hours": "Jan 01-31;Mar 01-Dec 31",
        "contact:phone": "+39 370 10 31 453;+39 339 60 34 422",
        "contact:website": "http://www.bbsedilo.com/"
      }
    },
    {
      "type": "Feature",
      "geometry": {
        "type": "Point",
        "coordinates": [
          8.9210872,
          40.1737843
        ]
      },
      "properties": {
        "id": 322927916,
        "osm_type": "way",
        "name": "Affittacamere Popòlu",
        "tourism": "guest_house"
      }
    },
    {
      "type": "Feature",
      "geometry": {
        "type": "Point",
        "coordinates": [
          8.9261303,
          40.1729787
        ]
      },
      "properties": {
        "id": 322928649,
        "osm_type": "way",
        "name": "Affittacamere Lichitu",
        "tourism": "guest_house"
      }
    },
    {
      "type": "Feature",
      "geometry": {
        "type": "Point",
        "coordinates": [
          8.920993,
          40.1713287
        ]
      },
      "properties": {
        "id": 322928815,
        "osm_type": "way",
        "name": "Affittacamere Santu Jaccu",
        "tourism": "guest_house"
      }
    },
    {
      "type": "Feature",
      "geometry": {
        "type": "Point",
        "coordinates": [
          8.9210366,
          40.1714106
        ]
      },
      "properties": {
        "id": 322929238,
        "osm_type": "way",
        "name": "Bed & Breakfast Su Molinu",
        "tourism": "guest_house",
        "contact:phone": "+39 349 286 9704"
      }
    },
    {
      "type": "Feature",
      "geometry": {
        "type": "Point",
        "coordinates": [
          8.9186479,
          40.1742333
        ]
      },
      "properties": {
        "id": 322929304,
        "osm_type": "way",
        "name": "Affittacamere Da Letizia",
        "tourism": "guest_house"
      }
    },
    {
      "type": "Feature",
      "geometry": {
        "type": "Point",
        "coordinates": [
          8.8289375,
          40.1215867
        ]
      },
      "properties": {
        "id": 323974583,
        "osm_type": "way",
        "name": "Bed and Breakfast Ianam",
        "tourism": "guest_house"
      }
    },
    {
      "type": "Feature",
      "geometry": {
        "type": "Point",
        "coordinates": [
          8.8425873,
          40.1218164
        ]
      },
      "properties": {
        "id": 323974587,
        "osm_type": "way",
        "name": "Sa Rughe Noa",
        "tourism": "guest_house"
      }
    },
    {
      "type": "Feature",
      "geometry": {
        "type": "Point",
        "coordinates": [
          8.4013568,
          39.4018489
        ]
      },
      "properties": {
        "id": 325227450,
        "osm_type": "way",
        "name": "Sosta Camper Buggerru",
        "tourism": "caravan_site"
      }
    },
    {
      "type": "Feature",
      "geometry": {
        "type": "Point",
        "coordinates": [
          9.5757009,
          39.4228492
        ]
      },
      "properties": {
        "id": 325724034,
        "osm_type": "way",
        "name": "Camper Park Service Paolo",
        "tourism": "caravan_site",
        "phone": "+39 328 0864364"
      }
    },
    {
      "type": "Feature",
      "geometry": {
        "type": "Point",
        "coordinates": [
          9.2286666,
          39.9531599
        ]
      },
      "properties": {
        "id": 328374089,
        "osm_type": "way",
        "name": "Rifugio Onistri",
        "tourism": "alpine_hut"
      }
    },
    {
      "type": "Feature",
      "geometry": {
        "type": "Point",
        "coordinates": [
          8.424107,
          39.2668932
        ]
      },
      "properties": {
        "id": 330692748,
        "osm_type": "way",
        "name": "Antica Tonnara di Porto Paglia",
        "tourism": "chalet",
        "check_date": "2025-07-11"
      }
    },
    {
      "type": "Feature",
      "geometry": {
        "type": "Point",
        "coordinates": [
          8.5327196,
          39.906776
        ]
      },
      "properties": {
        "id": 333947458,
        "osm_type": "way",
        "name": "Hotel Grantorre",
        "tourism": "hotel",
        "website": "https://hotelgrantorre.it/"
      }
    },
    {
      "type": "Feature",
      "geometry": {
        "type": "Point",
        "coordinates": [
          9.1315559,
          40.8649538
        ]
      },
      "properties": {
        "id": 342073860,
        "osm_type": "way",
        "tourism": "hotel"
      }
    },
    {
      "type": "Feature",
      "geometry": {
        "type": "Point",
        "coordinates": [
          8.6137083,
          39.3143988
        ]
      },
      "properties": {
        "id": 352171893,
        "osm_type": "way",
        "name": "Agriturismo Saludi e Trigu",
        "tourism": "hotel",
        "phone": "+39 331 3793226"
      }
    },
    {
      "type": "Feature",
      "geometry": {
        "type": "Point",
        "coordinates": [
          8.9095153,
          38.9188624
        ]
      },
      "properties": {
        "id": 353281272,
        "osm_type": "way",
        "name": "Abbaechelu",
        "tourism": "apartment",
        "website": "https://www.abbaechelu.it/"
      }
    },
    {
      "type": "Feature",
      "geometry": {
        "type": "Point",
        "coordinates": [
          9.4004701,
          41.1969041
        ]
      },
      "properties": {
        "id": 366966211,
        "osm_type": "way",
        "name": "Resort Santo Stefano",
        "tourism": "hotel",
        "website": "https://santostefanoresort.com/"
      }
    },
    {
      "type": "Feature",
      "geometry": {
        "type": "Point",
        "coordinates": [
          9.5353509,
          40.9553243
        ]
      },
      "properties": {
        "id": 368138300,
        "osm_type": "way",
        "name": "Resort La Fenice",
        "tourism": "hostel"
      }
    },
    {
      "type": "Feature",
      "geometry": {
        "type": "Point",
        "coordinates": [
          9.5184014,
          39.1470595
        ]
      },
      "properties": {
        "id": 372004102,
        "osm_type": "way",
        "name": "Xenia",
        "tourism": "hotel",
        "phone": "+39 070 791720",
        "website": "https://www.hotelxeniavillasimius.com/",
        "check_date": "2025-10-21"
      }
    },
    {
      "type": "Feature",
      "geometry": {
        "type": "Point",
        "coordinates": [
          9.4438131,
          39.1393235
        ]
      },
      "properties": {
        "id": 375876145,
        "osm_type": "way",
        "name": "Abbablu",
        "tourism": "hotel"
      }
    },
    {
      "type": "Feature",
      "geometry": {
        "type": "Point",
        "coordinates": [
          9.4267063,
          39.1358983
        ]
      },
      "properties": {
        "id": 375876146,
        "osm_type": "way",
        "name": "Casa per ferie “San Domenico Savio”",
        "tourism": "hostel",
        "phone": "+39 070 658653",
        "website": "https://www.cagliari-donbosco.it/"
      }
    },
    {
      "type": "Feature",
      "geometry": {
        "type": "Point",
        "coordinates": [
          9.4282098,
          39.1379
        ]
      },
      "properties": {
        "id": 375876147,
        "osm_type": "way",
        "name": "Hotel Solanas",
        "tourism": "hotel",
        "website": "https://www.hotelsolanas.net/"
      }
    },
    {
      "type": "Feature",
      "geometry": {
        "type": "Point",
        "coordinates": [
          9.5649646,
          39.2132988
        ]
      },
      "properties": {
        "id": 396359333,
        "osm_type": "way",
        "name": "Sant'Elmo Beach Hotel",
        "tourism": "hotel"
      }
    },
    {
      "type": "Feature",
      "geometry": {
        "type": "Point",
        "coordinates": [
          9.5327879,
          39.2654224
        ]
      },
      "properties": {
        "id": 420856578,
        "osm_type": "way",
        "name": "Agriturismo Praidis",
        "tourism": "chalet",
        "website": "https://www.praidis.it/"
      }
    },
    {
      "type": "Feature",
      "geometry": {
        "type": "Point",
        "coordinates": [
          8.7355583,
          39.272775
        ]
      },
      "properties": {
        "id": 421484988,
        "osm_type": "way",
        "name": "Agriturismo Monte Majore",
        "tourism": "guest_house",
        "website": "http://m.agriturismo.it/it/agriturismi/sardegna/carbonia-iglesias/MonteMajore-8700360/index.html"
      }
    },
    {
      "type": "Feature",
      "geometry": {
        "type": "Point",
        "coordinates": [
          8.3124878,
          40.5784559
        ]
      },
      "properties": {
        "id": 430081556,
        "osm_type": "way",
        "name": "La Mariposa",
        "tourism": "camp_site",
        "tents": "yes",
        "phone": "+39 079 950480",
        "website": "https://www.lamariposa.it/"
      }
    },
    {
      "type": "Feature",
      "geometry": {
        "type": "Point",
        "coordinates": [
          8.2926453,
          40.5957516
        ]
      },
      "properties": {
        "id": 430083414,
        "osm_type": "way",
        "name": "Laguna Blu",
        "tourism": "camp_site",
        "tents": "yes",
        "phone": "+39 079 930111",
        "website": "https://www.campinglagunablu.com/"
      }
    },
    {
      "type": "Feature",
      "geometry": {
        "type": "Point",
        "coordinates": [
          8.368075,
          40.5764646
        ]
      },
      "properties": {
        "id": 430127632,
        "osm_type": "way",
        "name": "Hotel sa Ceya",
        "tourism": "hotel"
      }
    },
    {
      "type": "Feature",
      "geometry": {
        "type": "Point",
        "coordinates": [
          8.3614632,
          39.0959913
        ]
      },
      "properties": {
        "id": 433599198,
        "osm_type": "way",
        "name": "Camping Le Saline",
        "tourism": "camp_site",
        "tents": "yes",
        "phone": "+39 0781 88615",
        "website": "http://www.campinglesaline.com"
      }
    },
    {
      "type": "Feature",
      "geometry": {
        "type": "Point",
        "coordinates": [
          9.6823588,
          40.7183355
        ]
      },
      "properties": {
        "id": 435102342,
        "osm_type": "way",
        "name": "Residence Sardegnasummer",
        "tourism": "apartment",
        "phone": "+39 3478704983",
        "website": "https://www.sardegnasummer.it/"
      }
    },
    {
      "type": "Feature",
      "geometry": {
        "type": "Point",
        "coordinates": [
          9.4033016,
          41.2546812
        ]
      },
      "properties": {
        "id": 439854947,
        "osm_type": "way",
        "name": "Abbatoggia (Camping)",
        "tourism": "caravan_site"
      }
    },
    {
      "type": "Feature",
      "geometry": {
        "type": "Point",
        "coordinates": [
          9.622927,
          39.7671665
        ]
      },
      "properties": {
        "id": 440351507,
        "osm_type": "way",
        "name": "One Room Hotel",
        "tourism": "motel"
      }
    },
    {
      "type": "Feature",
      "geometry": {
        "type": "Point",
        "coordinates": [
          9.2320601,
          40.0323815
        ]
      },
      "properties": {
        "id": 444398682,
        "osm_type": "way",
        "name": "Agriturismo Tascusì",
        "tourism": "guest_house",
        "phone": "+39 347 5787331;+39 347 1303535",
        "website": "http://www.agriturismotascusi.it"
      }
    },
    {
      "type": "Feature",
      "geometry": {
        "type": "Point",
        "coordinates": [
          9.2322269,
          40.0324344
        ]
      },
      "properties": {
        "id": 444398683,
        "osm_type": "way",
        "name": "Agriturismo Tascusì",
        "tourism": "guest_house",
        "phone": "+39 347 5787331;+39 347 1303535",
        "website": "http://www.agriturismotascusi.it"
      }
    },
    {
      "type": "Feature",
      "geometry": {
        "type": "Point",
        "coordinates": [
          9.5817992,
          40.9689688
        ]
      },
      "properties": {
        "id": 447017976,
        "osm_type": "way",
        "name": "Club Hotel Baia Aranzos",
        "tourism": "hotel",
        "website": "https://www.baiaaranzos.it/"
      }
    },
    {
      "type": "Feature",
      "geometry": {
        "type": "Point",
        "coordinates": [
          8.550951,
          39.7940763
        ]
      },
      "properties": {
        "id": 448935392,
        "osm_type": "way",
        "name": "Horse Country",
        "tourism": "hotel",
        "phone": "+39 0783 80500",
        "website": "https://www.horsecountry.it/"
      }
    },
    {
      "type": "Feature",
      "geometry": {
        "type": "Point",
        "coordinates": [
          8.8637287,
          39.9565999
        ]
      },
      "properties": {
        "id": 450659931,
        "osm_type": "way",
        "name": "Terramama",
        "tourism": "chalet",
        "website": "https://www.airbnb.de/rooms/12789449"
      }
    },
    {
      "type": "Feature",
      "geometry": {
        "type": "Point",
        "coordinates": [
          9.559468,
          39.2036496
        ]
      },
      "properties": {
        "id": 453226182,
        "osm_type": "way",
        "name": "Villaggio Spiagge San Pietro",
        "tourism": "hotel"
      }
    },
    {
      "type": "Feature",
      "geometry": {
        "type": "Point",
        "coordinates": [
          8.7821312,
          40.9149127
        ]
      },
      "properties": {
        "id": 456150977,
        "osm_type": "way",
        "name": "GH Santina Resort & Spa",
        "tourism": "hotel"
      }
    },
    {
      "type": "Feature",
      "geometry": {
        "type": "Point",
        "coordinates": [
          8.7210784,
          40.5310789
        ]
      },
      "properties": {
        "id": 456169673,
        "osm_type": "way",
        "name": "Il Cavallino Rosso",
        "tourism": "hotel",
        "contact:phone": "+39 079 886 643",
        "contact:website": "http://www.hotelcavallinorosso.com"
      }
    },
    {
      "type": "Feature",
      "geometry": {
        "type": "Point",
        "coordinates": [
          9.6442648,
          40.8589001
        ]
      },
      "properties": {
        "id": 459279369,
        "osm_type": "way",
        "name": "Camping Tavolara",
        "tourism": "camp_site",
        "tents": "yes",
        "contact:phone": "+39 0789 40166",
        "website": "https://www.camping-tavolara.it/"
      }
    },
    {
      "type": "Feature",
      "geometry": {
        "type": "Point",
        "coordinates": [
          9.3437461,
          41.1950471
        ]
      },
      "properties": {
        "id": 460926081,
        "osm_type": "way",
        "name": "AHR Costa Serena Village",
        "tourism": "hotel",
        "opening_hours": "Mo-Su 09:00-13:00,17:00-20:00"
      }
    },
    {
      "type": "Feature",
      "geometry": {
        "type": "Point",
        "coordinates": [
          9.6035917,
          40.9981441
        ]
      },
      "properties": {
        "id": 487534729,
        "osm_type": "way",
        "name": "Baia Caddinas",
        "tourism": "hotel",
        "check_date": "2025-10-09"
      }
    },
    {
      "type": "Feature",
      "geometry": {
        "type": "Point",
        "coordinates": [
          9.3648922,
          39.1793464
        ]
      },
      "properties": {
        "id": 487979339,
        "osm_type": "way",
        "name": "Is Canaleddus",
        "tourism": "caravan_site"
      }
    },
    {
      "type": "Feature",
      "geometry": {
        "type": "Point",
        "coordinates": [
          9.0627838,
          41.1261365
        ]
      },
      "properties": {
        "id": 488317902,
        "osm_type": "way",
        "name": "Oasi Gallura",
        "tourism": "caravan_site"
      }
    },
    {
      "type": "Feature",
      "geometry": {
        "type": "Point",
        "coordinates": [
          9.7191468,
          40.3739071
        ]
      },
      "properties": {
        "id": 507755627,
        "osm_type": "way",
        "name": "Camere Garden",
        "tourism": "hotel"
      }
    },
    {
      "type": "Feature",
      "geometry": {
        "type": "Point",
        "coordinates": [
          8.8143155,
          40.9332601
        ]
      },
      "properties": {
        "id": 518883890,
        "osm_type": "way",
        "name": "Raggazi Camp",
        "tourism": "camp_site",
        "website": "https://www.ragazzi.de/"
      }
    },
    {
      "type": "Feature",
      "geometry": {
        "type": "Point",
        "coordinates": [
          9.1190037,
          40.4238144
        ]
      },
      "properties": {
        "id": 520329464,
        "osm_type": "way",
        "name": "Terme San Saturnino",
        "tourism": "hotel",
        "phone": "+39 079 791081;+39 0784 232940",
        "website": "https://www.termesansaturnino.it/"
      }
    },
    {
      "type": "Feature",
      "geometry": {
        "type": "Point",
        "coordinates": [
          9.1234169,
          40.4258472
        ]
      },
      "properties": {
        "id": 520329549,
        "osm_type": "way",
        "name": "Terme Aurora",
        "tourism": "hotel",
        "phone": "+39 079 796871;+39 079 797013",
        "website": "https://www.termeaurora.it/"
      }
    },
    {
      "type": "Feature",
      "geometry": {
        "type": "Point",
        "coordinates": [
          8.9930919,
          39.3017475
        ]
      },
      "properties": {
        "id": 521585437,
        "osm_type": "way",
        "name": "Residence Peppino",
        "tourism": "hotel"
      }
    },
    {
      "type": "Feature",
      "geometry": {
        "type": "Point",
        "coordinates": [
          8.4647056,
          40.8156062
        ]
      },
      "properties": {
        "id": 527209396,
        "osm_type": "way",
        "name": "Area sosta camper Campsite International",
        "tourism": "caravan_site",
        "contact:phone": "+39 079 31 05 19",
        "website": "https://www.campsiteinternational.it/"
      }
    },
    {
      "type": "Feature",
      "geometry": {
        "type": "Point",
        "coordinates": [
          8.8219445,
          39.6146056
        ]
      },
      "properties": {
        "id": 532486333,
        "osm_type": "way",
        "name": "Casa Diana",
        "tourism": "hotel",
        "contact:phone": "+39 070 938 6617"
      }
    },
    {
      "type": "Feature",
      "geometry": {
        "type": "Point",
        "coordinates": [
          8.5031377,
          40.2723828
        ]
      },
      "properties": {
        "id": 536637221,
        "osm_type": "way",
        "name": "Abba Mala Village Resort",
        "tourism": "hotel",
        "contact:phone": "+39 0785 375 565",
        "contact:website": "http://www.abbamala.com"
      }
    },
    {
      "type": "Feature",
      "geometry": {
        "type": "Point",
        "coordinates": [
          8.2514727,
          40.6574627
        ]
      },
      "properties": {
        "id": 536821115,
        "osm_type": "way",
        "name": "Agriturismo Bonsai",
        "tourism": "guest_house",
        "phone": "+39 079 999138",
        "website": "https://www.bonsaialghero.it/"
      }
    },
    {
      "type": "Feature",
      "geometry": {
        "type": "Point",
        "coordinates": [
          9.6173232,
          39.9849397
        ]
      },
      "properties": {
        "id": 542463988,
        "osm_type": "way",
        "name": "Hotel Sant'Efisio",
        "tourism": "hotel",
        "contact:phone": "+39 0782 646921",
        "contact:website": "https://www.hotel-santefisio.com"
      }
    },
    {
      "type": "Feature",
      "geometry": {
        "type": "Point",
        "coordinates": [
          9.6601944,
          39.917738
        ]
      },
      "properties": {
        "id": 542709691,
        "osm_type": "way",
        "name": "Resort Lido di Orrì",
        "tourism": "hotel"
      }
    },
    {
      "type": "Feature",
      "geometry": {
        "type": "Point",
        "coordinates": [
          9.6544933,
          39.8747535
        ]
      },
      "properties": {
        "id": 542781196,
        "osm_type": "way",
        "name": "S'Abba e sa Murta",
        "tourism": "hotel",
        "contact:phone": "+39 345 626 3242",
        "contact:website": "http://www.hotelabbaemurta.it"
      }
    },
    {
      "type": "Feature",
      "geometry": {
        "type": "Point",
        "coordinates": [
          9.5810893,
          39.7992367
        ]
      },
      "properties": {
        "id": 542901057,
        "osm_type": "way",
        "tourism": "hotel"
      }
    },
    {
      "type": "Feature",
      "geometry": {
        "type": "Point",
        "coordinates": [
          9.6661224,
          39.7707687
        ]
      },
      "properties": {
        "id": 543324573,
        "osm_type": "way",
        "name": "Perdèpera Resort",
        "tourism": "hotel",
        "contact:phone": "+39 0782 24081",
        "contact:website": "http://www.perdeperaresort.it/"
      }
    },
    {
      "type": "Feature",
      "geometry": {
        "type": "Point",
        "coordinates": [
          9.1912758,
          39.9491942
        ]
      },
      "properties": {
        "id": 545810296,
        "osm_type": "way",
        "name": "Hotel Sa Muvara",
        "tourism": "hotel",
        "contact:phone": "+39 0784 629 336",
        "contact:website": "http://hotelsamuvara.com"
      }
    },
    {
      "type": "Feature",
      "geometry": {
        "type": "Point",
        "coordinates": [
          8.6426988,
          39.5253402
        ]
      },
      "properties": {
        "id": 547240268,
        "osm_type": "way",
        "name": "Hotel Sa Rocca",
        "tourism": "hotel",
        "contact:phone": "+39 070 97615300",
        "contact:website": "http://www.sarocca.it/"
      }
    },
    {
      "type": "Feature",
      "geometry": {
        "type": "Point",
        "coordinates": [
          8.64309,
          39.5373533
        ]
      },
      "properties": {
        "id": 547240494,
        "osm_type": "way",
        "name": "Tharteshotel",
        "tourism": "hotel",
        "contact:phone": "+39 070 9729000",
        "contact:website": "http://www.tartheshotel.com/"
      }
    },
    {
      "type": "Feature",
      "geometry": {
        "type": "Point",
        "coordinates": [
          8.5070636,
          39.5187841
        ]
      },
      "properties": {
        "id": 547409854,
        "osm_type": "way",
        "name": "Bed and Breakfast La Magnolia",
        "tourism": "guest_house",
        "contact:phone": "+39 349 77 07 938",
        "contact:website": "http://lamagnoliaingurtosu.com"
      }
    },
    {
      "type": "Feature",
      "geometry": {
        "type": "Point",
        "coordinates": [
          8.3942408,
          40.4728595
        ]
      },
      "properties": {
        "id": 547969254,
        "osm_type": "way",
        "name": "Paleentone",
        "tourism": "chalet"
      }
    },
    {
      "type": "Feature",
      "geometry": {
        "type": "Point",
        "coordinates": [
          8.3212512,
          40.6075683
        ]
      },
      "properties": {
        "id": 548440861,
        "osm_type": "way",
        "tourism": "guest_house"
      }
    },
    {
      "type": "Feature",
      "geometry": {
        "type": "Point",
        "coordinates": [
          9.2025277,
          39.3020214
        ]
      },
      "properties": {
        "id": 550406643,
        "osm_type": "way",
        "name": "Sa Meri e Domu",
        "tourism": "guest_house"
      }
    },
    {
      "type": "Feature",
      "geometry": {
        "type": "Point",
        "coordinates": [
          9.6347777,
          39.4515337
        ]
      },
      "properties": {
        "id": 551059207,
        "osm_type": "way",
        "name": "Villa Corallo",
        "tourism": "apartment"
      }
    },
    {
      "type": "Feature",
      "geometry": {
        "type": "Point",
        "coordinates": [
          8.7493181,
          39.4555864
        ]
      },
      "properties": {
        "id": 554623721,
        "osm_type": "way",
        "name": "Hotel Ester",
        "tourism": "hotel",
        "contact:phone": "+39 070 9315727",
        "contact:website": "http://www.esterhotel.com/",
        "check_date": "2024-10-30"
      }
    },
    {
      "type": "Feature",
      "geometry": {
        "type": "Point",
        "coordinates": [
          8.4481631,
          39.4590106
        ]
      },
      "properties": {
        "id": 557054218,
        "osm_type": "way",
        "name": "Agriturismo Fighezia",
        "tourism": "apartment",
        "contact:phone": "+39 348 069 8303",
        "contact:website": "http://www.agriturismofighezia.it/"
      }
    },
    {
      "type": "Feature",
      "geometry": {
        "type": "Point",
        "coordinates": [
          9.565671,
          39.3941716
        ]
      },
      "properties": {
        "id": 569399960,
        "osm_type": "way",
        "name": "Rifugio",
        "tourism": "chalet"
      }
    },
    {
      "type": "Feature",
      "geometry": {
        "type": "Point",
        "coordinates": [
          8.6934183,
          39.3822316
        ]
      },
      "properties": {
        "id": 575946173,
        "osm_type": "way",
        "name": "Rifugio Muntoni",
        "tourism": "alpine_hut"
      }
    },
    {
      "type": "Feature",
      "geometry": {
        "type": "Point",
        "coordinates": [
          8.5499177,
          39.8020592
        ]
      },
      "properties": {
        "id": 578678830,
        "osm_type": "way",
        "name": "Area Camper Marina di Arborea",
        "tourism": "caravan_site"
      }
    },
    {
      "type": "Feature",
      "geometry": {
        "type": "Point",
        "coordinates": [
          8.8168511,
          40.8556365
        ]
      },
      "properties": {
        "id": 584722855,
        "osm_type": "way",
        "name": "Area sosta Camper Sedini",
        "tourism": "caravan_site"
      }
    },
    {
      "type": "Feature",
      "geometry": {
        "type": "Point",
        "coordinates": [
          9.0038159,
          39.0103958
        ]
      },
      "properties": {
        "id": 588989868,
        "osm_type": "way",
        "name": "Marin Hotel",
        "tourism": "hotel",
        "contact:phone": "+39 070 920 8059",
        "contact:website": "http://www.marinhotel.it"
      }
    },
    {
      "type": "Feature",
      "geometry": {
        "type": "Point",
        "coordinates": [
          9.4380743,
          41.1243499
        ]
      },
      "properties": {
        "id": 590076696,
        "osm_type": "way",
        "name": "Club Hotel Laconia",
        "tourism": "hotel",
        "phone": "+39 0789 86007",
        "website": "http://www.bluhotellaconia.it/"
      }
    },
    {
      "type": "Feature",
      "geometry": {
        "type": "Point",
        "coordinates": [
          9.6814831,
          39.9032281
        ]
      },
      "properties": {
        "id": 601114225,
        "osm_type": "way",
        "name": "Tanca Orri‘",
        "tourism": "caravan_site"
      }
    },
    {
      "type": "Feature",
      "geometry": {
        "type": "Point",
        "coordinates": [
          9.0671922,
          41.1259149
        ]
      },
      "properties": {
        "id": 620903068,
        "osm_type": "way",
        "name": "Camping Village Baia Blu La Tortuga",
        "tourism": "camp_site",
        "tents": "yes",
        "contact:phone": "+390365520682",
        "website": "https://www.campinglatortuga.com"
      }
    },
    {
      "type": "Feature",
      "geometry": {
        "type": "Point",
        "coordinates": [
          9.0729151,
          41.1268887
        ]
      },
      "properties": {
        "id": 620904650,
        "osm_type": "way",
        "name": "Camping Village Saragosa",
        "tourism": "camp_site",
        "tents": "yes",
        "website": "https://www.campingsaragosa.it"
      }
    },
    {
      "type": "Feature",
      "geometry": {
        "type": "Point",
        "coordinates": [
          8.7452336,
          39.4733216
        ]
      },
      "properties": {
        "id": 667839186,
        "osm_type": "way",
        "name": "L'Asfodelo",
        "tourism": "guest_house",
        "phone": "+39 070 931 0057"
      }
    },
    {
      "type": "Feature",
      "geometry": {
        "type": "Point",
        "coordinates": [
          8.4916998,
          39.1870361
        ]
      },
      "properties": {
        "id": 715149640,
        "osm_type": "way",
        "name": "Hotel Ristorante Tanit",
        "tourism": "hotel",
        "website": "https://www.tanit.tv/"
      }
    },
    {
      "type": "Feature",
      "geometry": {
        "type": "Point",
        "coordinates": [
          9.6464896,
          40.6992267
        ]
      },
      "properties": {
        "id": 722981030,
        "osm_type": "way",
        "name": "Agriturismo La Janna di la Faj",
        "tourism": "guest_house",
        "phone": "+39 342 70 47 610"
      }
    },
    {
      "type": "Feature",
      "geometry": {
        "type": "Point",
        "coordinates": [
          9.4278123,
          41.2252139
        ]
      },
      "properties": {
        "id": 724763730,
        "osm_type": "way",
        "name": "Camping Maddalena",
        "tourism": "camp_site",
        "tents": "yes",
        "contact:phone": "+39 0789728051",
        "website": "https://campingmaddalena.it/"
      }
    },
    {
      "type": "Feature",
      "geometry": {
        "type": "Point",
        "coordinates": [
          9.1659241,
          40.0420565
        ]
      },
      "properties": {
        "id": 729912868,
        "osm_type": "way",
        "name": "Agriturismo Mattalè",
        "tourism": "guest_house",
        "website": "https://www.facebook.com/agriturismo.mattale"
      }
    },
    {
      "type": "Feature",
      "geometry": {
        "type": "Point",
        "coordinates": [
          8.8556464,
          40.9679917
        ]
      },
      "properties": {
        "id": 732456236,
        "osm_type": "way",
        "name": "Baia Paradiso",
        "tourism": "camp_site",
        "tents": "yes",
        "contact:phone": "+39 079 954 0097",
        "contact:website": "https://www.camping-baiaparadiso.com/"
      }
    },
    {
      "type": "Feature",
      "geometry": {
        "type": "Point",
        "coordinates": [
          9.0482672,
          39.3790977
        ]
      },
      "properties": {
        "id": 733379714,
        "osm_type": "way",
        "name": "Hotel Palladium",
        "tourism": "hotel"
      }
    },
    {
      "type": "Feature",
      "geometry": {
        "type": "Point",
        "coordinates": [
          9.1197796,
          39.2160224
        ]
      },
      "properties": {
        "id": 749873918,
        "osm_type": "way",
        "name": "Neko Hotel",
        "tourism": "hotel",
        "phone": "+39070301284",
        "website": "https://www.nekohotel.com/"
      }
    },
    {
      "type": "Feature",
      "geometry": {
        "type": "Point",
        "coordinates": [
          8.3206854,
          40.8113575
        ]
      },
      "properties": {
        "id": 754078383,
        "osm_type": "way",
        "name": "I 4 MORI",
        "tourism": "guest_house"
      }
    },
    {
      "type": "Feature",
      "geometry": {
        "type": "Point",
        "coordinates": [
          8.3792759,
          39.0150019
        ]
      },
      "properties": {
        "id": 757855019,
        "osm_type": "way",
        "name": "Mercury Boutique Hotel",
        "tourism": "hotel",
        "phone": "+39 0781 809031",
        "website": "https://www.mercuryboutiquehotel.it/"
      }
    },
    {
      "type": "Feature",
      "geometry": {
        "type": "Point",
        "coordinates": [
          9.4976636,
          39.2859473
        ]
      },
      "properties": {
        "id": 785350370,
        "osm_type": "way",
        "name": "B&B la Sorgente",
        "tourism": "guest_house"
      }
    },
    {
      "type": "Feature",
      "geometry": {
        "type": "Point",
        "coordinates": [
          9.4990003,
          39.2867259
        ]
      },
      "properties": {
        "id": 785350372,
        "osm_type": "way",
        "name": "Agriturismo la Sorgente",
        "tourism": "motel"
      }
    },
    {
      "type": "Feature",
      "geometry": {
        "type": "Point",
        "coordinates": [
          9.5413802,
          40.3044267
        ]
      },
      "properties": {
        "id": 826488092,
        "osm_type": "way",
        "name": "Hotel Villa Cedrino",
        "tourism": "hotel",
        "phone": "+39 0784 1650023",
        "website": "https://www.hotelvillacedrino.it"
      }
    },
    {
      "type": "Feature",
      "geometry": {
        "type": "Point",
        "coordinates": [
          9.7079578,
          40.7277907
        ]
      },
      "properties": {
        "id": 840919379,
        "osm_type": "way",
        "name": "Janna 'e Sole Resort",
        "tourism": "hotel",
        "website": "https://www.jannaesoleresort.it/"
      }
    },
    {
      "type": "Feature",
      "geometry": {
        "type": "Point",
        "coordinates": [
          9.1865008,
          41.233028
        ]
      },
      "properties": {
        "id": 844433725,
        "osm_type": "way",
        "tourism": "hotel"
      }
    },
    {
      "type": "Feature",
      "geometry": {
        "type": "Point",
        "coordinates": [
          9.596802,
          40.9045564
        ]
      },
      "properties": {
        "id": 905053716,
        "osm_type": "way",
        "name": "Summer Residence Bunte",
        "tourism": "hotel"
      }
    },
    {
      "type": "Feature",
      "geometry": {
        "type": "Point",
        "coordinates": [
          9.7065912,
          40.7230436
        ]
      },
      "properties": {
        "id": 915741896,
        "osm_type": "way",
        "name": "Club Hotel Li Cupulatti Beach",
        "tourism": "hotel",
        "website": "https://www.licupulattibeachhotel.it/"
      }
    },
    {
      "type": "Feature",
      "geometry": {
        "type": "Point",
        "coordinates": [
          9.1213177,
          39.2136682
        ]
      },
      "properties": {
        "id": 934720952,
        "osm_type": "way",
        "name": "Palazzo Doglio",
        "tourism": "hotel"
      }
    },
    {
      "type": "Feature",
      "geometry": {
        "type": "Point",
        "coordinates": [
          9.002621,
          39.0129018
        ]
      },
      "properties": {
        "id": 958519236,
        "osm_type": "way",
        "name": "Villa Lina",
        "tourism": "hotel",
        "contact:website": "https://www.villalinapula.com/"
      }
    },
    {
      "type": "Feature",
      "geometry": {
        "type": "Point",
        "coordinates": [
          8.801761,
          40.9264385
        ]
      },
      "properties": {
        "id": 963661434,
        "osm_type": "way",
        "name": "Villa dei Pini",
        "tourism": "chalet"
      }
    },
    {
      "type": "Feature",
      "geometry": {
        "type": "Point",
        "coordinates": [
          8.8020376,
          40.9259969
        ]
      },
      "properties": {
        "id": 963661436,
        "osm_type": "way",
        "name": "Sunset Holiday Home",
        "tourism": "chalet"
      }
    },
    {
      "type": "Feature",
      "geometry": {
        "type": "Point",
        "coordinates": [
          9.0163281,
          38.9975704
        ]
      },
      "properties": {
        "id": 963725981,
        "osm_type": "way",
        "name": "NoHa Lifestyle Hotel - 4 stelle",
        "tourism": "hotel"
      }
    },
    {
      "type": "Feature",
      "geometry": {
        "type": "Point",
        "coordinates": [
          9.7856187,
          40.4444014
        ]
      },
      "properties": {
        "id": 974054833,
        "osm_type": "way",
        "name": "CLUB HOTEL TORRE MORESCA",
        "tourism": "hotel",
        "contact:website": "https://www.torremoresca.it"
      }
    },
    {
      "type": "Feature",
      "geometry": {
        "type": "Point",
        "coordinates": [
          8.6372191,
          39.2854871
        ]
      },
      "properties": {
        "id": 1000932480,
        "osm_type": "way",
        "name": "Agricampeggio Donne Rurali",
        "tourism": "camp_site",
        "phone": "+39 328 5666575"
      }
    },
    {
      "type": "Feature",
      "geometry": {
        "type": "Point",
        "coordinates": [
          9.6267281,
          40.8727344
        ]
      },
      "properties": {
        "id": 1010275562,
        "osm_type": "way",
        "name": "Area di Sosta Camper Porto San Paolo",
        "tourism": "caravan_site",
        "phone": "+393299385143"
      }
    },
    {
      "type": "Feature",
      "geometry": {
        "type": "Point",
        "coordinates": [
          8.6250375,
          38.9769572
        ]
      },
      "properties": {
        "id": 1030123267,
        "osm_type": "way",
        "name": "Agricamping Il Ruscello",
        "tourism": "caravan_site"
      }
    },
    {
      "type": "Feature",
      "geometry": {
        "type": "Point",
        "coordinates": [
          8.676412,
          40.742412
        ]
      },
      "properties": {
        "id": 1044748594,
        "osm_type": "way",
        "name": "AA Osilo",
        "tourism": "caravan_site"
      }
    },
    {
      "type": "Feature",
      "geometry": {
        "type": "Point",
        "coordinates": [
          8.7656079,
          39.2366567
        ]
      },
      "properties": {
        "id": 1052456627,
        "osm_type": "way",
        "name": "C. Nannilai",
        "tourism": "alpine_hut"
      }
    },
    {
      "type": "Feature",
      "geometry": {
        "type": "Point",
        "coordinates": [
          9.6800971,
          40.7721702
        ]
      },
      "properties": {
        "id": 1064330219,
        "osm_type": "way",
        "name": "Camping Cala D'Ambra",
        "tourism": "camp_site",
        "tents": "yes",
        "contact:phone": "+39 0784 865650",
        "website": "http://www.campingcaladambra.com/"
      }
    },
    {
      "type": "Feature",
      "geometry": {
        "type": "Point",
        "coordinates": [
          8.487194,
          40.07145
        ]
      },
      "properties": {
        "id": 1082295947,
        "osm_type": "way",
        "name": "Camping Is Arenas",
        "tourism": "camp_site",
        "tents": "yes",
        "contact:phone": "+39 0785 896255",
        "contact:website": "https://www.camping-isarenas.com/"
      }
    },
    {
      "type": "Feature",
      "geometry": {
        "type": "Point",
        "coordinates": [
          8.4113772,
          39.4180723
        ]
      },
      "properties": {
        "id": 1082571559,
        "osm_type": "way",
        "name": "Area Camper San Nicolò",
        "tourism": "caravan_site"
      }
    },
    {
      "type": "Feature",
      "geometry": {
        "type": "Point",
        "coordinates": [
          9.678091,
          39.8313297
        ]
      },
      "properties": {
        "id": 1089812964,
        "osm_type": "way",
        "name": "Area Sosta Camper Torre di Bari Sardo",
        "tourism": "caravan_site",
        "tents": "yes",
        "phone": "+39 328 555 5848",
        "website": "https://www.campingtorredibarisardo.com/",
        "check_date": "2026-03-29"
      }
    },
    {
      "type": "Feature",
      "geometry": {
        "type": "Point",
        "coordinates": [
          8.754733,
          39.7266032
        ]
      },
      "properties": {
        "id": 1090146919,
        "osm_type": "way",
        "tourism": "caravan_site"
      }
    },
    {
      "type": "Feature",
      "geometry": {
        "type": "Point",
        "coordinates": [
          8.9681807,
          38.9578951
        ]
      },
      "properties": {
        "id": 1090905705,
        "osm_type": "way",
        "name": "Camping Cala D'Ostia",
        "tourism": "camp_site",
        "tents": "yes",
        "phone": "+39 351 627 4439",
        "website": "https://www.campingcaladostia.com/",
        "check_date": "2025-09-26"
      }
    },
    {
      "type": "Feature",
      "geometry": {
        "type": "Point",
        "coordinates": [
          9.3101277,
          40.9384265
        ]
      },
      "properties": {
        "id": 1099690738,
        "osm_type": "way",
        "name": "Agriturismo Vaccosu",
        "tourism": "guest_house"
      }
    },
    {
      "type": "Feature",
      "geometry": {
        "type": "Point",
        "coordinates": [
          9.4931075,
          39.8137987
        ]
      },
      "properties": {
        "id": 1113615224,
        "osm_type": "way",
        "name": "Camping Theleme",
        "tourism": "camp_site",
        "tents": "yes",
        "website": "http://www.campingtheleme.com/"
      }
    },
    {
      "type": "Feature",
      "geometry": {
        "type": "Point",
        "coordinates": [
          9.3092453,
          40.6857259
        ]
      },
      "properties": {
        "id": 1124775730,
        "osm_type": "way",
        "name": "Rifugio Sos Culumbos",
        "tourism": "alpine_hut"
      }
    },
    {
      "type": "Feature",
      "geometry": {
        "type": "Point",
        "coordinates": [
          9.3732424,
          40.3329401
        ]
      },
      "properties": {
        "id": 1128442657,
        "osm_type": "way",
        "name": "Ostello della Gioventù Farcana",
        "tourism": "hostel"
      }
    },
    {
      "type": "Feature",
      "geometry": {
        "type": "Point",
        "coordinates": [
          8.6948248,
          40.326632
        ]
      },
      "properties": {
        "id": 1128465851,
        "osm_type": "way",
        "name": "Nuragh'Elighe",
        "tourism": "camp_site",
        "tents": "yes",
        "website": "https://nuraghelighe.it/"
      }
    },
    {
      "type": "Feature",
      "geometry": {
        "type": "Point",
        "coordinates": [
          9.6010007,
          39.8136825
        ]
      },
      "properties": {
        "id": 1128737888,
        "osm_type": "way",
        "name": "AGRITURISMO MONTE ASTILI",
        "tourism": "guest_house"
      }
    },
    {
      "type": "Feature",
      "geometry": {
        "type": "Point",
        "coordinates": [
          9.6432421,
          40.8596309
        ]
      },
      "properties": {
        "id": 1130630568,
        "osm_type": "way",
        "tourism": "caravan_site"
      }
    },
    {
      "type": "Feature",
      "geometry": {
        "type": "Point",
        "coordinates": [
          8.2214842,
          40.9560908
        ]
      },
      "properties": {
        "id": 1130860550,
        "osm_type": "way",
        "tourism": "camp_site"
      }
    },
    {
      "type": "Feature",
      "geometry": {
        "type": "Point",
        "coordinates": [
          8.3220026,
          40.5494663
        ]
      },
      "properties": {
        "id": 1135149010,
        "osm_type": "way",
        "name": "Carlos V",
        "tourism": "hotel",
        "phone": "+39 079 972 0600",
        "website": "https://www.smyhotels.com/smy-carlos-v-wellness--spa-alghero.html"
      }
    },
    {
      "type": "Feature",
      "geometry": {
        "type": "Point",
        "coordinates": [
          9.681285,
          39.8691319
        ]
      },
      "properties": {
        "id": 1141502503,
        "osm_type": "way",
        "name": "Area Attrezzata Camper Baia Cea Tortolì",
        "tourism": "caravan_site"
      }
    },
    {
      "type": "Feature",
      "geometry": {
        "type": "Point",
        "coordinates": [
          9.6797645,
          39.8690214
        ]
      },
      "properties": {
        "id": 1141502505,
        "osm_type": "way",
        "name": "Area attrezzata Rocce Rosse",
        "tourism": "caravan_site"
      }
    },
    {
      "type": "Feature",
      "geometry": {
        "type": "Point",
        "coordinates": [
          9.2256044,
          39.8647302
        ]
      },
      "properties": {
        "id": 1153582119,
        "osm_type": "way",
        "name": "Helga's agricampeggio",
        "tourism": "caravan_site"
      }
    },
    {
      "type": "Feature",
      "geometry": {
        "type": "Point",
        "coordinates": [
          8.5111795,
          39.6119806
        ]
      },
      "properties": {
        "id": 1159004920,
        "osm_type": "way",
        "name": "Agriturismo La Cresta",
        "tourism": "guest_house",
        "phone": "+44 7487 671799"
      }
    },
    {
      "type": "Feature",
      "geometry": {
        "type": "Point",
        "coordinates": [
          9.0752029,
          39.9902421
        ]
      },
      "properties": {
        "id": 1167784168,
        "osm_type": "way",
        "name": "B&B Hotel",
        "tourism": "hotel",
        "phone": "+31 6 22660982",
        "website": "https://www.mandrolisaidoc.com"
      }
    },
    {
      "type": "Feature",
      "geometry": {
        "type": "Point",
        "coordinates": [
          9.4289008,
          41.2204197
        ]
      },
      "properties": {
        "id": 1214067682,
        "osm_type": "way",
        "name": "Area Camper camping Il Sole",
        "tourism": "camp_site",
        "tents": "yes",
        "phone": "+393348565274",
        "website": "https://www.areacamperilsole.it/"
      }
    },
    {
      "type": "Feature",
      "geometry": {
        "type": "Point",
        "coordinates": [
          9.7105817,
          40.3736695
        ]
      },
      "properties": {
        "id": 1217146281,
        "osm_type": "way",
        "name": "Sisula Country Hotel",
        "tourism": "hotel"
      }
    },
    {
      "type": "Feature",
      "geometry": {
        "type": "Point",
        "coordinates": [
          8.4846908,
          40.071286
        ]
      },
      "properties": {
        "id": 1217204495,
        "osm_type": "way",
        "name": "Campeggio Nurapolis",
        "tourism": "camp_site",
        "tents": "yes",
        "phone": "+393488080839",
        "website": "https://www.nurapolis.it"
      }
    },
    {
      "type": "Feature",
      "geometry": {
        "type": "Point",
        "coordinates": [
          9.263215,
          39.8643152
        ]
      },
      "properties": {
        "id": 1222491745,
        "osm_type": "way",
        "name": "Hotel S'Ilixi",
        "tourism": "hotel"
      }
    },
    {
      "type": "Feature",
      "geometry": {
        "type": "Point",
        "coordinates": [
          9.3293541,
          40.6514096
        ]
      },
      "properties": {
        "id": 1230075148,
        "osm_type": "way",
        "name": "B&B San Lorenzo",
        "tourism": "guest_house"
      }
    },
    {
      "type": "Feature",
      "geometry": {
        "type": "Point",
        "coordinates": [
          9.3341337,
          40.6500703
        ]
      },
      "properties": {
        "id": 1230095786,
        "osm_type": "way",
        "name": "Da Gigi",
        "tourism": "guest_house"
      }
    },
    {
      "type": "Feature",
      "geometry": {
        "type": "Point",
        "coordinates": [
          9.3311889,
          40.6521175
        ]
      },
      "properties": {
        "id": 1230118789,
        "osm_type": "way",
        "name": "B&B Carrera Manna",
        "tourism": "guest_house"
      }
    },
    {
      "type": "Feature",
      "geometry": {
        "type": "Point",
        "coordinates": [
          9.3310874,
          40.6524331
        ]
      },
      "properties": {
        "id": 1230118791,
        "osm_type": "way",
        "name": "B&B Santa Croce",
        "tourism": "guest_house"
      }
    },
    {
      "type": "Feature",
      "geometry": {
        "type": "Point",
        "coordinates": [
          9.23537,
          39.8710531
        ]
      },
      "properties": {
        "id": 1231174620,
        "osm_type": "way",
        "name": "Amistade B&B",
        "tourism": "guest_house"
      }
    },
    {
      "type": "Feature",
      "geometry": {
        "type": "Point",
        "coordinates": [
          8.7297742,
          40.3966291
        ]
      },
      "properties": {
        "id": 1286988159,
        "osm_type": "way",
        "tourism": "caravan_site",
        "check_date": "2024-05-26"
      }
    },
    {
      "type": "Feature",
      "geometry": {
        "type": "Point",
        "coordinates": [
          9.0515447,
          39.8564301
        ]
      },
      "properties": {
        "id": 1298055893,
        "osm_type": "way",
        "tourism": "caravan_site"
      }
    },
    {
      "type": "Feature",
      "geometry": {
        "type": "Point",
        "coordinates": [
          8.9753818,
          38.970027
        ]
      },
      "properties": {
        "id": 1302252082,
        "osm_type": "way",
        "name": "Locanda della Meridiana",
        "tourism": "hotel",
        "phone": "+39 340 711 4478"
      }
    },
    {
      "type": "Feature",
      "geometry": {
        "type": "Point",
        "coordinates": [
          8.9770843,
          38.9665277
        ]
      },
      "properties": {
        "id": 1302252084,
        "osm_type": "way",
        "name": "Camping Flumendosa",
        "tourism": "camp_site",
        "tents": "yes",
        "website": "https://www.campingflumendosa.com/"
      }
    },
    {
      "type": "Feature",
      "geometry": {
        "type": "Point",
        "coordinates": [
          8.2754991,
          40.5934043
        ]
      },
      "properties": {
        "id": 1304797864,
        "osm_type": "way",
        "name": "Punta Negra",
        "tourism": "hotel",
        "phone": "+39 079 930222",
        "website": "https://www.hotelpuntanegra.it/"
      }
    },
    {
      "type": "Feature",
      "geometry": {
        "type": "Point",
        "coordinates": [
          8.2774288,
          40.6080865
        ]
      },
      "properties": {
        "id": 1308402127,
        "osm_type": "way",
        "name": "Hotel Domominore",
        "tourism": "hotel",
        "phone": "+39 0794136357",
        "website": "https://www.hoteldomominorealghero.it/"
      }
    },
    {
      "type": "Feature",
      "geometry": {
        "type": "Point",
        "coordinates": [
          8.4850366,
          40.2881277
        ]
      },
      "properties": {
        "id": 1309604770,
        "osm_type": "way",
        "name": "Resort Isola Rossa",
        "tourism": "hotel",
        "contact:phone": "+39 0785 377 101",
        "contact:website": "http://www.isolarossabosa.it"
      }
    },
    {
      "type": "Feature",
      "geometry": {
        "type": "Point",
        "coordinates": [
          8.3172596,
          40.560972
        ]
      },
      "properties": {
        "id": 1312847963,
        "osm_type": "way",
        "name": "Hotel Catalunya",
        "tourism": "hotel",
        "phone": "+39 079 953172",
        "website": "https://www.hotelcatalunya.it/"
      }
    },
    {
      "type": "Feature",
      "geometry": {
        "type": "Point",
        "coordinates": [
          8.8132712,
          39.9969328
        ]
      },
      "properties": {
        "id": 1314672731,
        "osm_type": "way",
        "name": "Area Camper Comunale Fordongianus",
        "tourism": "caravan_site"
      }
    },
    {
      "type": "Feature",
      "geometry": {
        "type": "Point",
        "coordinates": [
          8.402446,
          39.9621238
        ]
      },
      "properties": {
        "id": 1314673897,
        "osm_type": "way",
        "name": "AgricampingAgricampeggio Murtas di Giuliano Nardi",
        "tourism": "camp_site",
        "tents": "yes",
        "phone": "+39 340 6359633"
      }
    },
    {
      "type": "Feature",
      "geometry": {
        "type": "Point",
        "coordinates": [
          8.596899,
          38.9648444
        ]
      },
      "properties": {
        "id": 1314830130,
        "osm_type": "way",
        "name": "Area camper comunale Porto Pino",
        "tourism": "caravan_site"
      }
    },
    {
      "type": "Feature",
      "geometry": {
        "type": "Point",
        "coordinates": [
          8.9821595,
          39.0442732
        ]
      },
      "properties": {
        "id": 1315007087,
        "osm_type": "way",
        "name": "Agricampeggio Tenuta Naturale",
        "tourism": "camp_site",
        "website": "https://www.tenutanaturale.it/"
      }
    },
    {
      "type": "Feature",
      "geometry": {
        "type": "Point",
        "coordinates": [
          9.3941557,
          41.1801342
        ]
      },
      "properties": {
        "id": 1315269560,
        "osm_type": "way",
        "name": "Saraceno",
        "tourism": "camp_site",
        "tents": "yes",
        "phone": "+39 0789 709403",
        "website": "https://baiasaraceno.it/"
      }
    },
    {
      "type": "Feature",
      "geometry": {
        "type": "Point",
        "coordinates": [
          9.3205206,
          41.1989178
        ]
      },
      "properties": {
        "id": 1315272474,
        "osm_type": "way",
        "tourism": "caravan_site"
      }
    },
    {
      "type": "Feature",
      "geometry": {
        "type": "Point",
        "coordinates": [
          8.3016819,
          39.1656466
        ]
      },
      "properties": {
        "id": 1340048233,
        "osm_type": "way",
        "name": "Hotel Paola",
        "tourism": "hotel",
        "website": "https://www.hotelpaolacarloforte.it/"
      }
    },
    {
      "type": "Feature",
      "geometry": {
        "type": "Point",
        "coordinates": [
          9.6418347,
          40.8592029
        ]
      },
      "properties": {
        "id": 1370366957,
        "osm_type": "way",
        "name": "Relais Fenicottero Rosa",
        "tourism": "hotel"
      }
    },
    {
      "type": "Feature",
      "geometry": {
        "type": "Point",
        "coordinates": [
          9.6445873,
          39.6661615
        ]
      },
      "properties": {
        "id": 1384151678,
        "osm_type": "way",
        "name": "Hotel Nastasj",
        "tourism": "hotel"
      }
    },
    {
      "type": "Feature",
      "geometry": {
        "type": "Point",
        "coordinates": [
          9.6535141,
          39.6695982
        ]
      },
      "properties": {
        "id": 1384151679,
        "osm_type": "way",
        "name": "Hotel Punta Moros",
        "tourism": "hotel",
        "check_date": "2025-04-28"
      }
    },
    {
      "type": "Feature",
      "geometry": {
        "type": "Point",
        "coordinates": [
          9.6576686,
          39.6933655
        ]
      },
      "properties": {
        "id": 1384151702,
        "osm_type": "way",
        "name": "Area Sosta Camper Foxi Manna",
        "tourism": "caravan_site"
      }
    },
    {
      "type": "Feature",
      "geometry": {
        "type": "Point",
        "coordinates": [
          9.6438225,
          39.6806984
        ]
      },
      "properties": {
        "id": 1384335370,
        "osm_type": "way",
        "name": "Hotel Janas",
        "tourism": "hotel",
        "contact:phone": "+39 0782 909005",
        "contact:website": "https://www.hoteljanas.it/"
      }
    },
    {
      "type": "Feature",
      "geometry": {
        "type": "Point",
        "coordinates": [
          8.8756832,
          39.7586776
        ]
      },
      "properties": {
        "id": 1387833477,
        "osm_type": "way",
        "tourism": "caravan_site"
      }
    },
    {
      "type": "Feature",
      "geometry": {
        "type": "Point",
        "coordinates": [
          9.4728169,
          41.1280355
        ]
      },
      "properties": {
        "id": 1425574659,
        "osm_type": "way",
        "name": "7Pines Resort Sardinia,",
        "tourism": "hotel",
        "opening_hours": "24/7",
        "phone": "+39 07891775000",
        "website": "https://www.hyatt.com/destination-by-hyatt/en-US/sardh-7-pines-resort-sardinia"
      }
    },
    {
      "type": "Feature",
      "geometry": {
        "type": "Point",
        "coordinates": [
          8.2890197,
          39.0966966
        ]
      },
      "properties": {
        "id": 1435701276,
        "osm_type": "way",
        "name": "Residenza A Cova",
        "tourism": "guest_house"
      }
    },
    {
      "type": "Feature",
      "geometry": {
        "type": "Point",
        "coordinates": [
          8.6763506,
          39.1763761
        ]
      },
      "properties": {
        "id": 1442208349,
        "osm_type": "way",
        "name": "Camper Area Parco Monte Atzei",
        "tourism": "caravan_site"
      }
    },
    {
      "type": "Feature",
      "geometry": {
        "type": "Point",
        "coordinates": [
          8.8192145,
          39.6125632
        ]
      },
      "properties": {
        "id": 1443547455,
        "osm_type": "way",
        "name": "Piazza Olivio Podda",
        "tourism": "caravan_site"
      }
    },
    {
      "type": "Feature",
      "geometry": {
        "type": "Point",
        "coordinates": [
          8.8929297,
          40.1081144
        ]
      },
      "properties": {
        "id": 1447106413,
        "osm_type": "way",
        "tourism": "caravan_site"
      }
    },
    {
      "type": "Feature",
      "geometry": {
        "type": "Point",
        "coordinates": [
          8.8874304,
          40.132324
        ]
      },
      "properties": {
        "id": 1447106414,
        "osm_type": "way",
        "tourism": "caravan_site"
      }
    },
    {
      "type": "Feature",
      "geometry": {
        "type": "Point",
        "coordinates": [
          8.9274826,
          40.1709041
        ]
      },
      "properties": {
        "id": 1447937822,
        "osm_type": "way",
        "name": "Area Camper di Sedilo",
        "tourism": "caravan_site"
      }
    },
    {
      "type": "Feature",
      "geometry": {
        "type": "Point",
        "coordinates": [
          8.9484793,
          39.8715438
        ]
      },
      "properties": {
        "id": 1450729072,
        "osm_type": "way",
        "name": "Area Camper di Asuni",
        "tourism": "caravan_site"
      }
    },
    {
      "type": "Feature",
      "geometry": {
        "type": "Point",
        "coordinates": [
          9.2754692,
          39.8129324
        ]
      },
      "properties": {
        "id": 1452949792,
        "osm_type": "way",
        "tourism": "caravan_site"
      }
    },
    {
      "type": "Feature",
      "geometry": {
        "type": "Point",
        "coordinates": [
          8.5835201,
          40.7156322
        ]
      },
      "properties": {
        "id": 1453594670,
        "osm_type": "way",
        "name": "Hotel Marini",
        "tourism": "hotel",
        "phone": "+39 079 277282",
        "website": "http://www.hotelmarini.com",
        "check_date": "2024-03-12"
      }
    },
    {
      "type": "Feature",
      "geometry": {
        "type": "Point",
        "coordinates": [
          8.5826774,
          40.7136925
        ]
      },
      "properties": {
        "id": 1456275877,
        "osm_type": "way",
        "name": "Hotel Carlo Felice",
        "tourism": "hotel"
      }
    },
    {
      "type": "Feature",
      "geometry": {
        "type": "Point",
        "coordinates": [
          8.8196332,
          40.7462611
        ]
      },
      "properties": {
        "id": 1462020477,
        "osm_type": "way",
        "tourism": "caravan_site"
      }
    },
    {
      "type": "Feature",
      "geometry": {
        "type": "Point",
        "coordinates": [
          9.1512029,
          40.9172894
        ]
      },
      "properties": {
        "id": 1464369944,
        "osm_type": "way",
        "name": "La Casa di Babbai",
        "tourism": "hotel"
      }
    },
    {
      "type": "Feature",
      "geometry": {
        "type": "Point",
        "coordinates": [
          9.7046719,
          40.7420809
        ]
      },
      "properties": {
        "id": 1465801753,
        "osm_type": "way",
        "name": "Piccolo Hotel",
        "tourism": "hotel"
      }
    },
    {
      "type": "Feature",
      "geometry": {
        "type": "Point",
        "coordinates": [
          8.876647,
          40.968812
        ]
      },
      "properties": {
        "id": 1470172452,
        "osm_type": "way",
        "name": "Hotel Panorama",
        "tourism": "hotel"
      }
    },
    {
      "type": "Feature",
      "geometry": {
        "type": "Point",
        "coordinates": [
          9.6207005,
          39.2987557
        ]
      },
      "properties": {
        "id": 1470457375,
        "osm_type": "way",
        "tourism": "camp_site",
        "tents": "yes"
      }
    },
    {
      "type": "Feature",
      "geometry": {
        "type": "Point",
        "coordinates": [
          9.6849223,
          39.9797604
        ]
      },
      "properties": {
        "id": 1471570752,
        "osm_type": "way",
        "name": "Camping Mare Blu",
        "tourism": "camp_site",
        "tents": "yes",
        "contact:phone": "+390782615041",
        "website": "https://www.mareblucamping.it"
      }
    },
    {
      "type": "Feature",
      "geometry": {
        "type": "Point",
        "coordinates": [
          9.6857222,
          39.9775968
        ]
      },
      "properties": {
        "id": 1471589273,
        "osm_type": "way",
        "name": "Camping Solemar",
        "tourism": "camp_site",
        "tents": "yes",
        "contact:phone": "+39 3896824812;+39 3298771717",
        "contact:website": "https://www.campeggiosolemar.com/"
      }
    },
    {
      "type": "Feature",
      "geometry": {
        "type": "Point",
        "coordinates": [
          8.2849932,
          40.5975762
        ]
      },
      "properties": {
        "id": 1471656984,
        "osm_type": "way",
        "name": "Il Villaggio e Campeggio Nurral",
        "tourism": "camp_site",
        "tents": "yes",
        "phone": "+39 079 930485",
        "website": "http://www.campnurral.it/"
      }
    },
    {
      "type": "Feature",
      "geometry": {
        "type": "Point",
        "coordinates": [
          8.2371079,
          40.8686441
        ]
      },
      "properties": {
        "id": 1471686888,
        "osm_type": "way",
        "name": "Area di sosta attrezzata La Pineta",
        "tourism": "camp_site",
        "contact:phone": "+39 347 0881433;+39 340 2827298",
        "contact:website": "https://www.stintinocamper.it/"
      }
    },
    {
      "type": "Feature",
      "geometry": {
        "type": "Point",
        "coordinates": [
          8.490963,
          40.0718954
        ]
      },
      "properties": {
        "id": 1472238264,
        "osm_type": "way",
        "name": "Camping Bella Sardinia",
        "tourism": "camp_site",
        "tents": "yes",
        "contact:phone": "+39 0785 38058;+39 0785 38383;+39 0785 389218",
        "website": "https://www.camping-bellasardinia.com/de/"
      }
    },
    {
      "type": "Feature",
      "geometry": {
        "type": "Point",
        "coordinates": [
          9.7816895,
          40.4400967
        ]
      },
      "properties": {
        "id": 1472590940,
        "osm_type": "way",
        "name": "Sa Prama",
        "tourism": "camp_site",
        "tents": "yes",
        "phone": "+39 0784 91072",
        "website": "https://www.campingsaprama.it/"
      }
    },
    {
      "type": "Feature",
      "geometry": {
        "type": "Point",
        "coordinates": [
          9.7860808,
          40.5696207
        ]
      },
      "properties": {
        "id": 1472628352,
        "osm_type": "way",
        "name": "Cala Pineta",
        "tourism": "camp_site",
        "tents": "yes",
        "phone": "+39 0784 819184",
        "website": "https://www.calapineta.it"
      }
    },
    {
      "type": "Feature",
      "geometry": {
        "type": "Point",
        "coordinates": [
          8.9714089,
          39.8237409
        ]
      },
      "properties": {
        "id": 1472884243,
        "osm_type": "way",
        "name": "Area Camper di Nureci",
        "tourism": "caravan_site"
      }
    },
    {
      "type": "Feature",
      "geometry": {
        "type": "Point",
        "coordinates": [
          9.6786614,
          39.9601229
        ]
      },
      "properties": {
        "id": 1474144727,
        "osm_type": "way",
        "name": "Camping Girasole",
        "tourism": "camp_site",
        "tents": "yes",
        "contact:phone": "+39 328 134 5698",
        "website": "https://campingirasole.it"
      }
    },
    {
      "type": "Feature",
      "geometry": {
        "type": "Point",
        "coordinates": [
          8.9027726,
          39.7493195
        ]
      },
      "properties": {
        "id": 1474491282,
        "osm_type": "way",
        "name": "Area Camper di Sini",
        "tourism": "caravan_site"
      }
    },
    {
      "type": "Feature",
      "geometry": {
        "type": "Point",
        "coordinates": [
          8.9246867,
          39.7412503
        ]
      },
      "properties": {
        "id": 1484230079,
        "osm_type": "way",
        "name": "Area Camper di Genuri",
        "tourism": "caravan_site"
      }
    },
    {
      "type": "Feature",
      "geometry": {
        "type": "Point",
        "coordinates": [
          8.8852843,
          38.8986999
        ]
      },
      "properties": {
        "id": 1491014968,
        "osm_type": "way",
        "name": "Camping Torre Chia",
        "tourism": "camp_site",
        "tents": "yes",
        "phone": "+39 070 923 0054",
        "contact:phone": "+39 348 268 7657",
        "website": "http://www.campeggiotorrechia.it/"
      }
    },
    {
      "type": "Feature",
      "geometry": {
        "type": "Point",
        "coordinates": [
          9.5277309,
          41.1511121
        ]
      },
      "properties": {
        "id": 3644836,
        "osm_type": "relation",
        "name": "Colonna Resort",
        "tourism": "hotel"
      }
    },
    {
      "type": "Feature",
      "geometry": {
        "type": "Point",
        "coordinates": [
          9.1086592,
          39.2228677
        ]
      },
      "properties": {
        "id": 3685040,
        "osm_type": "relation",
        "name": "Hotel Villa Fanny",
        "tourism": "hotel",
        "contact:phone": "+39 070 8587300",
        "contact:website": "http://www.hotelvillafanny.it/"
      }
    },
    {
      "type": "Feature",
      "geometry": {
        "type": "Point",
        "coordinates": [
          9.123689,
          39.2290532
        ]
      },
      "properties": {
        "id": 3685133,
        "osm_type": "relation",
        "name": "T-Hotel",
        "tourism": "hotel",
        "phone": "+39 070 47400",
        "website": "https://www.thotel.it/"
      }
    },
    {
      "type": "Feature",
      "geometry": {
        "type": "Point",
        "coordinates": [
          8.3768352,
          39.0135805
        ]
      },
      "properties": {
        "id": 3701446,
        "osm_type": "relation",
        "name": "Hotel Mercury",
        "tourism": "hotel",
        "contact:phone": "+39 078 180 9031",
        "website": "https://www.mercuryboutiquehotel.it/"
      }
    },
    {
      "type": "Feature",
      "geometry": {
        "type": "Point",
        "coordinates": [
          8.4201554,
          40.8229312
        ]
      },
      "properties": {
        "id": 3713167,
        "osm_type": "relation",
        "tourism": "hotel"
      }
    },
    {
      "type": "Feature",
      "geometry": {
        "type": "Point",
        "coordinates": [
          8.8721931,
          39.6311724
        ]
      },
      "properties": {
        "id": 3913497,
        "osm_type": "relation",
        "name": "Hotel Funtana Noa",
        "tourism": "hotel",
        "contact:phone": "+39 070 9331020",
        "contact:website": "http://www.hotelfuntananoa.it"
      }
    },
    {
      "type": "Feature",
      "geometry": {
        "type": "Point",
        "coordinates": [
          8.8692046,
          38.8973437
        ]
      },
      "properties": {
        "id": 3941841,
        "osm_type": "relation",
        "name": "Conrad Chia Laguna Sardinia",
        "tourism": "hotel",
        "phone": "+39 070 9239 3000",
        "website": "https://www.hilton.com/en/hotels/olbclci-conrad-chia-laguna-sardinia/"
      }
    },
    {
      "type": "Feature",
      "geometry": {
        "type": "Point",
        "coordinates": [
          8.8130905,
          40.2677879
        ]
      },
      "properties": {
        "id": 3944583,
        "osm_type": "relation",
        "name": "Hotel ristorante Nuscadore",
        "tourism": "hotel"
      }
    },
    {
      "type": "Feature",
      "geometry": {
        "type": "Point",
        "coordinates": [
          9.4992726,
          39.9370768
        ]
      },
      "properties": {
        "id": 3964318,
        "osm_type": "relation",
        "name": "Hotel Orlando",
        "tourism": "hotel",
        "contact:phone": "+39 078232823",
        "contact:website": "http://www.hotelorlandoresort.com"
      }
    },
    {
      "type": "Feature",
      "geometry": {
        "type": "Point",
        "coordinates": [
          9.7190244,
          40.3718864
        ]
      },
      "properties": {
        "id": 4076396,
        "osm_type": "relation",
        "name": "CLUB HOTEL MARINA BEACH",
        "tourism": "hotel",
        "website": "https://www.marinabeach.it"
      }
    },
    {
      "type": "Feature",
      "geometry": {
        "type": "Point",
        "coordinates": [
          8.7705428,
          40.1146985
        ]
      },
      "properties": {
        "id": 4494268,
        "osm_type": "relation",
        "name": "Su Baione",
        "tourism": "hotel",
        "website": "https://www.subaione.it/"
      }
    },
    {
      "type": "Feature",
      "geometry": {
        "type": "Point",
        "coordinates": [
          9.4274732,
          41.2592423
        ]
      },
      "properties": {
        "id": 7166919,
        "osm_type": "relation",
        "name": "Hotel Cala Lunga",
        "tourism": "hotel"
      }
    },
    {
      "type": "Feature",
      "geometry": {
        "type": "Point",
        "coordinates": [
          8.4745785,
          40.0587502
        ]
      },
      "properties": {
        "id": 7688852,
        "osm_type": "relation",
        "name": "Is Arenas Resort - Nature & Charme",
        "tourism": "hotel",
        "contact:phone": "+39 0783 5290103",
        "contact:website": "http://www.golfhotelisarenas.com/"
      }
    },
    {
      "type": "Feature",
      "geometry": {
        "type": "Point",
        "coordinates": [
          9.7433882,
          40.6169785
        ]
      },
      "properties": {
        "id": 12942422,
        "osm_type": "relation",
        "name": "Fior di Sardegna",
        "tourism": "hotel"
      }
    },
    {
      "type": "Feature",
      "geometry": {
        "type": "Point",
        "coordinates": [
          8.8862252,
          40.9396272
        ]
      },
      "properties": {
        "id": 14525801,
        "osm_type": "relation",
        "name": "Agriturismo Lu Nibaru",
        "tourism": "guest_house"
      }
    },
    {
      "type": "Feature",
      "geometry": {
        "type": "Point",
        "coordinates": [
          9.7376393,
          40.6918761
        ]
      },
      "properties": {
        "id": 14637862,
        "osm_type": "relation",
        "name": "Baia dei Mori Beachclub",
        "tourism": "hotel"
      }
    },
    {
      "type": "Feature",
      "geometry": {
        "type": "Point",
        "coordinates": [
          8.9529096,
          40.6106888
        ]
      },
      "properties": {
        "id": 15310716,
        "osm_type": "relation",
        "name": "Terradoro",
        "tourism": "hotel",
        "phone": "+39 079 758904",
        "website": "https://www.ristoranteterradoro.com/"
      }
    },
    {
      "type": "Feature",
      "geometry": {
        "type": "Point",
        "coordinates": [
          8.2547337,
          40.5842925
        ]
      },
      "properties": {
        "id": 18666669,
        "osm_type": "relation",
        "name": "Hotel dei Pini",
        "tourism": "hotel",
        "phone": "+39 079 930 157",
        "website": "https://www.hoteldeipini.it"
      }
    },
    {
      "type": "Feature",
      "geometry": {
        "type": "Point",
        "coordinates": [
          8.2564124,
          40.5905307
        ]
      },
      "properties": {
        "id": 18675251,
        "osm_type": "relation",
        "name": "Park Paradise",
        "tourism": "caravan_site"
      }
    }
  ]
}