{
  "type": "FeatureCollection",
  "features": [
    {
      "type": "Feature",
      "geometry": {
        "type": "Point",
        "coordinates": [
          10.403621,
          63.4341701
        ]
      },
      "properties": {
        "id": 156719769,
        "osm_type": "node",
        "name": "Home Hotel Grand Olav",
        "tourism": "hotel",
        "check_date": "2026-01-18"
      }
    },
    {
      "type": "Feature",
      "geometry": {
        "type": "Point",
        "coordinates": [
          10.3969041,
          63.4341994
        ]
      },
      "properties": {
        "id": 156719783,
        "osm_type": "node",
        "name": "Astoria",
        "tourism": "hotel"
      }
    },
    {
      "type": "Feature",
      "geometry": {
        "type": "Point",
        "coordinates": [
          10.3929292,
          63.4303457
        ]
      },
      "properties": {
        "id": 156719791,
        "osm_type": "node",
        "name": "Thon Hotel Trondheim",
        "tourism": "hotel"
      }
    },
    {
      "type": "Feature",
      "geometry": {
        "type": "Point",
        "coordinates": [
          10.3911954,
          63.4308664
        ]
      },
      "properties": {
        "id": 156719797,
        "osm_type": "node",
        "name": "Quality Hotel Prinsen",
        "tourism": "hotel",
        "phone": "+47 73 80 70 00",
        "website": "https://www.nordicchoicehotels.no/hotell/norge/trondheim/quality-hotel-prinsen",
        "check_date": "2024-10-09"
      }
    },
    {
      "type": "Feature",
      "geometry": {
        "type": "Point",
        "coordinates": [
          10.1899053,
          62.9489631
        ]
      },
      "properties": {
        "id": 249229584,
        "osm_type": "node",
        "name": "Soknatun",
        "tourism": "hotel"
      }
    },
    {
      "type": "Feature",
      "geometry": {
        "type": "Point",
        "coordinates": [
          11.3790632,
          62.5793191
        ]
      },
      "properties": {
        "id": 249655039,
        "osm_type": "node",
        "name": "Røros hotell",
        "tourism": "hotel",
        "website": "https://roroshotell.no/"
      }
    },
    {
      "type": "Feature",
      "geometry": {
        "type": "Point",
        "coordinates": [
          10.2825933,
          63.2296189
        ]
      },
      "properties": {
        "id": 250144989,
        "osm_type": "node",
        "name": "Kvål gjesteheim",
        "tourism": "motel"
      }
    },
    {
      "type": "Feature",
      "geometry": {
        "type": "Point",
        "coordinates": [
          10.2888271,
          63.2638556
        ]
      },
      "properties": {
        "id": 250144991,
        "osm_type": "node",
        "name": "Melhus motell",
        "tourism": "motel"
      }
    },
    {
      "type": "Feature",
      "geometry": {
        "type": "Point",
        "coordinates": [
          10.0106049,
          62.8320572
        ]
      },
      "properties": {
        "id": 257430659,
        "osm_type": "node",
        "tourism": "motel"
      }
    },
    {
      "type": "Feature",
      "geometry": {
        "type": "Point",
        "coordinates": [
          11.4911972,
          64.0238269
        ]
      },
      "properties": {
        "id": 269986626,
        "osm_type": "node",
        "name": "Best Western Tingvold Park Hotel",
        "tourism": "hotel"
      }
    },
    {
      "type": "Feature",
      "geometry": {
        "type": "Point",
        "coordinates": [
          11.4964636,
          64.0135229
        ]
      },
      "properties": {
        "id": 269986627,
        "osm_type": "node",
        "name": "Quality Hotel Grand Steinkjer",
        "tourism": "hotel",
        "check_date": "2024-07-31"
      }
    },
    {
      "type": "Feature",
      "geometry": {
        "type": "Point",
        "coordinates": [
          8.305611,
          63.6679695
        ]
      },
      "properties": {
        "id": 270588626,
        "osm_type": "node",
        "name": "Titran fiskerheim",
        "tourism": "hotel"
      }
    },
    {
      "type": "Feature",
      "geometry": {
        "type": "Point",
        "coordinates": [
          12.8432091,
          64.7421733
        ]
      },
      "properties": {
        "id": 283602421,
        "osm_type": "node",
        "name": "Namsskogan hotell",
        "tourism": "motel"
      }
    },
    {
      "type": "Feature",
      "geometry": {
        "type": "Point",
        "coordinates": [
          12.1019098,
          62.97854
        ]
      },
      "properties": {
        "id": 290551735,
        "osm_type": "node",
        "name": "Nedalshytta",
        "tourism": "alpine_hut",
        "website": "https://ut.no/hytte/nedalshytta"
      }
    },
    {
      "type": "Feature",
      "geometry": {
        "type": "Point",
        "coordinates": [
          11.2982269,
          63.7465077
        ]
      },
      "properties": {
        "id": 307954959,
        "osm_type": "node",
        "name": "Thon Hotel Backlund",
        "tourism": "hotel"
      }
    },
    {
      "type": "Feature",
      "geometry": {
        "type": "Point",
        "coordinates": [
          10.9125565,
          63.449092
        ]
      },
      "properties": {
        "id": 313979700,
        "osm_type": "node",
        "name": "Scandic Hell",
        "tourism": "hotel"
      }
    },
    {
      "type": "Feature",
      "geometry": {
        "type": "Point",
        "coordinates": [
          9.8265847,
          63.2719336
        ]
      },
      "properties": {
        "id": 325227121,
        "osm_type": "node",
        "name": "Aunemo Gård Overnatting",
        "tourism": "hotel"
      }
    },
    {
      "type": "Feature",
      "geometry": {
        "type": "Point",
        "coordinates": [
          9.8147617,
          63.2657111
        ]
      },
      "properties": {
        "id": 325229596,
        "osm_type": "node",
        "name": "Fannarheimr",
        "tourism": "hotel"
      }
    },
    {
      "type": "Feature",
      "geometry": {
        "type": "Point",
        "coordinates": [
          10.395648,
          63.432076
        ]
      },
      "properties": {
        "id": 386579894,
        "osm_type": "node",
        "name": "City Living Schøller hotel",
        "tourism": "hotel",
        "phone": "+47 73 87 08 00",
        "website": "https://www.cityliving.no/no/vare-hoteller/city-living-scholler-hotel-trondheim"
      }
    },
    {
      "type": "Feature",
      "geometry": {
        "type": "Point",
        "coordinates": [
          11.6973023,
          65.0809093
        ]
      },
      "properties": {
        "id": 450253651,
        "osm_type": "node",
        "name": "Leka camping",
        "tourism": "caravan_site"
      }
    },
    {
      "type": "Feature",
      "geometry": {
        "type": "Point",
        "coordinates": [
          13.7204348,
          64.4463075
        ]
      },
      "properties": {
        "id": 458970568,
        "osm_type": "node",
        "name": "Lierne gjestegård",
        "tourism": "caravan_site"
      }
    },
    {
      "type": "Feature",
      "geometry": {
        "type": "Point",
        "coordinates": [
          13.7172242,
          64.4456732
        ]
      },
      "properties": {
        "id": 458970571,
        "osm_type": "node",
        "name": "Lierne gjestegård",
        "tourism": "guest_house"
      }
    },
    {
      "type": "Feature",
      "geometry": {
        "type": "Point",
        "coordinates": [
          9.5950608,
          62.3064569
        ]
      },
      "properties": {
        "id": 468404576,
        "osm_type": "node",
        "tourism": "camp_site"
      }
    },
    {
      "type": "Feature",
      "geometry": {
        "type": "Point",
        "coordinates": [
          11.6975876,
          65.0809743
        ]
      },
      "properties": {
        "id": 479923366,
        "osm_type": "node",
        "name": "Leka Motel & Camping",
        "tourism": "hotel",
        "check_date": "2024-06-01"
      }
    },
    {
      "type": "Feature",
      "geometry": {
        "type": "Point",
        "coordinates": [
          11.4847213,
          63.792634
        ]
      },
      "properties": {
        "id": 498349255,
        "osm_type": "node",
        "name": "Verdal Hotell",
        "tourism": "hotel"
      }
    },
    {
      "type": "Feature",
      "geometry": {
        "type": "Point",
        "coordinates": [
          9.6668686,
          63.6858063
        ]
      },
      "properties": {
        "id": 573238062,
        "osm_type": "node",
        "name": "Ørland Kysthotell",
        "tourism": "hotel"
      }
    },
    {
      "type": "Feature",
      "geometry": {
        "type": "Point",
        "coordinates": [
          8.6668435,
          63.8686324
        ]
      },
      "properties": {
        "id": 640507017,
        "osm_type": "node",
        "name": "Sjøblomsten",
        "tourism": "guest_house"
      }
    },
    {
      "type": "Feature",
      "geometry": {
        "type": "Point",
        "coordinates": [
          10.9200299,
          63.4679138
        ]
      },
      "properties": {
        "id": 717464468,
        "osm_type": "node",
        "name": "Quality Hotel Airport Vaernes",
        "tourism": "hotel",
        "website": "https://www.choicehotels.com/en-uk/norway/stjordal/quality-inn-hotels/no002"
      }
    },
    {
      "type": "Feature",
      "geometry": {
        "type": "Point",
        "coordinates": [
          9.4199884,
          62.6985008
        ]
      },
      "properties": {
        "id": 743293990,
        "osm_type": "node",
        "name": "Gjevilvasshytta",
        "tourism": "alpine_hut",
        "website": "https://ut.no/hytte/10966/gjevilvasshytta"
      }
    },
    {
      "type": "Feature",
      "geometry": {
        "type": "Point",
        "coordinates": [
          12.3296678,
          64.3585222
        ]
      },
      "properties": {
        "id": 752774437,
        "osm_type": "node",
        "name": "Heia Gjestegård",
        "tourism": "hotel"
      }
    },
    {
      "type": "Feature",
      "geometry": {
        "type": "Point",
        "coordinates": [
          11.0379997,
          63.4994893
        ]
      },
      "properties": {
        "id": 771820383,
        "osm_type": "node",
        "name": "Husåsen",
        "tourism": "chalet"
      }
    },
    {
      "type": "Feature",
      "geometry": {
        "type": "Point",
        "coordinates": [
          11.257235,
          63.865066
        ]
      },
      "properties": {
        "id": 795055656,
        "osm_type": "node",
        "name": "Jektvolden Fjordhotell",
        "tourism": "hotel",
        "phone": "+47 74124700",
        "website": "https://www.jegtvolden.no/"
      }
    },
    {
      "type": "Feature",
      "geometry": {
        "type": "Point",
        "coordinates": [
          11.9830939,
          63.1116525
        ]
      },
      "properties": {
        "id": 831341172,
        "osm_type": "node",
        "name": "Storerikvollen",
        "tourism": "alpine_hut",
        "website": "https://ut.no/hytte/storerikvollen"
      }
    },
    {
      "type": "Feature",
      "geometry": {
        "type": "Point",
        "coordinates": [
          9.6056457,
          62.3033052
        ]
      },
      "properties": {
        "id": 833725123,
        "osm_type": "node",
        "name": "Kongsvold Fjeldstue",
        "tourism": "alpine_hut",
        "website": "https://ut.no/hytte/10792/kongsvold-fjeldstue-by-frichs-hotel-spiseri;https://frich.no/"
      }
    },
    {
      "type": "Feature",
      "geometry": {
        "type": "Point",
        "coordinates": [
          9.7048418,
          62.8275878
        ]
      },
      "properties": {
        "id": 942875600,
        "osm_type": "node",
        "name": "Granasjøen",
        "tourism": "camp_site"
      }
    },
    {
      "type": "Feature",
      "geometry": {
        "type": "Point",
        "coordinates": [
          9.7030782,
          62.8267127
        ]
      },
      "properties": {
        "id": 942875719,
        "osm_type": "node",
        "name": "Granasjøen",
        "tourism": "caravan_site"
      }
    },
    {
      "type": "Feature",
      "geometry": {
        "type": "Point",
        "coordinates": [
          9.8820969,
          62.6569793
        ]
      },
      "properties": {
        "id": 944588936,
        "osm_type": "node",
        "name": "Oppdalsporten",
        "tourism": "motel"
      }
    },
    {
      "type": "Feature",
      "geometry": {
        "type": "Point",
        "coordinates": [
          10.6241606,
          63.5839091
        ]
      },
      "properties": {
        "id": 950525031,
        "osm_type": "node",
        "name": "Klostergården",
        "tourism": "hotel"
      }
    },
    {
      "type": "Feature",
      "geometry": {
        "type": "Point",
        "coordinates": [
          10.3999152,
          63.434361
        ]
      },
      "properties": {
        "id": 956343591,
        "osm_type": "node",
        "name": "Chesterfield Hotel",
        "tourism": "hotel",
        "check_date": "2024-09-11"
      }
    },
    {
      "type": "Feature",
      "geometry": {
        "type": "Point",
        "coordinates": [
          10.396893,
          63.4337708
        ]
      },
      "properties": {
        "id": 956343622,
        "osm_type": "node",
        "name": "City Living Sentrum Hotel & Apartments",
        "tourism": "hotel"
      }
    },
    {
      "type": "Feature",
      "geometry": {
        "type": "Point",
        "coordinates": [
          11.5065181,
          63.2119247
        ]
      },
      "properties": {
        "id": 1283355952,
        "osm_type": "node",
        "name": "Schulzhytta",
        "tourism": "alpine_hut",
        "website": "https://ut.no/hytte/schulzhytta"
      }
    },
    {
      "type": "Feature",
      "geometry": {
        "type": "Point",
        "coordinates": [
          11.3816936,
          63.5699688
        ]
      },
      "properties": {
        "id": 1288237166,
        "osm_type": "node",
        "name": "Grønningen skihytte",
        "tourism": "chalet"
      }
    },
    {
      "type": "Feature",
      "geometry": {
        "type": "Point",
        "coordinates": [
          11.2743532,
          62.9559768
        ]
      },
      "properties": {
        "id": 1288244559,
        "osm_type": "node",
        "name": "Nordpå Fjellhotell",
        "tourism": "alpine_hut"
      }
    },
    {
      "type": "Feature",
      "geometry": {
        "type": "Point",
        "coordinates": [
          9.1964628,
          63.0492286
        ]
      },
      "properties": {
        "id": 1355280306,
        "osm_type": "node",
        "name": "Saga Trollheimen Hotel",
        "tourism": "hotel",
        "website": "http://www.sagaskysstasjon.no/"
      }
    },
    {
      "type": "Feature",
      "geometry": {
        "type": "Point",
        "coordinates": [
          12.0319791,
          62.6405896
        ]
      },
      "properties": {
        "id": 1355280311,
        "osm_type": "node",
        "name": "Vauldalen fjellhotell",
        "tourism": "hotel",
        "website": "https://vauldalen.no"
      }
    },
    {
      "type": "Feature",
      "geometry": {
        "type": "Point",
        "coordinates": [
          11.893165,
          62.9087256
        ]
      },
      "properties": {
        "id": 1355280313,
        "osm_type": "node",
        "name": "Væktarstua hotell",
        "tourism": "hotel",
        "website": "http://www.vaektarstua.no/"
      }
    },
    {
      "type": "Feature",
      "geometry": {
        "type": "Point",
        "coordinates": [
          11.8518147,
          62.4343496
        ]
      },
      "properties": {
        "id": 1356230242,
        "osm_type": "node",
        "name": "Langen Gjestegård",
        "tourism": "guest_house",
        "website": "http://www.langen-gjestegaard.com/"
      }
    },
    {
      "type": "Feature",
      "geometry": {
        "type": "Point",
        "coordinates": [
          11.9840143,
          62.4946057
        ]
      },
      "properties": {
        "id": 1356402166,
        "osm_type": "node",
        "name": "Ljøsnåvollen",
        "tourism": "alpine_hut",
        "website": "https://ut.no/hytte/ljoesnaavollen"
      }
    },
    {
      "type": "Feature",
      "geometry": {
        "type": "Point",
        "coordinates": [
          13.5516185,
          64.9665683
        ]
      },
      "properties": {
        "id": 1356457662,
        "osm_type": "node",
        "name": "Bustadmo",
        "tourism": "chalet",
        "website": "https://ut.no/hytte/bustadmo"
      }
    },
    {
      "type": "Feature",
      "geometry": {
        "type": "Point",
        "coordinates": [
          12.6820562,
          64.0173826
        ]
      },
      "properties": {
        "id": 1356457856,
        "osm_type": "node",
        "name": "Gaundalen Fjellgård",
        "tourism": "alpine_hut",
        "website": "https://ut.no/hytte/gaundalen-fjellgaard"
      }
    },
    {
      "type": "Feature",
      "geometry": {
        "type": "Point",
        "coordinates": [
          13.0849627,
          64.1045855
        ]
      },
      "properties": {
        "id": 1356457870,
        "osm_type": "node",
        "name": "Gjefsjøen Fjellgård",
        "tourism": "alpine_hut",
        "website": "https://ut.no/hytte/gjevsjoeen-fjellgaard"
      }
    },
    {
      "type": "Feature",
      "geometry": {
        "type": "Point",
        "coordinates": [
          13.0094442,
          64.3026211
        ]
      },
      "properties": {
        "id": 1356457905,
        "osm_type": "node",
        "name": "Gressåmoen",
        "tourism": "chalet",
        "website": "https://www.facebook.com/pages/Gress%C3%A5moen-Fjellg%C3%A5rd/148740955160377"
      }
    },
    {
      "type": "Feature",
      "geometry": {
        "type": "Point",
        "coordinates": [
          9.101593,
          63.137847
        ]
      },
      "properties": {
        "id": 1356458341,
        "osm_type": "node",
        "name": "Kårøyan",
        "tourism": "alpine_hut",
        "website": "https://ut.no/hytte/kaaroeyan"
      }
    },
    {
      "type": "Feature",
      "geometry": {
        "type": "Point",
        "coordinates": [
          11.6710191,
          63.3504921
        ]
      },
      "properties": {
        "id": 1356458528,
        "osm_type": "node",
        "name": "Mannseterbakken",
        "tourism": "chalet",
        "website": "https://merakerbrug.no/utleiehytter/kurssted-mannseterbakken/"
      }
    },
    {
      "type": "Feature",
      "geometry": {
        "type": "Point",
        "coordinates": [
          13.1097824,
          64.6388259
        ]
      },
      "properties": {
        "id": 1356458907,
        "osm_type": "node",
        "name": "Skorovas turisthytte",
        "tourism": "alpine_hut",
        "website": "https://ut.no/hytte/101143/skorovashtta"
      }
    },
    {
      "type": "Feature",
      "geometry": {
        "type": "Point",
        "coordinates": [
          11.3840537,
          62.5743016
        ]
      },
      "properties": {
        "id": 1357773711,
        "osm_type": "node",
        "name": "Bergstadens Hotel",
        "tourism": "hotel",
        "check_date": "2025-07-19"
      }
    },
    {
      "type": "Feature",
      "geometry": {
        "type": "Point",
        "coordinates": [
          10.779216,
          63.4920869
        ]
      },
      "properties": {
        "id": 1482309414,
        "osm_type": "node",
        "name": "Vinge",
        "tourism": "caravan_site"
      }
    },
    {
      "type": "Feature",
      "geometry": {
        "type": "Point",
        "coordinates": [
          8.4649324,
          63.8459619
        ]
      },
      "properties": {
        "id": 1651751968,
        "osm_type": "node",
        "name": "Sula Rorbuer",
        "tourism": "apartment"
      }
    },
    {
      "type": "Feature",
      "geometry": {
        "type": "Point",
        "coordinates": [
          10.4065282,
          63.4321506
        ]
      },
      "properties": {
        "id": 1667274373,
        "osm_type": "node",
        "name": "Scandic Bakklandet",
        "tourism": "hotel",
        "check_date": "2024-10-09"
      }
    },
    {
      "type": "Feature",
      "geometry": {
        "type": "Point",
        "coordinates": [
          10.1887119,
          63.6425391
        ]
      },
      "properties": {
        "id": 1709220188,
        "osm_type": "node",
        "tourism": "caravan_site"
      }
    },
    {
      "type": "Feature",
      "geometry": {
        "type": "Point",
        "coordinates": [
          9.1706961,
          63.0506711
        ]
      },
      "properties": {
        "id": 1768629762,
        "osm_type": "node",
        "name": "Bolme pensjonat",
        "tourism": "guest_house"
      }
    },
    {
      "type": "Feature",
      "geometry": {
        "type": "Point",
        "coordinates": [
          10.392571,
          63.430803
        ]
      },
      "properties": {
        "id": 1769499181,
        "osm_type": "node",
        "name": "Quality Hotel Augustin",
        "tourism": "hotel",
        "contact:phone": "+47 73 54 70 00",
        "website": "https://www.nordicchoicehotels.com/quality/quality-hotel-augustin/",
        "check_date": "2024-10-09"
      }
    },
    {
      "type": "Feature",
      "geometry": {
        "type": "Point",
        "coordinates": [
          12.3044223,
          64.6285607
        ]
      },
      "properties": {
        "id": 1881197508,
        "osm_type": "node",
        "name": "Høylandet skysstasjon",
        "tourism": "guest_house",
        "website": "https://www.hoylandet.kommune.no/tjenester/sommer-pa-hoylandet/overnatting/hoylandet-skysstasjon.7661.aspx"
      }
    },
    {
      "type": "Feature",
      "geometry": {
        "type": "Point",
        "coordinates": [
          11.2782466,
          63.7398888
        ]
      },
      "properties": {
        "id": 1902791511,
        "osm_type": "node",
        "name": "Levanger Camping & Fritidspark Moan AS",
        "tourism": "caravan_site"
      }
    },
    {
      "type": "Feature",
      "geometry": {
        "type": "Point",
        "coordinates": [
          11.4877286,
          64.4683935
        ]
      },
      "properties": {
        "id": 2005554910,
        "osm_type": "node",
        "name": "Scandic Rock City",
        "tourism": "hotel",
        "website": "https://www.scandichotels.com/no/hotell/scandic-rock-city"
      }
    },
    {
      "type": "Feature",
      "geometry": {
        "type": "Point",
        "coordinates": [
          10.4329507,
          63.4403475
        ]
      },
      "properties": {
        "id": 2276076662,
        "osm_type": "node",
        "name": "Trondheim Leilighetshotell",
        "tourism": "apartment",
        "opening_hours": "24/7"
      }
    },
    {
      "type": "Feature",
      "geometry": {
        "type": "Point",
        "coordinates": [
          10.4792229,
          63.3844842
        ]
      },
      "properties": {
        "id": 2315990983,
        "osm_type": "node",
        "name": "Bålplassen",
        "tourism": "camp_site"
      }
    },
    {
      "type": "Feature",
      "geometry": {
        "type": "Point",
        "coordinates": [
          10.5188354,
          63.409369
        ]
      },
      "properties": {
        "id": 2335229720,
        "osm_type": "node",
        "name": "Steinalderplassen",
        "tourism": "camp_site"
      }
    },
    {
      "type": "Feature",
      "geometry": {
        "type": "Point",
        "coordinates": [
          10.5211294,
          63.4113037
        ]
      },
      "properties": {
        "id": 2335229721,
        "osm_type": "node",
        "tourism": "camp_site"
      }
    },
    {
      "type": "Feature",
      "geometry": {
        "type": "Point",
        "coordinates": [
          10.4864135,
          63.3919572
        ]
      },
      "properties": {
        "id": 2336143089,
        "osm_type": "node",
        "name": "Estenstaddammen",
        "tourism": "camp_site"
      }
    },
    {
      "type": "Feature",
      "geometry": {
        "type": "Point",
        "coordinates": [
          10.4486303,
          63.3977351
        ]
      },
      "properties": {
        "id": 2336339726,
        "osm_type": "node",
        "tourism": "camp_site"
      }
    },
    {
      "type": "Feature",
      "geometry": {
        "type": "Point",
        "coordinates": [
          12.3126167,
          64.4596947
        ]
      },
      "properties": {
        "id": 2383270128,
        "osm_type": "node",
        "tourism": "chalet"
      }
    },
    {
      "type": "Feature",
      "geometry": {
        "type": "Point",
        "coordinates": [
          12.3126095,
          64.4598608
        ]
      },
      "properties": {
        "id": 2383270140,
        "osm_type": "node",
        "tourism": "chalet"
      }
    },
    {
      "type": "Feature",
      "geometry": {
        "type": "Point",
        "coordinates": [
          12.3125698,
          64.460068
        ]
      },
      "properties": {
        "id": 2383270177,
        "osm_type": "node",
        "tourism": "chalet"
      }
    },
    {
      "type": "Feature",
      "geometry": {
        "type": "Point",
        "coordinates": [
          12.3123854,
          64.4601475
        ]
      },
      "properties": {
        "id": 2383270182,
        "osm_type": "node",
        "tourism": "chalet"
      }
    },
    {
      "type": "Feature",
      "geometry": {
        "type": "Point",
        "coordinates": [
          12.3128761,
          64.460205
        ]
      },
      "properties": {
        "id": 2383270187,
        "osm_type": "node",
        "tourism": "chalet"
      }
    },
    {
      "type": "Feature",
      "geometry": {
        "type": "Point",
        "coordinates": [
          12.3122209,
          64.4602264
        ]
      },
      "properties": {
        "id": 2383270189,
        "osm_type": "node",
        "tourism": "chalet"
      }
    },
    {
      "type": "Feature",
      "geometry": {
        "type": "Point",
        "coordinates": [
          12.312696,
          64.460271
        ]
      },
      "properties": {
        "id": 2383270195,
        "osm_type": "node",
        "tourism": "chalet"
      }
    },
    {
      "type": "Feature",
      "geometry": {
        "type": "Point",
        "coordinates": [
          12.3125116,
          64.460345
        ]
      },
      "properties": {
        "id": 2383270200,
        "osm_type": "node",
        "tourism": "chalet"
      }
    },
    {
      "type": "Feature",
      "geometry": {
        "type": "Point",
        "coordinates": [
          10.9473449,
          63.3371905
        ]
      },
      "properties": {
        "id": 2713689086,
        "osm_type": "node",
        "name": "Røssvollen",
        "tourism": "camp_site"
      }
    },
    {
      "type": "Feature",
      "geometry": {
        "type": "Point",
        "coordinates": [
          11.027715,
          63.328574
        ]
      },
      "properties": {
        "id": 2713689087,
        "osm_type": "node",
        "name": "Selbukåten",
        "tourism": "chalet",
        "website": "http://org.ntnu.no/koiene/koiene/koiene.php?k=selbukaaten"
      }
    },
    {
      "type": "Feature",
      "geometry": {
        "type": "Point",
        "coordinates": [
          10.7520218,
          63.3149151
        ]
      },
      "properties": {
        "id": 2714106857,
        "osm_type": "node",
        "name": "Heinfjordstua",
        "tourism": "camp_site"
      }
    },
    {
      "type": "Feature",
      "geometry": {
        "type": "Point",
        "coordinates": [
          10.295516,
          63.5681347
        ]
      },
      "properties": {
        "id": 2714124301,
        "osm_type": "node",
        "name": "Fosenkoia",
        "tourism": "camp_site"
      }
    },
    {
      "type": "Feature",
      "geometry": {
        "type": "Point",
        "coordinates": [
          9.443468,
          63.123743
        ]
      },
      "properties": {
        "id": 2714141787,
        "osm_type": "node",
        "name": "Kåsen",
        "tourism": "camp_site"
      }
    },
    {
      "type": "Feature",
      "geometry": {
        "type": "Point",
        "coordinates": [
          9.1973417,
          63.0201808
        ]
      },
      "properties": {
        "id": 2714141795,
        "osm_type": "node",
        "name": "Rindalsløa",
        "tourism": "camp_site"
      }
    },
    {
      "type": "Feature",
      "geometry": {
        "type": "Point",
        "coordinates": [
          9.1159745,
          63.1470414
        ]
      },
      "properties": {
        "id": 2714141800,
        "osm_type": "node",
        "name": "Stakkslettbua",
        "tourism": "camp_site"
      }
    },
    {
      "type": "Feature",
      "geometry": {
        "type": "Point",
        "coordinates": [
          11.5345168,
          63.1088083
        ]
      },
      "properties": {
        "id": 2714156594,
        "osm_type": "node",
        "name": "Hognabu",
        "tourism": "camp_site"
      }
    },
    {
      "type": "Feature",
      "geometry": {
        "type": "Point",
        "coordinates": [
          10.399777,
          63.433968
        ]
      },
      "properties": {
        "id": 2957446755,
        "osm_type": "node",
        "name": "Thon Hotel Nidaros",
        "tourism": "hotel"
      }
    },
    {
      "type": "Feature",
      "geometry": {
        "type": "Point",
        "coordinates": [
          11.270105,
          64.874861
        ]
      },
      "properties": {
        "id": 3101011009,
        "osm_type": "node",
        "name": "Nergård Brygge",
        "tourism": "guest_house"
      }
    },
    {
      "type": "Feature",
      "geometry": {
        "type": "Point",
        "coordinates": [
          11.605863,
          64.865088
        ]
      },
      "properties": {
        "id": 3119992833,
        "osm_type": "node",
        "name": "Bakkalandet hotell",
        "tourism": "hotel",
        "opening_hours": "Mo-Su 15:00-21:00"
      }
    },
    {
      "type": "Feature",
      "geometry": {
        "type": "Point",
        "coordinates": [
          11.293595,
          63.86779
        ]
      },
      "properties": {
        "id": 3123999769,
        "osm_type": "node",
        "name": "Strømnes",
        "tourism": "guest_house",
        "website": "http://www.stromnes-inderoy.no/"
      }
    },
    {
      "type": "Feature",
      "geometry": {
        "type": "Point",
        "coordinates": [
          10.4440449,
          63.3927033
        ]
      },
      "properties": {
        "id": 3366878518,
        "osm_type": "node",
        "name": "Øvre Kongleplassen",
        "tourism": "camp_site"
      }
    },
    {
      "type": "Feature",
      "geometry": {
        "type": "Point",
        "coordinates": [
          10.4461719,
          63.3920058
        ]
      },
      "properties": {
        "id": 3367764250,
        "osm_type": "node",
        "tourism": "camp_site"
      }
    },
    {
      "type": "Feature",
      "geometry": {
        "type": "Point",
        "coordinates": [
          11.3884372,
          62.5780346
        ]
      },
      "properties": {
        "id": 3383372166,
        "osm_type": "node",
        "name": "Erzscheidergården hotell",
        "tourism": "hotel"
      }
    },
    {
      "type": "Feature",
      "geometry": {
        "type": "Point",
        "coordinates": [
          9.6876402,
          62.5924936
        ]
      },
      "properties": {
        "id": 3388322556,
        "osm_type": "node",
        "name": "Oppdal Gjestetun",
        "tourism": "hotel"
      }
    },
    {
      "type": "Feature",
      "geometry": {
        "type": "Point",
        "coordinates": [
          12.2927138,
          64.4666227
        ]
      },
      "properties": {
        "id": 3484790447,
        "osm_type": "node",
        "name": "Grong Gård",
        "tourism": "hotel"
      }
    },
    {
      "type": "Feature",
      "geometry": {
        "type": "Point",
        "coordinates": [
          12.3144425,
          64.4651809
        ]
      },
      "properties": {
        "id": 3484790451,
        "osm_type": "node",
        "name": "Grong Vertshus",
        "tourism": "hotel"
      }
    },
    {
      "type": "Feature",
      "geometry": {
        "type": "Point",
        "coordinates": [
          11.3606064,
          63.3303117
        ]
      },
      "properties": {
        "id": 3585413123,
        "osm_type": "node",
        "name": "Vindlibua",
        "tourism": "chalet"
      }
    },
    {
      "type": "Feature",
      "geometry": {
        "type": "Point",
        "coordinates": [
          10.420993,
          63.983296
        ]
      },
      "properties": {
        "id": 3663314249,
        "osm_type": "node",
        "name": "Bakkan gård",
        "tourism": "camp_site",
        "phone": "+47 72 53 58 32;+47 91 37 02 85",
        "website": "http://www.bakkan.com"
      }
    },
    {
      "type": "Feature",
      "geometry": {
        "type": "Point",
        "coordinates": [
          9.470135,
          62.612952
        ]
      },
      "properties": {
        "id": 3663314313,
        "osm_type": "node",
        "name": "Breesgård Camping",
        "tourism": "camp_site",
        "phone": "+47 91 52 20 55",
        "website": "https://www.breesgard.no"
      }
    },
    {
      "type": "Feature",
      "geometry": {
        "type": "Point",
        "coordinates": [
          9.739462,
          63.626427
        ]
      },
      "properties": {
        "id": 3663314316,
        "osm_type": "node",
        "name": "Breivika Camping",
        "tourism": "camp_site",
        "phone": "+47 72 49 13 02",
        "website": "http://www.breivikacamping.com"
      }
    },
    {
      "type": "Feature",
      "geometry": {
        "type": "Point",
        "coordinates": [
          8.813344,
          63.638565
        ]
      },
      "properties": {
        "id": 3663314564,
        "osm_type": "node",
        "name": "Dolmsundet Marina",
        "tourism": "chalet",
        "website": "https://dolmsundet-marina.no/"
      }
    },
    {
      "type": "Feature",
      "geometry": {
        "type": "Point",
        "coordinates": [
          11.014733,
          63.452005
        ]
      },
      "properties": {
        "id": 3663314599,
        "osm_type": "node",
        "name": "Ertsgaard Camping",
        "tourism": "camp_site",
        "phone": "+47 90 97 98 14",
        "website": "https://www.facebook.com/ertsgaardcamping/"
      }
    },
    {
      "type": "Feature",
      "geometry": {
        "type": "Point",
        "coordinates": [
          11.678854,
          63.442552
        ]
      },
      "properties": {
        "id": 3663314607,
        "osm_type": "node",
        "name": "Fagerlia Camping",
        "tourism": "camp_site",
        "phone": "+47 74 81 29 90;+47 93 00 00 87",
        "website": "http://www.fonnfjell.no"
      }
    },
    {
      "type": "Feature",
      "geometry": {
        "type": "Point",
        "coordinates": [
          10.8755493,
          64.9261097
        ]
      },
      "properties": {
        "id": 3663314941,
        "osm_type": "node",
        "name": "Fjukstad camping",
        "tourism": "camp_site",
        "phone": "+47 74 39 25 45",
        "website": "https://www.facebook.com/fjukstadcamping/"
      }
    },
    {
      "type": "Feature",
      "geometry": {
        "type": "Point",
        "coordinates": [
          11.338587,
          63.458461
        ]
      },
      "properties": {
        "id": 3663314949,
        "osm_type": "node",
        "name": "Flora Camping",
        "tourism": "camp_site",
        "tents": "yes",
        "phone": "+47 74 80 11 16",
        "website": "http://www.floracamping.no/"
      }
    },
    {
      "type": "Feature",
      "geometry": {
        "type": "Point",
        "coordinates": [
          12.330448,
          64.692938
        ]
      },
      "properties": {
        "id": 3663314952,
        "osm_type": "node",
        "name": "Flåt Camping",
        "tourism": "camp_site",
        "phone": "+47 99 59 86 05"
      }
    },
    {
      "type": "Feature",
      "geometry": {
        "type": "Point",
        "coordinates": [
          9.750265,
          63.087165
        ]
      },
      "properties": {
        "id": 3663314970,
        "osm_type": "node",
        "name": "Frilsjøen Camping",
        "tourism": "camp_site",
        "tents": "yes",
        "phone": "+47 91 13 01 28",
        "website": "https://frilsjoen.no"
      }
    },
    {
      "type": "Feature",
      "geometry": {
        "type": "Point",
        "coordinates": [
          9.641944,
          63.283453
        ]
      },
      "properties": {
        "id": 3663314996,
        "osm_type": "node",
        "name": "Gangåsvatnet Camping",
        "tourism": "camp_site",
        "tents": "yes",
        "phone": "+47 90 56 42 84"
      }
    },
    {
      "type": "Feature",
      "geometry": {
        "type": "Point",
        "coordinates": [
          10.989968,
          63.888344
        ]
      },
      "properties": {
        "id": 3663315007,
        "osm_type": "node",
        "name": "Gipling Caravan & Fritid",
        "tourism": "camp_site",
        "phone": "+47 91 31 29 27;+47 99 24 70 05",
        "website": "http://www.giplingcaravan.no"
      }
    },
    {
      "type": "Feature",
      "geometry": {
        "type": "Point",
        "coordinates": [
          11.445588,
          63.059264
        ]
      },
      "properties": {
        "id": 3663315237,
        "osm_type": "node",
        "name": "Græslifoss Fiskecamp",
        "tourism": "camp_site",
        "phone": "+47 91 85 58 21",
        "website": "https://www.gresslifoss.no/"
      }
    },
    {
      "type": "Feature",
      "geometry": {
        "type": "Point",
        "coordinates": [
          11.610504,
          63.443608
        ]
      },
      "properties": {
        "id": 3663315240,
        "osm_type": "node",
        "name": "Gudå Camping & Kiosk",
        "tourism": "camp_site",
        "phone": "+47 62 81 65 16;+47 95 21 21 75",
        "website": "http://www.laksefiske-stjordalselva.no"
      }
    },
    {
      "type": "Feature",
      "geometry": {
        "type": "Point",
        "coordinates": [
          10.142936,
          62.917334
        ]
      },
      "properties": {
        "id": 3663315245,
        "osm_type": "node",
        "name": "Gullvåg Camping",
        "tourism": "camp_site",
        "phone": "+47 72 43 49 36",
        "website": "https://www.gullvagcamping.no/"
      }
    },
    {
      "type": "Feature",
      "geometry": {
        "type": "Point",
        "coordinates": [
          10.073904,
          62.866043
        ]
      },
      "properties": {
        "id": 3663315258,
        "osm_type": "node",
        "name": "Halland Camping",
        "tourism": "camp_site",
        "phone": "+47 90 53 91 21",
        "website": "https://www.hallandcamping.no/"
      }
    },
    {
      "type": "Feature",
      "geometry": {
        "type": "Point",
        "coordinates": [
          9.749581,
          62.613182
        ]
      },
      "properties": {
        "id": 3663315261,
        "osm_type": "node",
        "name": "Halsetløkka Oppdal Camping",
        "tourism": "camp_site",
        "phone": "+47 72 42 13 61",
        "website": "http://www.halsetløkka.no/"
      }
    },
    {
      "type": "Feature",
      "geometry": {
        "type": "Point",
        "coordinates": [
          9.606764,
          63.620005
        ]
      },
      "properties": {
        "id": 3663315290,
        "osm_type": "node",
        "name": "Hegg Camping",
        "tourism": "camp_site",
        "phone": "+47 90 76 88 31",
        "website": "http://www.wisbygg.no/hegg-camping-i-agdenes-kommune.html"
      }
    },
    {
      "type": "Feature",
      "geometry": {
        "type": "Point",
        "coordinates": [
          9.106366,
          63.524515
        ]
      },
      "properties": {
        "id": 3663315313,
        "osm_type": "node",
        "name": "Hitra Camping og Kro",
        "tourism": "camp_site",
        "phone": "+47 72 44 37 30",
        "website": "http://www.hitracamping.com"
      }
    },
    {
      "type": "Feature",
      "geometry": {
        "type": "Point",
        "coordinates": [
          10.691905,
          64.461129
        ]
      },
      "properties": {
        "id": 3663315323,
        "osm_type": "node",
        "name": "Holmen Kystcamping",
        "tourism": "camp_site",
        "phone": "+47 90 80 44 40"
      }
    },
    {
      "type": "Feature",
      "geometry": {
        "type": "Point",
        "coordinates": [
          11.20122,
          64.295016
        ]
      },
      "properties": {
        "id": 3663315327,
        "osm_type": "node",
        "name": "Holmset Camping og Hytter",
        "tourism": "camp_site",
        "tents": "yes",
        "phone": "+47 92 22 32 02",
        "website": "http://www.holmsetcamping.no"
      }
    },
    {
      "type": "Feature",
      "geometry": {
        "type": "Point",
        "coordinates": [
          10.30189,
          63.162788
        ]
      },
      "properties": {
        "id": 3663315387,
        "osm_type": "node",
        "name": "Kjelstad Camping",
        "tourism": "camp_site",
        "phone": "+47 72 85 46 27"
      }
    },
    {
      "type": "Feature",
      "geometry": {
        "type": "Point",
        "coordinates": [
          10.816399,
          63.583821
        ]
      },
      "properties": {
        "id": 3663315415,
        "osm_type": "node",
        "name": "Korsnes Camping",
        "tourism": "camp_site",
        "phone": "+47 95 91 47 13",
        "website": "http://www.korsnescamping.com"
      }
    },
    {
      "type": "Feature",
      "geometry": {
        "type": "Point",
        "coordinates": [
          10.6990448,
          64.4740466
        ]
      },
      "properties": {
        "id": 3663315526,
        "osm_type": "node",
        "name": "Flatanger Fjordcamp",
        "tourism": "apartment"
      }
    },
    {
      "type": "Feature",
      "geometry": {
        "type": "Point",
        "coordinates": [
          11.5863191,
          64.8256089
        ]
      },
      "properties": {
        "id": 3663315537,
        "osm_type": "node",
        "name": "Kvisterø Fjordcamping",
        "tourism": "camp_site",
        "tents": "yes",
        "phone": "+47 74 39 77 99",
        "website": "https://www.kvisteroe.dk/"
      }
    },
    {
      "type": "Feature",
      "geometry": {
        "type": "Point",
        "coordinates": [
          10.362474,
          63.981828
        ]
      },
      "properties": {
        "id": 3663315555,
        "osm_type": "node",
        "name": "Langnesodden Camping",
        "tourism": "camp_site",
        "phone": "+47 48 48 65 17",
        "website": "https://www.langnesodden.no/"
      }
    },
    {
      "type": "Feature",
      "geometry": {
        "type": "Point",
        "coordinates": [
          10.940795,
          63.69297
        ]
      },
      "properties": {
        "id": 3663315562,
        "osm_type": "node",
        "name": "Kristivik Camping",
        "tourism": "camp_site"
      }
    },
    {
      "type": "Feature",
      "geometry": {
        "type": "Point",
        "coordinates": [
          11.69697,
          65.081515
        ]
      },
      "properties": {
        "id": 3663315566,
        "osm_type": "node",
        "name": "Leka Motell og Camping",
        "tourism": "camp_site",
        "tents": "yes",
        "phone": "+47 74 39 98 23",
        "website": "https://www.leka-camp.no/"
      }
    },
    {
      "type": "Feature",
      "geometry": {
        "type": "Point",
        "coordinates": [
          11.278614,
          63.739398
        ]
      },
      "properties": {
        "id": 3663315568,
        "osm_type": "node",
        "name": "Levanger Camping",
        "tourism": "camp_site",
        "tents": "yes",
        "phone": "+47 40 00 70 06",
        "website": "https://levangercamping.no"
      }
    },
    {
      "type": "Feature",
      "geometry": {
        "type": "Point",
        "coordinates": [
          13.723001,
          64.443365
        ]
      },
      "properties": {
        "id": 3663315570,
        "osm_type": "node",
        "name": "Lierne Gjestegård",
        "tourism": "camp_site",
        "phone": "+47 74 33 71 75",
        "website": "https://www.liernegjestegard.no/"
      }
    },
    {
      "type": "Feature",
      "geometry": {
        "type": "Point",
        "coordinates": [
          11.852612,
          64.444597
        ]
      },
      "properties": {
        "id": 3663315574,
        "osm_type": "node",
        "name": "Lilleøen Gård",
        "tourism": "camp_site",
        "phone": "+47 74 28 21 24;+47 91 38 07 87",
        "website": "http://www.lilleoen.com"
      }
    },
    {
      "type": "Feature",
      "geometry": {
        "type": "Point",
        "coordinates": [
          10.292988,
          63.153787
        ]
      },
      "properties": {
        "id": 3663315594,
        "osm_type": "node",
        "name": "Lundamo Camping",
        "tourism": "camp_site",
        "phone": "+47 97 60 87 35",
        "website": "http://www.lundamocamping.no"
      }
    },
    {
      "type": "Feature",
      "geometry": {
        "type": "Point",
        "coordinates": [
          11.032301,
          63.225003
        ]
      },
      "properties": {
        "id": 3663315618,
        "osm_type": "node",
        "name": "Marienborg Gjestgiveri & Camping",
        "tourism": "camp_site",
        "phone": "+47 73 81 71 14;+47 97 51 10 27",
        "website": "http://www.marienborggjestgiveri.no"
      }
    },
    {
      "type": "Feature",
      "geometry": {
        "type": "Point",
        "coordinates": [
          11.02504,
          63.228248
        ]
      },
      "properties": {
        "id": 3663315619,
        "osm_type": "node",
        "name": "Marienborg Gjestgiveri & Camping",
        "tourism": "camp_site",
        "phone": "+47 97 16 35 11",
        "website": "http://www.marienborggjestgiveri.no"
      }
    },
    {
      "type": "Feature",
      "geometry": {
        "type": "Point",
        "coordinates": [
          9.437028,
          63.460492
        ]
      },
      "properties": {
        "id": 3663315946,
        "osm_type": "node",
        "name": "Mjønesaune Camping",
        "tourism": "camp_site",
        "phone": "+47 72 45 67 14;+47 90 87 17 74"
      }
    },
    {
      "type": "Feature",
      "geometry": {
        "type": "Point",
        "coordinates": [
          11.889536,
          62.914556
        ]
      },
      "properties": {
        "id": 3663315954,
        "osm_type": "node",
        "name": "Moheim Camping",
        "tourism": "camp_site",
        "tents": "yes",
        "phone": "+47 73 81 46 47",
        "website": "https://www.facebook.com/people/Moheim-Camping/100063109726691/"
      }
    },
    {
      "type": "Feature",
      "geometry": {
        "type": "Point",
        "coordinates": [
          12.082135,
          62.964937
        ]
      },
      "properties": {
        "id": 3663315996,
        "osm_type": "node",
        "name": "Nesjø Båtutleie",
        "tourism": "camp_site",
        "phone": "+47 73 81 46 21",
        "website": "https://www.fiskeitydal.no/"
      }
    },
    {
      "type": "Feature",
      "geometry": {
        "type": "Point",
        "coordinates": [
          13.1727725,
          64.9386989
        ]
      },
      "properties": {
        "id": 3663316020,
        "osm_type": "node",
        "name": "Nyheim Camping",
        "tourism": "camp_site",
        "tents": "yes",
        "phone": "+47 99 51 65 58",
        "website": "https://www.nyheimcamping.no/"
      }
    },
    {
      "type": "Feature",
      "geometry": {
        "type": "Point",
        "coordinates": [
          9.659697,
          63.811647
        ]
      },
      "properties": {
        "id": 3663316135,
        "osm_type": "node",
        "name": "Oksvoll Camping",
        "tourism": "camp_site",
        "phone": "+47 72 52 72 45;+47 95 24 54 99",
        "website": "http://www.oksvollcamping.no"
      }
    },
    {
      "type": "Feature",
      "geometry": {
        "type": "Point",
        "coordinates": [
          10.497996,
          64.299415
        ]
      },
      "properties": {
        "id": 3663316155,
        "osm_type": "node",
        "name": "Osen Fjordcamping",
        "tourism": "camp_site",
        "tents": "yes",
        "website": "https://www.osen-fjordcamping.no/"
      }
    },
    {
      "type": "Feature",
      "geometry": {
        "type": "Point",
        "coordinates": [
          9.7070056,
          63.1604847
        ]
      },
      "properties": {
        "id": 3663316216,
        "osm_type": "node",
        "name": "Rønningen Camping",
        "tourism": "chalet",
        "website": "https://ronningensalmon.wpcomstaging.com"
      }
    },
    {
      "type": "Feature",
      "geometry": {
        "type": "Point",
        "coordinates": [
          9.187672,
          63.462396
        ]
      },
      "properties": {
        "id": 3663316224,
        "osm_type": "node",
        "name": "Rottem Fjordfiskeferie",
        "tourism": "chalet",
        "website": "https://fjordfiske.org"
      }
    },
    {
      "type": "Feature",
      "geometry": {
        "type": "Point",
        "coordinates": [
          11.082009,
          62.940844
        ]
      },
      "properties": {
        "id": 3663316330,
        "osm_type": "node",
        "name": "Saksgård Camping",
        "tourism": "camp_site",
        "tents": "yes",
        "phone": "+47 93 84 04 53"
      }
    },
    {
      "type": "Feature",
      "geometry": {
        "type": "Point",
        "coordinates": [
          10.356668,
          63.3310683
        ]
      },
      "properties": {
        "id": 3663316345,
        "osm_type": "node",
        "name": "Sandmoen Bed and Breakfast",
        "tourism": "guest_house",
        "tents": "yes",
        "phone": "+47 72 59 61 50",
        "website": "http://www.sandmoen.no"
      }
    },
    {
      "type": "Feature",
      "geometry": {
        "type": "Point",
        "coordinates": [
          11.088074,
          63.251307
        ]
      },
      "properties": {
        "id": 3663316369,
        "osm_type": "node",
        "name": "Selbu Camping",
        "tourism": "camp_site",
        "phone": "+47 73 810180",
        "website": "https://selbucamping.no/"
      }
    },
    {
      "type": "Feature",
      "geometry": {
        "type": "Point",
        "coordinates": [
          10.830079,
          64.898066
        ]
      },
      "properties": {
        "id": 3663316407,
        "osm_type": "node",
        "name": "Skjærgårdscamping",
        "tourism": "camp_site",
        "phone": "+47 47 64 68 80",
        "website": "https://www.skjaergardscamping.com/"
      }
    },
    {
      "type": "Feature",
      "geometry": {
        "type": "Point",
        "coordinates": [
          12.368314,
          64.262245
        ]
      },
      "properties": {
        "id": 3663316737,
        "osm_type": "node",
        "name": "Snåsa Hotell / Camp",
        "tourism": "camp_site",
        "phone": "+47 74 15 10 57",
        "website": "https://www.snasahotell.no/"
      }
    },
    {
      "type": "Feature",
      "geometry": {
        "type": "Point",
        "coordinates": [
          11.457167,
          63.774882
        ]
      },
      "properties": {
        "id": 3663316760,
        "osm_type": "node",
        "name": "Soria Moria Camping",
        "tourism": "camp_site",
        "phone": "+47 74 07 69 33;+47 90 82 27 01",
        "website": "http://www.soriamoria.nu"
      }
    },
    {
      "type": "Feature",
      "geometry": {
        "type": "Point",
        "coordinates": [
          10.95287,
          64.593818
        ]
      },
      "properties": {
        "id": 3663316781,
        "osm_type": "node",
        "name": "Nord-Flatanger Sjøhus",
        "tourism": "camp_site",
        "website": "https://nord-flatanger.no"
      }
    },
    {
      "type": "Feature",
      "geometry": {
        "type": "Point",
        "coordinates": [
          11.5786154,
          63.7731637
        ]
      },
      "properties": {
        "id": 3663316782,
        "osm_type": "node",
        "name": "Stiklestad Camping",
        "tourism": "camp_site",
        "tents": "yes",
        "phone": "+47 90 16 66 49",
        "website": "https://www.stiklestadcamping.no/"
      }
    },
    {
      "type": "Feature",
      "geometry": {
        "type": "Point",
        "coordinates": [
          9.951398,
          64.054148
        ]
      },
      "properties": {
        "id": 3663316783,
        "osm_type": "node",
        "name": "Stokkøya Sjøsenter",
        "tourism": "camp_site",
        "phone": "+47 72 53 43 28",
        "website": "https://www.stokkoya.no/"
      }
    },
    {
      "type": "Feature",
      "geometry": {
        "type": "Point",
        "coordinates": [
          12.087246,
          64.174867
        ]
      },
      "properties": {
        "id": 3663316814,
        "osm_type": "node",
        "name": "Strindmo Gård og Camping",
        "tourism": "camp_site",
        "tents": "yes",
        "website": "https://www.strindmoen.no"
      }
    },
    {
      "type": "Feature",
      "geometry": {
        "type": "Point",
        "coordinates": [
          11.884789,
          62.895933
        ]
      },
      "properties": {
        "id": 3663316821,
        "osm_type": "node",
        "name": "Stugudal Camping",
        "tourism": "camp_site",
        "phone": "+47 98 49 88 46",
        "website": "https://www.stugudalcamping.no/"
      }
    },
    {
      "type": "Feature",
      "geometry": {
        "type": "Point",
        "coordinates": [
          9.47783,
          62.616432
        ]
      },
      "properties": {
        "id": 3663317196,
        "osm_type": "node",
        "name": "Trollheimsporten Turistsenter",
        "tourism": "camp_site",
        "phone": "+47 72 42 17 40",
        "website": "https://www.campingoppdal.no/"
      }
    },
    {
      "type": "Feature",
      "geometry": {
        "type": "Point",
        "coordinates": [
          9.962234,
          63.346813
        ]
      },
      "properties": {
        "id": 3663317205,
        "osm_type": "node",
        "name": "Tråsåvika Camping",
        "tourism": "camp_site",
        "phone": "+47 72 86 78 22",
        "website": "https://trasavika.no"
      }
    },
    {
      "type": "Feature",
      "geometry": {
        "type": "Point",
        "coordinates": [
          9.225498,
          63.094256
        ]
      },
      "properties": {
        "id": 3663317207,
        "osm_type": "node",
        "name": "Trøknaholt Camping",
        "tourism": "camp_site",
        "phone": "+47 90 78 07 19",
        "website": "https://visit-rindal.no/troeknaholt-camping.188457.no.html"
      }
    },
    {
      "type": "Feature",
      "geometry": {
        "type": "Point",
        "coordinates": [
          9.247803,
          63.506405
        ]
      },
      "properties": {
        "id": 3663317748,
        "osm_type": "node",
        "name": "Vaslavågen Camping",
        "tourism": "camp_site",
        "check_date": "2024-05-29"
      }
    },
    {
      "type": "Feature",
      "geometry": {
        "type": "Point",
        "coordinates": [
          12.0275401,
          62.6386702
        ]
      },
      "properties": {
        "id": 3663317751,
        "osm_type": "node",
        "name": "Vauldalen Gård",
        "tourism": "camp_site",
        "phone": "+47 72 41 32 85"
      }
    },
    {
      "type": "Feature",
      "geometry": {
        "type": "Point",
        "coordinates": [
          9.273843,
          63.352117
        ]
      },
      "properties": {
        "id": 3663317759,
        "osm_type": "node",
        "name": "Ven Camping",
        "tourism": "camp_site",
        "phone": "+47 72 45 57 06;+47 72 45 58 16;+47 95 20 51 94",
        "website": "http://www.vennastranda.net/vencamping/"
      }
    },
    {
      "type": "Feature",
      "geometry": {
        "type": "Point",
        "coordinates": [
          10.778553,
          63.492006
        ]
      },
      "properties": {
        "id": 3663317782,
        "osm_type": "node",
        "name": "Vinge Camping",
        "tourism": "camp_site",
        "phone": "+47 74 80 32 05;+47 91 16 69 07",
        "website": "http://www.vinge-camping.no"
      }
    },
    {
      "type": "Feature",
      "geometry": {
        "type": "Point",
        "coordinates": [
          9.2954434,
          63.5179783
        ]
      },
      "properties": {
        "id": 3663317783,
        "osm_type": "node",
        "name": "Vingvågen Fishingcamp",
        "tourism": "chalet",
        "website": "https://vingvagen-fishingcamp.de/"
      }
    },
    {
      "type": "Feature",
      "geometry": {
        "type": "Point",
        "coordinates": [
          9.767342,
          63.19874
        ]
      },
      "properties": {
        "id": 3663317792,
        "osm_type": "node",
        "name": "Vormstad Camping",
        "tourism": "camp_site",
        "tents": "yes",
        "phone": "+47 72 489430",
        "website": "http://www.vormstad-camping.no"
      }
    },
    {
      "type": "Feature",
      "geometry": {
        "type": "Point",
        "coordinates": [
          9.32373,
          63.527976
        ]
      },
      "properties": {
        "id": 3663317794,
        "osm_type": "node",
        "name": "Våberg Camping",
        "tourism": "camp_site",
        "phone": "+47 72 45 65 10"
      }
    },
    {
      "type": "Feature",
      "geometry": {
        "type": "Point",
        "coordinates": [
          8.763257,
          63.479142
        ]
      },
      "properties": {
        "id": 3663317796,
        "osm_type": "node",
        "name": "Vågen Camping",
        "tourism": "camp_site",
        "phone": "+47 72 44 41 60",
        "website": "https://www.hitra.as/"
      }
    },
    {
      "type": "Feature",
      "geometry": {
        "type": "Point",
        "coordinates": [
          12.21852,
          64.454302
        ]
      },
      "properties": {
        "id": 3663317801,
        "osm_type": "node",
        "name": "Værem Gård",
        "tourism": "chalet",
        "website": "https://www.facebook.com/varem.gard"
      }
    },
    {
      "type": "Feature",
      "geometry": {
        "type": "Point",
        "coordinates": [
          9.517047,
          63.58168
        ]
      },
      "properties": {
        "id": 3663317802,
        "osm_type": "node",
        "name": "Værnes Camping & Marina",
        "tourism": "camp_site",
        "website": "https://www.facebook.com/p/Værnes-camping-marina-100077305449268/"
      }
    },
    {
      "type": "Feature",
      "geometry": {
        "type": "Point",
        "coordinates": [
          10.221436,
          63.957019
        ]
      },
      "properties": {
        "id": 3663317808,
        "osm_type": "node",
        "name": "Åfjord Laksecamping",
        "tourism": "camp_site",
        "phone": "+47 72 53 12 49",
        "website": "https://www.afjord-laksecamping.no/"
      }
    },
    {
      "type": "Feature",
      "geometry": {
        "type": "Point",
        "coordinates": [
          10.8776793,
          63.6647799
        ]
      },
      "properties": {
        "id": 3663317820,
        "osm_type": "node",
        "name": "Åsholmen Camping",
        "tourism": "camp_site",
        "tents": "yes",
        "website": "https://www.facebook.com/people/Åsholmen-Camping/100063486161616/"
      }
    },
    {
      "type": "Feature",
      "geometry": {
        "type": "Point",
        "coordinates": [
          10.7827292,
          63.3690605
        ]
      },
      "properties": {
        "id": 3700361764,
        "osm_type": "node",
        "name": "Folden Gård",
        "tourism": "guest_house",
        "phone": "+47 99103931",
        "website": "http://www.visitfolden.com/"
      }
    },
    {
      "type": "Feature",
      "geometry": {
        "type": "Point",
        "coordinates": [
          12.3475964,
          64.4879627
        ]
      },
      "properties": {
        "id": 4006386169,
        "osm_type": "node",
        "tourism": "guest_house"
      }
    },
    {
      "type": "Feature",
      "geometry": {
        "type": "Point",
        "coordinates": [
          10.6863957,
          63.6871368
        ]
      },
      "properties": {
        "id": 4130830786,
        "osm_type": "node",
        "name": "Grindaplassen",
        "tourism": "chalet",
        "phone": "+47 971 25 272",
        "website": "https://www.hjellupfjordbo.no"
      }
    },
    {
      "type": "Feature",
      "geometry": {
        "type": "Point",
        "coordinates": [
          8.4836379,
          63.5570931
        ]
      },
      "properties": {
        "id": 4131159052,
        "osm_type": "node",
        "name": "Angelamfi Hitra",
        "tourism": "apartment"
      }
    },
    {
      "type": "Feature",
      "geometry": {
        "type": "Point",
        "coordinates": [
          9.7341535,
          63.6240463
        ]
      },
      "properties": {
        "id": 4232583603,
        "osm_type": "node",
        "name": "Breivika Camping",
        "tourism": "camp_site"
      }
    },
    {
      "type": "Feature",
      "geometry": {
        "type": "Point",
        "coordinates": [
          10.5465288,
          64.1358227
        ]
      },
      "properties": {
        "id": 4246222484,
        "osm_type": "node",
        "name": "Lonin Gård og Camping",
        "tourism": "camp_site",
        "tents": "no",
        "website": "https://lonin.no/"
      }
    },
    {
      "type": "Feature",
      "geometry": {
        "type": "Point",
        "coordinates": [
          11.236631,
          64.862546
        ]
      },
      "properties": {
        "id": 4281538881,
        "osm_type": "node",
        "name": "Kysthotellet Rørvik",
        "tourism": "hotel",
        "phone": "+47 74 36 66 00",
        "website": "https://kysthotellet.no/"
      }
    },
    {
      "type": "Feature",
      "geometry": {
        "type": "Point",
        "coordinates": [
          10.8169849,
          64.4953667
        ]
      },
      "properties": {
        "id": 4323047377,
        "osm_type": "node",
        "name": "Climb Flatanger",
        "tourism": "camp_site",
        "phone": "+47 90 61 24 77;+47 97 50 42 25",
        "website": "https://climbflatanger.com/"
      }
    },
    {
      "type": "Feature",
      "geometry": {
        "type": "Point",
        "coordinates": [
          10.7287122,
          63.4245726
        ]
      },
      "properties": {
        "id": 4387642252,
        "osm_type": "node",
        "name": "Stav Hotel",
        "tourism": "hotel"
      }
    },
    {
      "type": "Feature",
      "geometry": {
        "type": "Point",
        "coordinates": [
          11.1916453,
          63.1856369
        ]
      },
      "properties": {
        "id": 4396688891,
        "osm_type": "node",
        "tourism": "chalet"
      }
    },
    {
      "type": "Feature",
      "geometry": {
        "type": "Point",
        "coordinates": [
          10.5214787,
          62.9665927
        ]
      },
      "properties": {
        "id": 4485145810,
        "osm_type": "node",
        "tourism": "alpine_hut"
      }
    },
    {
      "type": "Feature",
      "geometry": {
        "type": "Point",
        "coordinates": [
          11.3866569,
          62.5762649
        ]
      },
      "properties": {
        "id": 4486131196,
        "osm_type": "node",
        "name": "Vertshuset Røros",
        "tourism": "hotel",
        "website": "https://www.vertshusetroros.no/"
      }
    },
    {
      "type": "Feature",
      "geometry": {
        "type": "Point",
        "coordinates": [
          11.381085,
          62.570826
        ]
      },
      "properties": {
        "id": 4500936537,
        "osm_type": "node",
        "name": "Rørosvidda hotell",
        "tourism": "hotel",
        "phone": "+47 72 41 10 89",
        "website": "https://rorosviddahotell.no/"
      }
    },
    {
      "type": "Feature",
      "geometry": {
        "type": "Point",
        "coordinates": [
          11.1189681,
          63.3604723
        ]
      },
      "properties": {
        "id": 4560645961,
        "osm_type": "node",
        "name": "Kjellarbu",
        "tourism": "chalet"
      }
    },
    {
      "type": "Feature",
      "geometry": {
        "type": "Point",
        "coordinates": [
          11.314482,
          64.919972
        ]
      },
      "properties": {
        "id": 4711285727,
        "osm_type": "node",
        "name": "Løvøen Gård",
        "tourism": "camp_site",
        "website": "http://lovoengard.net/"
      }
    },
    {
      "type": "Feature",
      "geometry": {
        "type": "Point",
        "coordinates": [
          10.3987305,
          63.4317139
        ]
      },
      "properties": {
        "id": 4744954423,
        "osm_type": "node",
        "name": "Britannia Hotel",
        "tourism": "hotel",
        "phone": "+47 73 80 08 00",
        "website": "https://britannia.no/",
        "check_date": "2023-07-28"
      }
    },
    {
      "type": "Feature",
      "geometry": {
        "type": "Point",
        "coordinates": [
          12.3286557,
          63.9950885
        ]
      },
      "properties": {
        "id": 4762328047,
        "osm_type": "node",
        "name": "Skjækerhytta",
        "tourism": "chalet",
        "website": "https://www.ut.no/hytte/3.2567/"
      }
    },
    {
      "type": "Feature",
      "geometry": {
        "type": "Point",
        "coordinates": [
          10.909827,
          64.513798
        ]
      },
      "properties": {
        "id": 4762337221,
        "osm_type": "node",
        "name": "Eian Fjordsenter",
        "tourism": "guest_house",
        "phone": "+47 91370656",
        "website": "https://www.eian-fjordsenter.no/"
      }
    },
    {
      "type": "Feature",
      "geometry": {
        "type": "Point",
        "coordinates": [
          10.324352,
          63.250867
        ]
      },
      "properties": {
        "id": 4775788675,
        "osm_type": "node",
        "name": "Melhus Speiderhytte",
        "tourism": "chalet",
        "website": "https://melhus.speiding.no/om-oss/speiderhytta/"
      }
    },
    {
      "type": "Feature",
      "geometry": {
        "type": "Point",
        "coordinates": [
          10.412854,
          63.42412
        ]
      },
      "properties": {
        "id": 4951143059,
        "osm_type": "node",
        "name": "Singsaker Sommerhotell",
        "tourism": "hotel"
      }
    },
    {
      "type": "Feature",
      "geometry": {
        "type": "Point",
        "coordinates": [
          10.15907,
          64.145297
        ]
      },
      "properties": {
        "id": 4987458128,
        "osm_type": "node",
        "tourism": "apartment",
        "website": "https://de.trondelag.com/unterkunft/987789/"
      }
    },
    {
      "type": "Feature",
      "geometry": {
        "type": "Point",
        "coordinates": [
          11.4280771,
          64.4339326
        ]
      },
      "properties": {
        "id": 5005807960,
        "osm_type": "node",
        "name": "Selnes Camping",
        "tourism": "camp_site",
        "tents": "yes",
        "phone": "+47 906 39 889",
        "website": "https://selnes-camping.de"
      }
    },
    {
      "type": "Feature",
      "geometry": {
        "type": "Point",
        "coordinates": [
          10.2488111,
          63.1408533
        ]
      },
      "properties": {
        "id": 5053267021,
        "osm_type": "node",
        "tourism": "camp_site"
      }
    },
    {
      "type": "Feature",
      "geometry": {
        "type": "Point",
        "coordinates": [
          11.9462195,
          64.1466757
        ]
      },
      "properties": {
        "id": 5054537948,
        "osm_type": "node",
        "tourism": "caravan_site"
      }
    },
    {
      "type": "Feature",
      "geometry": {
        "type": "Point",
        "coordinates": [
          11.2626171,
          64.8731664
        ]
      },
      "properties": {
        "id": 5069233109,
        "osm_type": "node",
        "tourism": "camp_site"
      }
    },
    {
      "type": "Feature",
      "geometry": {
        "type": "Point",
        "coordinates": [
          10.1757485,
          63.4218149
        ]
      },
      "properties": {
        "id": 5126606425,
        "osm_type": "node",
        "tourism": "camp_site"
      }
    },
    {
      "type": "Feature",
      "geometry": {
        "type": "Point",
        "coordinates": [
          11.3222594,
          63.7514009
        ]
      },
      "properties": {
        "id": 5511622927,
        "osm_type": "node",
        "tourism": "guest_house",
        "phone": "+47 74095051",
        "website": "https://nordicmission.org/en/sommermotell/"
      }
    },
    {
      "type": "Feature",
      "geometry": {
        "type": "Point",
        "coordinates": [
          10.402544,
          63.411567
        ]
      },
      "properties": {
        "id": 5585891813,
        "osm_type": "node",
        "name": "Scandic Lerkendal",
        "tourism": "hotel",
        "phone": "+47 21615100",
        "website": "https://www.scandichotels.no/hotell/norge/trondheim/scandic-lerkendal"
      }
    },
    {
      "type": "Feature",
      "geometry": {
        "type": "Point",
        "coordinates": [
          11.252554,
          64.85128
        ]
      },
      "properties": {
        "id": 5650264472,
        "osm_type": "node",
        "name": "Nærøysund Rorbuer",
        "tourism": "guest_house"
      }
    },
    {
      "type": "Feature",
      "geometry": {
        "type": "Point",
        "coordinates": [
          10.669979,
          63.679477
        ]
      },
      "properties": {
        "id": 5660937823,
        "osm_type": "node",
        "name": "Hjellup Fjordbo",
        "tourism": "chalet",
        "phone": "+47 971 25 272",
        "website": "https://www.hjellupfjordbo.no"
      }
    },
    {
      "type": "Feature",
      "geometry": {
        "type": "Point",
        "coordinates": [
          11.0294404,
          63.2317686
        ]
      },
      "properties": {
        "id": 5717980760,
        "osm_type": "node",
        "name": "Camp Eggen",
        "tourism": "camp_site",
        "website": "http://campeggen.no"
      }
    },
    {
      "type": "Feature",
      "geometry": {
        "type": "Point",
        "coordinates": [
          11.0293362,
          63.232607
        ]
      },
      "properties": {
        "id": 5717981232,
        "osm_type": "node",
        "name": "Selbusjøen Hotel & Gjestegård",
        "tourism": "hotel",
        "website": "https://selbusjoenhotell.no/"
      }
    },
    {
      "type": "Feature",
      "geometry": {
        "type": "Point",
        "coordinates": [
          10.3565496,
          63.3308595
        ]
      },
      "properties": {
        "id": 5851303042,
        "osm_type": "node",
        "tourism": "caravan_site"
      }
    },
    {
      "type": "Feature",
      "geometry": {
        "type": "Point",
        "coordinates": [
          10.2300398,
          63.8024142
        ]
      },
      "properties": {
        "id": 5854169048,
        "osm_type": "node",
        "tourism": "caravan_site"
      }
    },
    {
      "type": "Feature",
      "geometry": {
        "type": "Point",
        "coordinates": [
          9.9521662,
          64.0541282
        ]
      },
      "properties": {
        "id": 5895100740,
        "osm_type": "node",
        "name": "The sheep room",
        "tourism": "chalet"
      }
    },
    {
      "type": "Feature",
      "geometry": {
        "type": "Point",
        "coordinates": [
          9.9521159,
          64.0541578
        ]
      },
      "properties": {
        "id": 5895100741,
        "osm_type": "node",
        "name": "The world map room",
        "tourism": "chalet"
      }
    },
    {
      "type": "Feature",
      "geometry": {
        "type": "Point",
        "coordinates": [
          9.9520797,
          64.054193
        ]
      },
      "properties": {
        "id": 5895100742,
        "osm_type": "node",
        "name": "Sailor room",
        "tourism": "chalet"
      }
    },
    {
      "type": "Feature",
      "geometry": {
        "type": "Point",
        "coordinates": [
          9.9520006,
          64.0542288
        ]
      },
      "properties": {
        "id": 5895100743,
        "osm_type": "node",
        "tourism": "chalet"
      }
    },
    {
      "type": "Feature",
      "geometry": {
        "type": "Point",
        "coordinates": [
          9.9519376,
          64.0542611
        ]
      },
      "properties": {
        "id": 5895100744,
        "osm_type": "node",
        "tourism": "chalet"
      }
    },
    {
      "type": "Feature",
      "geometry": {
        "type": "Point",
        "coordinates": [
          9.9518759,
          64.054284
        ]
      },
      "properties": {
        "id": 5895100745,
        "osm_type": "node",
        "tourism": "chalet"
      }
    },
    {
      "type": "Feature",
      "geometry": {
        "type": "Point",
        "coordinates": [
          9.9518061,
          64.0543074
        ]
      },
      "properties": {
        "id": 5895100746,
        "osm_type": "node",
        "name": "Rainbow room",
        "tourism": "chalet"
      }
    },
    {
      "type": "Feature",
      "geometry": {
        "type": "Point",
        "coordinates": [
          9.9517498,
          64.05433
        ]
      },
      "properties": {
        "id": 5895100747,
        "osm_type": "node",
        "tourism": "chalet"
      }
    },
    {
      "type": "Feature",
      "geometry": {
        "type": "Point",
        "coordinates": [
          9.9516848,
          64.05435
        ]
      },
      "properties": {
        "id": 5895100748,
        "osm_type": "node",
        "tourism": "chalet"
      }
    },
    {
      "type": "Feature",
      "geometry": {
        "type": "Point",
        "coordinates": [
          9.951617,
          64.0543758
        ]
      },
      "properties": {
        "id": 5895100749,
        "osm_type": "node",
        "name": "Room without walls",
        "tourism": "chalet"
      }
    },
    {
      "type": "Feature",
      "geometry": {
        "type": "Point",
        "coordinates": [
          9.9515527,
          64.0543966
        ]
      },
      "properties": {
        "id": 5895100750,
        "osm_type": "node",
        "name": "Captains lugar",
        "tourism": "chalet"
      }
    },
    {
      "type": "Feature",
      "geometry": {
        "type": "Point",
        "coordinates": [
          9.9514829,
          64.0544195
        ]
      },
      "properties": {
        "id": 5895100751,
        "osm_type": "node",
        "tourism": "chalet"
      }
    },
    {
      "type": "Feature",
      "geometry": {
        "type": "Point",
        "coordinates": [
          9.9514206,
          64.0544438
        ]
      },
      "properties": {
        "id": 5895100752,
        "osm_type": "node",
        "tourism": "chalet"
      }
    },
    {
      "type": "Feature",
      "geometry": {
        "type": "Point",
        "coordinates": [
          9.9513428,
          64.0544726
        ]
      },
      "properties": {
        "id": 5895100753,
        "osm_type": "node",
        "tourism": "chalet"
      }
    },
    {
      "type": "Feature",
      "geometry": {
        "type": "Point",
        "coordinates": [
          10.374865,
          63.359187
        ]
      },
      "properties": {
        "id": 6150091637,
        "osm_type": "node",
        "name": "Quality Hotel Panorama",
        "tourism": "hotel"
      }
    },
    {
      "type": "Feature",
      "geometry": {
        "type": "Point",
        "coordinates": [
          10.8116949,
          63.6323464
        ]
      },
      "properties": {
        "id": 6566674939,
        "osm_type": "node",
        "name": "Hellberg herberge",
        "tourism": "hostel",
        "website": "https://pilegrimsleden.no/no/map/poi/frosta-fjordbuer"
      }
    },
    {
      "type": "Feature",
      "geometry": {
        "type": "Point",
        "coordinates": [
          9.8018968,
          63.1240178
        ]
      },
      "properties": {
        "id": 6699386838,
        "osm_type": "node",
        "name": "Urvassbua",
        "tourism": "chalet",
        "website": "https://de.airbnb.com/rooms/23229926"
      }
    },
    {
      "type": "Feature",
      "geometry": {
        "type": "Point",
        "coordinates": [
          8.3085152,
          63.1191614
        ]
      },
      "properties": {
        "id": 6793650462,
        "osm_type": "node",
        "name": "Rasteplassen Kro & Overnatting",
        "tourism": "guest_house"
      }
    },
    {
      "type": "Feature",
      "geometry": {
        "type": "Point",
        "coordinates": [
          9.8675868,
          63.8862642
        ]
      },
      "properties": {
        "id": 6817570356,
        "osm_type": "node",
        "name": "Ankeret Brygge",
        "tourism": "guest_house"
      }
    },
    {
      "type": "Feature",
      "geometry": {
        "type": "Point",
        "coordinates": [
          11.8364194,
          64.3706322
        ]
      },
      "properties": {
        "id": 6817570357,
        "osm_type": "node",
        "name": "Efri Halfa",
        "tourism": "guest_house"
      }
    },
    {
      "type": "Feature",
      "geometry": {
        "type": "Point",
        "coordinates": [
          11.3000071,
          62.8366234
        ]
      },
      "properties": {
        "id": 6817570358,
        "osm_type": "node",
        "name": "Ålen skisenter",
        "tourism": "apartment"
      }
    },
    {
      "type": "Feature",
      "geometry": {
        "type": "Point",
        "coordinates": [
          9.5583335,
          62.5937087
        ]
      },
      "properties": {
        "id": 6817570359,
        "osm_type": "node",
        "name": "Bjerkeløkkja",
        "tourism": "guest_house"
      }
    },
    {
      "type": "Feature",
      "geometry": {
        "type": "Point",
        "coordinates": [
          11.6708064,
          65.0689939
        ]
      },
      "properties": {
        "id": 6817570360,
        "osm_type": "node",
        "name": "Leka Brygge",
        "tourism": "apartment"
      }
    },
    {
      "type": "Feature",
      "geometry": {
        "type": "Point",
        "coordinates": [
          8.6420989,
          63.8706644
        ]
      },
      "properties": {
        "id": 6817570361,
        "osm_type": "node",
        "name": "Mausundgløtt",
        "tourism": "chalet"
      }
    },
    {
      "type": "Feature",
      "geometry": {
        "type": "Point",
        "coordinates": [
          9.9761546,
          63.7115526
        ]
      },
      "properties": {
        "id": 6817570362,
        "osm_type": "node",
        "name": "Gangstøstranda Feriehus",
        "tourism": "apartment"
      }
    },
    {
      "type": "Feature",
      "geometry": {
        "type": "Point",
        "coordinates": [
          10.6021982,
          64.4448132
        ]
      },
      "properties": {
        "id": 6817570363,
        "osm_type": "node",
        "name": "Hasvåg Fritid",
        "tourism": "apartment"
      }
    },
    {
      "type": "Feature",
      "geometry": {
        "type": "Point",
        "coordinates": [
          11.8667954,
          64.7965647
        ]
      },
      "properties": {
        "id": 6817570364,
        "osm_type": "node",
        "name": "Elgåa Apartment",
        "tourism": "apartment"
      }
    },
    {
      "type": "Feature",
      "geometry": {
        "type": "Point",
        "coordinates": [
          10.062004,
          64.0390352
        ]
      },
      "properties": {
        "id": 6817570365,
        "osm_type": "node",
        "name": "Kuringen Bryggehotell",
        "tourism": "apartment"
      }
    },
    {
      "type": "Feature",
      "geometry": {
        "type": "Point",
        "coordinates": [
          11.1226165,
          63.8992772
        ]
      },
      "properties": {
        "id": 6817570366,
        "osm_type": "node",
        "name": "Letnes gård",
        "tourism": "chalet"
      }
    },
    {
      "type": "Feature",
      "geometry": {
        "type": "Point",
        "coordinates": [
          11.2279053,
          64.8602512
        ]
      },
      "properties": {
        "id": 6817570367,
        "osm_type": "node",
        "name": "Rørvik Rorbuer",
        "tourism": "apartment"
      }
    },
    {
      "type": "Feature",
      "geometry": {
        "type": "Point",
        "coordinates": [
          11.2768355,
          64.7985725
        ]
      },
      "properties": {
        "id": 6817570368,
        "osm_type": "node",
        "name": "Sørensen brygge",
        "tourism": "guest_house"
      }
    },
    {
      "type": "Feature",
      "geometry": {
        "type": "Point",
        "coordinates": [
          8.73548,
          63.7671676
        ]
      },
      "properties": {
        "id": 6817570369,
        "osm_type": "node",
        "name": "Gurvikdal Havfiskesenter",
        "tourism": "apartment"
      }
    },
    {
      "type": "Feature",
      "geometry": {
        "type": "Point",
        "coordinates": [
          12.3469108,
          64.4867925
        ]
      },
      "properties": {
        "id": 6817570370,
        "osm_type": "node",
        "name": "Namsentunet",
        "tourism": "guest_house"
      }
    },
    {
      "type": "Feature",
      "geometry": {
        "type": "Point",
        "coordinates": [
          8.4540331,
          63.847545
        ]
      },
      "properties": {
        "id": 6817570372,
        "osm_type": "node",
        "name": "Sula fyr",
        "tourism": "chalet"
      }
    },
    {
      "type": "Feature",
      "geometry": {
        "type": "Point",
        "coordinates": [
          11.1835483,
          64.7314359
        ]
      },
      "properties": {
        "id": 6817570373,
        "osm_type": "node",
        "name": "Abelvær gård",
        "tourism": "guest_house",
        "phone": "+47 92 41 44 96",
        "website": "https://abelvaer.com/"
      }
    },
    {
      "type": "Feature",
      "geometry": {
        "type": "Point",
        "coordinates": [
          11.4021617,
          62.5740447
        ]
      },
      "properties": {
        "id": 6817570374,
        "osm_type": "node",
        "name": "Unicare Røros Gjesterom",
        "tourism": "apartment"
      }
    },
    {
      "type": "Feature",
      "geometry": {
        "type": "Point",
        "coordinates": [
          11.3236696,
          63.6306155
        ]
      },
      "properties": {
        "id": 6817570375,
        "osm_type": "node",
        "name": "Troset gård",
        "tourism": "apartment"
      }
    },
    {
      "type": "Feature",
      "geometry": {
        "type": "Point",
        "coordinates": [
          11.3153762,
          63.8577847
        ]
      },
      "properties": {
        "id": 6817570376,
        "osm_type": "node",
        "name": "Sund Folkehøgskole Sommerhotell",
        "tourism": "hostel"
      }
    },
    {
      "type": "Feature",
      "geometry": {
        "type": "Point",
        "coordinates": [
          11.4021456,
          64.1096911
        ]
      },
      "properties": {
        "id": 6817570377,
        "osm_type": "node",
        "name": "Yttervik gard",
        "tourism": "guest_house"
      }
    },
    {
      "type": "Feature",
      "geometry": {
        "type": "Point",
        "coordinates": [
          12.3231599,
          64.2332084
        ]
      },
      "properties": {
        "id": 6817570378,
        "osm_type": "node",
        "name": "Grana Bryggeri",
        "tourism": "guest_house"
      }
    },
    {
      "type": "Feature",
      "geometry": {
        "type": "Point",
        "coordinates": [
          9.7375962,
          62.6117286
        ]
      },
      "properties": {
        "id": 6817570379,
        "osm_type": "node",
        "name": "IMI Stølen",
        "tourism": "guest_house"
      }
    },
    {
      "type": "Feature",
      "geometry": {
        "type": "Point",
        "coordinates": [
          11.383692,
          63.7239602
        ]
      },
      "properties": {
        "id": 6817570380,
        "osm_type": "node",
        "name": "Munkeby Herberge",
        "tourism": "guest_house"
      }
    },
    {
      "type": "Feature",
      "geometry": {
        "type": "Point",
        "coordinates": [
          13.5575339,
          64.8870446
        ]
      },
      "properties": {
        "id": 6817570381,
        "osm_type": "node",
        "name": "Limingen Gjestegård",
        "tourism": "guest_house"
      }
    },
    {
      "type": "Feature",
      "geometry": {
        "type": "Point",
        "coordinates": [
          11.7810774,
          64.8049218
        ]
      },
      "properties": {
        "id": 6817570382,
        "osm_type": "node",
        "name": "Setran Opplevelsesgård",
        "tourism": "guest_house"
      }
    },
    {
      "type": "Feature",
      "geometry": {
        "type": "Point",
        "coordinates": [
          12.2932371,
          64.6318535
        ]
      },
      "properties": {
        "id": 6817570383,
        "osm_type": "node",
        "name": "Børstad gård",
        "tourism": "guest_house"
      }
    },
    {
      "type": "Feature",
      "geometry": {
        "type": "Point",
        "coordinates": [
          11.387914,
          62.572287
        ]
      },
      "properties": {
        "id": 6817570384,
        "osm_type": "node",
        "name": "Solheim pensjonat",
        "tourism": "guest_house",
        "phone": "+47 95 52 37 06",
        "website": "https://www.solheimpensjonat.no",
        "check_date": "2025-07-19"
      }
    },
    {
      "type": "Feature",
      "geometry": {
        "type": "Point",
        "coordinates": [
          9.7046801,
          63.1242581
        ]
      },
      "properties": {
        "id": 6817588285,
        "osm_type": "node",
        "name": "Bergmannskroa",
        "tourism": "guest_house"
      }
    },
    {
      "type": "Feature",
      "geometry": {
        "type": "Point",
        "coordinates": [
          9.7037628,
          63.1247746
        ]
      },
      "properties": {
        "id": 6817588286,
        "osm_type": "node",
        "name": "Orkla Gjestebolig",
        "tourism": "guest_house",
        "website": "https://www.lokkenverk.no/orkla-gjestebolig"
      }
    },
    {
      "type": "Feature",
      "geometry": {
        "type": "Point",
        "coordinates": [
          8.977316,
          63.601412
        ]
      },
      "properties": {
        "id": 6817588287,
        "osm_type": "node",
        "name": "Hjorten hotell Hitra",
        "tourism": "hotel",
        "phone": "+47 40 44 50 10",
        "website": "https://www.hjortenhotell.no/"
      }
    },
    {
      "type": "Feature",
      "geometry": {
        "type": "Point",
        "coordinates": [
          12.1808284,
          64.9607164
        ]
      },
      "properties": {
        "id": 6817588288,
        "osm_type": "node",
        "name": "Foldereid Gjestehus",
        "tourism": "guest_house"
      }
    },
    {
      "type": "Feature",
      "geometry": {
        "type": "Point",
        "coordinates": [
          11.1364755,
          63.7063027
        ]
      },
      "properties": {
        "id": 6817588289,
        "osm_type": "node",
        "name": "Laberget leirsted",
        "tourism": "guest_house"
      }
    },
    {
      "type": "Feature",
      "geometry": {
        "type": "Point",
        "coordinates": [
          11.263175,
          63.8785575
        ]
      },
      "properties": {
        "id": 6817588290,
        "osm_type": "node",
        "name": "Husfrua Gårdshotell",
        "tourism": "guest_house"
      }
    },
    {
      "type": "Feature",
      "geometry": {
        "type": "Point",
        "coordinates": [
          11.3294953,
          64.8195366
        ]
      },
      "properties": {
        "id": 6817588291,
        "osm_type": "node",
        "name": "Folkestad Overnatting",
        "tourism": "apartment"
      }
    },
    {
      "type": "Feature",
      "geometry": {
        "type": "Point",
        "coordinates": [
          11.4926541,
          64.4677572
        ]
      },
      "properties": {
        "id": 6817588292,
        "osm_type": "node",
        "name": "Tinos hotell",
        "tourism": "hotel",
        "check_date": "2025-12-26"
      }
    },
    {
      "type": "Feature",
      "geometry": {
        "type": "Point",
        "coordinates": [
          9.6928221,
          62.5930544
        ]
      },
      "properties": {
        "id": 6817588293,
        "osm_type": "node",
        "name": "Oppdal Turisthotell",
        "tourism": "hotel",
        "website": "https://www.oppdalturisthotell.com/"
      }
    },
    {
      "type": "Feature",
      "geometry": {
        "type": "Point",
        "coordinates": [
          9.0778694,
          63.6632497
        ]
      },
      "properties": {
        "id": 6817588295,
        "osm_type": "node",
        "name": "Knarren Brygge",
        "tourism": "apartment"
      }
    },
    {
      "type": "Feature",
      "geometry": {
        "type": "Point",
        "coordinates": [
          11.3047479,
          63.8654493
        ]
      },
      "properties": {
        "id": 6817588296,
        "osm_type": "node",
        "name": "Saga Overnatting",
        "tourism": "apartment"
      }
    },
    {
      "type": "Feature",
      "geometry": {
        "type": "Point",
        "coordinates": [
          13.7978853,
          65.0520614
        ]
      },
      "properties": {
        "id": 7661727677,
        "osm_type": "node",
        "name": "Viermahytta",
        "tourism": "chalet"
      }
    },
    {
      "type": "Feature",
      "geometry": {
        "type": "Point",
        "coordinates": [
          9.5872893,
          63.1934691
        ]
      },
      "properties": {
        "id": 7813416122,
        "osm_type": "node",
        "tourism": "camp_site"
      }
    },
    {
      "type": "Feature",
      "geometry": {
        "type": "Point",
        "coordinates": [
          11.379191,
          62.5717087
        ]
      },
      "properties": {
        "id": 7844035785,
        "osm_type": "node",
        "tourism": "caravan_site"
      }
    },
    {
      "type": "Feature",
      "geometry": {
        "type": "Point",
        "coordinates": [
          13.4242107,
          65.0880327
        ]
      },
      "properties": {
        "id": 7872512685,
        "osm_type": "node",
        "name": "Skogstua",
        "tourism": "chalet"
      }
    },
    {
      "type": "Feature",
      "geometry": {
        "type": "Point",
        "coordinates": [
          13.4247008,
          65.0873919
        ]
      },
      "properties": {
        "id": 7872513285,
        "osm_type": "node",
        "name": "Namskrokhytta",
        "tourism": "chalet"
      }
    },
    {
      "type": "Feature",
      "geometry": {
        "type": "Point",
        "coordinates": [
          10.54691,
          64.29088
        ]
      },
      "properties": {
        "id": 8123309816,
        "osm_type": "node",
        "name": "Nordmeland Gårdshotell",
        "tourism": "motel",
        "phone": "+47 90 82 14 15",
        "website": "https://nordmeland.no/"
      }
    },
    {
      "type": "Feature",
      "geometry": {
        "type": "Point",
        "coordinates": [
          10.284619,
          63.28499
        ]
      },
      "properties": {
        "id": 8692824317,
        "osm_type": "node",
        "name": "Daniel's Hjem",
        "tourism": "hostel",
        "phone": "+47 98 35 88 65"
      }
    },
    {
      "type": "Feature",
      "geometry": {
        "type": "Point",
        "coordinates": [
          10.286044,
          63.285482
        ]
      },
      "properties": {
        "id": 8692824517,
        "osm_type": "node",
        "name": "Daniel's Hjem",
        "tourism": "hostel",
        "phone": "+47 98 35 88 65"
      }
    },
    {
      "type": "Feature",
      "geometry": {
        "type": "Point",
        "coordinates": [
          10.2959389,
          63.2957965
        ]
      },
      "properties": {
        "id": 8703951737,
        "osm_type": "node",
        "name": "Karivollen",
        "tourism": "hotel",
        "website": "https://karivollen.no/"
      }
    },
    {
      "type": "Feature",
      "geometry": {
        "type": "Point",
        "coordinates": [
          10.0920045,
          63.7435903
        ]
      },
      "properties": {
        "id": 8971846819,
        "osm_type": "node",
        "tourism": "caravan_site"
      }
    },
    {
      "type": "Feature",
      "geometry": {
        "type": "Point",
        "coordinates": [
          11.9374635,
          62.4270178
        ]
      },
      "properties": {
        "id": 8984060523,
        "osm_type": "node",
        "name": "Nordviksanden",
        "tourism": "chalet",
        "website": "https://www.inatur.no/hytte/5d0a15dd37890700034ae74a"
      }
    },
    {
      "type": "Feature",
      "geometry": {
        "type": "Point",
        "coordinates": [
          9.3893428,
          63.2282954
        ]
      },
      "properties": {
        "id": 9017984300,
        "osm_type": "node",
        "name": "Ellingsgården",
        "tourism": "camp_site"
      }
    },
    {
      "type": "Feature",
      "geometry": {
        "type": "Point",
        "coordinates": [
          9.7909076,
          62.922821
        ]
      },
      "properties": {
        "id": 9040020597,
        "osm_type": "node",
        "name": "Ry Herberge",
        "tourism": "guest_house"
      }
    },
    {
      "type": "Feature",
      "geometry": {
        "type": "Point",
        "coordinates": [
          12.6194083,
          64.0603314
        ]
      },
      "properties": {
        "id": 9051595334,
        "osm_type": "node",
        "name": "Ryplia",
        "tourism": "chalet"
      }
    },
    {
      "type": "Feature",
      "geometry": {
        "type": "Point",
        "coordinates": [
          10.3892014,
          63.4306834
        ]
      },
      "properties": {
        "id": 9153258063,
        "osm_type": "node",
        "name": "Pensjonat Jarlen",
        "tourism": "guest_house",
        "phone": "+47 73 51 32 18",
        "website": "http://jarlen.no"
      }
    },
    {
      "type": "Feature",
      "geometry": {
        "type": "Point",
        "coordinates": [
          9.7140115,
          63.6146652
        ]
      },
      "properties": {
        "id": 9427514697,
        "osm_type": "node",
        "name": "Selva Kro og Motell",
        "tourism": "motel"
      }
    },
    {
      "type": "Feature",
      "geometry": {
        "type": "Point",
        "coordinates": [
          12.049577,
          64.4672
        ]
      },
      "properties": {
        "id": 9751820506,
        "osm_type": "node",
        "name": "Namsen Salmon & Train Experience",
        "tourism": "hotel",
        "website": "https://www.nste.no/"
      }
    },
    {
      "type": "Feature",
      "geometry": {
        "type": "Point",
        "coordinates": [
          9.5089021,
          62.8623199
        ]
      },
      "properties": {
        "id": 9809293378,
        "osm_type": "node",
        "name": "Jøldalshytta",
        "tourism": "alpine_hut",
        "website": "https://ut.no/hytte/joeldalshytta"
      }
    },
    {
      "type": "Feature",
      "geometry": {
        "type": "Point",
        "coordinates": [
          12.1848894,
          64.0660663
        ]
      },
      "properties": {
        "id": 9809293385,
        "osm_type": "node",
        "name": "Holsingseteren",
        "tourism": "guest_house"
      }
    },
    {
      "type": "Feature",
      "geometry": {
        "type": "Point",
        "coordinates": [
          13.2305737,
          64.9188644
        ]
      },
      "properties": {
        "id": 9833704237,
        "osm_type": "node",
        "name": "Sandåstua",
        "tourism": "chalet"
      }
    },
    {
      "type": "Feature",
      "geometry": {
        "type": "Point",
        "coordinates": [
          12.7961979,
          64.6074145
        ]
      },
      "properties": {
        "id": 9833704241,
        "osm_type": "node",
        "name": "Heimdalstangen",
        "tourism": "chalet"
      }
    },
    {
      "type": "Feature",
      "geometry": {
        "type": "Point",
        "coordinates": [
          13.6298795,
          64.1237874
        ]
      },
      "properties": {
        "id": 9833704242,
        "osm_type": "node",
        "name": "Tjønndalshytta",
        "tourism": "chalet"
      }
    },
    {
      "type": "Feature",
      "geometry": {
        "type": "Point",
        "coordinates": [
          13.581145,
          64.9898653
        ]
      },
      "properties": {
        "id": 9833704246,
        "osm_type": "node",
        "name": "Børgefjellbua",
        "tourism": "chalet"
      }
    },
    {
      "type": "Feature",
      "geometry": {
        "type": "Point",
        "coordinates": [
          12.1538753,
          64.3369437
        ]
      },
      "properties": {
        "id": 9833704248,
        "osm_type": "node",
        "name": "Østre Bangsjøhytta",
        "tourism": "chalet"
      }
    },
    {
      "type": "Feature",
      "geometry": {
        "type": "Point",
        "coordinates": [
          12.0773211,
          64.3901948
        ]
      },
      "properties": {
        "id": 9833704251,
        "osm_type": "node",
        "name": "Grytsjøstu",
        "tourism": "chalet"
      }
    },
    {
      "type": "Feature",
      "geometry": {
        "type": "Point",
        "coordinates": [
          10.7956117,
          62.690041
        ]
      },
      "properties": {
        "id": 9833704253,
        "osm_type": "node",
        "name": "Hognabua",
        "tourism": "chalet"
      }
    },
    {
      "type": "Feature",
      "geometry": {
        "type": "Point",
        "coordinates": [
          13.9473986,
          64.4871126
        ]
      },
      "properties": {
        "id": 9833704254,
        "osm_type": "node",
        "name": "Asptangen",
        "tourism": "chalet"
      }
    },
    {
      "type": "Feature",
      "geometry": {
        "type": "Point",
        "coordinates": [
          12.0503339,
          63.5953722
        ]
      },
      "properties": {
        "id": 9833704256,
        "osm_type": "node",
        "name": "Sulsjøhytta",
        "tourism": "chalet"
      }
    },
    {
      "type": "Feature",
      "geometry": {
        "type": "Point",
        "coordinates": [
          12.1382531,
          64.0111061
        ]
      },
      "properties": {
        "id": 9833704260,
        "osm_type": "node",
        "name": "Lustadstua",
        "tourism": "chalet"
      }
    },
    {
      "type": "Feature",
      "geometry": {
        "type": "Point",
        "coordinates": [
          12.8051216,
          64.5044624
        ]
      },
      "properties": {
        "id": 9833704261,
        "osm_type": "node",
        "name": "Geitingvasshytta",
        "tourism": "chalet"
      }
    },
    {
      "type": "Feature",
      "geometry": {
        "type": "Point",
        "coordinates": [
          11.9349718,
          64.6266612
        ]
      },
      "properties": {
        "id": 9833704262,
        "osm_type": "node",
        "name": "Salfjellstu",
        "tourism": "chalet"
      }
    },
    {
      "type": "Feature",
      "geometry": {
        "type": "Point",
        "coordinates": [
          11.0095027,
          64.2089969
        ]
      },
      "properties": {
        "id": 9833704264,
        "osm_type": "node",
        "name": "Nystua",
        "tourism": "chalet"
      }
    },
    {
      "type": "Feature",
      "geometry": {
        "type": "Point",
        "coordinates": [
          12.929696,
          64.219268
        ]
      },
      "properties": {
        "id": 9833704265,
        "osm_type": "node",
        "name": "Seisjøen skogstue",
        "tourism": "chalet"
      }
    },
    {
      "type": "Feature",
      "geometry": {
        "type": "Point",
        "coordinates": [
          13.1806909,
          64.9973509
        ]
      },
      "properties": {
        "id": 9833704268,
        "osm_type": "node",
        "name": "Bernehytta",
        "tourism": "chalet"
      }
    },
    {
      "type": "Feature",
      "geometry": {
        "type": "Point",
        "coordinates": [
          13.2146996,
          65.0605387
        ]
      },
      "properties": {
        "id": 9833704272,
        "osm_type": "node",
        "name": "Litlgåsvassbua",
        "tourism": "chalet"
      }
    },
    {
      "type": "Feature",
      "geometry": {
        "type": "Point",
        "coordinates": [
          12.8644828,
          64.2806057
        ]
      },
      "properties": {
        "id": 9833704275,
        "osm_type": "node",
        "name": "Andorsjøhytta",
        "tourism": "chalet"
      }
    },
    {
      "type": "Feature",
      "geometry": {
        "type": "Point",
        "coordinates": [
          12.1143829,
          64.0659592
        ]
      },
      "properties": {
        "id": 9833704277,
        "osm_type": "node",
        "name": "Brannåstua",
        "tourism": "chalet"
      }
    },
    {
      "type": "Feature",
      "geometry": {
        "type": "Point",
        "coordinates": [
          10.8654767,
          62.9502337
        ]
      },
      "properties": {
        "id": 9833704278,
        "osm_type": "node",
        "name": "Skjulosvollen",
        "tourism": "chalet"
      }
    },
    {
      "type": "Feature",
      "geometry": {
        "type": "Point",
        "coordinates": [
          13.8965457,
          64.4394911
        ]
      },
      "properties": {
        "id": 9833704280,
        "osm_type": "node",
        "name": "Gamle jakthytta",
        "tourism": "chalet"
      }
    },
    {
      "type": "Feature",
      "geometry": {
        "type": "Point",
        "coordinates": [
          13.1816085,
          64.9969738
        ]
      },
      "properties": {
        "id": 9833704288,
        "osm_type": "node",
        "name": "Frøyningsheimen",
        "tourism": "chalet"
      }
    },
    {
      "type": "Feature",
      "geometry": {
        "type": "Point",
        "coordinates": [
          11.836645,
          64.3506736
        ]
      },
      "properties": {
        "id": 9833704289,
        "osm_type": "node",
        "name": "Framnes",
        "tourism": "chalet"
      }
    },
    {
      "type": "Feature",
      "geometry": {
        "type": "Point",
        "coordinates": [
          12.3609567,
          64.0393822
        ]
      },
      "properties": {
        "id": 9833704290,
        "osm_type": "node",
        "name": "Nåvasshytta",
        "tourism": "chalet"
      }
    },
    {
      "type": "Feature",
      "geometry": {
        "type": "Point",
        "coordinates": [
          12.8947503,
          64.0633041
        ]
      },
      "properties": {
        "id": 9833704293,
        "osm_type": "node",
        "name": "Holden fjellgård (Rødstua/Buret)",
        "tourism": "chalet"
      }
    },
    {
      "type": "Feature",
      "geometry": {
        "type": "Point",
        "coordinates": [
          11.0041805,
          62.9416695
        ]
      },
      "properties": {
        "id": 9833704294,
        "osm_type": "node",
        "name": "Kløftvollen",
        "tourism": "chalet"
      }
    },
    {
      "type": "Feature",
      "geometry": {
        "type": "Point",
        "coordinates": [
          13.966759,
          64.236832
        ]
      },
      "properties": {
        "id": 9833704298,
        "osm_type": "node",
        "name": "Strivasshytta",
        "tourism": "chalet"
      }
    },
    {
      "type": "Feature",
      "geometry": {
        "type": "Point",
        "coordinates": [
          13.2672925,
          65.1020873
        ]
      },
      "properties": {
        "id": 9833704299,
        "osm_type": "node",
        "name": "Storholmhytta",
        "tourism": "chalet"
      }
    },
    {
      "type": "Feature",
      "geometry": {
        "type": "Point",
        "coordinates": [
          12.0531002,
          63.7239317
        ]
      },
      "properties": {
        "id": 9833704301,
        "osm_type": "node",
        "name": "Kvernfosshytta",
        "tourism": "chalet",
        "website": "https://www.inatur.no/hytte/571a13c6e4b097d3400cc36a/kvernfosshytta-lita-og-trivelig-hytte-vel-1-km-vest-for-kvernsjoen-i-kverndal-statsalmenning#"
      }
    },
    {
      "type": "Feature",
      "geometry": {
        "type": "Point",
        "coordinates": [
          10.451402,
          63.8726962
        ]
      },
      "properties": {
        "id": 9833704304,
        "osm_type": "node",
        "name": "Reinsjøbu",
        "tourism": "chalet"
      }
    },
    {
      "type": "Feature",
      "geometry": {
        "type": "Point",
        "coordinates": [
          13.4573174,
          64.2922072
        ]
      },
      "properties": {
        "id": 9833704307,
        "osm_type": "node",
        "name": "Guslihytta",
        "tourism": "chalet"
      }
    },
    {
      "type": "Feature",
      "geometry": {
        "type": "Point",
        "coordinates": [
          12.7175306,
          64.2118691
        ]
      },
      "properties": {
        "id": 9833704312,
        "osm_type": "node",
        "name": "Øydinghytta",
        "tourism": "chalet"
      }
    },
    {
      "type": "Feature",
      "geometry": {
        "type": "Point",
        "coordinates": [
          12.7276531,
          64.2694238
        ]
      },
      "properties": {
        "id": 9833704313,
        "osm_type": "node",
        "name": "Almoseteren",
        "tourism": "chalet"
      }
    },
    {
      "type": "Feature",
      "geometry": {
        "type": "Point",
        "coordinates": [
          13.3253287,
          65.0536568
        ]
      },
      "properties": {
        "id": 9833704318,
        "osm_type": "node",
        "name": "Snåsamostua",
        "tourism": "chalet"
      }
    },
    {
      "type": "Feature",
      "geometry": {
        "type": "Point",
        "coordinates": [
          11.8986924,
          64.0620538
        ]
      },
      "properties": {
        "id": 9833704321,
        "osm_type": "node",
        "name": "Hatlingseteren",
        "tourism": "chalet"
      }
    },
    {
      "type": "Feature",
      "geometry": {
        "type": "Point",
        "coordinates": [
          12.7463004,
          64.5327266
        ]
      },
      "properties": {
        "id": 9833704322,
        "osm_type": "node",
        "name": "Nesådalshytta",
        "tourism": "chalet"
      }
    },
    {
      "type": "Feature",
      "geometry": {
        "type": "Point",
        "coordinates": [
          10.8277571,
          63.0629831
        ]
      },
      "properties": {
        "id": 9833704325,
        "osm_type": "node",
        "name": "Hultsjøen",
        "tourism": "chalet"
      }
    },
    {
      "type": "Feature",
      "geometry": {
        "type": "Point",
        "coordinates": [
          13.9726921,
          64.4233935
        ]
      },
      "properties": {
        "id": 9833704326,
        "osm_type": "node",
        "name": "Rauberghytta",
        "tourism": "chalet"
      }
    },
    {
      "type": "Feature",
      "geometry": {
        "type": "Point",
        "coordinates": [
          11.8425643,
          63.31918
        ]
      },
      "properties": {
        "id": 9833704329,
        "osm_type": "node",
        "name": "Stordalshytta",
        "tourism": "chalet"
      }
    },
    {
      "type": "Feature",
      "geometry": {
        "type": "Point",
        "coordinates": [
          10.02622,
          62.4943787
        ]
      },
      "properties": {
        "id": 9833704333,
        "osm_type": "node",
        "name": "Vesle Orkelsjøhytta",
        "tourism": "chalet"
      }
    },
    {
      "type": "Feature",
      "geometry": {
        "type": "Point",
        "coordinates": [
          14.0044136,
          64.4181669
        ]
      },
      "properties": {
        "id": 9833704335,
        "osm_type": "node",
        "name": "Fiskløyshytta",
        "tourism": "chalet"
      }
    },
    {
      "type": "Feature",
      "geometry": {
        "type": "Point",
        "coordinates": [
          13.135173,
          65.0528229
        ]
      },
      "properties": {
        "id": 9833704337,
        "osm_type": "node",
        "name": "Stordalshytta",
        "tourism": "chalet"
      }
    },
    {
      "type": "Feature",
      "geometry": {
        "type": "Point",
        "coordinates": [
          11.7457631,
          63.3496073
        ]
      },
      "properties": {
        "id": 9833704338,
        "osm_type": "node",
        "name": "Fossvatnhytta",
        "tourism": "chalet"
      }
    },
    {
      "type": "Feature",
      "geometry": {
        "type": "Point",
        "coordinates": [
          11.5581624,
          63.6525616
        ]
      },
      "properties": {
        "id": 9833704339,
        "osm_type": "node",
        "name": "Frolfjellstuggu",
        "tourism": "chalet"
      }
    },
    {
      "type": "Feature",
      "geometry": {
        "type": "Point",
        "coordinates": [
          12.855863,
          64.5654215
        ]
      },
      "properties": {
        "id": 9833704343,
        "osm_type": "node",
        "name": "Finnsela",
        "tourism": "chalet"
      }
    },
    {
      "type": "Feature",
      "geometry": {
        "type": "Point",
        "coordinates": [
          13.1261422,
          64.4104884
        ]
      },
      "properties": {
        "id": 9833704348,
        "osm_type": "node",
        "name": "Almdalshytta",
        "tourism": "chalet"
      }
    },
    {
      "type": "Feature",
      "geometry": {
        "type": "Point",
        "coordinates": [
          11.4397979,
          64.2757824
        ]
      },
      "properties": {
        "id": 9833704349,
        "osm_type": "node",
        "name": "Skatlandstrand",
        "tourism": "chalet"
      }
    },
    {
      "type": "Feature",
      "geometry": {
        "type": "Point",
        "coordinates": [
          13.2310335,
          64.9189429
        ]
      },
      "properties": {
        "id": 9833704353,
        "osm_type": "node",
        "name": "Mattisstua",
        "tourism": "chalet"
      }
    },
    {
      "type": "Feature",
      "geometry": {
        "type": "Point",
        "coordinates": [
          11.9937767,
          64.2633553
        ]
      },
      "properties": {
        "id": 9833704355,
        "osm_type": "node",
        "name": "Ytre Bangsjøhytta",
        "tourism": "chalet"
      }
    },
    {
      "type": "Feature",
      "geometry": {
        "type": "Point",
        "coordinates": [
          12.0135844,
          64.6059025
        ]
      },
      "properties": {
        "id": 9833704360,
        "osm_type": "node",
        "name": "Lønntoppstu",
        "tourism": "chalet"
      }
    },
    {
      "type": "Feature",
      "geometry": {
        "type": "Point",
        "coordinates": [
          10.9003154,
          63.0592147
        ]
      },
      "properties": {
        "id": 9833704363,
        "osm_type": "node",
        "name": "Hukkelvatna",
        "tourism": "chalet"
      }
    },
    {
      "type": "Feature",
      "geometry": {
        "type": "Point",
        "coordinates": [
          13.4090002,
          64.2351889
        ]
      },
      "properties": {
        "id": 9833704364,
        "osm_type": "node",
        "name": "Lakavasshytta",
        "tourism": "chalet"
      }
    },
    {
      "type": "Feature",
      "geometry": {
        "type": "Point",
        "coordinates": [
          12.7438812,
          64.4992754
        ]
      },
      "properties": {
        "id": 9833704370,
        "osm_type": "node",
        "name": "Brennmoplassen",
        "tourism": "chalet"
      }
    },
    {
      "type": "Feature",
      "geometry": {
        "type": "Point",
        "coordinates": [
          12.3022207,
          63.9541461
        ]
      },
      "properties": {
        "id": 9833704371,
        "osm_type": "node",
        "name": "Skjækerosstu",
        "tourism": "chalet"
      }
    },
    {
      "type": "Feature",
      "geometry": {
        "type": "Point",
        "coordinates": [
          12.106005,
          64.367598
        ]
      },
      "properties": {
        "id": 9833704374,
        "osm_type": "node",
        "name": "Reinsjøbu",
        "tourism": "chalet"
      }
    },
    {
      "type": "Feature",
      "geometry": {
        "type": "Point",
        "coordinates": [
          11.4567692,
          64.2333478
        ]
      },
      "properties": {
        "id": 9833704377,
        "osm_type": "node",
        "name": "Giltelvstua",
        "tourism": "chalet"
      }
    },
    {
      "type": "Feature",
      "geometry": {
        "type": "Point",
        "coordinates": [
          12.9165651,
          64.2266951
        ]
      },
      "properties": {
        "id": 9833704379,
        "osm_type": "node",
        "name": "Seisjøen jaktstue",
        "tourism": "chalet"
      }
    },
    {
      "type": "Feature",
      "geometry": {
        "type": "Point",
        "coordinates": [
          9.8725365,
          62.5130882
        ]
      },
      "properties": {
        "id": 9833704382,
        "osm_type": "node",
        "name": "Orkelsjøhytta OBA",
        "tourism": "chalet"
      }
    },
    {
      "type": "Feature",
      "geometry": {
        "type": "Point",
        "coordinates": [
          13.0845123,
          64.8294698
        ]
      },
      "properties": {
        "id": 9833704384,
        "osm_type": "node",
        "name": "Westinhytta",
        "tourism": "chalet"
      }
    },
    {
      "type": "Feature",
      "geometry": {
        "type": "Point",
        "coordinates": [
          12.9097515,
          64.344053
        ]
      },
      "properties": {
        "id": 9833704385,
        "osm_type": "node",
        "name": "Grisbakkhytta",
        "tourism": "chalet"
      }
    },
    {
      "type": "Feature",
      "geometry": {
        "type": "Point",
        "coordinates": [
          11.9065956,
          64.271294
        ]
      },
      "properties": {
        "id": 9833704386,
        "osm_type": "node",
        "name": "Bangsjøstua",
        "tourism": "chalet"
      }
    },
    {
      "type": "Feature",
      "geometry": {
        "type": "Point",
        "coordinates": [
          10.8455628,
          62.8216747
        ]
      },
      "properties": {
        "id": 9833704387,
        "osm_type": "node",
        "name": "Nekjåhytta",
        "tourism": "chalet"
      }
    },
    {
      "type": "Feature",
      "geometry": {
        "type": "Point",
        "coordinates": [
          13.8421204,
          64.2154976
        ]
      },
      "properties": {
        "id": 9833704388,
        "osm_type": "node",
        "name": "Lenglinghytta",
        "tourism": "chalet"
      }
    },
    {
      "type": "Feature",
      "geometry": {
        "type": "Point",
        "coordinates": [
          13.2821424,
          65.0851618
        ]
      },
      "properties": {
        "id": 9833704389,
        "osm_type": "node",
        "name": "Mellingenhytta",
        "tourism": "chalet"
      }
    },
    {
      "type": "Feature",
      "geometry": {
        "type": "Point",
        "coordinates": [
          11.8491751,
          62.4847486
        ]
      },
      "properties": {
        "id": 9833704392,
        "osm_type": "node",
        "name": "Feragsdambua",
        "tourism": "chalet"
      }
    },
    {
      "type": "Feature",
      "geometry": {
        "type": "Point",
        "coordinates": [
          11.981372,
          64.3167693
        ]
      },
      "properties": {
        "id": 9833704394,
        "osm_type": "node",
        "name": "Bangsjøbu",
        "tourism": "chalet"
      }
    },
    {
      "type": "Feature",
      "geometry": {
        "type": "Point",
        "coordinates": [
          12.8718247,
          64.1358495
        ]
      },
      "properties": {
        "id": 9833704395,
        "osm_type": "node",
        "name": "Langvasshytta",
        "tourism": "chalet"
      }
    },
    {
      "type": "Feature",
      "geometry": {
        "type": "Point",
        "coordinates": [
          12.6772247,
          64.0181341
        ]
      },
      "properties": {
        "id": 9833704396,
        "osm_type": "node",
        "name": "Potetbakken",
        "tourism": "chalet"
      }
    },
    {
      "type": "Feature",
      "geometry": {
        "type": "Point",
        "coordinates": [
          13.7765029,
          64.3215244
        ]
      },
      "properties": {
        "id": 9833704402,
        "osm_type": "node",
        "name": "Langlihytta",
        "tourism": "chalet"
      }
    },
    {
      "type": "Feature",
      "geometry": {
        "type": "Point",
        "coordinates": [
          13.1995502,
          65.0527044
        ]
      },
      "properties": {
        "id": 9833704404,
        "osm_type": "node",
        "name": "Storgåsvassbua",
        "tourism": "chalet"
      }
    },
    {
      "type": "Feature",
      "geometry": {
        "type": "Point",
        "coordinates": [
          12.7110301,
          64.5022268
        ]
      },
      "properties": {
        "id": 9833704405,
        "osm_type": "node",
        "name": "Trekvitla",
        "tourism": "chalet"
      }
    },
    {
      "type": "Feature",
      "geometry": {
        "type": "Point",
        "coordinates": [
          10.6636109,
          64.0778691
        ]
      },
      "properties": {
        "id": 9833704406,
        "osm_type": "node",
        "name": "Botnstua",
        "tourism": "chalet"
      }
    },
    {
      "type": "Feature",
      "geometry": {
        "type": "Point",
        "coordinates": [
          11.1063016,
          62.740641
        ]
      },
      "properties": {
        "id": 9833704407,
        "osm_type": "node",
        "name": "UFOhytta",
        "tourism": "chalet"
      }
    },
    {
      "type": "Feature",
      "geometry": {
        "type": "Point",
        "coordinates": [
          13.7908585,
          64.0581948
        ]
      },
      "properties": {
        "id": 9833704409,
        "osm_type": "node",
        "name": "Arvasslihytta",
        "tourism": "chalet"
      }
    },
    {
      "type": "Feature",
      "geometry": {
        "type": "Point",
        "coordinates": [
          13.1428373,
          64.8164617
        ]
      },
      "properties": {
        "id": 9833704410,
        "osm_type": "node",
        "name": "Tromsdalshytta",
        "tourism": "chalet"
      }
    },
    {
      "type": "Feature",
      "geometry": {
        "type": "Point",
        "coordinates": [
          12.332474,
          64.1064365
        ]
      },
      "properties": {
        "id": 9833704411,
        "osm_type": "node",
        "name": "Roktsjøhytta",
        "tourism": "chalet"
      }
    },
    {
      "type": "Feature",
      "geometry": {
        "type": "Point",
        "coordinates": [
          14.0785903,
          64.9671261
        ]
      },
      "properties": {
        "id": 9833704413,
        "osm_type": "node",
        "name": "Orvasshyttene",
        "tourism": "chalet"
      }
    },
    {
      "type": "Feature",
      "geometry": {
        "type": "Point",
        "coordinates": [
          11.753648,
          64.3554987
        ]
      },
      "properties": {
        "id": 9833704414,
        "osm_type": "node",
        "name": "Svolti-feskstu",
        "tourism": "chalet"
      }
    },
    {
      "type": "Feature",
      "geometry": {
        "type": "Point",
        "coordinates": [
          10.7108409,
          63.0720792
        ]
      },
      "properties": {
        "id": 9833704415,
        "osm_type": "node",
        "name": "Samsjøbua",
        "tourism": "chalet"
      }
    },
    {
      "type": "Feature",
      "geometry": {
        "type": "Point",
        "coordinates": [
          11.5593769,
          63.3051018
        ]
      },
      "properties": {
        "id": 9833704420,
        "osm_type": "node",
        "name": "Klepptjønnhytta",
        "tourism": "chalet"
      }
    },
    {
      "type": "Feature",
      "geometry": {
        "type": "Point",
        "coordinates": [
          12.785017,
          64.3609891
        ]
      },
      "properties": {
        "id": 9833704423,
        "osm_type": "node",
        "name": "Kleivstua",
        "tourism": "chalet"
      }
    },
    {
      "type": "Feature",
      "geometry": {
        "type": "Point",
        "coordinates": [
          9.2929729,
          62.405076
        ]
      },
      "properties": {
        "id": 9833704426,
        "osm_type": "node",
        "name": "Jervbua",
        "tourism": "chalet"
      }
    },
    {
      "type": "Feature",
      "geometry": {
        "type": "Point",
        "coordinates": [
          13.136286,
          65.0583268
        ]
      },
      "properties": {
        "id": 9833704428,
        "osm_type": "node",
        "name": "Stordalsbua",
        "tourism": "chalet"
      }
    },
    {
      "type": "Feature",
      "geometry": {
        "type": "Point",
        "coordinates": [
          13.1917174,
          64.5175359
        ]
      },
      "properties": {
        "id": 9833704429,
        "osm_type": "node",
        "name": "Kviltjønnhytta",
        "tourism": "chalet"
      }
    },
    {
      "type": "Feature",
      "geometry": {
        "type": "Point",
        "coordinates": [
          10.2395962,
          62.7017371
        ]
      },
      "properties": {
        "id": 9833704432,
        "osm_type": "node",
        "name": "Storhøbua",
        "tourism": "chalet"
      }
    },
    {
      "type": "Feature",
      "geometry": {
        "type": "Point",
        "coordinates": [
          13.2701487,
          65.0919035
        ]
      },
      "properties": {
        "id": 9833704433,
        "osm_type": "node",
        "name": "Langholmhytta",
        "tourism": "chalet"
      }
    },
    {
      "type": "Feature",
      "geometry": {
        "type": "Point",
        "coordinates": [
          12.2190104,
          64.3301559
        ]
      },
      "properties": {
        "id": 9833704435,
        "osm_type": "node",
        "name": "Kvernsjøhytta",
        "tourism": "chalet"
      }
    },
    {
      "type": "Feature",
      "geometry": {
        "type": "Point",
        "coordinates": [
          13.4682909,
          64.2035962
        ]
      },
      "properties": {
        "id": 9833704440,
        "osm_type": "node",
        "name": "Grubbstuggu",
        "tourism": "chalet"
      }
    },
    {
      "type": "Feature",
      "geometry": {
        "type": "Point",
        "coordinates": [
          12.804381,
          64.6032316
        ]
      },
      "properties": {
        "id": 9833704443,
        "osm_type": "node",
        "name": "Heimdalsvasshytta",
        "tourism": "chalet"
      }
    },
    {
      "type": "Feature",
      "geometry": {
        "type": "Point",
        "coordinates": [
          12.7700387,
          64.3673541
        ]
      },
      "properties": {
        "id": 9833704445,
        "osm_type": "node",
        "name": "Dalvasshytta",
        "tourism": "chalet"
      }
    },
    {
      "type": "Feature",
      "geometry": {
        "type": "Point",
        "coordinates": [
          9.9472053,
          63.1117102
        ]
      },
      "properties": {
        "id": 9833704446,
        "osm_type": "node",
        "name": "Ellingsvatnet",
        "tourism": "chalet",
        "check_date": "2025-03-16"
      }
    },
    {
      "type": "Feature",
      "geometry": {
        "type": "Point",
        "coordinates": [
          13.3031321,
          64.966049
        ]
      },
      "properties": {
        "id": 9833704448,
        "osm_type": "node",
        "name": "Finntjønnhytta",
        "tourism": "chalet"
      }
    },
    {
      "type": "Feature",
      "geometry": {
        "type": "Point",
        "coordinates": [
          11.8814848,
          62.4161275
        ]
      },
      "properties": {
        "id": 9833704450,
        "osm_type": "node",
        "name": "Synnervika",
        "tourism": "chalet"
      }
    },
    {
      "type": "Feature",
      "geometry": {
        "type": "Point",
        "coordinates": [
          11.5461592,
          64.1988066
        ]
      },
      "properties": {
        "id": 9833704451,
        "osm_type": "node",
        "name": "Giltseterstua",
        "tourism": "chalet"
      }
    },
    {
      "type": "Feature",
      "geometry": {
        "type": "Point",
        "coordinates": [
          12.9263352,
          64.0833988
        ]
      },
      "properties": {
        "id": 9833704453,
        "osm_type": "node",
        "name": "Raudtjønnstua",
        "tourism": "chalet"
      }
    },
    {
      "type": "Feature",
      "geometry": {
        "type": "Point",
        "coordinates": [
          11.8585995,
          63.5816788
        ]
      },
      "properties": {
        "id": 9833704457,
        "osm_type": "node",
        "name": "Steinsdalshytta",
        "tourism": "chalet"
      }
    },
    {
      "type": "Feature",
      "geometry": {
        "type": "Point",
        "coordinates": [
          12.7540137,
          64.7385537
        ]
      },
      "properties": {
        "id": 9833704459,
        "osm_type": "node",
        "name": "Osvasstua",
        "tourism": "chalet"
      }
    },
    {
      "type": "Feature",
      "geometry": {
        "type": "Point",
        "coordinates": [
          11.6750896,
          62.4751039
        ]
      },
      "properties": {
        "id": 9833704461,
        "osm_type": "node",
        "name": "Osvoldbua (Osøyvollbua)",
        "tourism": "chalet"
      }
    },
    {
      "type": "Feature",
      "geometry": {
        "type": "Point",
        "coordinates": [
          9.8897593,
          62.4153787
        ]
      },
      "properties": {
        "id": 9833704462,
        "osm_type": "node",
        "name": "Unndalshytta",
        "tourism": "chalet"
      }
    },
    {
      "type": "Feature",
      "geometry": {
        "type": "Point",
        "coordinates": [
          13.921878,
          64.4333533
        ]
      },
      "properties": {
        "id": 9833704464,
        "osm_type": "node",
        "name": "Øvre Jakthytta",
        "tourism": "chalet"
      }
    },
    {
      "type": "Feature",
      "geometry": {
        "type": "Point",
        "coordinates": [
          11.380905,
          62.571175
        ]
      },
      "properties": {
        "id": 9849943719,
        "osm_type": "node",
        "name": "Bobilparkering - Røros IL",
        "tourism": "caravan_site",
        "phone": "+47 40 01 39 75",
        "website": "https://roros-il.no"
      }
    },
    {
      "type": "Feature",
      "geometry": {
        "type": "Point",
        "coordinates": [
          11.7437362,
          63.6530165
        ]
      },
      "properties": {
        "id": 9865423552,
        "osm_type": "node",
        "name": "Grønningen",
        "tourism": "chalet",
        "phone": "+47 74 07 51 30",
        "website": "https://verdalsbruket.no/hytter/gronningen/"
      }
    },
    {
      "type": "Feature",
      "geometry": {
        "type": "Point",
        "coordinates": [
          12.2746281,
          63.7229879
        ]
      },
      "properties": {
        "id": 9865808233,
        "osm_type": "node",
        "name": "Billingen",
        "tourism": "chalet",
        "phone": "+47 74 07 51 30",
        "website": "https://verdalsbruket.no/hytter/billingen/"
      }
    },
    {
      "type": "Feature",
      "geometry": {
        "type": "Point",
        "coordinates": [
          11.432358,
          64.688007
        ]
      },
      "properties": {
        "id": 9911142848,
        "osm_type": "node",
        "name": "Salsnes camping",
        "tourism": "camp_site",
        "tents": "yes"
      }
    },
    {
      "type": "Feature",
      "geometry": {
        "type": "Point",
        "coordinates": [
          12.2142608,
          64.3776437
        ]
      },
      "properties": {
        "id": 10057803258,
        "osm_type": "node",
        "name": "Rundtjønnhytta",
        "tourism": "chalet"
      }
    },
    {
      "type": "Feature",
      "geometry": {
        "type": "Point",
        "coordinates": [
          11.0250512,
          64.2661802
        ]
      },
      "properties": {
        "id": 10059028554,
        "osm_type": "node",
        "name": "Øyenskavelstu",
        "tourism": "chalet"
      }
    },
    {
      "type": "Feature",
      "geometry": {
        "type": "Point",
        "coordinates": [
          11.7122737,
          63.6596212
        ]
      },
      "properties": {
        "id": 10060660500,
        "osm_type": "node",
        "name": "Grønningenhytta",
        "tourism": "chalet",
        "phone": "+47 99 24 17 00",
        "website": "https://www.inatur.no/hytte/571a068de4b097d3400cc310/gronningenhytta-fint-beliggende-300-m-fra-vatnet-gronningen-i-hoas-statsallmenning"
      }
    },
    {
      "type": "Feature",
      "geometry": {
        "type": "Point",
        "coordinates": [
          10.5157346,
          64.0958852
        ]
      },
      "properties": {
        "id": 10063074636,
        "osm_type": "node",
        "name": "Momyra camping",
        "tourism": "caravan_site"
      }
    },
    {
      "type": "Feature",
      "geometry": {
        "type": "Point",
        "coordinates": [
          11.6870263,
          63.8027966
        ]
      },
      "properties": {
        "id": 10073630986,
        "osm_type": "node",
        "name": "Leirsjøhytta",
        "tourism": "chalet"
      }
    },
    {
      "type": "Feature",
      "geometry": {
        "type": "Point",
        "coordinates": [
          11.4606607,
          63.5464506
        ]
      },
      "properties": {
        "id": 10079340376,
        "osm_type": "node",
        "name": "Fremre Almlivoll",
        "tourism": "chalet"
      }
    },
    {
      "type": "Feature",
      "geometry": {
        "type": "Point",
        "coordinates": [
          9.9437573,
          64.0493283
        ]
      },
      "properties": {
        "id": 11071757140,
        "osm_type": "node",
        "tourism": "caravan_site"
      }
    },
    {
      "type": "Feature",
      "geometry": {
        "type": "Point",
        "coordinates": [
          10.4616934,
          64.3488092
        ]
      },
      "properties": {
        "id": 11074036720,
        "osm_type": "node",
        "name": "Vingsand Brygge",
        "tourism": "apartment",
        "website": "https://vingsandbrygge.no/"
      }
    },
    {
      "type": "Feature",
      "geometry": {
        "type": "Point",
        "coordinates": [
          10.9030844,
          63.4711074
        ]
      },
      "properties": {
        "id": 11184655621,
        "osm_type": "node",
        "name": "Sure Hotel Trondheim Airport",
        "tourism": "hotel"
      }
    },
    {
      "type": "Feature",
      "geometry": {
        "type": "Point",
        "coordinates": [
          9.9888852,
          63.4873152
        ]
      },
      "properties": {
        "id": 11234570035,
        "osm_type": "node",
        "name": "Rødberg Bobilcamp",
        "tourism": "caravan_site"
      }
    },
    {
      "type": "Feature",
      "geometry": {
        "type": "Point",
        "coordinates": [
          10.402349,
          63.4330281
        ]
      },
      "properties": {
        "id": 11373501344,
        "osm_type": "node",
        "name": "Comfort Hotel Trondheim",
        "tourism": "hotel",
        "website": "https://trondheimhotell.no/hotell/comfort-hotel-trondheim/"
      }
    },
    {
      "type": "Feature",
      "geometry": {
        "type": "Point",
        "coordinates": [
          10.5042608,
          63.2527406
        ]
      },
      "properties": {
        "id": 11691128980,
        "osm_type": "node",
        "name": "Brøttem gård",
        "tourism": "guest_house"
      }
    },
    {
      "type": "Feature",
      "geometry": {
        "type": "Point",
        "coordinates": [
          11.3885483,
          62.5761604
        ]
      },
      "properties": {
        "id": 11980505839,
        "osm_type": "node",
        "name": "Sti - overnatting",
        "tourism": "chalet",
        "phone": "+47 97 15 90 74"
      }
    },
    {
      "type": "Feature",
      "geometry": {
        "type": "Point",
        "coordinates": [
          11.6220038,
          64.7685299
        ]
      },
      "properties": {
        "id": 11982600443,
        "osm_type": "node",
        "tourism": "camp_site"
      }
    },
    {
      "type": "Feature",
      "geometry": {
        "type": "Point",
        "coordinates": [
          11.0693046,
          63.6717119
        ]
      },
      "properties": {
        "id": 12020165502,
        "osm_type": "node",
        "name": "Treetop Ekne",
        "tourism": "chalet",
        "website": "https://treetop-ekne.no/"
      }
    },
    {
      "type": "Feature",
      "geometry": {
        "type": "Point",
        "coordinates": [
          11.7845964,
          62.4758813
        ]
      },
      "properties": {
        "id": 12053005872,
        "osm_type": "node",
        "tourism": "camp_site"
      }
    },
    {
      "type": "Feature",
      "geometry": {
        "type": "Point",
        "coordinates": [
          11.736837,
          63.4185727
        ]
      },
      "properties": {
        "id": 12106612623,
        "osm_type": "node",
        "name": "Fonnfjell hotell",
        "tourism": "hotel"
      }
    },
    {
      "type": "Feature",
      "geometry": {
        "type": "Point",
        "coordinates": [
          10.6723185,
          63.6796194
        ]
      },
      "properties": {
        "id": 12112960473,
        "osm_type": "node",
        "name": "Domen",
        "tourism": "chalet",
        "phone": "+47 971 25 272",
        "website": "https://www.hjellupfjordbo.no"
      }
    },
    {
      "type": "Feature",
      "geometry": {
        "type": "Point",
        "coordinates": [
          9.8555129,
          63.259548
        ]
      },
      "properties": {
        "id": 12163729754,
        "osm_type": "node",
        "name": "Lauvåsen Gård - Camping og Hytter",
        "tourism": "camp_site",
        "tents": "yes",
        "phone": "+47 400 70 169",
        "website": "https://lauvasengard.no",
        "check_date": "2025-05-24"
      }
    },
    {
      "type": "Feature",
      "geometry": {
        "type": "Point",
        "coordinates": [
          9.735896,
          63.0132789
        ]
      },
      "properties": {
        "id": 12208519489,
        "osm_type": "node",
        "tourism": "camp_site",
        "tents": "yes"
      }
    },
    {
      "type": "Feature",
      "geometry": {
        "type": "Point",
        "coordinates": [
          11.3781663,
          63.890461
        ]
      },
      "properties": {
        "id": 12312230832,
        "osm_type": "node",
        "name": "Fuglekassehytta",
        "tourism": "chalet",
        "phone": "+4797167183",
        "website": "https://www.vestigarden.no/"
      }
    },
    {
      "type": "Feature",
      "geometry": {
        "type": "Point",
        "coordinates": [
          10.5885431,
          64.442713
        ]
      },
      "properties": {
        "id": 12478480311,
        "osm_type": "node",
        "name": "HasvågCamp",
        "tourism": "apartment",
        "contact:phone": "+420 734 816 970",
        "website": "https://www.hasvagcamp.com/"
      }
    },
    {
      "type": "Feature",
      "geometry": {
        "type": "Point",
        "coordinates": [
          12.0841713,
          63.3563105
        ]
      },
      "properties": {
        "id": 12797363217,
        "osm_type": "node",
        "name": "Skurdalsporten",
        "tourism": "alpine_hut",
        "website": "https://www.skurdalsporten.com/"
      }
    },
    {
      "type": "Feature",
      "geometry": {
        "type": "Point",
        "coordinates": [
          9.7726605,
          63.176512
        ]
      },
      "properties": {
        "id": 12881707301,
        "osm_type": "node",
        "name": "Gumdal Farm",
        "tourism": "hostel",
        "website": "http://www.gumdal.no/"
      }
    },
    {
      "type": "Feature",
      "geometry": {
        "type": "Point",
        "coordinates": [
          9.7726605,
          63.176512
        ]
      },
      "properties": {
        "id": 12881748201,
        "osm_type": "node",
        "name": "Gumdal Farm",
        "tourism": "hostel",
        "website": "http://www.gumdal.no/"
      }
    },
    {
      "type": "Feature",
      "geometry": {
        "type": "Point",
        "coordinates": [
          11.2985641,
          63.8739915
        ]
      },
      "properties": {
        "id": 12956103694,
        "osm_type": "node",
        "tourism": "caravan_site"
      }
    },
    {
      "type": "Feature",
      "geometry": {
        "type": "Point",
        "coordinates": [
          10.4020075,
          63.4343219
        ]
      },
      "properties": {
        "id": 13009857691,
        "osm_type": "node",
        "name": "Knirkenheimen",
        "tourism": "hotel"
      }
    },
    {
      "type": "Feature",
      "geometry": {
        "type": "Point",
        "coordinates": [
          11.1909855,
          63.9131199
        ]
      },
      "properties": {
        "id": 13033575601,
        "osm_type": "node",
        "tourism": "caravan_site"
      }
    },
    {
      "type": "Feature",
      "geometry": {
        "type": "Point",
        "coordinates": [
          12.2902664,
          63.6845486
        ]
      },
      "properties": {
        "id": 13037157424,
        "osm_type": "node",
        "name": "Finnvolastua",
        "tourism": "chalet",
        "website": "https://www.inatur.no/hytte/571784a7e4b045a83180dd43/finnvolastua-fint-beliggende-pa-abofjellet-i-inn-statsallmening"
      }
    },
    {
      "type": "Feature",
      "geometry": {
        "type": "Point",
        "coordinates": [
          12.0270733,
          63.6124043
        ]
      },
      "properties": {
        "id": 13038834158,
        "osm_type": "node",
        "name": "Sulsjøan",
        "tourism": "chalet",
        "phone": "+47 74 07 51 30",
        "website": "https://verdalsbruket.no/hytter/sulsjoan/"
      }
    },
    {
      "type": "Feature",
      "geometry": {
        "type": "Point",
        "coordinates": [
          12.0885925,
          63.6288601
        ]
      },
      "properties": {
        "id": 13038834164,
        "osm_type": "node",
        "name": "Kråksjøen",
        "tourism": "chalet",
        "phone": "+47 74 07 51 30",
        "website": "https://verdalsbruket.no/hytter/kraksjoen/"
      }
    },
    {
      "type": "Feature",
      "geometry": {
        "type": "Point",
        "coordinates": [
          12.2391024,
          63.7786435
        ]
      },
      "properties": {
        "id": 13038834165,
        "osm_type": "node",
        "name": "Fiskløsningen",
        "tourism": "chalet",
        "phone": "+47 74 07 51 30",
        "website": "https://verdalsbruket.no/hytter/fisklosningen/"
      }
    },
    {
      "type": "Feature",
      "geometry": {
        "type": "Point",
        "coordinates": [
          12.4604378,
          63.9044849
        ]
      },
      "properties": {
        "id": 13038834166,
        "osm_type": "node",
        "name": "Lakavassbu",
        "tourism": "chalet",
        "phone": "+47 74 07 51 30",
        "website": "https://www.verdalsbruket.no/hytter/8-hytter/31-gronningen"
      }
    },
    {
      "type": "Feature",
      "geometry": {
        "type": "Point",
        "coordinates": [
          12.286242,
          63.8763711
        ]
      },
      "properties": {
        "id": 13038834167,
        "osm_type": "node",
        "name": "Storbekkdalen",
        "tourism": "chalet",
        "phone": "+47 74 07 51 30",
        "website": "https://verdalsbruket.no/hytter/storbekkdalen/"
      }
    },
    {
      "type": "Feature",
      "geometry": {
        "type": "Point",
        "coordinates": [
          12.180463,
          63.7592186
        ]
      },
      "properties": {
        "id": 13038834168,
        "osm_type": "node",
        "name": "Bryggnesset",
        "tourism": "chalet",
        "phone": "+47 74 07 51 30",
        "website": "https://verdalsbruket.no/hytter/bryggnesset/"
      }
    },
    {
      "type": "Feature",
      "geometry": {
        "type": "Point",
        "coordinates": [
          12.1351544,
          63.8972762
        ]
      },
      "properties": {
        "id": 13038834169,
        "osm_type": "node",
        "name": "Ørtugtjønna",
        "tourism": "chalet",
        "phone": "+47 74 07 51 30",
        "website": "https://verdalsbruket.no/hytter/ortugtjonna/"
      }
    },
    {
      "type": "Feature",
      "geometry": {
        "type": "Point",
        "coordinates": [
          9.639414,
          62.3796051
        ]
      },
      "properties": {
        "id": 13165132718,
        "osm_type": "node",
        "name": "Dovrevegen",
        "tourism": "caravan_site",
        "tents": "no"
      }
    },
    {
      "type": "Feature",
      "geometry": {
        "type": "Point",
        "coordinates": [
          11.225561,
          64.8584257
        ]
      },
      "properties": {
        "id": 13235201601,
        "osm_type": "node",
        "tourism": "caravan_site",
        "opening_hours": "24/7"
      }
    },
    {
      "type": "Feature",
      "geometry": {
        "type": "Point",
        "coordinates": [
          11.4822994,
          64.4673433
        ]
      },
      "properties": {
        "id": 13240981301,
        "osm_type": "node",
        "tourism": "caravan_site",
        "opening_hours": "24/7"
      }
    },
    {
      "type": "Feature",
      "geometry": {
        "type": "Point",
        "coordinates": [
          10.0752145,
          63.759155
        ]
      },
      "properties": {
        "id": 13426654579,
        "osm_type": "node",
        "name": "Fiskarheimen",
        "tourism": "guest_house",
        "phone": "+47 91897177",
        "website": "https://stjorn.com/"
      }
    },
    {
      "type": "Feature",
      "geometry": {
        "type": "Point",
        "coordinates": [
          10.1728415,
          63.285761
        ]
      },
      "properties": {
        "id": 13495191468,
        "osm_type": "node",
        "name": "Svangen anneks",
        "tourism": "apartment",
        "website": "https://www.airbnb.no/rooms/34490710?source_impression_id=p3_1769414985_P3pRgis7p1QWwxp5"
      }
    },
    {
      "type": "Feature",
      "geometry": {
        "type": "Point",
        "coordinates": [
          10.0903652,
          62.9611991
        ]
      },
      "properties": {
        "id": 23167920,
        "osm_type": "way",
        "name": "Iglbu",
        "tourism": "chalet"
      }
    },
    {
      "type": "Feature",
      "geometry": {
        "type": "Point",
        "coordinates": [
          10.3912639,
          63.4216709
        ]
      },
      "properties": {
        "id": 60335614,
        "osm_type": "way",
        "name": "Hotell St. Olav",
        "tourism": "hotel",
        "phone": "+47 73 87 25 00",
        "website": "https://norlandia.no/hotell/stolav"
      }
    },
    {
      "type": "Feature",
      "geometry": {
        "type": "Point",
        "coordinates": [
          13.156866,
          64.926368
        ]
      },
      "properties": {
        "id": 67505231,
        "osm_type": "way",
        "name": "Nams-Inn",
        "tourism": "guest_house"
      }
    },
    {
      "type": "Feature",
      "geometry": {
        "type": "Point",
        "coordinates": [
          10.2111229,
          63.324647
        ]
      },
      "properties": {
        "id": 75923474,
        "osm_type": "way",
        "name": "Øysand",
        "tourism": "camp_site",
        "tents": "yes",
        "phone": "+47 72 87 24 15",
        "website": "https://www.oysandcamping.no/"
      }
    },
    {
      "type": "Feature",
      "geometry": {
        "type": "Point",
        "coordinates": [
          10.414297,
          63.434778
        ]
      },
      "properties": {
        "id": 80560179,
        "osm_type": "way",
        "name": "Scandic Solsiden",
        "tourism": "hotel",
        "phone": "+47 21614600",
        "website": "https://www.scandichotels.no/no/Hotels/Countries/Norge/Trondheim/Hotels/Scandic-Solsiden/"
      }
    },
    {
      "type": "Feature",
      "geometry": {
        "type": "Point",
        "coordinates": [
          10.4066395,
          63.435822
        ]
      },
      "properties": {
        "id": 87312398,
        "osm_type": "way",
        "name": "Scandic Nidelven",
        "tourism": "hotel",
        "phone": "+47 73 56 80 00",
        "website": "http://www.ricanidelven.no"
      }
    },
    {
      "type": "Feature",
      "geometry": {
        "type": "Point",
        "coordinates": [
          10.40533,
          63.4336429
        ]
      },
      "properties": {
        "id": 89482684,
        "osm_type": "way",
        "name": "Radisson Blu Royal Garden Hotel",
        "tourism": "hotel"
      }
    },
    {
      "type": "Feature",
      "geometry": {
        "type": "Point",
        "coordinates": [
          10.4027609,
          63.4340854
        ]
      },
      "properties": {
        "id": 89485660,
        "osm_type": "way",
        "name": "Bakeriet",
        "tourism": "hotel"
      }
    },
    {
      "type": "Feature",
      "geometry": {
        "type": "Point",
        "coordinates": [
          10.3924825,
          63.427648
        ]
      },
      "properties": {
        "id": 89943608,
        "osm_type": "way",
        "name": "Comfort Hotel Park",
        "tourism": "hotel",
        "phone": "+47 73 83 39 00",
        "website": "https://www.nordicchoicehotels.com/hotels/norway/trondheim/comfort-hotel-park/",
        "check_date": "2022-10-02"
      }
    },
    {
      "type": "Feature",
      "geometry": {
        "type": "Point",
        "coordinates": [
          10.2240555,
          63.959228
        ]
      },
      "properties": {
        "id": 106270159,
        "osm_type": "way",
        "name": "Fosen Fjordhotel",
        "tourism": "hotel",
        "phone": "+47 72 53 20 00",
        "website": "https://fosenfjordhotel.no/"
      }
    },
    {
      "type": "Feature",
      "geometry": {
        "type": "Point",
        "coordinates": [
          9.086651,
          63.2881455
        ]
      },
      "properties": {
        "id": 152041391,
        "osm_type": "way",
        "name": "Hotell Hemne",
        "tourism": "hotel",
        "phone": "+47 72 45 48 00",
        "website": "http://hotellhemne.no"
      }
    },
    {
      "type": "Feature",
      "geometry": {
        "type": "Point",
        "coordinates": [
          10.4000195,
          63.426608
        ]
      },
      "properties": {
        "id": 167823309,
        "osm_type": "way",
        "name": "Nidaros Pilgrimsgård",
        "tourism": "guest_house"
      }
    },
    {
      "type": "Feature",
      "geometry": {
        "type": "Point",
        "coordinates": [
          9.0889055,
          63.3009099
        ]
      },
      "properties": {
        "id": 170862940,
        "osm_type": "way",
        "name": "Skogrand Camping",
        "tourism": "camp_site",
        "phone": "+47 72 45 14 62"
      }
    },
    {
      "type": "Feature",
      "geometry": {
        "type": "Point",
        "coordinates": [
          11.5063205,
          64.0227366
        ]
      },
      "properties": {
        "id": 172887925,
        "osm_type": "way",
        "name": "Guldbergaunet Sommerhotell & Camping",
        "tourism": "camp_site",
        "tents": "yes",
        "phone": "+47 74 16 20 45",
        "website": "https://www.guldbergaunetcamping.no/"
      }
    },
    {
      "type": "Feature",
      "geometry": {
        "type": "Point",
        "coordinates": [
          10.7085336,
          63.4337154
        ]
      },
      "properties": {
        "id": 175424875,
        "osm_type": "way",
        "name": "Storsand Gård Camping",
        "tourism": "camp_site",
        "tents": "yes",
        "phone": "+47 73 97 63 60",
        "website": "https://www.storsandcamping.no/"
      }
    },
    {
      "type": "Feature",
      "geometry": {
        "type": "Point",
        "coordinates": [
          8.5313167,
          63.1423516
        ]
      },
      "properties": {
        "id": 175780266,
        "osm_type": "way",
        "name": "Valsøytunet",
        "tourism": "camp_site",
        "tents": "yes",
        "phone": "+47 91 55 51 65",
        "website": "https://www.valsoya.no/"
      }
    },
    {
      "type": "Feature",
      "geometry": {
        "type": "Point",
        "coordinates": [
          10.402024,
          63.4399525
        ]
      },
      "properties": {
        "id": 179050462,
        "osm_type": "way",
        "name": "Clarion Hotel Trondheim",
        "tourism": "hotel",
        "website": "https://www.nordicchoicehotels.no/hotell/norge/trondheim/clarion-hotel-trondheim/?utm_campaign=regular-pictures&utm_medium=organic&utm_source=googlemybusiness",
        "check_date": "2025-06-23"
      }
    },
    {
      "type": "Feature",
      "geometry": {
        "type": "Point",
        "coordinates": [
          10.9149,
          63.453974
        ]
      },
      "properties": {
        "id": 182459235,
        "osm_type": "way",
        "name": "Radisson Blu Hotel Trondheim Airport",
        "tourism": "hotel"
      }
    },
    {
      "type": "Feature",
      "geometry": {
        "type": "Point",
        "coordinates": [
          8.829207,
          63.7293575
        ]
      },
      "properties": {
        "id": 190483846,
        "osm_type": "way",
        "name": "Hotell Frøya",
        "tourism": "hotel"
      }
    },
    {
      "type": "Feature",
      "geometry": {
        "type": "Point",
        "coordinates": [
          10.6362558,
          63.5445284
        ]
      },
      "properties": {
        "id": 196532507,
        "osm_type": "way",
        "name": "Hauganfjæra Camping",
        "tourism": "camp_site",
        "phone": "+47 95 17 03 88",
        "website": "https://www.hauganfjaera.no/"
      }
    },
    {
      "type": "Feature",
      "geometry": {
        "type": "Point",
        "coordinates": [
          9.629146,
          62.5481729
        ]
      },
      "properties": {
        "id": 202582264,
        "osm_type": "way",
        "name": "Granmo Camping",
        "tourism": "camp_site",
        "tents": "yes",
        "phone": "+47 99 64 29 47",
        "website": "https://granmocamping.no/"
      }
    },
    {
      "type": "Feature",
      "geometry": {
        "type": "Point",
        "coordinates": [
          9.6260261,
          62.5333176
        ]
      },
      "properties": {
        "id": 202589748,
        "osm_type": "way",
        "name": "Smegarden Camping",
        "tourism": "camp_site",
        "phone": "+47 91 67 47 50",
        "website": "https://www.smegarden.no/"
      }
    },
    {
      "type": "Feature",
      "geometry": {
        "type": "Point",
        "coordinates": [
          9.8834644,
          62.6567081
        ]
      },
      "properties": {
        "id": 202890248,
        "osm_type": "way",
        "name": "Oppdalsporten",
        "tourism": "caravan_site"
      }
    },
    {
      "type": "Feature",
      "geometry": {
        "type": "Point",
        "coordinates": [
          12.1059581,
          63.95966
        ]
      },
      "properties": {
        "id": 224990800,
        "osm_type": "way",
        "name": "Mokk Gård",
        "tourism": "guest_house"
      }
    },
    {
      "type": "Feature",
      "geometry": {
        "type": "Point",
        "coordinates": [
          12.3141409,
          64.4599146
        ]
      },
      "properties": {
        "id": 229778219,
        "osm_type": "way",
        "name": "Langnes Camping",
        "tourism": "camp_site",
        "tents": "yes",
        "phone": "+47 47 68 83 33"
      }
    },
    {
      "type": "Feature",
      "geometry": {
        "type": "Point",
        "coordinates": [
          12.4830377,
          64.5584616
        ]
      },
      "properties": {
        "id": 231515514,
        "osm_type": "way",
        "name": "Harran Camping",
        "tourism": "camp_site",
        "phone": "+47 74 33 29 90"
      }
    },
    {
      "type": "Feature",
      "geometry": {
        "type": "Point",
        "coordinates": [
          9.2093994,
          62.6628381
        ]
      },
      "properties": {
        "id": 234012889,
        "osm_type": "way",
        "tourism": "camp_site"
      }
    },
    {
      "type": "Feature",
      "geometry": {
        "type": "Point",
        "coordinates": [
          11.5627995,
          63.7957435
        ]
      },
      "properties": {
        "id": 236640561,
        "osm_type": "way",
        "name": "Scandic Stiklestad",
        "tourism": "hotel"
      }
    },
    {
      "type": "Feature",
      "geometry": {
        "type": "Point",
        "coordinates": [
          9.688838,
          62.5931755
        ]
      },
      "properties": {
        "id": 244558275,
        "osm_type": "way",
        "name": "Quality Hotel Skifer",
        "tourism": "hotel",
        "website": "https://www.skiferhotel.no/"
      }
    },
    {
      "type": "Feature",
      "geometry": {
        "type": "Point",
        "coordinates": [
          9.093154,
          62.6933765
        ]
      },
      "properties": {
        "id": 248399551,
        "osm_type": "way",
        "name": "Storli Gard",
        "tourism": "guest_house",
        "website": "https://www.storligard.no/"
      }
    },
    {
      "type": "Feature",
      "geometry": {
        "type": "Point",
        "coordinates": [
          9.0983353,
          62.6933205
        ]
      },
      "properties": {
        "id": 248399566,
        "osm_type": "way",
        "name": "Bortistu Gjestegard",
        "tourism": "guest_house",
        "website": "https://www.bortistu.no/"
      }
    },
    {
      "type": "Feature",
      "geometry": {
        "type": "Point",
        "coordinates": [
          12.0368594,
          63.3348635
        ]
      },
      "properties": {
        "id": 264808078,
        "osm_type": "way",
        "name": "Teveltunet Fjellstue",
        "tourism": "alpine_hut",
        "website": "https://ut.no/hytte/teveltunet"
      }
    },
    {
      "type": "Feature",
      "geometry": {
        "type": "Point",
        "coordinates": [
          10.1904519,
          63.643373
        ]
      },
      "properties": {
        "id": 265427263,
        "osm_type": "way",
        "tourism": "chalet"
      }
    },
    {
      "type": "Feature",
      "geometry": {
        "type": "Point",
        "coordinates": [
          10.1909839,
          63.64147
        ]
      },
      "properties": {
        "id": 265429013,
        "osm_type": "way",
        "tourism": "chalet"
      }
    },
    {
      "type": "Feature",
      "geometry": {
        "type": "Point",
        "coordinates": [
          10.1775836,
          63.6425486
        ]
      },
      "properties": {
        "id": 265429015,
        "osm_type": "way",
        "tourism": "chalet"
      }
    },
    {
      "type": "Feature",
      "geometry": {
        "type": "Point",
        "coordinates": [
          11.6485579,
          63.0864261
        ]
      },
      "properties": {
        "id": 265763255,
        "osm_type": "way",
        "name": "Holmsåkoia",
        "tourism": "chalet"
      }
    },
    {
      "type": "Feature",
      "geometry": {
        "type": "Point",
        "coordinates": [
          11.7222535,
          63.142027
        ]
      },
      "properties": {
        "id": 265763256,
        "osm_type": "way",
        "name": "Stabburet",
        "tourism": "chalet"
      }
    },
    {
      "type": "Feature",
      "geometry": {
        "type": "Point",
        "coordinates": [
          9.2911435,
          62.7431835
        ]
      },
      "properties": {
        "id": 265763657,
        "osm_type": "way",
        "name": "Kamtjønnkoia",
        "tourism": "chalet"
      }
    },
    {
      "type": "Feature",
      "geometry": {
        "type": "Point",
        "coordinates": [
          9.6620453,
          62.8760775
        ]
      },
      "properties": {
        "id": 265763658,
        "osm_type": "way",
        "name": "Telinkoia",
        "tourism": "chalet"
      }
    },
    {
      "type": "Feature",
      "geometry": {
        "type": "Point",
        "coordinates": [
          9.8008388,
          62.7085077
        ]
      },
      "properties": {
        "id": 265763659,
        "osm_type": "way",
        "name": "Vekvessætra",
        "tourism": "chalet"
      }
    },
    {
      "type": "Feature",
      "geometry": {
        "type": "Point",
        "coordinates": [
          10.365384,
          63.157102
        ]
      },
      "properties": {
        "id": 265764654,
        "osm_type": "way",
        "name": "Flåkoia",
        "tourism": "chalet"
      }
    },
    {
      "type": "Feature",
      "geometry": {
        "type": "Point",
        "coordinates": [
          10.5915995,
          63.122901
        ]
      },
      "properties": {
        "id": 265764655,
        "osm_type": "way",
        "name": "Kråklikåten",
        "tourism": "chalet",
        "website": "https://koiene.org.ntnu.no/koiene/koiene.php?k=kraaklikaaten",
        "check_date": "2026-03-31"
      }
    },
    {
      "type": "Feature",
      "geometry": {
        "type": "Point",
        "coordinates": [
          10.7087511,
          63.2102766
        ]
      },
      "properties": {
        "id": 265764657,
        "osm_type": "way",
        "name": "Lynhøgen",
        "tourism": "chalet"
      }
    },
    {
      "type": "Feature",
      "geometry": {
        "type": "Point",
        "coordinates": [
          10.5262383,
          63.1634488
        ]
      },
      "properties": {
        "id": 265764658,
        "osm_type": "way",
        "name": "Nicokoia",
        "tourism": "chalet",
        "website": "http://org.ntnu.no/koiene/koiene/koiene.php?k=nicokoia"
      }
    },
    {
      "type": "Feature",
      "geometry": {
        "type": "Point",
        "coordinates": [
          10.9788282,
          62.9283055
        ]
      },
      "properties": {
        "id": 265766072,
        "osm_type": "way",
        "name": "Kvernmovollen",
        "tourism": "chalet"
      }
    },
    {
      "type": "Feature",
      "geometry": {
        "type": "Point",
        "coordinates": [
          10.6087811,
          62.8219017
        ]
      },
      "properties": {
        "id": 265766073,
        "osm_type": "way",
        "name": "Taagaabu",
        "tourism": "chalet"
      }
    },
    {
      "type": "Feature",
      "geometry": {
        "type": "Point",
        "coordinates": [
          10.9589309,
          63.01652
        ]
      },
      "properties": {
        "id": 265766487,
        "osm_type": "way",
        "name": "Mortenskåten",
        "tourism": "chalet"
      }
    },
    {
      "type": "Feature",
      "geometry": {
        "type": "Point",
        "coordinates": [
          9.115926,
          63.1471545
        ]
      },
      "properties": {
        "id": 265769828,
        "osm_type": "way",
        "name": "Stakkslettbua",
        "tourism": "chalet"
      }
    },
    {
      "type": "Feature",
      "geometry": {
        "type": "Point",
        "coordinates": [
          9.4431815,
          63.123698
        ]
      },
      "properties": {
        "id": 265769910,
        "osm_type": "way",
        "name": "Kåsen",
        "tourism": "chalet"
      }
    },
    {
      "type": "Feature",
      "geometry": {
        "type": "Point",
        "coordinates": [
          9.1974638,
          63.0201224
        ]
      },
      "properties": {
        "id": 265770121,
        "osm_type": "way",
        "name": "Rindalsløa",
        "tourism": "chalet"
      }
    },
    {
      "type": "Feature",
      "geometry": {
        "type": "Point",
        "coordinates": [
          10.295411,
          63.5681185
        ]
      },
      "properties": {
        "id": 265770284,
        "osm_type": "way",
        "name": "Fosenkoia",
        "tourism": "chalet"
      }
    },
    {
      "type": "Feature",
      "geometry": {
        "type": "Point",
        "coordinates": [
          10.3711665,
          63.8274675
        ]
      },
      "properties": {
        "id": 265770415,
        "osm_type": "way",
        "name": "Holvassgamma",
        "tourism": "chalet",
        "website": "http://org.ntnu.no/koiene/koiene/koiene.php?k=holvassgamma"
      }
    },
    {
      "type": "Feature",
      "geometry": {
        "type": "Point",
        "coordinates": [
          11.4185307,
          63.3902875
        ]
      },
      "properties": {
        "id": 265770481,
        "osm_type": "way",
        "name": "Sonvasskoia",
        "tourism": "chalet",
        "website": "https://org.ntnu.no/koiene/koiene/koiene.php?k=sonvasskoia&l=1"
      }
    },
    {
      "type": "Feature",
      "geometry": {
        "type": "Point",
        "coordinates": [
          10.7520415,
          63.314819
        ]
      },
      "properties": {
        "id": 265790276,
        "osm_type": "way",
        "name": "Heinfjordstua",
        "tourism": "chalet"
      }
    },
    {
      "type": "Feature",
      "geometry": {
        "type": "Point",
        "coordinates": [
          11.5344733,
          63.1087817
        ]
      },
      "properties": {
        "id": 265793413,
        "osm_type": "way",
        "name": "Hognabu",
        "tourism": "chalet"
      }
    },
    {
      "type": "Feature",
      "geometry": {
        "type": "Point",
        "coordinates": [
          11.257088,
          63.864796
        ]
      },
      "properties": {
        "id": 273852039,
        "osm_type": "way",
        "name": "Jegtvolden Fjordhotell",
        "tourism": "hotel",
        "phone": "+47 74 12 74 00",
        "website": "https://www.jegtvolden.no/"
      }
    },
    {
      "type": "Feature",
      "geometry": {
        "type": "Point",
        "coordinates": [
          10.2383627,
          63.3437234
        ]
      },
      "properties": {
        "id": 302341453,
        "osm_type": "way",
        "name": "Sundet gård",
        "tourism": "hotel",
        "phone": "+47 72 84 90 37;+47 93 08 35 81",
        "website": "http://www.olavsrosa.no/objektinfo.aspx?id=65681"
      }
    },
    {
      "type": "Feature",
      "geometry": {
        "type": "Point",
        "coordinates": [
          9.9535445,
          64.054418
        ]
      },
      "properties": {
        "id": 308143758,
        "osm_type": "way",
        "name": "Sjøsenteret",
        "tourism": "hotel"
      }
    },
    {
      "type": "Feature",
      "geometry": {
        "type": "Point",
        "coordinates": [
          10.0621405,
          64.0390595
        ]
      },
      "properties": {
        "id": 313512891,
        "osm_type": "way",
        "name": "Kuringen Bryggehotell",
        "tourism": "hotel",
        "website": "https://www.kuringen.no/"
      }
    },
    {
      "type": "Feature",
      "geometry": {
        "type": "Point",
        "coordinates": [
          10.3954949,
          63.4358588
        ]
      },
      "properties": {
        "id": 315195450,
        "osm_type": "way",
        "name": "P-Hotels Brattøra",
        "tourism": "hotel",
        "website": "https://p-hotels.no/en"
      }
    },
    {
      "type": "Feature",
      "geometry": {
        "type": "Point",
        "coordinates": [
          11.3516486,
          62.5676613
        ]
      },
      "properties": {
        "id": 317768663,
        "osm_type": "way",
        "name": "Røros camping (previously Håneset camping)",
        "tourism": "camp_site",
        "tents": "yes",
        "phone": "+47 92 66 00 49",
        "website": "https://www.roroscamping.no/"
      }
    },
    {
      "type": "Feature",
      "geometry": {
        "type": "Point",
        "coordinates": [
          8.3892181,
          63.5334148
        ]
      },
      "properties": {
        "id": 323946507,
        "osm_type": "way",
        "tourism": "apartment"
      }
    },
    {
      "type": "Feature",
      "geometry": {
        "type": "Point",
        "coordinates": [
          10.7217577,
          63.5660534
        ]
      },
      "properties": {
        "id": 342301070,
        "osm_type": "way",
        "name": "Frosta Camping",
        "tourism": "camp_site",
        "phone": "+47 74 80 76 28"
      }
    },
    {
      "type": "Feature",
      "geometry": {
        "type": "Point",
        "coordinates": [
          11.1222641,
          63.4608876
        ]
      },
      "properties": {
        "id": 346655494,
        "osm_type": "way",
        "name": "Hembre Camping",
        "tourism": "camp_site",
        "phone": "+47 92 66 40 59;+47 92 48 01 70",
        "website": "https://www.hembregard.no"
      }
    },
    {
      "type": "Feature",
      "geometry": {
        "type": "Point",
        "coordinates": [
          12.8434386,
          64.7432332
        ]
      },
      "properties": {
        "id": 361201539,
        "osm_type": "way",
        "name": "Namsskogan Hotell og Campingplass",
        "tourism": "camp_site",
        "phone": "+47 74 33 36 00",
        "website": "https://www.namsskogan-familiepark.no/"
      }
    },
    {
      "type": "Feature",
      "geometry": {
        "type": "Point",
        "coordinates": [
          10.2918532,
          63.0445146
        ]
      },
      "properties": {
        "id": 361337441,
        "osm_type": "way",
        "name": "Vårvolden",
        "tourism": "camp_site",
        "tents": "yes",
        "phone": "+47 47 75 23 30"
      }
    },
    {
      "type": "Feature",
      "geometry": {
        "type": "Point",
        "coordinates": [
          10.2903785,
          63.044777
        ]
      },
      "properties": {
        "id": 361337442,
        "osm_type": "way",
        "tourism": "chalet"
      }
    },
    {
      "type": "Feature",
      "geometry": {
        "type": "Point",
        "coordinates": [
          10.2911525,
          63.0448346
        ]
      },
      "properties": {
        "id": 361337443,
        "osm_type": "way",
        "tourism": "chalet"
      }
    },
    {
      "type": "Feature",
      "geometry": {
        "type": "Point",
        "coordinates": [
          10.2906695,
          63.0447262
        ]
      },
      "properties": {
        "id": 361337444,
        "osm_type": "way",
        "tourism": "chalet"
      }
    },
    {
      "type": "Feature",
      "geometry": {
        "type": "Point",
        "coordinates": [
          12.2688219,
          64.2627245
        ]
      },
      "properties": {
        "id": 398057715,
        "osm_type": "way",
        "name": "Vegset Camping og Kiosk",
        "tourism": "camp_site",
        "tents": "yes",
        "phone": "+47 93 20 67 54"
      }
    },
    {
      "type": "Feature",
      "geometry": {
        "type": "Point",
        "coordinates": [
          12.2158185,
          64.253703
        ]
      },
      "properties": {
        "id": 398210489,
        "osm_type": "way",
        "name": "Snåsakroa",
        "tourism": "motel",
        "phone": "+47 74 15 29 24",
        "website": "http://www.snaasakroa.no/"
      }
    },
    {
      "type": "Feature",
      "geometry": {
        "type": "Point",
        "coordinates": [
          11.742839,
          64.1401185
        ]
      },
      "properties": {
        "id": 398351579,
        "osm_type": "way",
        "name": "Kvam Motell & Camping",
        "tourism": "camp_site",
        "phone": "+47 74 14 97 30",
        "website": "http://www.kvammotell.no"
      }
    },
    {
      "type": "Feature",
      "geometry": {
        "type": "Point",
        "coordinates": [
          11.5773372,
          64.1096062
        ]
      },
      "properties": {
        "id": 398373809,
        "osm_type": "way",
        "name": "Føllingstua",
        "tourism": "camp_site",
        "tents": "yes",
        "phone": "+47 74 14 71 90",
        "website": "https://www.follingstua.no/"
      }
    },
    {
      "type": "Feature",
      "geometry": {
        "type": "Point",
        "coordinates": [
          9.6073549,
          63.6207371
        ]
      },
      "properties": {
        "id": 423703504,
        "osm_type": "way",
        "name": "Hegg Camping",
        "tourism": "camp_site"
      }
    },
    {
      "type": "Feature",
      "geometry": {
        "type": "Point",
        "coordinates": [
          11.5795236,
          64.4748209
        ]
      },
      "properties": {
        "id": 431428115,
        "osm_type": "way",
        "name": "Namsos camping",
        "tourism": "camp_site",
        "opening_hours": "Mo-Fr 08:00-15:00; Sa-Su 00:00-24:00",
        "tents": "yes",
        "phone": "+47 74 27 53 44",
        "website": "https://www.namsos-camping.no/"
      }
    },
    {
      "type": "Feature",
      "geometry": {
        "type": "Point",
        "coordinates": [
          9.9696628,
          62.7640913
        ]
      },
      "properties": {
        "id": 454068583,
        "osm_type": "way",
        "name": "Gjesteheim Havdal",
        "tourism": "guest_house",
        "phone": "+47 97 47 95 93",
        "website": "http://www.gjesteheimhavdal.com"
      }
    },
    {
      "type": "Feature",
      "geometry": {
        "type": "Point",
        "coordinates": [
          9.7423478,
          63.6998343
        ]
      },
      "properties": {
        "id": 477627449,
        "osm_type": "way",
        "name": "Austrått Camping",
        "tourism": "camp_site",
        "tents": "yes",
        "phone": "+47 72 52 14 70",
        "website": "http://www.austraat.no"
      }
    },
    {
      "type": "Feature",
      "geometry": {
        "type": "Point",
        "coordinates": [
          9.7393066,
          62.6116567
        ]
      },
      "properties": {
        "id": 477680933,
        "osm_type": "way",
        "tourism": "camp_site"
      }
    },
    {
      "type": "Feature",
      "geometry": {
        "type": "Point",
        "coordinates": [
          11.95203,
          64.496183
        ]
      },
      "properties": {
        "id": 489426089,
        "osm_type": "way",
        "name": "Hotel Overhalla",
        "tourism": "hotel"
      }
    },
    {
      "type": "Feature",
      "geometry": {
        "type": "Point",
        "coordinates": [
          9.4083286,
          64.1716649
        ]
      },
      "properties": {
        "id": 499545021,
        "osm_type": "way",
        "name": "Brygga",
        "tourism": "hostel"
      }
    },
    {
      "type": "Feature",
      "geometry": {
        "type": "Point",
        "coordinates": [
          10.3077627,
          63.2034405
        ]
      },
      "properties": {
        "id": 504843104,
        "osm_type": "way",
        "name": "Solstad Pensjonat",
        "tourism": "guest_house",
        "phone": "+47 99 00 39 05"
      }
    },
    {
      "type": "Feature",
      "geometry": {
        "type": "Point",
        "coordinates": [
          10.2149204,
          63.3265431
        ]
      },
      "properties": {
        "id": 529802395,
        "osm_type": "way",
        "tourism": "camp_site"
      }
    },
    {
      "type": "Feature",
      "geometry": {
        "type": "Point",
        "coordinates": [
          10.2146486,
          63.3281237
        ]
      },
      "properties": {
        "id": 529802397,
        "osm_type": "way",
        "tourism": "camp_site"
      }
    },
    {
      "type": "Feature",
      "geometry": {
        "type": "Point",
        "coordinates": [
          9.4979888,
          63.3980803
        ]
      },
      "properties": {
        "id": 582862937,
        "osm_type": "way",
        "name": "Snillfjord Camping & Hytter",
        "tourism": "camp_site",
        "phone": "+47 72 45 56 85",
        "website": "http://www.snillfjord.com"
      }
    },
    {
      "type": "Feature",
      "geometry": {
        "type": "Point",
        "coordinates": [
          10.1572471,
          64.144685
        ]
      },
      "properties": {
        "id": 585408899,
        "osm_type": "way",
        "name": "Roan sjøcamping",
        "tourism": "camp_site"
      }
    },
    {
      "type": "Feature",
      "geometry": {
        "type": "Point",
        "coordinates": [
          11.7277355,
          63.7749833
        ]
      },
      "properties": {
        "id": 609899583,
        "osm_type": "way",
        "name": "Østnes Camping",
        "tourism": "camp_site",
        "phone": "+47 97 19 14 09",
        "website": "https://austneslaks.no/"
      }
    },
    {
      "type": "Feature",
      "geometry": {
        "type": "Point",
        "coordinates": [
          12.3494485,
          64.4894521
        ]
      },
      "properties": {
        "id": 609966924,
        "osm_type": "way",
        "tourism": "chalet"
      }
    },
    {
      "type": "Feature",
      "geometry": {
        "type": "Point",
        "coordinates": [
          12.3494822,
          64.489525
        ]
      },
      "properties": {
        "id": 609966926,
        "osm_type": "way",
        "tourism": "chalet"
      }
    },
    {
      "type": "Feature",
      "geometry": {
        "type": "Point",
        "coordinates": [
          12.3495216,
          64.4895945
        ]
      },
      "properties": {
        "id": 609966928,
        "osm_type": "way",
        "tourism": "chalet"
      }
    },
    {
      "type": "Feature",
      "geometry": {
        "type": "Point",
        "coordinates": [
          12.3495661,
          64.4896622
        ]
      },
      "properties": {
        "id": 609966930,
        "osm_type": "way",
        "tourism": "chalet"
      }
    },
    {
      "type": "Feature",
      "geometry": {
        "type": "Point",
        "coordinates": [
          12.3496083,
          64.4897338
        ]
      },
      "properties": {
        "id": 609966932,
        "osm_type": "way",
        "tourism": "chalet"
      }
    },
    {
      "type": "Feature",
      "geometry": {
        "type": "Point",
        "coordinates": [
          13.0182729,
          64.8487992
        ]
      },
      "properties": {
        "id": 609988416,
        "osm_type": "way",
        "name": "Brekkvasselv Camping",
        "tourism": "camp_site",
        "phone": "+47 74 33 47 00;+47 91 39 50 65",
        "website": "http://brekkvasselvcamping.no/"
      }
    },
    {
      "type": "Feature",
      "geometry": {
        "type": "Point",
        "coordinates": [
          9.9558598,
          64.0569285
        ]
      },
      "properties": {
        "id": 624278103,
        "osm_type": "way",
        "tourism": "chalet"
      }
    },
    {
      "type": "Feature",
      "geometry": {
        "type": "Point",
        "coordinates": [
          9.9554805,
          64.0574797
        ]
      },
      "properties": {
        "id": 624278106,
        "osm_type": "way",
        "tourism": "chalet"
      }
    },
    {
      "type": "Feature",
      "geometry": {
        "type": "Point",
        "coordinates": [
          9.9548645,
          64.057062
        ]
      },
      "properties": {
        "id": 624278111,
        "osm_type": "way",
        "tourism": "chalet"
      }
    },
    {
      "type": "Feature",
      "geometry": {
        "type": "Point",
        "coordinates": [
          9.949507,
          64.056374
        ]
      },
      "properties": {
        "id": 624278131,
        "osm_type": "way",
        "tourism": "chalet"
      }
    },
    {
      "type": "Feature",
      "geometry": {
        "type": "Point",
        "coordinates": [
          9.9497455,
          64.0560085
        ]
      },
      "properties": {
        "id": 624278135,
        "osm_type": "way",
        "tourism": "chalet"
      }
    },
    {
      "type": "Feature",
      "geometry": {
        "type": "Point",
        "coordinates": [
          9.9514745,
          64.055509
        ]
      },
      "properties": {
        "id": 624278142,
        "osm_type": "way",
        "tourism": "chalet"
      }
    },
    {
      "type": "Feature",
      "geometry": {
        "type": "Point",
        "coordinates": [
          9.9521738,
          64.0553685
        ]
      },
      "properties": {
        "id": 624278146,
        "osm_type": "way",
        "tourism": "chalet"
      }
    },
    {
      "type": "Feature",
      "geometry": {
        "type": "Point",
        "coordinates": [
          9.953363,
          64.0550385
        ]
      },
      "properties": {
        "id": 624278149,
        "osm_type": "way",
        "tourism": "chalet"
      }
    },
    {
      "type": "Feature",
      "geometry": {
        "type": "Point",
        "coordinates": [
          9.9520063,
          64.054634
        ]
      },
      "properties": {
        "id": 624278153,
        "osm_type": "way",
        "tourism": "chalet"
      }
    },
    {
      "type": "Feature",
      "geometry": {
        "type": "Point",
        "coordinates": [
          9.9532483,
          64.0548022
        ]
      },
      "properties": {
        "id": 624278154,
        "osm_type": "way",
        "tourism": "chalet"
      }
    },
    {
      "type": "Feature",
      "geometry": {
        "type": "Point",
        "coordinates": [
          9.9527085,
          64.0546627
        ]
      },
      "properties": {
        "id": 624278155,
        "osm_type": "way",
        "tourism": "chalet"
      }
    },
    {
      "type": "Feature",
      "geometry": {
        "type": "Point",
        "coordinates": [
          9.4089558,
          64.1715222
        ]
      },
      "properties": {
        "id": 625033174,
        "osm_type": "way",
        "name": "Skanklåna",
        "tourism": "hostel"
      }
    },
    {
      "type": "Feature",
      "geometry": {
        "type": "Point",
        "coordinates": [
          11.9111155,
          62.4612695
        ]
      },
      "properties": {
        "id": 637146388,
        "osm_type": "way",
        "name": "Hestbetåsbua",
        "tourism": "chalet"
      }
    },
    {
      "type": "Feature",
      "geometry": {
        "type": "Point",
        "coordinates": [
          11.2476092,
          63.4424984
        ]
      },
      "properties": {
        "id": 648594740,
        "osm_type": "way",
        "name": "Sona Camping",
        "tourism": "camp_site",
        "phone": "+47 92 64 97 11"
      }
    },
    {
      "type": "Feature",
      "geometry": {
        "type": "Point",
        "coordinates": [
          11.4108271,
          63.8387479
        ]
      },
      "properties": {
        "id": 648848584,
        "osm_type": "way",
        "name": "Koa Camping",
        "tourism": "camp_site",
        "tents": "yes",
        "phone": "+47 74 15 44 71",
        "website": "https://www.koa-camping.no/"
      }
    },
    {
      "type": "Feature",
      "geometry": {
        "type": "Point",
        "coordinates": [
          11.060442,
          64.6340466
        ]
      },
      "properties": {
        "id": 654315931,
        "osm_type": "way",
        "name": "Aglen Camping A/S",
        "tourism": "camp_site",
        "phone": "+47 47 97 39 11",
        "website": "https://www.aglencamping.no/"
      }
    },
    {
      "type": "Feature",
      "geometry": {
        "type": "Point",
        "coordinates": [
          10.4196221,
          63.4380067
        ]
      },
      "properties": {
        "id": 688152510,
        "osm_type": "way",
        "tourism": "caravan_site",
        "tents": "no"
      }
    },
    {
      "type": "Feature",
      "geometry": {
        "type": "Point",
        "coordinates": [
          11.5778645,
          64.474345
        ]
      },
      "properties": {
        "id": 699213978,
        "osm_type": "way",
        "tourism": "apartment"
      }
    },
    {
      "type": "Feature",
      "geometry": {
        "type": "Point",
        "coordinates": [
          11.5770015,
          64.4743065
        ]
      },
      "properties": {
        "id": 699213979,
        "osm_type": "way",
        "tourism": "apartment"
      }
    },
    {
      "type": "Feature",
      "geometry": {
        "type": "Point",
        "coordinates": [
          11.577872,
          64.4741287
        ]
      },
      "properties": {
        "id": 699213980,
        "osm_type": "way",
        "tourism": "apartment"
      }
    },
    {
      "type": "Feature",
      "geometry": {
        "type": "Point",
        "coordinates": [
          11.5772755,
          64.4740522
        ]
      },
      "properties": {
        "id": 699213981,
        "osm_type": "way",
        "tourism": "apartment"
      }
    },
    {
      "type": "Feature",
      "geometry": {
        "type": "Point",
        "coordinates": [
          11.5773755,
          64.474115
        ]
      },
      "properties": {
        "id": 699213982,
        "osm_type": "way",
        "tourism": "apartment"
      }
    },
    {
      "type": "Feature",
      "geometry": {
        "type": "Point",
        "coordinates": [
          11.577565,
          64.4740962
        ]
      },
      "properties": {
        "id": 699213983,
        "osm_type": "way",
        "tourism": "apartment"
      }
    },
    {
      "type": "Feature",
      "geometry": {
        "type": "Point",
        "coordinates": [
          11.5775493,
          64.4743057
        ]
      },
      "properties": {
        "id": 699213984,
        "osm_type": "way",
        "tourism": "apartment"
      }
    },
    {
      "type": "Feature",
      "geometry": {
        "type": "Point",
        "coordinates": [
          11.5778872,
          64.4742533
        ]
      },
      "properties": {
        "id": 699213985,
        "osm_type": "way",
        "tourism": "apartment"
      }
    },
    {
      "type": "Feature",
      "geometry": {
        "type": "Point",
        "coordinates": [
          11.578107,
          64.4743865
        ]
      },
      "properties": {
        "id": 699213986,
        "osm_type": "way",
        "tourism": "apartment"
      }
    },
    {
      "type": "Feature",
      "geometry": {
        "type": "Point",
        "coordinates": [
          11.5773393,
          64.474581
        ]
      },
      "properties": {
        "id": 699213987,
        "osm_type": "way",
        "tourism": "apartment"
      }
    },
    {
      "type": "Feature",
      "geometry": {
        "type": "Point",
        "coordinates": [
          11.5772693,
          64.4744918
        ]
      },
      "properties": {
        "id": 699213988,
        "osm_type": "way",
        "tourism": "apartment"
      }
    },
    {
      "type": "Feature",
      "geometry": {
        "type": "Point",
        "coordinates": [
          11.5771682,
          64.47442
        ]
      },
      "properties": {
        "id": 699213989,
        "osm_type": "way",
        "tourism": "apartment"
      }
    },
    {
      "type": "Feature",
      "geometry": {
        "type": "Point",
        "coordinates": [
          11.577462,
          64.4746645
        ]
      },
      "properties": {
        "id": 699213990,
        "osm_type": "way",
        "tourism": "apartment"
      }
    },
    {
      "type": "Feature",
      "geometry": {
        "type": "Point",
        "coordinates": [
          11.577898,
          64.4747745
        ]
      },
      "properties": {
        "id": 699213991,
        "osm_type": "way",
        "tourism": "apartment"
      }
    },
    {
      "type": "Feature",
      "geometry": {
        "type": "Point",
        "coordinates": [
          11.577701,
          64.4747215
        ]
      },
      "properties": {
        "id": 699213992,
        "osm_type": "way",
        "tourism": "apartment"
      }
    },
    {
      "type": "Feature",
      "geometry": {
        "type": "Point",
        "coordinates": [
          11.57803,
          64.474556
        ]
      },
      "properties": {
        "id": 699213993,
        "osm_type": "way",
        "tourism": "apartment"
      }
    },
    {
      "type": "Feature",
      "geometry": {
        "type": "Point",
        "coordinates": [
          11.579578,
          64.4745535
        ]
      },
      "properties": {
        "id": 699214001,
        "osm_type": "way",
        "name": "10",
        "tourism": "apartment"
      }
    },
    {
      "type": "Feature",
      "geometry": {
        "type": "Point",
        "coordinates": [
          11.5798885,
          64.4746235
        ]
      },
      "properties": {
        "id": 699214002,
        "osm_type": "way",
        "name": "9",
        "tourism": "apartment"
      }
    },
    {
      "type": "Feature",
      "geometry": {
        "type": "Point",
        "coordinates": [
          11.5800825,
          64.4746802
        ]
      },
      "properties": {
        "id": 699214003,
        "osm_type": "way",
        "name": "8",
        "tourism": "apartment"
      }
    },
    {
      "type": "Feature",
      "geometry": {
        "type": "Point",
        "coordinates": [
          11.5803152,
          64.4747475
        ]
      },
      "properties": {
        "id": 699214004,
        "osm_type": "way",
        "name": "7",
        "tourism": "apartment"
      }
    },
    {
      "type": "Feature",
      "geometry": {
        "type": "Point",
        "coordinates": [
          11.5805995,
          64.4749085
        ]
      },
      "properties": {
        "id": 699214005,
        "osm_type": "way",
        "name": "6",
        "tourism": "apartment"
      }
    },
    {
      "type": "Feature",
      "geometry": {
        "type": "Point",
        "coordinates": [
          11.580738,
          64.4749707
        ]
      },
      "properties": {
        "id": 699214006,
        "osm_type": "way",
        "name": "5",
        "tourism": "apartment"
      }
    },
    {
      "type": "Feature",
      "geometry": {
        "type": "Point",
        "coordinates": [
          11.5808755,
          64.4750455
        ]
      },
      "properties": {
        "id": 699214007,
        "osm_type": "way",
        "name": "4",
        "tourism": "apartment"
      }
    },
    {
      "type": "Feature",
      "geometry": {
        "type": "Point",
        "coordinates": [
          11.580996,
          64.4751277
        ]
      },
      "properties": {
        "id": 699214008,
        "osm_type": "way",
        "name": "3",
        "tourism": "apartment"
      }
    },
    {
      "type": "Feature",
      "geometry": {
        "type": "Point",
        "coordinates": [
          11.5809965,
          64.4752228
        ]
      },
      "properties": {
        "id": 699214009,
        "osm_type": "way",
        "name": "2",
        "tourism": "apartment"
      }
    },
    {
      "type": "Feature",
      "geometry": {
        "type": "Point",
        "coordinates": [
          11.5810015,
          64.4753152
        ]
      },
      "properties": {
        "id": 699214010,
        "osm_type": "way",
        "name": "1",
        "tourism": "apartment"
      }
    },
    {
      "type": "Feature",
      "geometry": {
        "type": "Point",
        "coordinates": [
          11.9913213,
          64.5045188
        ]
      },
      "properties": {
        "id": 699225802,
        "osm_type": "way",
        "name": "Bjøra Camping",
        "tourism": "camp_site",
        "phone": "+47 47 84 01 21",
        "website": "https://www.bjora.no/"
      }
    },
    {
      "type": "Feature",
      "geometry": {
        "type": "Point",
        "coordinates": [
          11.8870512,
          64.4439145
        ]
      },
      "properties": {
        "id": 699255825,
        "osm_type": "way",
        "name": "Namsen Fishing Camp / Utheim Gård",
        "tourism": "camp_site",
        "phone": "+47 74 28 21 94;+47 91 39 31 00",
        "website": "http://www.namsen.no"
      }
    },
    {
      "type": "Feature",
      "geometry": {
        "type": "Point",
        "coordinates": [
          10.737428,
          63.619835
        ]
      },
      "properties": {
        "id": 699294347,
        "osm_type": "way",
        "name": "Orsand Camping",
        "tourism": "camp_site",
        "phone": "+47 90 09 60 47",
        "website": "https://orsand.no/"
      }
    },
    {
      "type": "Feature",
      "geometry": {
        "type": "Point",
        "coordinates": [
          10.811895,
          63.6332265
        ]
      },
      "properties": {
        "id": 699294362,
        "osm_type": "way",
        "tourism": "chalet"
      }
    },
    {
      "type": "Feature",
      "geometry": {
        "type": "Point",
        "coordinates": [
          10.811626,
          63.6331778
        ]
      },
      "properties": {
        "id": 699294363,
        "osm_type": "way",
        "tourism": "chalet"
      }
    },
    {
      "type": "Feature",
      "geometry": {
        "type": "Point",
        "coordinates": [
          10.8113615,
          63.6331255
        ]
      },
      "properties": {
        "id": 699294364,
        "osm_type": "way",
        "tourism": "chalet"
      }
    },
    {
      "type": "Feature",
      "geometry": {
        "type": "Point",
        "coordinates": [
          10.8134198,
          63.6337435
        ]
      },
      "properties": {
        "id": 699294367,
        "osm_type": "way",
        "tourism": "chalet"
      }
    },
    {
      "type": "Feature",
      "geometry": {
        "type": "Point",
        "coordinates": [
          10.8131485,
          63.633693
        ]
      },
      "properties": {
        "id": 699294368,
        "osm_type": "way",
        "tourism": "chalet"
      }
    },
    {
      "type": "Feature",
      "geometry": {
        "type": "Point",
        "coordinates": [
          10.812885,
          63.6336432
        ]
      },
      "properties": {
        "id": 699294369,
        "osm_type": "way",
        "tourism": "chalet"
      }
    },
    {
      "type": "Feature",
      "geometry": {
        "type": "Point",
        "coordinates": [
          10.8116539,
          63.6331981
        ]
      },
      "properties": {
        "id": 699294372,
        "osm_type": "way",
        "name": "Fjordbuer",
        "tourism": "camp_site",
        "website": "http://www.frosta-fjordbuer.no/"
      }
    },
    {
      "type": "Feature",
      "geometry": {
        "type": "Point",
        "coordinates": [
          10.8105268,
          63.4739035
        ]
      },
      "properties": {
        "id": 732408748,
        "osm_type": "way",
        "name": "Velvang Camping",
        "tourism": "camp_site",
        "phone": "+47 74 80 35 75;+47 94 65 45 20"
      }
    },
    {
      "type": "Feature",
      "geometry": {
        "type": "Point",
        "coordinates": [
          9.843187,
          62.8719125
        ]
      },
      "properties": {
        "id": 748647214,
        "osm_type": "way",
        "name": "Nørgar Voll",
        "tourism": "hostel",
        "phone": "+47 99 54 20 18",
        "website": "https://www.vollalaks.no"
      }
    },
    {
      "type": "Feature",
      "geometry": {
        "type": "Point",
        "coordinates": [
          10.6525306,
          63.5571065
        ]
      },
      "properties": {
        "id": 761092812,
        "osm_type": "way",
        "name": "Øra bobilcamping",
        "tourism": "caravan_site",
        "opening_hours": "24/7",
        "website": "https://www.facebook.com/pages/category/Local-Business/%C3%98ra-Bobilcamping-933756940031825/"
      }
    },
    {
      "type": "Feature",
      "geometry": {
        "type": "Point",
        "coordinates": [
          10.8280055,
          63.5890792
        ]
      },
      "properties": {
        "id": 761100863,
        "osm_type": "way",
        "name": "Vaagen Camping",
        "tourism": "camp_site",
        "phone": "+47 74 80 75 20;+47 94 40 98 36"
      }
    },
    {
      "type": "Feature",
      "geometry": {
        "type": "Point",
        "coordinates": [
          9.9487954,
          63.5232669
        ]
      },
      "properties": {
        "id": 768645005,
        "osm_type": "way",
        "name": "Heggli Urtehage",
        "tourism": "apartment",
        "phone": "+47 73 85 53 89",
        "website": "www.heggliurtehage.no"
      }
    },
    {
      "type": "Feature",
      "geometry": {
        "type": "Point",
        "coordinates": [
          11.0990687,
          64.8571941
        ]
      },
      "properties": {
        "id": 777345043,
        "osm_type": "way",
        "name": "Kleiva Camping",
        "tourism": "camp_site",
        "phone": "+47 90 19 05 16",
        "website": "https://www.kleivacamping.no/"
      }
    },
    {
      "type": "Feature",
      "geometry": {
        "type": "Point",
        "coordinates": [
          11.0987418,
          64.8571835
        ]
      },
      "properties": {
        "id": 777354019,
        "osm_type": "way",
        "tourism": "chalet"
      }
    },
    {
      "type": "Feature",
      "geometry": {
        "type": "Point",
        "coordinates": [
          11.0989487,
          64.857294
        ]
      },
      "properties": {
        "id": 777354020,
        "osm_type": "way",
        "tourism": "chalet"
      }
    },
    {
      "type": "Feature",
      "geometry": {
        "type": "Point",
        "coordinates": [
          9.5851321,
          62.4959096
        ]
      },
      "properties": {
        "id": 783362402,
        "osm_type": "way",
        "name": "Magalaupe Camping",
        "tourism": "camp_site",
        "tents": "yes",
        "phone": "+47 72 42 46 84;+47 90 15 94 00",
        "website": "https://www.magalaupe.no/",
        "check_date": "2025-07-22"
      }
    },
    {
      "type": "Feature",
      "geometry": {
        "type": "Point",
        "coordinates": [
          10.202082,
          63.4499455
        ]
      },
      "properties": {
        "id": 791557678,
        "osm_type": "way",
        "tourism": "apartment"
      }
    },
    {
      "type": "Feature",
      "geometry": {
        "type": "Point",
        "coordinates": [
          10.2019277,
          63.4499707
        ]
      },
      "properties": {
        "id": 791557679,
        "osm_type": "way",
        "tourism": "apartment"
      }
    },
    {
      "type": "Feature",
      "geometry": {
        "type": "Point",
        "coordinates": [
          10.2017325,
          63.4500015
        ]
      },
      "properties": {
        "id": 791557680,
        "osm_type": "way",
        "tourism": "apartment"
      }
    },
    {
      "type": "Feature",
      "geometry": {
        "type": "Point",
        "coordinates": [
          9.933852,
          63.1323179
        ]
      },
      "properties": {
        "id": 799195252,
        "osm_type": "way",
        "name": "Svorksjøen Camping",
        "tourism": "camp_site",
        "tents": "yes",
        "phone": "+47 91 70 78 00",
        "website": "https://www.svorksjoencamping.no/"
      }
    },
    {
      "type": "Feature",
      "geometry": {
        "type": "Point",
        "coordinates": [
          10.6697107,
          63.6794163
        ]
      },
      "properties": {
        "id": 817356171,
        "osm_type": "way",
        "name": "Hjellup Fjordbo",
        "tourism": "chalet"
      }
    },
    {
      "type": "Feature",
      "geometry": {
        "type": "Point",
        "coordinates": [
          10.4226777,
          63.5871454
        ]
      },
      "properties": {
        "id": 817356254,
        "osm_type": "way",
        "name": "Hindrum Fjordsenter",
        "tourism": "apartment",
        "website": "https://hindrumfjordsenter.business.site/"
      }
    },
    {
      "type": "Feature",
      "geometry": {
        "type": "Point",
        "coordinates": [
          10.265885,
          63.1517732
        ]
      },
      "properties": {
        "id": 833005135,
        "osm_type": "way",
        "name": "Valdøyan Camping",
        "tourism": "camp_site",
        "tents": "yes",
        "phone": "+47 72 85 42 03",
        "website": "https://www.valdoyan.no/"
      }
    },
    {
      "type": "Feature",
      "geometry": {
        "type": "Point",
        "coordinates": [
          9.5758807,
          63.3023632
        ]
      },
      "properties": {
        "id": 835043916,
        "osm_type": "way",
        "tourism": "alpine_hut"
      }
    },
    {
      "type": "Feature",
      "geometry": {
        "type": "Point",
        "coordinates": [
          9.5764589,
          63.3026015
        ]
      },
      "properties": {
        "id": 835043917,
        "osm_type": "way",
        "tourism": "alpine_hut"
      }
    },
    {
      "type": "Feature",
      "geometry": {
        "type": "Point",
        "coordinates": [
          9.5756505,
          63.3027856
        ]
      },
      "properties": {
        "id": 835043918,
        "osm_type": "way",
        "tourism": "alpine_hut"
      }
    },
    {
      "type": "Feature",
      "geometry": {
        "type": "Point",
        "coordinates": [
          9.5763075,
          63.3034393
        ]
      },
      "properties": {
        "id": 835043919,
        "osm_type": "way",
        "tourism": "alpine_hut"
      }
    },
    {
      "type": "Feature",
      "geometry": {
        "type": "Point",
        "coordinates": [
          9.57729,
          63.3026797
        ]
      },
      "properties": {
        "id": 835061538,
        "osm_type": "way",
        "tourism": "alpine_hut"
      }
    },
    {
      "type": "Feature",
      "geometry": {
        "type": "Point",
        "coordinates": [
          9.575323,
          63.3032545
        ]
      },
      "properties": {
        "id": 835061539,
        "osm_type": "way",
        "tourism": "alpine_hut"
      }
    },
    {
      "type": "Feature",
      "geometry": {
        "type": "Point",
        "coordinates": [
          9.5749475,
          63.3031898
        ]
      },
      "properties": {
        "id": 835061540,
        "osm_type": "way",
        "tourism": "alpine_hut"
      }
    },
    {
      "type": "Feature",
      "geometry": {
        "type": "Point",
        "coordinates": [
          10.1087775,
          62.9561027
        ]
      },
      "properties": {
        "id": 887930166,
        "osm_type": "way",
        "name": "Hytta i Treet",
        "tourism": "chalet",
        "contact:phone": "+47 45495721",
        "website": "https://www.hyttaitreet.no/"
      }
    },
    {
      "type": "Feature",
      "geometry": {
        "type": "Point",
        "coordinates": [
          9.7729183,
          62.379095
        ]
      },
      "properties": {
        "id": 905422766,
        "osm_type": "way",
        "name": "Elgsjøhytta",
        "tourism": "chalet"
      }
    },
    {
      "type": "Feature",
      "geometry": {
        "type": "Point",
        "coordinates": [
          8.8365879,
          63.6600294
        ]
      },
      "properties": {
        "id": 938542006,
        "osm_type": "way",
        "name": "Knutshaug fiskeferie",
        "tourism": "apartment",
        "phone": "+47 952 23 575",
        "website": "https://www.knutshaugfiskeferie.no/"
      }
    },
    {
      "type": "Feature",
      "geometry": {
        "type": "Point",
        "coordinates": [
          8.8367229,
          63.6599038
        ]
      },
      "properties": {
        "id": 938542019,
        "osm_type": "way",
        "name": "Knutshaug fiskeferie",
        "tourism": "apartment",
        "phone": "+47 952 23 575",
        "website": "https://www.knutshaugfiskeferie.no/"
      }
    },
    {
      "type": "Feature",
      "geometry": {
        "type": "Point",
        "coordinates": [
          8.8366555,
          63.6599664
        ]
      },
      "properties": {
        "id": 938542021,
        "osm_type": "way",
        "name": "Knutshaug fiskeferie",
        "tourism": "apartment",
        "phone": "+47 952 23 575",
        "website": "https://www.knutshaugfiskeferie.no/"
      }
    },
    {
      "type": "Feature",
      "geometry": {
        "type": "Point",
        "coordinates": [
          8.387979,
          63.5327427
        ]
      },
      "properties": {
        "id": 938542179,
        "osm_type": "way",
        "tourism": "apartment"
      }
    },
    {
      "type": "Feature",
      "geometry": {
        "type": "Point",
        "coordinates": [
          8.3881776,
          63.532933
        ]
      },
      "properties": {
        "id": 938542181,
        "osm_type": "way",
        "tourism": "apartment"
      }
    },
    {
      "type": "Feature",
      "geometry": {
        "type": "Point",
        "coordinates": [
          8.3880955,
          63.532825
        ]
      },
      "properties": {
        "id": 938543172,
        "osm_type": "way",
        "tourism": "apartment"
      }
    },
    {
      "type": "Feature",
      "geometry": {
        "type": "Point",
        "coordinates": [
          8.8196107,
          63.6370316
        ]
      },
      "properties": {
        "id": 938543285,
        "osm_type": "way",
        "name": "Dolmsundet hotell",
        "tourism": "hotel",
        "phone": "+47 72 44 04 40",
        "website": "https://www.dolmsundet.no/"
      }
    },
    {
      "type": "Feature",
      "geometry": {
        "type": "Point",
        "coordinates": [
          8.8369107,
          63.6598376
        ]
      },
      "properties": {
        "id": 938545767,
        "osm_type": "way",
        "name": "Knutshaug fiskeferie",
        "tourism": "apartment",
        "phone": "+47 952 23 575",
        "website": "https://www.knutshaugfiskeferie.no/"
      }
    },
    {
      "type": "Feature",
      "geometry": {
        "type": "Point",
        "coordinates": [
          8.8373712,
          63.6597779
        ]
      },
      "properties": {
        "id": 938545768,
        "osm_type": "way",
        "name": "Knutshaug fiskeferie",
        "tourism": "apartment",
        "phone": "+47 952 23 575",
        "website": "https://www.knutshaugfiskeferie.no/"
      }
    },
    {
      "type": "Feature",
      "geometry": {
        "type": "Point",
        "coordinates": [
          8.836967,
          63.659773
        ]
      },
      "properties": {
        "id": 938545770,
        "osm_type": "way",
        "name": "Knutshaug fiskeferie",
        "tourism": "apartment",
        "phone": "+47 952 23 575",
        "website": "https://www.knutshaugfiskeferie.no/"
      }
    },
    {
      "type": "Feature",
      "geometry": {
        "type": "Point",
        "coordinates": [
          13.0215595,
          64.8489201
        ]
      },
      "properties": {
        "id": 943373680,
        "osm_type": "way",
        "tourism": "chalet"
      }
    },
    {
      "type": "Feature",
      "geometry": {
        "type": "Point",
        "coordinates": [
          13.021607,
          64.8490008
        ]
      },
      "properties": {
        "id": 943373681,
        "osm_type": "way",
        "tourism": "chalet"
      }
    },
    {
      "type": "Feature",
      "geometry": {
        "type": "Point",
        "coordinates": [
          13.0216603,
          64.8490735
        ]
      },
      "properties": {
        "id": 943373682,
        "osm_type": "way",
        "tourism": "chalet"
      }
    },
    {
      "type": "Feature",
      "geometry": {
        "type": "Point",
        "coordinates": [
          13.0217105,
          64.8491557
        ]
      },
      "properties": {
        "id": 943373683,
        "osm_type": "way",
        "tourism": "chalet"
      }
    },
    {
      "type": "Feature",
      "geometry": {
        "type": "Point",
        "coordinates": [
          13.0217545,
          64.8492345
        ]
      },
      "properties": {
        "id": 943373684,
        "osm_type": "way",
        "tourism": "chalet"
      }
    },
    {
      "type": "Feature",
      "geometry": {
        "type": "Point",
        "coordinates": [
          13.0219778,
          64.8494087
        ]
      },
      "properties": {
        "id": 943373685,
        "osm_type": "way",
        "tourism": "chalet"
      }
    },
    {
      "type": "Feature",
      "geometry": {
        "type": "Point",
        "coordinates": [
          13.0218215,
          64.8493145
        ]
      },
      "properties": {
        "id": 943373686,
        "osm_type": "way",
        "tourism": "chalet"
      }
    },
    {
      "type": "Feature",
      "geometry": {
        "type": "Point",
        "coordinates": [
          9.9541148,
          62.7432385
        ]
      },
      "properties": {
        "id": 945271281,
        "osm_type": "way",
        "name": "Hæverstølen",
        "tourism": "guest_house",
        "tents": "yes"
      }
    },
    {
      "type": "Feature",
      "geometry": {
        "type": "Point",
        "coordinates": [
          9.846037,
          63.2989755
        ]
      },
      "properties": {
        "id": 955027314,
        "osm_type": "way",
        "name": "Bårdshaug herregård",
        "tourism": "hotel"
      }
    },
    {
      "type": "Feature",
      "geometry": {
        "type": "Point",
        "coordinates": [
          9.2733213,
          63.351996
        ]
      },
      "properties": {
        "id": 983197919,
        "osm_type": "way",
        "tourism": "camp_site"
      }
    },
    {
      "type": "Feature",
      "geometry": {
        "type": "Point",
        "coordinates": [
          10.4245291,
          63.4336735
        ]
      },
      "properties": {
        "id": 1039106465,
        "osm_type": "way",
        "name": "RUMI Hostel",
        "tourism": "hostel",
        "phone": "+47 40105556",
        "website": "https://www.rumihostel.no/"
      }
    },
    {
      "type": "Feature",
      "geometry": {
        "type": "Point",
        "coordinates": [
          10.4493649,
          63.4407464
        ]
      },
      "properties": {
        "id": 1086642652,
        "osm_type": "way",
        "tourism": "caravan_site"
      }
    },
    {
      "type": "Feature",
      "geometry": {
        "type": "Point",
        "coordinates": [
          10.2932996,
          63.0404885
        ]
      },
      "properties": {
        "id": 1155106976,
        "osm_type": "way",
        "name": "Støren Camping",
        "tourism": "camp_site",
        "tents": "yes",
        "phone": "+47 72 43 14 70",
        "website": "http://www.storencamping.no"
      }
    },
    {
      "type": "Feature",
      "geometry": {
        "type": "Point",
        "coordinates": [
          8.3062526,
          63.5155908
        ]
      },
      "properties": {
        "id": 1189661633,
        "osm_type": "way",
        "name": "Naustloftet",
        "tourism": "apartment"
      }
    },
    {
      "type": "Feature",
      "geometry": {
        "type": "Point",
        "coordinates": [
          9.3988197,
          63.5529892
        ]
      },
      "properties": {
        "id": 1190356409,
        "osm_type": "way",
        "name": "Kongensvoll Marina & Camping",
        "tourism": "camp_site",
        "phone": "+47 72 45 66 67;+47 93 41 33 00"
      }
    },
    {
      "type": "Feature",
      "geometry": {
        "type": "Point",
        "coordinates": [
          9.8586029,
          63.3140885
        ]
      },
      "properties": {
        "id": 1212570247,
        "osm_type": "way",
        "name": "Terna Bobilhavn",
        "tourism": "caravan_site"
      }
    },
    {
      "type": "Feature",
      "geometry": {
        "type": "Point",
        "coordinates": [
          8.8372251,
          63.6597603
        ]
      },
      "properties": {
        "id": 1257231725,
        "osm_type": "way",
        "name": "Knutshaug fiskeferie",
        "tourism": "apartment",
        "phone": "+47 952 23 575",
        "website": "https://www.knutshaugfiskeferie.no/"
      }
    },
    {
      "type": "Feature",
      "geometry": {
        "type": "Point",
        "coordinates": [
          10.8743648,
          63.4901505
        ]
      },
      "properties": {
        "id": 1289637310,
        "osm_type": "way",
        "name": "Hæhre Entreprenør Construction hotel no 7",
        "tourism": "hotel"
      }
    },
    {
      "type": "Feature",
      "geometry": {
        "type": "Point",
        "coordinates": [
          10.871866,
          63.4903878
        ]
      },
      "properties": {
        "id": 1289637325,
        "osm_type": "way",
        "name": "Hæhre Entreprenør Construction hotel no 1",
        "tourism": "hotel"
      }
    },
    {
      "type": "Feature",
      "geometry": {
        "type": "Point",
        "coordinates": [
          10.8721926,
          63.4904308
        ]
      },
      "properties": {
        "id": 1289637782,
        "osm_type": "way",
        "name": "Hæhre Entreprenør Construction hotel no 2",
        "tourism": "hotel"
      }
    },
    {
      "type": "Feature",
      "geometry": {
        "type": "Point",
        "coordinates": [
          10.872523,
          63.4904595
        ]
      },
      "properties": {
        "id": 1289637783,
        "osm_type": "way",
        "name": "Hæhre Entreprenør Construction hotel no 3",
        "tourism": "hotel"
      }
    },
    {
      "type": "Feature",
      "geometry": {
        "type": "Point",
        "coordinates": [
          10.8728457,
          63.4904961
        ]
      },
      "properties": {
        "id": 1289637882,
        "osm_type": "way",
        "name": "Hæhre Entreprenør Construction hotel no 4",
        "tourism": "hotel"
      }
    },
    {
      "type": "Feature",
      "geometry": {
        "type": "Point",
        "coordinates": [
          10.8731754,
          63.4905277
        ]
      },
      "properties": {
        "id": 1289637965,
        "osm_type": "way",
        "name": "Hæhre Entreprenør Construction hotel no 5",
        "tourism": "hotel"
      }
    },
    {
      "type": "Feature",
      "geometry": {
        "type": "Point",
        "coordinates": [
          10.8734905,
          63.4905676
        ]
      },
      "properties": {
        "id": 1289638341,
        "osm_type": "way",
        "name": "Hæhre Entreprenør Construction hotel no 6",
        "tourism": "hotel"
      }
    },
    {
      "type": "Feature",
      "geometry": {
        "type": "Point",
        "coordinates": [
          8.8494149,
          63.6204273
        ]
      },
      "properties": {
        "id": 1290820833,
        "osm_type": "way",
        "name": "Strømsvik Fiskecamp",
        "tourism": "camp_site",
        "tents": "yes",
        "phone": "+47 72445533"
      }
    },
    {
      "type": "Feature",
      "geometry": {
        "type": "Point",
        "coordinates": [
          10.7500436,
          63.6251635
        ]
      },
      "properties": {
        "id": 1291236445,
        "osm_type": "way",
        "name": "Frosta Brygge",
        "tourism": "hotel",
        "phone": "+47 917 54 100",
        "website": "https://frostabrygge.no/"
      }
    },
    {
      "type": "Feature",
      "geometry": {
        "type": "Point",
        "coordinates": [
          9.8375271,
          63.2990582
        ]
      },
      "properties": {
        "id": 1295386637,
        "osm_type": "way",
        "name": "Orkla Camping",
        "tourism": "camp_site",
        "phone": "+47 47 75 43 89",
        "website": "https://orklacamping.no"
      }
    },
    {
      "type": "Feature",
      "geometry": {
        "type": "Point",
        "coordinates": [
          11.88273,
          62.4156828
        ]
      },
      "properties": {
        "id": 1301289026,
        "osm_type": "way",
        "tourism": "camp_site",
        "tents": "yes"
      }
    },
    {
      "type": "Feature",
      "geometry": {
        "type": "Point",
        "coordinates": [
          10.0711001,
          63.759925
        ]
      },
      "properties": {
        "id": 1377763732,
        "osm_type": "way",
        "tourism": "caravan_site"
      }
    },
    {
      "type": "Feature",
      "geometry": {
        "type": "Point",
        "coordinates": [
          11.443632,
          63.7927832
        ]
      },
      "properties": {
        "id": 1419674356,
        "osm_type": "way",
        "name": "AkerTun Innkvartering",
        "tourism": "motel"
      }
    },
    {
      "type": "Feature",
      "geometry": {
        "type": "Point",
        "coordinates": [
          9.3464536,
          62.5871142
        ]
      },
      "properties": {
        "id": 1420252256,
        "osm_type": "way",
        "name": "Furulund Camping",
        "tourism": "camp_site",
        "phone": "+47 72 42 43 58"
      }
    },
    {
      "type": "Feature",
      "geometry": {
        "type": "Point",
        "coordinates": [
          10.1436366,
          62.9174901
        ]
      },
      "properties": {
        "id": 3773221,
        "osm_type": "relation",
        "name": "Gullvåg Camping",
        "tourism": "camp_site",
        "tents": "yes",
        "phone": "+47 72 43 49 36",
        "website": "https://www.gullvagcamping.no/"
      }
    },
    {
      "type": "Feature",
      "geometry": {
        "type": "Point",
        "coordinates": [
          9.4711446,
          62.6119296
        ]
      },
      "properties": {
        "id": 3896039,
        "osm_type": "relation",
        "name": "Breesgarden camping",
        "tourism": "camp_site"
      }
    },
    {
      "type": "Feature",
      "geometry": {
        "type": "Point",
        "coordinates": [
          9.4751723,
          62.6161508
        ]
      },
      "properties": {
        "id": 3896040,
        "osm_type": "relation",
        "name": "Festa camping",
        "tourism": "camp_site"
      }
    },
    {
      "type": "Feature",
      "geometry": {
        "type": "Point",
        "coordinates": [
          9.0249184,
          63.4123051
        ]
      },
      "properties": {
        "id": 5725403,
        "osm_type": "relation",
        "name": "Belsvik Camping",
        "tourism": "caravan_site",
        "phone": "+47 72 45 24 20"
      }
    },
    {
      "type": "Feature",
      "geometry": {
        "type": "Point",
        "coordinates": [
          10.4037798,
          63.4114644
        ]
      },
      "properties": {
        "id": 7442594,
        "osm_type": "relation",
        "name": "Scandic Lerkendal",
        "tourism": "hotel"
      }
    },
    {
      "type": "Feature",
      "geometry": {
        "type": "Point",
        "coordinates": [
          11.5891598,
          64.8719179
        ]
      },
      "properties": {
        "id": 11714534,
        "osm_type": "relation",
        "name": "Kolvereid Familiecamping",
        "tourism": "camp_site",
        "tents": "yes",
        "phone": "+47 97 65 27 27",
        "website": "https://www.kolvereidfamiliecamping.no/"
      }
    },
    {
      "type": "Feature",
      "geometry": {
        "type": "Point",
        "coordinates": [
          9.5416947,
          63.2317832
        ]
      },
      "properties": {
        "id": 16430729,
        "osm_type": "relation",
        "name": "Høgkjølen Fjellcamp",
        "tourism": "camp_site",
        "tents": "yes",
        "phone": "+47 41 76 83 86",
        "website": "https://www.fjellcamp.no/"
      }
    },
    {
      "type": "Feature",
      "geometry": {
        "type": "Point",
        "coordinates": [
          10.2017258,
          63.4501889
        ]
      },
      "properties": {
        "id": 17476301,
        "osm_type": "relation",
        "name": "Flakk Camping",
        "tourism": "camp_site",
        "opening_hours": "May 1-Sep 1",
        "tents": "yes",
        "phone": "+47 72 84 39 00",
        "website": "https://www.flakk-camping.no/"
      }
    },
    {
      "type": "Feature",
      "geometry": {
        "type": "Point",
        "coordinates": [
          11.2313037,
          63.4425035
        ]
      },
      "properties": {
        "id": 19387264,
        "osm_type": "relation",
        "name": "Midtkil Camping",
        "tourism": "camp_site",
        "phone": "+47 41 69 28 04"
      }
    }
  ]
}