{
  "type": "FeatureCollection",
  "features": [
    {
      "type": "Feature",
      "geometry": {
        "type": "Point",
        "coordinates": [
          16.0331908,
          40.8460025
        ]
      },
      "properties": {
        "id": 256425115,
        "osm_type": "node",
        "name": "Kristall",
        "tourism": "hotel"
      }
    },
    {
      "type": "Feature",
      "geometry": {
        "type": "Point",
        "coordinates": [
          16.1432017,
          40.3956751
        ]
      },
      "properties": {
        "id": 256427391,
        "osm_type": "node",
        "tourism": "hotel"
      }
    },
    {
      "type": "Feature",
      "geometry": {
        "type": "Point",
        "coordinates": [
          16.0788136,
          40.5166395
        ]
      },
      "properties": {
        "id": 305088644,
        "osm_type": "node",
        "name": "Taddeo - Aziende Agricola Biologica",
        "tourism": "guest_house"
      }
    },
    {
      "type": "Feature",
      "geometry": {
        "type": "Point",
        "coordinates": [
          16.5859006,
          40.7000046
        ]
      },
      "properties": {
        "id": 309295767,
        "osm_type": "node",
        "name": "Hotel La Corte",
        "tourism": "hotel"
      }
    },
    {
      "type": "Feature",
      "geometry": {
        "type": "Point",
        "coordinates": [
          16.4897557,
          40.4904955
        ]
      },
      "properties": {
        "id": 382657327,
        "osm_type": "node",
        "name": "Hotel degli Ulivi",
        "tourism": "hotel",
        "check_date": "2024-06-21"
      }
    },
    {
      "type": "Feature",
      "geometry": {
        "type": "Point",
        "coordinates": [
          16.5028455,
          40.4692587
        ]
      },
      "properties": {
        "id": 391661006,
        "osm_type": "node",
        "name": "Diamante",
        "tourism": "hotel"
      }
    },
    {
      "type": "Feature",
      "geometry": {
        "type": "Point",
        "coordinates": [
          16.2453556,
          40.5931942
        ]
      },
      "properties": {
        "id": 391663461,
        "osm_type": "node",
        "name": "Hotel 407",
        "tourism": "hotel",
        "phone": "+39 0835 671015",
        "website": "https://www.hotelristorante407.it/"
      }
    },
    {
      "type": "Feature",
      "geometry": {
        "type": "Point",
        "coordinates": [
          16.1411285,
          40.0179676
        ]
      },
      "properties": {
        "id": 426155325,
        "osm_type": "node",
        "name": "Hotel paradiso",
        "tourism": "hotel"
      }
    },
    {
      "type": "Feature",
      "geometry": {
        "type": "Point",
        "coordinates": [
          16.1408462,
          40.0193428
        ]
      },
      "properties": {
        "id": 426155999,
        "osm_type": "node",
        "name": "Hotel panorama",
        "tourism": "hotel"
      }
    },
    {
      "type": "Feature",
      "geometry": {
        "type": "Point",
        "coordinates": [
          16.1354981,
          40.0218501
        ]
      },
      "properties": {
        "id": 426168643,
        "osm_type": "node",
        "tourism": "hotel"
      }
    },
    {
      "type": "Feature",
      "geometry": {
        "type": "Point",
        "coordinates": [
          16.1760179,
          39.9800946
        ]
      },
      "properties": {
        "id": 426193645,
        "osm_type": "node",
        "name": "Ostello il Salice, Hotel & Restaurant",
        "tourism": "hotel"
      }
    },
    {
      "type": "Feature",
      "geometry": {
        "type": "Point",
        "coordinates": [
          16.1780023,
          39.9487861
        ]
      },
      "properties": {
        "id": 471514046,
        "osm_type": "node",
        "name": "Rifugio pino loricato",
        "tourism": "alpine_hut"
      }
    },
    {
      "type": "Feature",
      "geometry": {
        "type": "Point",
        "coordinates": [
          16.1469884,
          39.9398786
        ]
      },
      "properties": {
        "id": 471522096,
        "osm_type": "node",
        "name": "Rifugio Visitone (2017: chiuso)",
        "tourism": "alpine_hut"
      }
    },
    {
      "type": "Feature",
      "geometry": {
        "type": "Point",
        "coordinates": [
          15.8215394,
          40.9636671
        ]
      },
      "properties": {
        "id": 562103708,
        "osm_type": "node",
        "name": "Hotel Orazio",
        "tourism": "hotel"
      }
    },
    {
      "type": "Feature",
      "geometry": {
        "type": "Point",
        "coordinates": [
          15.6716532,
          40.9785685
        ]
      },
      "properties": {
        "id": 700120674,
        "osm_type": "node",
        "name": "Terme di Rapolla",
        "tourism": "hotel"
      }
    },
    {
      "type": "Feature",
      "geometry": {
        "type": "Point",
        "coordinates": [
          16.2435673,
          40.745145
        ]
      },
      "properties": {
        "id": 898245166,
        "osm_type": "node",
        "name": "Bed & Breakfast San Eufemia",
        "tourism": "guest_house"
      }
    },
    {
      "type": "Feature",
      "geometry": {
        "type": "Point",
        "coordinates": [
          15.8084602,
          40.6402496
        ]
      },
      "properties": {
        "id": 914496977,
        "osm_type": "node",
        "name": "Tourist Hotel",
        "tourism": "hotel",
        "phone": "+39 097121437",
        "website": "http://www.touristhotelpotenza.com/",
        "check_date": "2025-10-11"
      }
    },
    {
      "type": "Feature",
      "geometry": {
        "type": "Point",
        "coordinates": [
          15.7229715,
          40.4305763
        ]
      },
      "properties": {
        "id": 966214314,
        "osm_type": "node",
        "name": "Agriturismo Il Castello",
        "tourism": "guest_house"
      }
    },
    {
      "type": "Feature",
      "geometry": {
        "type": "Point",
        "coordinates": [
          16.0868556,
          39.9737719
        ]
      },
      "properties": {
        "id": 1330862375,
        "osm_type": "node",
        "name": "Hotel Il Castello",
        "tourism": "hotel"
      }
    },
    {
      "type": "Feature",
      "geometry": {
        "type": "Point",
        "coordinates": [
          16.0894963,
          39.9734608
        ]
      },
      "properties": {
        "id": 1330862407,
        "osm_type": "node",
        "name": "Parco Hotel Pollino",
        "tourism": "hotel"
      }
    },
    {
      "type": "Feature",
      "geometry": {
        "type": "Point",
        "coordinates": [
          16.0887694,
          39.9723072
        ]
      },
      "properties": {
        "id": 1330930628,
        "osm_type": "node",
        "name": "La Locanda",
        "tourism": "hotel"
      }
    },
    {
      "type": "Feature",
      "geometry": {
        "type": "Point",
        "coordinates": [
          16.0844812,
          39.9732904
        ]
      },
      "properties": {
        "id": 1330960611,
        "osm_type": "node",
        "name": "La Dimora Antica",
        "tourism": "guest_house"
      }
    },
    {
      "type": "Feature",
      "geometry": {
        "type": "Point",
        "coordinates": [
          16.0815273,
          39.9720689
        ]
      },
      "properties": {
        "id": 1330983278,
        "osm_type": "node",
        "name": "Pensione Le Ginestre",
        "tourism": "hotel"
      }
    },
    {
      "type": "Feature",
      "geometry": {
        "type": "Point",
        "coordinates": [
          16.078019,
          39.9647097
        ]
      },
      "properties": {
        "id": 1330983335,
        "osm_type": "node",
        "name": "Il Boschetto",
        "tourism": "hotel"
      }
    },
    {
      "type": "Feature",
      "geometry": {
        "type": "Point",
        "coordinates": [
          16.2719935,
          40.2564609
        ]
      },
      "properties": {
        "id": 1603390528,
        "osm_type": "node",
        "name": "Il Gattopardo",
        "tourism": "hotel",
        "phone": "+39 0973 618183"
      }
    },
    {
      "type": "Feature",
      "geometry": {
        "type": "Point",
        "coordinates": [
          15.8733526,
          41.0127084
        ]
      },
      "properties": {
        "id": 1675735555,
        "osm_type": "node",
        "name": "agriturismo carpe diem",
        "tourism": "hostel"
      }
    },
    {
      "type": "Feature",
      "geometry": {
        "type": "Point",
        "coordinates": [
          16.6100915,
          40.563574
        ]
      },
      "properties": {
        "id": 1715928061,
        "osm_type": "node",
        "name": "L'Orto di Lucania",
        "tourism": "guest_house"
      }
    },
    {
      "type": "Feature",
      "geometry": {
        "type": "Point",
        "coordinates": [
          16.312243,
          40.1336985
        ]
      },
      "properties": {
        "id": 1759798407,
        "osm_type": "node",
        "name": "Hotel Villa del Lago",
        "tourism": "hotel",
        "phone": "+39 0973 686 735",
        "website": "http://www.villadellago.it/"
      }
    },
    {
      "type": "Feature",
      "geometry": {
        "type": "Point",
        "coordinates": [
          16.2107973,
          40.1233639
        ]
      },
      "properties": {
        "id": 1759798409,
        "osm_type": "node",
        "name": "Hotel Ricciardi",
        "tourism": "hotel",
        "contact:phone": "+39 0973 571031"
      }
    },
    {
      "type": "Feature",
      "geometry": {
        "type": "Point",
        "coordinates": [
          16.0415021,
          40.3836476
        ]
      },
      "properties": {
        "id": 1759808440,
        "osm_type": "node",
        "name": "Albergo Ristorante Priore",
        "tourism": "hotel",
        "phone": "+39 0971963032",
        "website": "http://www.albergoristorantepriore.it/"
      }
    },
    {
      "type": "Feature",
      "geometry": {
        "type": "Point",
        "coordinates": [
          15.9696741,
          40.0103926
        ]
      },
      "properties": {
        "id": 1773046935,
        "osm_type": "node",
        "name": "Hotel Sette e Mezzo",
        "tourism": "hotel"
      }
    },
    {
      "type": "Feature",
      "geometry": {
        "type": "Point",
        "coordinates": [
          15.7211846,
          40.5060475
        ]
      },
      "properties": {
        "id": 1850642500,
        "osm_type": "node",
        "name": "Il rifugio nel bosco",
        "tourism": "alpine_hut",
        "phone": "+39 333 9995991",
        "website": "http://scoutingfor.org/"
      }
    },
    {
      "type": "Feature",
      "geometry": {
        "type": "Point",
        "coordinates": [
          15.6720199,
          40.0375399
        ]
      },
      "properties": {
        "id": 1893135959,
        "osm_type": "node",
        "name": "La Giara",
        "tourism": "guest_house"
      }
    },
    {
      "type": "Feature",
      "geometry": {
        "type": "Point",
        "coordinates": [
          16.6109793,
          40.6670187
        ]
      },
      "properties": {
        "id": 1894975702,
        "osm_type": "node",
        "name": "B&B all'Annunziata Vecchia",
        "tourism": "guest_house",
        "website": "http://annunziata.matera.it/"
      }
    },
    {
      "type": "Feature",
      "geometry": {
        "type": "Point",
        "coordinates": [
          16.7597615,
          40.4581814
        ]
      },
      "properties": {
        "id": 1895052179,
        "osm_type": "node",
        "name": "Azienda agrituristica San Marco",
        "tourism": "guest_house",
        "phone": "+39 339 888 5800",
        "website": "https://www.sanmarcoagriturismo.it/"
      }
    },
    {
      "type": "Feature",
      "geometry": {
        "type": "Point",
        "coordinates": [
          15.602743,
          40.9198852
        ]
      },
      "properties": {
        "id": 1895063607,
        "osm_type": "node",
        "name": "Villa delle Rose",
        "tourism": "hotel",
        "phone": "+39 0972 715161",
        "website": "https://www.agriturismovilladellerose.it/"
      }
    },
    {
      "type": "Feature",
      "geometry": {
        "type": "Point",
        "coordinates": [
          16.6119261,
          40.6677468
        ]
      },
      "properties": {
        "id": 1936066439,
        "osm_type": "node",
        "name": "Sextantio Le Grotte della Civita",
        "tourism": "hotel",
        "phone": "+39 0835 332744",
        "website": "http://www.sextantio.it/grotte-civita/",
        "check_date": "2022-06-12"
      }
    },
    {
      "type": "Feature",
      "geometry": {
        "type": "Point",
        "coordinates": [
          16.5856733,
          40.6966476
        ]
      },
      "properties": {
        "id": 2204680617,
        "osm_type": "node",
        "name": "B&B Pineta Paducci",
        "tourism": "guest_house",
        "phone": "+39 338 3662618;+39 328 5820626;+39 329 6121732",
        "website": "http://www.pinetapaducci.com"
      }
    },
    {
      "type": "Feature",
      "geometry": {
        "type": "Point",
        "coordinates": [
          16.6091323,
          40.6646076
        ]
      },
      "properties": {
        "id": 2229571520,
        "osm_type": "node",
        "name": "Albergo Italia",
        "tourism": "hotel"
      }
    },
    {
      "type": "Feature",
      "geometry": {
        "type": "Point",
        "coordinates": [
          16.6113977,
          40.6665106
        ]
      },
      "properties": {
        "id": 2229580571,
        "osm_type": "node",
        "name": "Palazzo Gattini Luxury",
        "tourism": "hotel",
        "check_date": "2024-09-17"
      }
    },
    {
      "type": "Feature",
      "geometry": {
        "type": "Point",
        "coordinates": [
          16.6118068,
          40.6658431
        ]
      },
      "properties": {
        "id": 2229591604,
        "osm_type": "node",
        "name": "Le 12 lune",
        "tourism": "guest_house"
      }
    },
    {
      "type": "Feature",
      "geometry": {
        "type": "Point",
        "coordinates": [
          15.76552,
          40.506444
        ]
      },
      "properties": {
        "id": 2229847819,
        "osm_type": "node",
        "name": "Hotel Pierfaone",
        "tourism": "hotel",
        "phone": "+39 0971 722972",
        "website": "https://www.hotelpierfaone.it/"
      }
    },
    {
      "type": "Feature",
      "geometry": {
        "type": "Point",
        "coordinates": [
          15.7643664,
          39.9362706
        ]
      },
      "properties": {
        "id": 2244984805,
        "osm_type": "node",
        "name": "La Tana Borgo",
        "tourism": "hotel"
      }
    },
    {
      "type": "Feature",
      "geometry": {
        "type": "Point",
        "coordinates": [
          16.1692948,
          39.9817816
        ]
      },
      "properties": {
        "id": 2258042843,
        "osm_type": "node",
        "name": "Residenza delle Rose",
        "tourism": "guest_house"
      }
    },
    {
      "type": "Feature",
      "geometry": {
        "type": "Point",
        "coordinates": [
          16.1731524,
          39.9790446
        ]
      },
      "properties": {
        "id": 2258048813,
        "osm_type": "node",
        "name": "Mulino Iannarelli",
        "tourism": "hotel"
      }
    },
    {
      "type": "Feature",
      "geometry": {
        "type": "Point",
        "coordinates": [
          15.6190446,
          40.9816194
        ]
      },
      "properties": {
        "id": 2287896441,
        "osm_type": "node",
        "name": "Hotel Il Castagneto",
        "tourism": "hotel"
      }
    },
    {
      "type": "Feature",
      "geometry": {
        "type": "Point",
        "coordinates": [
          15.8812928,
          40.312609
        ]
      },
      "properties": {
        "id": 2349843364,
        "osm_type": "node",
        "name": "Likos",
        "tourism": "hotel",
        "phone": "+39 0975 350769",
        "website": "http://www.likoshotel.it"
      }
    },
    {
      "type": "Feature",
      "geometry": {
        "type": "Point",
        "coordinates": [
          16.6109848,
          40.6627862
        ]
      },
      "properties": {
        "id": 2407238230,
        "osm_type": "node",
        "name": "Slow Living B&B",
        "tourism": "guest_house",
        "phone": "+39 0835 408831"
      }
    },
    {
      "type": "Feature",
      "geometry": {
        "type": "Point",
        "coordinates": [
          15.691279,
          40.605321
        ]
      },
      "properties": {
        "id": 2512750311,
        "osm_type": "node",
        "name": "Cargallo",
        "tourism": "hotel",
        "phone": "+39 0971 485105"
      }
    },
    {
      "type": "Feature",
      "geometry": {
        "type": "Point",
        "coordinates": [
          15.681636,
          40.57188
        ]
      },
      "properties": {
        "id": 2517198437,
        "osm_type": "node",
        "name": "Mephitis",
        "tourism": "hotel",
        "phone": "+39 0971 794537"
      }
    },
    {
      "type": "Feature",
      "geometry": {
        "type": "Point",
        "coordinates": [
          16.6093705,
          40.6690306
        ]
      },
      "properties": {
        "id": 2521185694,
        "osm_type": "node",
        "name": "Palazzo degli Abati",
        "tourism": "hotel",
        "phone": "+39 0835 331333",
        "website": "http://www.palazzodegliabati.it",
        "check_date": "2025-03-05"
      }
    },
    {
      "type": "Feature",
      "geometry": {
        "type": "Point",
        "coordinates": [
          15.6954909,
          40.6036232
        ]
      },
      "properties": {
        "id": 2522215091,
        "osm_type": "node",
        "name": "La Piana Hotel",
        "tourism": "hotel"
      }
    },
    {
      "type": "Feature",
      "geometry": {
        "type": "Point",
        "coordinates": [
          16.631491,
          40.671167
        ]
      },
      "properties": {
        "id": 2523697532,
        "osm_type": "node",
        "name": "Area Camper Masseria Radogna",
        "tourism": "caravan_site",
        "phone": "+39 320 2636528",
        "website": "https://www.ceamatera.it/promozioni/matera-in-camper/"
      }
    },
    {
      "type": "Feature",
      "geometry": {
        "type": "Point",
        "coordinates": [
          16.5944951,
          40.6398155
        ]
      },
      "properties": {
        "id": 2557009218,
        "osm_type": "node",
        "name": "Agriturismo Terra dei Sassi",
        "tourism": "hotel",
        "phone": "+39 0835 319987"
      }
    },
    {
      "type": "Feature",
      "geometry": {
        "type": "Point",
        "coordinates": [
          15.7601498,
          40.4848133
        ]
      },
      "properties": {
        "id": 2612571517,
        "osm_type": "node",
        "name": "Hotel La Maddalena",
        "tourism": "hotel"
      }
    },
    {
      "type": "Feature",
      "geometry": {
        "type": "Point",
        "coordinates": [
          15.7905142,
          40.531336
        ]
      },
      "properties": {
        "id": 2612571519,
        "osm_type": "node",
        "name": "Hotel Sellata",
        "tourism": "hotel"
      }
    },
    {
      "type": "Feature",
      "geometry": {
        "type": "Point",
        "coordinates": [
          15.8283283,
          40.6352974
        ]
      },
      "properties": {
        "id": 2683140503,
        "osm_type": "node",
        "name": "Park Hotel Potenza",
        "tourism": "hotel",
        "contact:phone": "+39 0971472284",
        "contact:website": "www.parkhotelpotenza.com"
      }
    },
    {
      "type": "Feature",
      "geometry": {
        "type": "Point",
        "coordinates": [
          15.496164,
          40.5963403
        ]
      },
      "properties": {
        "id": 2822331585,
        "osm_type": "node",
        "name": "Agriturismo Melandro",
        "tourism": "guest_house",
        "phone": "+39 320 6274135"
      }
    },
    {
      "type": "Feature",
      "geometry": {
        "type": "Point",
        "coordinates": [
          16.6127245,
          40.6602707
        ]
      },
      "properties": {
        "id": 2870522015,
        "osm_type": "node",
        "name": "B&B Le Tre Civette",
        "tourism": "hotel",
        "phone": "+39 339 7924614",
        "website": "www.letrecivette.it"
      }
    },
    {
      "type": "Feature",
      "geometry": {
        "type": "Point",
        "coordinates": [
          16.1259485,
          40.050904
        ]
      },
      "properties": {
        "id": 2967747561,
        "osm_type": "node",
        "name": "Bosco Magnano",
        "tourism": "hotel",
        "phone": "+39 346 3601273",
        "website": "http://www.albergoboscomagnano.it"
      }
    },
    {
      "type": "Feature",
      "geometry": {
        "type": "Point",
        "coordinates": [
          16.6651971,
          40.554745
        ]
      },
      "properties": {
        "id": 2995780052,
        "osm_type": "node",
        "name": "Il Borgo Ritrovato",
        "tourism": "hotel",
        "contact:phone": "+39 0835 207077",
        "website": "www.ilborgoritrovato.com"
      }
    },
    {
      "type": "Feature",
      "geometry": {
        "type": "Point",
        "coordinates": [
          16.7630835,
          40.4603345
        ]
      },
      "properties": {
        "id": 3014052939,
        "osm_type": "node",
        "tourism": "motel"
      }
    },
    {
      "type": "Feature",
      "geometry": {
        "type": "Point",
        "coordinates": [
          16.1710552,
          40.3927636
        ]
      },
      "properties": {
        "id": 3094221694,
        "osm_type": "node",
        "name": "Albergo Il Ristoro di Cerellio",
        "tourism": "hotel"
      }
    },
    {
      "type": "Feature",
      "geometry": {
        "type": "Point",
        "coordinates": [
          15.90619,
          40.2804301
        ]
      },
      "properties": {
        "id": 3094246102,
        "osm_type": "node",
        "name": "Agriturismo Parco Verde",
        "tourism": "guest_house"
      }
    },
    {
      "type": "Feature",
      "geometry": {
        "type": "Point",
        "coordinates": [
          15.8847738,
          40.2170246
        ]
      },
      "properties": {
        "id": 3112533985,
        "osm_type": "node",
        "name": "Vecchio Ponte",
        "tourism": "guest_house",
        "phone": "+39 0975 64969",
        "website": "https://www.albergovecchioponte.it/"
      }
    },
    {
      "type": "Feature",
      "geometry": {
        "type": "Point",
        "coordinates": [
          16.0486154,
          40.530892
        ]
      },
      "properties": {
        "id": 3154830276,
        "osm_type": "node",
        "name": "B&b Dal Duca",
        "tourism": "guest_house"
      }
    },
    {
      "type": "Feature",
      "geometry": {
        "type": "Point",
        "coordinates": [
          16.0488135,
          40.5307786
        ]
      },
      "properties": {
        "id": 3154830277,
        "osm_type": "node",
        "name": "B&b Al Palazzo Ducale",
        "tourism": "guest_house"
      }
    },
    {
      "type": "Feature",
      "geometry": {
        "type": "Point",
        "coordinates": [
          16.0490998,
          40.5306014
        ]
      },
      "properties": {
        "id": 3155103313,
        "osm_type": "node",
        "name": "bed and breakfast \" La casa di Giulietta\"",
        "tourism": "guest_house",
        "website": "https://www.lacasadigiulietta.net"
      }
    },
    {
      "type": "Feature",
      "geometry": {
        "type": "Point",
        "coordinates": [
          16.0491783,
          40.5304157
        ]
      },
      "properties": {
        "id": 3155116034,
        "osm_type": "node",
        "name": "B&B La Perla nelle Dolomiti",
        "tourism": "guest_house"
      }
    },
    {
      "type": "Feature",
      "geometry": {
        "type": "Point",
        "coordinates": [
          16.0429314,
          40.5304564
        ]
      },
      "properties": {
        "id": 3155128337,
        "osm_type": "node",
        "name": "Al Balcone delle Dolomiti",
        "tourism": "guest_house"
      }
    },
    {
      "type": "Feature",
      "geometry": {
        "type": "Point",
        "coordinates": [
          16.0478586,
          40.5308937
        ]
      },
      "properties": {
        "id": 3155150165,
        "osm_type": "node",
        "name": "B&b Seraton",
        "tourism": "guest_house",
        "check_date": "2024-09-19"
      }
    },
    {
      "type": "Feature",
      "geometry": {
        "type": "Point",
        "coordinates": [
          16.5373314,
          40.5248102
        ]
      },
      "properties": {
        "id": 3175529147,
        "osm_type": "node",
        "name": "Agriturismo Colle di Sisto",
        "tourism": "guest_house"
      }
    },
    {
      "type": "Feature",
      "geometry": {
        "type": "Point",
        "coordinates": [
          16.6085303,
          40.6817382
        ]
      },
      "properties": {
        "id": 3201647796,
        "osm_type": "node",
        "name": "Residence Palomba",
        "tourism": "hotel",
        "phone": "+39 320 4231360"
      }
    },
    {
      "type": "Feature",
      "geometry": {
        "type": "Point",
        "coordinates": [
          16.0435571,
          40.5307415
        ]
      },
      "properties": {
        "id": 3231139759,
        "osm_type": "node",
        "name": "Regina Margherita",
        "tourism": "guest_house"
      }
    },
    {
      "type": "Feature",
      "geometry": {
        "type": "Point",
        "coordinates": [
          15.4832085,
          40.7515149
        ]
      },
      "properties": {
        "id": 3238435141,
        "osm_type": "node",
        "name": "Hotel delle Colline",
        "tourism": "hotel"
      }
    },
    {
      "type": "Feature",
      "geometry": {
        "type": "Point",
        "coordinates": [
          15.8185703,
          40.6545503
        ]
      },
      "properties": {
        "id": 3270959937,
        "osm_type": "node",
        "name": "Bed and Breakfast",
        "tourism": "guest_house"
      }
    },
    {
      "type": "Feature",
      "geometry": {
        "type": "Point",
        "coordinates": [
          15.8026788,
          40.377197
        ]
      },
      "properties": {
        "id": 3373340356,
        "osm_type": "node",
        "name": "Agriturismo Il Querceto - Azienda Bioecologica",
        "tourism": "motel"
      }
    },
    {
      "type": "Feature",
      "geometry": {
        "type": "Point",
        "coordinates": [
          15.6478613,
          40.9893165
        ]
      },
      "properties": {
        "id": 3481371127,
        "osm_type": "node",
        "name": "Hotel Due Pini",
        "tourism": "hotel"
      }
    },
    {
      "type": "Feature",
      "geometry": {
        "type": "Point",
        "coordinates": [
          15.8344065,
          40.6320871
        ]
      },
      "properties": {
        "id": 3583755380,
        "osm_type": "node",
        "name": "La Primula Srl",
        "tourism": "hotel",
        "contact:phone": "+39 097158310",
        "contact:website": "https://www.albergolaprimula.it"
      }
    },
    {
      "type": "Feature",
      "geometry": {
        "type": "Point",
        "coordinates": [
          15.8075901,
          40.6389356
        ]
      },
      "properties": {
        "id": 3585501694,
        "osm_type": "node",
        "name": "Grande Albergo Potenza",
        "tourism": "hotel",
        "phone": "+39 0971 410220",
        "website": "http://www.grandealbergopotenza.it/it/"
      }
    },
    {
      "type": "Feature",
      "geometry": {
        "type": "Point",
        "coordinates": [
          15.8008709,
          40.6377723
        ]
      },
      "properties": {
        "id": 3654476207,
        "osm_type": "node",
        "tourism": "guest_house"
      }
    },
    {
      "type": "Feature",
      "geometry": {
        "type": "Point",
        "coordinates": [
          15.7517937,
          40.623211
        ]
      },
      "properties": {
        "id": 3731824974,
        "osm_type": "node",
        "name": "Agriturismo Centomani",
        "tourism": "guest_house"
      }
    },
    {
      "type": "Feature",
      "geometry": {
        "type": "Point",
        "coordinates": [
          15.798433,
          40.621852
        ]
      },
      "properties": {
        "id": 3734061525,
        "osm_type": "node",
        "name": "Hotel Vittoria",
        "tourism": "hotel",
        "phone": "+39 097156632",
        "contact:website": "http://www.hotelvittoriapz.it"
      }
    },
    {
      "type": "Feature",
      "geometry": {
        "type": "Point",
        "coordinates": [
          16.6123552,
          40.6665353
        ]
      },
      "properties": {
        "id": 4191537158,
        "osm_type": "node",
        "name": "La Dimora Della Civita",
        "tourism": "guest_house"
      }
    },
    {
      "type": "Feature",
      "geometry": {
        "type": "Point",
        "coordinates": [
          16.6124719,
          40.6666157
        ]
      },
      "properties": {
        "id": 4191537159,
        "osm_type": "node",
        "name": "B&B San Potito",
        "tourism": "guest_house",
        "check_date": "2025-03-04"
      }
    },
    {
      "type": "Feature",
      "geometry": {
        "type": "Point",
        "coordinates": [
          16.6125319,
          40.6664951
        ]
      },
      "properties": {
        "id": 4191642963,
        "osm_type": "node",
        "name": "Casa Vacanza Una carezza per l'anima",
        "tourism": "guest_house"
      }
    },
    {
      "type": "Feature",
      "geometry": {
        "type": "Point",
        "coordinates": [
          16.6119547,
          40.6661925
        ]
      },
      "properties": {
        "id": 4191642964,
        "osm_type": "node",
        "name": "Casa vacanze Le Scuderie Noha",
        "tourism": "guest_house"
      }
    },
    {
      "type": "Feature",
      "geometry": {
        "type": "Point",
        "coordinates": [
          16.6122157,
          40.6665801
        ]
      },
      "properties": {
        "id": 4191642966,
        "osm_type": "node",
        "name": "Palazzo Viceconte",
        "tourism": "hotel",
        "phone": "+39 0835 330699",
        "website": "https://www.palazzoviceconte.it/",
        "check_date": "2026-04-12"
      }
    },
    {
      "type": "Feature",
      "geometry": {
        "type": "Point",
        "coordinates": [
          16.6097437,
          40.6659351
        ]
      },
      "properties": {
        "id": 4192062318,
        "osm_type": "node",
        "name": "Residenza dei Suoni",
        "tourism": "guest_house"
      }
    },
    {
      "type": "Feature",
      "geometry": {
        "type": "Point",
        "coordinates": [
          16.6094245,
          40.6653848
        ]
      },
      "properties": {
        "id": 4192062326,
        "osm_type": "node",
        "name": "Albergo del Sedile",
        "tourism": "hotel",
        "phone": "+39 0835 333436",
        "website": "https://www.albergodelsedile.it/"
      }
    },
    {
      "type": "Feature",
      "geometry": {
        "type": "Point",
        "coordinates": [
          15.6778689,
          40.0155445
        ]
      },
      "properties": {
        "id": 4207806284,
        "osm_type": "node",
        "name": "B&B Nefer",
        "tourism": "guest_house"
      }
    },
    {
      "type": "Feature",
      "geometry": {
        "type": "Point",
        "coordinates": [
          15.8007443,
          40.6603794
        ]
      },
      "properties": {
        "id": 4219588094,
        "osm_type": "node",
        "name": "B&B Hara",
        "tourism": "guest_house",
        "contact:phone": "+39 0971 442959"
      }
    },
    {
      "type": "Feature",
      "geometry": {
        "type": "Point",
        "coordinates": [
          15.9807155,
          40.0019919
        ]
      },
      "properties": {
        "id": 4308789101,
        "osm_type": "node",
        "name": "Hotel Pino",
        "tourism": "hotel"
      }
    },
    {
      "type": "Feature",
      "geometry": {
        "type": "Point",
        "coordinates": [
          16.5493385,
          40.514862
        ]
      },
      "properties": {
        "id": 4321139881,
        "osm_type": "node",
        "name": "Bed & Breakfast Antonio Vivaldi",
        "tourism": "guest_house",
        "website": "http://www.bbantoniovivaldi.it/"
      }
    },
    {
      "type": "Feature",
      "geometry": {
        "type": "Point",
        "coordinates": [
          16.5477673,
          40.5164272
        ]
      },
      "properties": {
        "id": 4388861188,
        "osm_type": "node",
        "name": "B&B Alle porte di San Rocco",
        "tourism": "guest_house"
      }
    },
    {
      "type": "Feature",
      "geometry": {
        "type": "Point",
        "coordinates": [
          15.991354,
          40.1295146
        ]
      },
      "properties": {
        "id": 4407232587,
        "osm_type": "node",
        "name": "Rifugio Bosco Favino",
        "tourism": "alpine_hut"
      }
    },
    {
      "type": "Feature",
      "geometry": {
        "type": "Point",
        "coordinates": [
          16.827514,
          40.366277
        ]
      },
      "properties": {
        "id": 4420215189,
        "osm_type": "node",
        "name": "Residence Alessidamo",
        "tourism": "hotel",
        "phone": "+39 0835 683111",
        "website": "https://www.alessidamo.it/"
      }
    },
    {
      "type": "Feature",
      "geometry": {
        "type": "Point",
        "coordinates": [
          16.063172,
          40.5188093
        ]
      },
      "properties": {
        "id": 4473355698,
        "osm_type": "node",
        "name": "B&B Dragone",
        "tourism": "hotel"
      }
    },
    {
      "type": "Feature",
      "geometry": {
        "type": "Point",
        "coordinates": [
          16.2596771,
          39.956988
        ]
      },
      "properties": {
        "id": 4496321589,
        "osm_type": "node",
        "name": "Rifugio Aquila Verde",
        "tourism": "alpine_hut"
      }
    },
    {
      "type": "Feature",
      "geometry": {
        "type": "Point",
        "coordinates": [
          16.6050765,
          40.6670242
        ]
      },
      "properties": {
        "id": 4510298078,
        "osm_type": "node",
        "name": "Hotel San Domenico",
        "tourism": "hotel",
        "check_date": "2026-04-18"
      }
    },
    {
      "type": "Feature",
      "geometry": {
        "type": "Point",
        "coordinates": [
          16.6133836,
          40.660545
        ]
      },
      "properties": {
        "id": 4510452991,
        "osm_type": "node",
        "name": "Residence del Casalnuovo",
        "tourism": "hotel"
      }
    },
    {
      "type": "Feature",
      "geometry": {
        "type": "Point",
        "coordinates": [
          15.9824899,
          40.1412031
        ]
      },
      "properties": {
        "id": 4674446192,
        "osm_type": "node",
        "name": "Rifugio Tellus Mater",
        "tourism": "alpine_hut"
      }
    },
    {
      "type": "Feature",
      "geometry": {
        "type": "Point",
        "coordinates": [
          15.80147,
          40.643632
        ]
      },
      "properties": {
        "id": 4736515323,
        "osm_type": "node",
        "name": "I colori della Vita",
        "tourism": "guest_house",
        "contact:phone": "+39 320 3445033",
        "contact:website": "http://icoloridellavitabb.com"
      }
    },
    {
      "type": "Feature",
      "geometry": {
        "type": "Point",
        "coordinates": [
          16.805088,
          40.337715
        ]
      },
      "properties": {
        "id": 4853267421,
        "osm_type": "node",
        "name": "Porto degli Argonauti",
        "tourism": "hotel"
      }
    },
    {
      "type": "Feature",
      "geometry": {
        "type": "Point",
        "coordinates": [
          16.6070649,
          40.6627534
        ]
      },
      "properties": {
        "id": 4857980576,
        "osm_type": "node",
        "name": "Residenza del Maestro",
        "tourism": "guest_house"
      }
    },
    {
      "type": "Feature",
      "geometry": {
        "type": "Point",
        "coordinates": [
          16.6073639,
          40.6669782
        ]
      },
      "properties": {
        "id": 4895927062,
        "osm_type": "node",
        "name": "Sassisuite B&B",
        "tourism": "hotel",
        "website": "https://www.sassisuite.it/it/home/"
      }
    },
    {
      "type": "Feature",
      "geometry": {
        "type": "Point",
        "coordinates": [
          16.7094586,
          40.1938795
        ]
      },
      "properties": {
        "id": 5001758423,
        "osm_type": "node",
        "name": "De Pace",
        "tourism": "hotel"
      }
    },
    {
      "type": "Feature",
      "geometry": {
        "type": "Point",
        "coordinates": [
          16.2448556,
          39.9479141
        ]
      },
      "properties": {
        "id": 5014164472,
        "osm_type": "node",
        "name": "Rifugio Segheria",
        "tourism": "alpine_hut"
      }
    },
    {
      "type": "Feature",
      "geometry": {
        "type": "Point",
        "coordinates": [
          15.73091,
          39.982737
        ]
      },
      "properties": {
        "id": 5119656921,
        "osm_type": "node",
        "name": "Grand Hotel Pianeta Maratea",
        "tourism": "hotel",
        "contact:phone": "+39 0973871966",
        "contact:website": "http://www.grandhotelmaratea.it"
      }
    },
    {
      "type": "Feature",
      "geometry": {
        "type": "Point",
        "coordinates": [
          15.7998943,
          40.6370098
        ]
      },
      "properties": {
        "id": 5234328237,
        "osm_type": "node",
        "name": "My Room Old Town",
        "tourism": "guest_house"
      }
    },
    {
      "type": "Feature",
      "geometry": {
        "type": "Point",
        "coordinates": [
          16.5836436,
          40.6806075
        ]
      },
      "properties": {
        "id": 5424891921,
        "osm_type": "node",
        "name": "B&B Buon Vento",
        "tourism": "guest_house",
        "phone": "+39 340 086 9461"
      }
    },
    {
      "type": "Feature",
      "geometry": {
        "type": "Point",
        "coordinates": [
          15.577173,
          40.9246366
        ]
      },
      "properties": {
        "id": 5451380537,
        "osm_type": "node",
        "name": "Il Cantuccio del Vulture",
        "tourism": "hotel",
        "website": "http://www.cantucciodelvulture.it/"
      }
    },
    {
      "type": "Feature",
      "geometry": {
        "type": "Point",
        "coordinates": [
          15.7992861,
          40.6368988
        ]
      },
      "properties": {
        "id": 5468813466,
        "osm_type": "node",
        "name": "Borgo Antico Santa Lucia",
        "tourism": "guest_house",
        "contact:phone": "+39 333 566 475"
      }
    },
    {
      "type": "Feature",
      "geometry": {
        "type": "Point",
        "coordinates": [
          15.6088519,
          40.9360445
        ]
      },
      "properties": {
        "id": 5562030108,
        "osm_type": "node",
        "name": "Borgo Villa Maria",
        "tourism": "hotel",
        "contact:phone": "+39 0972 731302",
        "website": "https://www.borgovillamaria.com/"
      }
    },
    {
      "type": "Feature",
      "geometry": {
        "type": "Point",
        "coordinates": [
          15.8037754,
          40.6385378
        ]
      },
      "properties": {
        "id": 5597375313,
        "osm_type": "node",
        "name": "B&B Casa Retrò",
        "tourism": "guest_house",
        "check_date": "2025-04-24"
      }
    },
    {
      "type": "Feature",
      "geometry": {
        "type": "Point",
        "coordinates": [
          15.9572025,
          40.0934212
        ]
      },
      "properties": {
        "id": 5602837178,
        "osm_type": "node",
        "name": "Rifugio \"La Faggeta\"",
        "tourism": "alpine_hut"
      }
    },
    {
      "type": "Feature",
      "geometry": {
        "type": "Point",
        "coordinates": [
          16.6046082,
          40.6668952
        ]
      },
      "properties": {
        "id": 5703251924,
        "osm_type": "node",
        "tourism": "apartment"
      }
    },
    {
      "type": "Feature",
      "geometry": {
        "type": "Point",
        "coordinates": [
          16.6097231,
          40.6646531
        ]
      },
      "properties": {
        "id": 5766186273,
        "osm_type": "node",
        "name": "L'Albero di Eliana",
        "tourism": "guest_house"
      }
    },
    {
      "type": "Feature",
      "geometry": {
        "type": "Point",
        "coordinates": [
          15.7944102,
          40.9569428
        ]
      },
      "properties": {
        "id": 5840579866,
        "osm_type": "node",
        "tourism": "caravan_site"
      }
    },
    {
      "type": "Feature",
      "geometry": {
        "type": "Point",
        "coordinates": [
          15.9246849,
          40.7250743
        ]
      },
      "properties": {
        "id": 5865325641,
        "osm_type": "node",
        "name": "BioAgriSalute",
        "tourism": "guest_house",
        "phone": "+39 0971 942005",
        "website": "http://www.bioagrisalute.it/"
      }
    },
    {
      "type": "Feature",
      "geometry": {
        "type": "Point",
        "coordinates": [
          16.7164106,
          40.3311147
        ]
      },
      "properties": {
        "id": 5911053485,
        "osm_type": "node",
        "name": "Agrumare Farm Holiday",
        "tourism": "chalet",
        "phone": "+39 0835 167 30 13",
        "website": "www.agrumare.it"
      }
    },
    {
      "type": "Feature",
      "geometry": {
        "type": "Point",
        "coordinates": [
          16.0905987,
          40.2590795
        ]
      },
      "properties": {
        "id": 5931162704,
        "osm_type": "node",
        "name": "Agriturismo Zia Elena",
        "tourism": "guest_house",
        "opening_hours": "Sa-Th 13:00-15:30,20:00-23:30",
        "phone": "+390971751381",
        "website": "http://www.agriturismoziaelena.it/"
      }
    },
    {
      "type": "Feature",
      "geometry": {
        "type": "Point",
        "coordinates": [
          15.7123496,
          39.9970492
        ]
      },
      "properties": {
        "id": 5951400079,
        "osm_type": "node",
        "name": "B&B Le Tre Rose",
        "tourism": "guest_house"
      }
    },
    {
      "type": "Feature",
      "geometry": {
        "type": "Point",
        "coordinates": [
          16.6158938,
          40.6586048
        ]
      },
      "properties": {
        "id": 6047327369,
        "osm_type": "node",
        "name": "B&B Casastella",
        "tourism": "guest_house",
        "phone": "+39 0835310272",
        "website": "https://www.casastella.it/"
      }
    },
    {
      "type": "Feature",
      "geometry": {
        "type": "Point",
        "coordinates": [
          15.7874064,
          40.5734189
        ]
      },
      "properties": {
        "id": 6095902630,
        "osm_type": "node",
        "name": "La Finestra sui Cento Portali",
        "tourism": "guest_house"
      }
    },
    {
      "type": "Feature",
      "geometry": {
        "type": "Point",
        "coordinates": [
          15.7877377,
          40.5731642
        ]
      },
      "properties": {
        "id": 6105811254,
        "osm_type": "node",
        "name": "B&B \"La casa nel vicolo\"",
        "tourism": "guest_house"
      }
    },
    {
      "type": "Feature",
      "geometry": {
        "type": "Point",
        "coordinates": [
          15.7861355,
          40.5727609
        ]
      },
      "properties": {
        "id": 6106226114,
        "osm_type": "node",
        "name": "B&B",
        "tourism": "guest_house"
      }
    },
    {
      "type": "Feature",
      "geometry": {
        "type": "Point",
        "coordinates": [
          16.143893,
          40.6138329
        ]
      },
      "properties": {
        "id": 6139477615,
        "osm_type": "node",
        "name": "Gianmaria B&B",
        "tourism": "guest_house"
      }
    },
    {
      "type": "Feature",
      "geometry": {
        "type": "Point",
        "coordinates": [
          16.1326371,
          40.6184143
        ]
      },
      "properties": {
        "id": 6139480157,
        "osm_type": "node",
        "name": "B&B Villino Francesca",
        "tourism": "guest_house"
      }
    },
    {
      "type": "Feature",
      "geometry": {
        "type": "Point",
        "coordinates": [
          16.0396045,
          39.9534072
        ]
      },
      "properties": {
        "id": 6316651098,
        "osm_type": "node",
        "name": "L'Antico Portale",
        "tourism": "guest_house"
      }
    },
    {
      "type": "Feature",
      "geometry": {
        "type": "Point",
        "coordinates": [
          16.1259707,
          40.0509346
        ]
      },
      "properties": {
        "id": 6412391392,
        "osm_type": "node",
        "name": "Albergo Magnano",
        "tourism": "hotel"
      }
    },
    {
      "type": "Feature",
      "geometry": {
        "type": "Point",
        "coordinates": [
          16.6034984,
          40.6715278
        ]
      },
      "properties": {
        "id": 6436462051,
        "osm_type": "node",
        "name": "Casa Vacanze Casa Nonna franca",
        "tourism": "guest_house"
      }
    },
    {
      "type": "Feature",
      "geometry": {
        "type": "Point",
        "coordinates": [
          16.6245876,
          40.6430114
        ]
      },
      "properties": {
        "id": 6483714862,
        "osm_type": "node",
        "name": "La Tavernetta",
        "tourism": "guest_house"
      }
    },
    {
      "type": "Feature",
      "geometry": {
        "type": "Point",
        "coordinates": [
          16.664313,
          40.719283
        ]
      },
      "properties": {
        "id": 6485243132,
        "osm_type": "node",
        "name": "Tenuta Danesi",
        "tourism": "hotel"
      }
    },
    {
      "type": "Feature",
      "geometry": {
        "type": "Point",
        "coordinates": [
          16.603004,
          40.727018
        ]
      },
      "properties": {
        "id": 6485243133,
        "osm_type": "node",
        "name": "Masseria Fontana di Vite",
        "tourism": "hotel"
      }
    },
    {
      "type": "Feature",
      "geometry": {
        "type": "Point",
        "coordinates": [
          16.579743,
          40.71116
        ]
      },
      "properties": {
        "id": 6485243134,
        "osm_type": "node",
        "name": "La Sosta",
        "tourism": "motel"
      }
    },
    {
      "type": "Feature",
      "geometry": {
        "type": "Point",
        "coordinates": [
          16.606228,
          40.674555
        ]
      },
      "properties": {
        "id": 6485246371,
        "osm_type": "node",
        "name": "Chiostro delle Cererie",
        "tourism": "hotel"
      }
    },
    {
      "type": "Feature",
      "geometry": {
        "type": "Point",
        "coordinates": [
          16.592455,
          40.683217
        ]
      },
      "properties": {
        "id": 6485246372,
        "osm_type": "node",
        "name": "Hotel Cave Del Sole Resort & Beauty",
        "tourism": "hotel",
        "phone": "+39 0835 331586",
        "website": "https://www.hotelcavedelsole.it/",
        "check_date": "2022-06-10"
      }
    },
    {
      "type": "Feature",
      "geometry": {
        "type": "Point",
        "coordinates": [
          16.6125696,
          40.6670969
        ]
      },
      "properties": {
        "id": 6485299230,
        "osm_type": "node",
        "name": "Cenobio Hotel Matera",
        "tourism": "hotel"
      }
    },
    {
      "type": "Feature",
      "geometry": {
        "type": "Point",
        "coordinates": [
          16.609775,
          40.667198
        ]
      },
      "properties": {
        "id": 6485299231,
        "osm_type": "node",
        "name": "Hotel Sassi",
        "tourism": "hotel"
      }
    },
    {
      "type": "Feature",
      "geometry": {
        "type": "Point",
        "coordinates": [
          16.610155,
          40.667698
        ]
      },
      "properties": {
        "id": 6485299232,
        "osm_type": "node",
        "name": "Hotel Residence San Giorgio",
        "tourism": "hotel"
      }
    },
    {
      "type": "Feature",
      "geometry": {
        "type": "Point",
        "coordinates": [
          16.609776,
          40.667902
        ]
      },
      "properties": {
        "id": 6485299233,
        "osm_type": "node",
        "name": "Fra i sassi Residence",
        "tourism": "hotel"
      }
    },
    {
      "type": "Feature",
      "geometry": {
        "type": "Point",
        "coordinates": [
          16.609345,
          40.667489
        ]
      },
      "properties": {
        "id": 6485299234,
        "osm_type": "node",
        "name": "Hotel in Pietra",
        "tourism": "hotel"
      }
    },
    {
      "type": "Feature",
      "geometry": {
        "type": "Point",
        "coordinates": [
          16.609158,
          40.667841
        ]
      },
      "properties": {
        "id": 6485299235,
        "osm_type": "node",
        "name": "Locanda di San Martino",
        "tourism": "hotel"
      }
    },
    {
      "type": "Feature",
      "geometry": {
        "type": "Point",
        "coordinates": [
          16.604775,
          40.668011
        ]
      },
      "properties": {
        "id": 6485299236,
        "osm_type": "node",
        "name": "Piccolo Albergo",
        "tourism": "hotel"
      }
    },
    {
      "type": "Feature",
      "geometry": {
        "type": "Point",
        "coordinates": [
          16.603684,
          40.667208
        ]
      },
      "properties": {
        "id": 6485299237,
        "osm_type": "node",
        "name": "Albergo Roma",
        "tourism": "hotel",
        "check_date": "2025-12-13"
      }
    },
    {
      "type": "Feature",
      "geometry": {
        "type": "Point",
        "coordinates": [
          16.61314,
          40.660796
        ]
      },
      "properties": {
        "id": 6485319925,
        "osm_type": "node",
        "name": "Il Belvedere",
        "tourism": "hotel",
        "check_date": "2026-04-12"
      }
    },
    {
      "type": "Feature",
      "geometry": {
        "type": "Point",
        "coordinates": [
          16.611299,
          40.662891
        ]
      },
      "properties": {
        "id": 6485319926,
        "osm_type": "node",
        "name": "Aquatio Cave Luxury Hotel",
        "tourism": "hotel"
      }
    },
    {
      "type": "Feature",
      "geometry": {
        "type": "Point",
        "coordinates": [
          16.611186,
          40.663954
        ]
      },
      "properties": {
        "id": 6485319927,
        "osm_type": "node",
        "tourism": "hotel"
      }
    },
    {
      "type": "Feature",
      "geometry": {
        "type": "Point",
        "coordinates": [
          16.610655,
          40.664287
        ]
      },
      "properties": {
        "id": 6485319928,
        "osm_type": "node",
        "name": "Casa di Lucio",
        "tourism": "hotel"
      }
    },
    {
      "type": "Feature",
      "geometry": {
        "type": "Point",
        "coordinates": [
          16.611945,
          40.665191
        ]
      },
      "properties": {
        "id": 6485319929,
        "osm_type": "node",
        "name": "Hotel Sant'angelo",
        "tourism": "hotel",
        "check_date": "2025-03-02"
      }
    },
    {
      "type": "Feature",
      "geometry": {
        "type": "Point",
        "coordinates": [
          16.6114,
          40.66491
        ]
      },
      "properties": {
        "id": 6485319930,
        "osm_type": "node",
        "name": "Hotel Caveoso",
        "tourism": "hotel",
        "check_date": "2025-03-02"
      }
    },
    {
      "type": "Feature",
      "geometry": {
        "type": "Point",
        "coordinates": [
          16.611718,
          40.666136
        ]
      },
      "properties": {
        "id": 6485319931,
        "osm_type": "node",
        "name": "Palazzo del Duca",
        "tourism": "hotel"
      }
    },
    {
      "type": "Feature",
      "geometry": {
        "type": "Point",
        "coordinates": [
          15.6594057,
          40.9966206
        ]
      },
      "properties": {
        "id": 6513356130,
        "osm_type": "node",
        "name": "Hostel Il Tetto",
        "tourism": "hostel",
        "contact:phone": "+39 0972 236837",
        "contact:website": "http://www.hosteliltetto.com/"
      }
    },
    {
      "type": "Feature",
      "geometry": {
        "type": "Point",
        "coordinates": [
          16.516131,
          40.715046
        ]
      },
      "properties": {
        "id": 6536926363,
        "osm_type": "node",
        "name": "Masseria La Fiorita",
        "tourism": "guest_house"
      }
    },
    {
      "type": "Feature",
      "geometry": {
        "type": "Point",
        "coordinates": [
          16.486476,
          40.70964
        ]
      },
      "properties": {
        "id": 6536926364,
        "osm_type": "node",
        "name": "Al Borghetto",
        "tourism": "guest_house"
      }
    },
    {
      "type": "Feature",
      "geometry": {
        "type": "Point",
        "coordinates": [
          16.6712,
          40.687928
        ]
      },
      "properties": {
        "id": 6536932539,
        "osm_type": "node",
        "name": "Le Spighe D'Oro",
        "tourism": "chalet"
      }
    },
    {
      "type": "Feature",
      "geometry": {
        "type": "Point",
        "coordinates": [
          16.0529123,
          40.3630239
        ]
      },
      "properties": {
        "id": 6552793190,
        "osm_type": "node",
        "name": "La Bradia",
        "tourism": "chalet"
      }
    },
    {
      "type": "Feature",
      "geometry": {
        "type": "Point",
        "coordinates": [
          16.606008,
          40.66881
        ]
      },
      "properties": {
        "id": 6570318348,
        "osm_type": "node",
        "name": "Affittacamere Domus Matera",
        "tourism": "apartment",
        "phone": "+39 329 6888085"
      }
    },
    {
      "type": "Feature",
      "geometry": {
        "type": "Point",
        "coordinates": [
          16.6089207,
          40.6683044
        ]
      },
      "properties": {
        "id": 6703063187,
        "osm_type": "node",
        "tourism": "hotel"
      }
    },
    {
      "type": "Feature",
      "geometry": {
        "type": "Point",
        "coordinates": [
          16.6080627,
          40.6665771
        ]
      },
      "properties": {
        "id": 6761732376,
        "osm_type": "node",
        "name": "B&B Fiorentini",
        "tourism": "guest_house",
        "phone": "+39 329 3639640;+39 327 6936796",
        "website": "https://www.bebfiorentini.com/"
      }
    },
    {
      "type": "Feature",
      "geometry": {
        "type": "Point",
        "coordinates": [
          16.6081364,
          40.6665491
        ]
      },
      "properties": {
        "id": 6761811395,
        "osm_type": "node",
        "name": "Il Risveglio nei Sassi",
        "tourism": "guest_house",
        "check_date": "2024-08-29"
      }
    },
    {
      "type": "Feature",
      "geometry": {
        "type": "Point",
        "coordinates": [
          16.6082695,
          40.6667163
        ]
      },
      "properties": {
        "id": 6763618364,
        "osm_type": "node",
        "name": "Locanda di San Martino",
        "tourism": "hotel",
        "phone": "+39 0835 256600",
        "website": "http://www.locandadisanmartino.it/",
        "check_date": "2024-08-29"
      }
    },
    {
      "type": "Feature",
      "geometry": {
        "type": "Point",
        "coordinates": [
          16.1461339,
          40.6221335
        ]
      },
      "properties": {
        "id": 6767276351,
        "osm_type": "node",
        "tourism": "guest_house"
      }
    },
    {
      "type": "Feature",
      "geometry": {
        "type": "Point",
        "coordinates": [
          16.6080202,
          40.6727729
        ]
      },
      "properties": {
        "id": 6816702985,
        "osm_type": "node",
        "name": "Casa Michelangelo",
        "tourism": "guest_house"
      }
    },
    {
      "type": "Feature",
      "geometry": {
        "type": "Point",
        "coordinates": [
          16.610175,
          40.6672661
        ]
      },
      "properties": {
        "id": 6821894786,
        "osm_type": "node",
        "name": "Ai Maestri Rooms & Caffè",
        "tourism": "hostel"
      }
    },
    {
      "type": "Feature",
      "geometry": {
        "type": "Point",
        "coordinates": [
          16.6099392,
          40.6645895
        ]
      },
      "properties": {
        "id": 6843755841,
        "osm_type": "node",
        "tourism": "hotel"
      }
    },
    {
      "type": "Feature",
      "geometry": {
        "type": "Point",
        "coordinates": [
          16.7477589,
          40.259709
        ]
      },
      "properties": {
        "id": 7239373585,
        "osm_type": "node",
        "name": "Danaide Resort",
        "tourism": "hotel"
      }
    },
    {
      "type": "Feature",
      "geometry": {
        "type": "Point",
        "coordinates": [
          16.6558823,
          40.1317767
        ]
      },
      "properties": {
        "id": 7239617285,
        "osm_type": "node",
        "name": "Toccacielo Resort",
        "tourism": "hotel"
      }
    },
    {
      "type": "Feature",
      "geometry": {
        "type": "Point",
        "coordinates": [
          16.5217613,
          40.170444
        ]
      },
      "properties": {
        "id": 7363795939,
        "osm_type": "node",
        "tourism": "caravan_site"
      }
    },
    {
      "type": "Feature",
      "geometry": {
        "type": "Point",
        "coordinates": [
          15.7406214,
          40.1557154
        ]
      },
      "properties": {
        "id": 7599016314,
        "osm_type": "node",
        "name": "Agriturismo ai carconi",
        "tourism": "guest_house",
        "website": "http://www.agriturismoaicarconi.it"
      }
    },
    {
      "type": "Feature",
      "geometry": {
        "type": "Point",
        "coordinates": [
          16.1509448,
          40.0638951
        ]
      },
      "properties": {
        "id": 7713938178,
        "osm_type": "node",
        "name": "La Selva",
        "tourism": "hotel",
        "phone": "+39 0973 577 367;+39 348 236 7122"
      }
    },
    {
      "type": "Feature",
      "geometry": {
        "type": "Point",
        "coordinates": [
          16.2993992,
          39.9751944
        ]
      },
      "properties": {
        "id": 7728760412,
        "osm_type": "node",
        "name": "Hotel Picchio Nero",
        "tourism": "hotel",
        "phone": "+39 348 292 0273",
        "website": "https://hotelpicchionero.com/"
      }
    },
    {
      "type": "Feature",
      "geometry": {
        "type": "Point",
        "coordinates": [
          16.1458794,
          40.6138311
        ]
      },
      "properties": {
        "id": 8018946288,
        "osm_type": "node",
        "tourism": "apartment"
      }
    },
    {
      "type": "Feature",
      "geometry": {
        "type": "Point",
        "coordinates": [
          16.6025512,
          40.6709946
        ]
      },
      "properties": {
        "id": 8035200085,
        "osm_type": "node",
        "tourism": "apartment"
      }
    },
    {
      "type": "Feature",
      "geometry": {
        "type": "Point",
        "coordinates": [
          15.8307892,
          40.9745136
        ]
      },
      "properties": {
        "id": 8041775185,
        "osm_type": "node",
        "name": "Tenuta Lagala",
        "tourism": "hotel",
        "website": "https://www.lagala.it/"
      }
    },
    {
      "type": "Feature",
      "geometry": {
        "type": "Point",
        "coordinates": [
          15.676315,
          40.9281717
        ]
      },
      "properties": {
        "id": 8129704015,
        "osm_type": "node",
        "name": "Hotel San Marco",
        "tourism": "hotel"
      }
    },
    {
      "type": "Feature",
      "geometry": {
        "type": "Point",
        "coordinates": [
          16.2443276,
          40.7426906
        ]
      },
      "properties": {
        "id": 8231325906,
        "osm_type": "node",
        "name": "B&B Cliantha",
        "tourism": "guest_house"
      }
    },
    {
      "type": "Feature",
      "geometry": {
        "type": "Point",
        "coordinates": [
          16.609773,
          40.6680675
        ]
      },
      "properties": {
        "id": 8231329807,
        "osm_type": "node",
        "name": "Fra i Sassi Residence",
        "tourism": "hotel"
      }
    },
    {
      "type": "Feature",
      "geometry": {
        "type": "Point",
        "coordinates": [
          16.6087976,
          40.6695878
        ]
      },
      "properties": {
        "id": 8404829303,
        "osm_type": "node",
        "name": "Giulietta nei Sassi",
        "tourism": "apartment",
        "phone": "+39 328 9199772",
        "website": "http://www.giuliettaneisassi.it"
      }
    },
    {
      "type": "Feature",
      "geometry": {
        "type": "Point",
        "coordinates": [
          15.9498647,
          40.91483
        ]
      },
      "properties": {
        "id": 8563861559,
        "osm_type": "node",
        "name": "Campeggio Makumba",
        "tourism": "camp_site",
        "tents": "yes",
        "phone": "+393294251509"
      }
    },
    {
      "type": "Feature",
      "geometry": {
        "type": "Point",
        "coordinates": [
          15.7740567,
          41.0305933
        ]
      },
      "properties": {
        "id": 8573986417,
        "osm_type": "node",
        "name": "Casa di Leo",
        "tourism": "guest_house",
        "opening_hours": "24/7",
        "phone": "+393357810295",
        "website": "https://www.biodauria.it/"
      }
    },
    {
      "type": "Feature",
      "geometry": {
        "type": "Point",
        "coordinates": [
          15.7749161,
          41.0304599
        ]
      },
      "properties": {
        "id": 8573986517,
        "osm_type": "node",
        "name": "Casa di Leo",
        "tourism": "camp_site",
        "opening_hours": "24/7",
        "phone": "+393357810295"
      }
    },
    {
      "type": "Feature",
      "geometry": {
        "type": "Point",
        "coordinates": [
          16.8006122,
          40.3948722
        ]
      },
      "properties": {
        "id": 8581650783,
        "osm_type": "node",
        "name": "Hotel Palatinum ristorante",
        "tourism": "hotel"
      }
    },
    {
      "type": "Feature",
      "geometry": {
        "type": "Point",
        "coordinates": [
          15.7398901,
          40.029814
        ]
      },
      "properties": {
        "id": 8614660120,
        "osm_type": "node",
        "name": "Agriturismo Collevento",
        "tourism": "guest_house"
      }
    },
    {
      "type": "Feature",
      "geometry": {
        "type": "Point",
        "coordinates": [
          16.6735792,
          40.2073908
        ]
      },
      "properties": {
        "id": 8639059717,
        "osm_type": "node",
        "name": "BasiliCasa",
        "tourism": "guest_house",
        "opening_hours": "24/7",
        "website": "https://airbnb.it/users/show/26988208"
      }
    },
    {
      "type": "Feature",
      "geometry": {
        "type": "Point",
        "coordinates": [
          16.5732851,
          40.6848029
        ]
      },
      "properties": {
        "id": 8692884149,
        "osm_type": "node",
        "name": "Hotel Dimora Del Monaco",
        "tourism": "hotel",
        "phone": "+390835261920",
        "website": "https://www.dimoradelmonaco.it/"
      }
    },
    {
      "type": "Feature",
      "geometry": {
        "type": "Point",
        "coordinates": [
          15.6741826,
          40.0356711
        ]
      },
      "properties": {
        "id": 8852357039,
        "osm_type": "node",
        "name": "B&B Nonna Vincenza",
        "tourism": "guest_house",
        "phone": "+39 3318060984",
        "website": "https://bbnonnavincenzamaratea.com",
        "check_date": "2026-04-05"
      }
    },
    {
      "type": "Feature",
      "geometry": {
        "type": "Point",
        "coordinates": [
          16.5899457,
          40.1479665
        ]
      },
      "properties": {
        "id": 8945490416,
        "osm_type": "node",
        "name": "Agriturismo La Collinetta",
        "tourism": "guest_house"
      }
    },
    {
      "type": "Feature",
      "geometry": {
        "type": "Point",
        "coordinates": [
          15.8010967,
          40.639263
        ]
      },
      "properties": {
        "id": 9049965717,
        "osm_type": "node",
        "name": "85centro",
        "tourism": "guest_house",
        "phone": "+39 329 589 6700",
        "check_date": "2025-04-24"
      }
    },
    {
      "type": "Feature",
      "geometry": {
        "type": "Point",
        "coordinates": [
          16.8358642,
          40.3603944
        ]
      },
      "properties": {
        "id": 9076858193,
        "osm_type": "node",
        "name": "Turismo",
        "tourism": "hotel"
      }
    },
    {
      "type": "Feature",
      "geometry": {
        "type": "Point",
        "coordinates": [
          15.7241163,
          40.6116915
        ]
      },
      "properties": {
        "id": 9111309902,
        "osm_type": "node",
        "name": "IRocchi Hotel",
        "tourism": "hotel"
      }
    },
    {
      "type": "Feature",
      "geometry": {
        "type": "Point",
        "coordinates": [
          16.6679023,
          40.555612
        ]
      },
      "properties": {
        "id": 9166951706,
        "osm_type": "node",
        "name": "Da Pacifica",
        "tourism": "guest_house",
        "phone": "+39 0835 200221"
      }
    },
    {
      "type": "Feature",
      "geometry": {
        "type": "Point",
        "coordinates": [
          16.6700526,
          40.5545377
        ]
      },
      "properties": {
        "id": 9166969430,
        "osm_type": "node",
        "name": "Ostello della Gioventù Perfetta Letizia",
        "tourism": "hostel",
        "phone": "+39 0835 207989"
      }
    },
    {
      "type": "Feature",
      "geometry": {
        "type": "Point",
        "coordinates": [
          16.2258907,
          40.4057648
        ]
      },
      "properties": {
        "id": 9204325668,
        "osm_type": "node",
        "name": "Hotel Sarubbi",
        "tourism": "guest_house"
      }
    },
    {
      "type": "Feature",
      "geometry": {
        "type": "Point",
        "coordinates": [
          16.6093957,
          40.6684826
        ]
      },
      "properties": {
        "id": 9284300041,
        "osm_type": "node",
        "name": "Il Nido dello Striscignl",
        "tourism": "apartment",
        "phone": "+39 3296888085",
        "website": "http://www.ilnidodellostriscignl.it"
      }
    },
    {
      "type": "Feature",
      "geometry": {
        "type": "Point",
        "coordinates": [
          16.158147,
          40.4930507
        ]
      },
      "properties": {
        "id": 9293713687,
        "osm_type": "node",
        "name": "Hotel San Giuliano",
        "tourism": "guest_house"
      }
    },
    {
      "type": "Feature",
      "geometry": {
        "type": "Point",
        "coordinates": [
          16.5987832,
          40.6774633
        ]
      },
      "properties": {
        "id": 9294548630,
        "osm_type": "node",
        "name": "Alvino 1884",
        "tourism": "hotel",
        "opening_hours": "Mo-Su 09:00-19:00",
        "phone": "+39 0835 197 0600",
        "website": "https://www.alvino1884.it/"
      }
    },
    {
      "type": "Feature",
      "geometry": {
        "type": "Point",
        "coordinates": [
          15.6469874,
          40.9509834
        ]
      },
      "properties": {
        "id": 9296007918,
        "osm_type": "node",
        "name": "Rifugio Forestale",
        "tourism": "alpine_hut"
      }
    },
    {
      "type": "Feature",
      "geometry": {
        "type": "Point",
        "coordinates": [
          16.2539267,
          39.9423413
        ]
      },
      "properties": {
        "id": 9323542994,
        "osm_type": "node",
        "name": "Ristoro Piano Giumenta",
        "tourism": "alpine_hut"
      }
    },
    {
      "type": "Feature",
      "geometry": {
        "type": "Point",
        "coordinates": [
          16.604469,
          40.358453
        ]
      },
      "properties": {
        "id": 9346274415,
        "osm_type": "node",
        "name": "Villa Caporotondo holiday rental",
        "tourism": "chalet",
        "phone": "+31653171736",
        "website": "https://www.airbnb.com/rooms/53305417"
      }
    },
    {
      "type": "Feature",
      "geometry": {
        "type": "Point",
        "coordinates": [
          16.0670623,
          39.9387087
        ]
      },
      "properties": {
        "id": 9422635580,
        "osm_type": "node",
        "name": "Agriturismo Terra Verde",
        "tourism": "guest_house"
      }
    },
    {
      "type": "Feature",
      "geometry": {
        "type": "Point",
        "coordinates": [
          16.1598722,
          40.4844137
        ]
      },
      "properties": {
        "id": 9477113587,
        "osm_type": "node",
        "name": "Area camper Accettura",
        "tourism": "caravan_site"
      }
    },
    {
      "type": "Feature",
      "geometry": {
        "type": "Point",
        "coordinates": [
          16.4703378,
          40.2518157
        ]
      },
      "properties": {
        "id": 9513303949,
        "osm_type": "node",
        "name": "Palazzo dei Poeti",
        "tourism": "hotel",
        "phone": "+39 0835 532 631",
        "website": "https://www.palazzodeipoeti.it/"
      }
    },
    {
      "type": "Feature",
      "geometry": {
        "type": "Point",
        "coordinates": [
          16.6063258,
          40.6653869
        ]
      },
      "properties": {
        "id": 9737959504,
        "osm_type": "node",
        "name": "Da Vinci",
        "tourism": "guest_house"
      }
    },
    {
      "type": "Feature",
      "geometry": {
        "type": "Point",
        "coordinates": [
          16.6683076,
          40.5545366
        ]
      },
      "properties": {
        "id": 9737959505,
        "osm_type": "node",
        "name": "La Volta",
        "tourism": "guest_house"
      }
    },
    {
      "type": "Feature",
      "geometry": {
        "type": "Point",
        "coordinates": [
          15.8362771,
          40.4445931
        ]
      },
      "properties": {
        "id": 9779872563,
        "osm_type": "node",
        "name": "Hotel Ristorante Pietrapanna",
        "tourism": "hotel",
        "phone": "+39 0971 921495",
        "website": "http://www.pietrapanna.it/"
      }
    },
    {
      "type": "Feature",
      "geometry": {
        "type": "Point",
        "coordinates": [
          16.609982,
          40.6679669
        ]
      },
      "properties": {
        "id": 9802569781,
        "osm_type": "node",
        "name": "Ai Terrazzini",
        "tourism": "hotel",
        "phone": "+39 0835 680393",
        "website": "https://www.aiterrazzini.it/"
      }
    },
    {
      "type": "Feature",
      "geometry": {
        "type": "Point",
        "coordinates": [
          16.6082811,
          40.6664895
        ]
      },
      "properties": {
        "id": 9812231044,
        "osm_type": "node",
        "name": "Il risveglio nei sassi",
        "tourism": "guest_house",
        "check_date": "2024-08-29"
      }
    },
    {
      "type": "Feature",
      "geometry": {
        "type": "Point",
        "coordinates": [
          16.6081569,
          40.6666595
        ]
      },
      "properties": {
        "id": 9812240625,
        "osm_type": "node",
        "name": "Beb & Breakfast FIORENTINI",
        "tourism": "guest_house",
        "check_date": "2022-06-12"
      }
    },
    {
      "type": "Feature",
      "geometry": {
        "type": "Point",
        "coordinates": [
          16.6086576,
          40.6665108
        ]
      },
      "properties": {
        "id": 9812241162,
        "osm_type": "node",
        "name": "Casa Vacanze ELENA",
        "tourism": "guest_house",
        "check_date": "2024-08-29"
      }
    },
    {
      "type": "Feature",
      "geometry": {
        "type": "Point",
        "coordinates": [
          16.6083783,
          40.666478
        ]
      },
      "properties": {
        "id": 9812241717,
        "osm_type": "node",
        "name": "Dimora 1919",
        "tourism": "guest_house",
        "check_date": "2024-08-29"
      }
    },
    {
      "type": "Feature",
      "geometry": {
        "type": "Point",
        "coordinates": [
          16.6117806,
          40.6640585
        ]
      },
      "properties": {
        "id": 9812638531,
        "osm_type": "node",
        "name": "Le Dimore dell'idris",
        "tourism": "guest_house",
        "phone": "+39 0835 312613"
      }
    },
    {
      "type": "Feature",
      "geometry": {
        "type": "Point",
        "coordinates": [
          16.6080709,
          40.6697263
        ]
      },
      "properties": {
        "id": 9833833763,
        "osm_type": "node",
        "name": "Hydria Residence",
        "tourism": "guest_house",
        "check_date": "2022-06-20"
      }
    },
    {
      "type": "Feature",
      "geometry": {
        "type": "Point",
        "coordinates": [
          16.6086742,
          40.6683706
        ]
      },
      "properties": {
        "id": 9833868708,
        "osm_type": "node",
        "name": "L'affaccio Casa Vacanze",
        "tourism": "guest_house",
        "phone": "+39 329 203 9091",
        "check_date": "2022-06-20"
      }
    },
    {
      "type": "Feature",
      "geometry": {
        "type": "Point",
        "coordinates": [
          16.6131653,
          40.6664172
        ]
      },
      "properties": {
        "id": 9833930701,
        "osm_type": "node",
        "name": "L'Opera dell'Architetto - Suite Santa Maria",
        "tourism": "guest_house",
        "phone": "+39 3297128175"
      }
    },
    {
      "type": "Feature",
      "geometry": {
        "type": "Point",
        "coordinates": [
          16.6131144,
          40.6664517
        ]
      },
      "properties": {
        "id": 9833934924,
        "osm_type": "node",
        "name": "L'Opera dell'Architetto - Suite San Giacomo",
        "tourism": "guest_house",
        "phone": "+39 3297128175"
      }
    },
    {
      "type": "Feature",
      "geometry": {
        "type": "Point",
        "coordinates": [
          16.6041862,
          40.6729312
        ]
      },
      "properties": {
        "id": 9840715696,
        "osm_type": "node",
        "name": "Emi Guest House",
        "tourism": "guest_house",
        "check_date": "2022-06-23"
      }
    },
    {
      "type": "Feature",
      "geometry": {
        "type": "Point",
        "coordinates": [
          16.6116755,
          40.6660279
        ]
      },
      "properties": {
        "id": 9857631686,
        "osm_type": "node",
        "name": "Casa Vacanze \"Bella Vista\"",
        "tourism": "guest_house",
        "phone": "+39 333 115 6929",
        "website": "https://bellavistacasavacanze.com/",
        "check_date": "2022-06-30"
      }
    },
    {
      "type": "Feature",
      "geometry": {
        "type": "Point",
        "coordinates": [
          16.6116587,
          40.6660393
        ]
      },
      "properties": {
        "id": 9857634371,
        "osm_type": "node",
        "name": "B&B nel muro Sassi di Matera",
        "tourism": "apartment",
        "phone": "+39 339 167 7280",
        "website": "https://www.bbnelmuro.it/",
        "check_date": "2022-06-30"
      }
    },
    {
      "type": "Feature",
      "geometry": {
        "type": "Point",
        "coordinates": [
          16.6118691,
          40.661401
        ]
      },
      "properties": {
        "id": 9874648409,
        "osm_type": "node",
        "name": "Domina Sassi",
        "tourism": "guest_house",
        "phone": "+39 328 186 3226;+39 329 987 9750",
        "check_date": "2022-07-08"
      }
    },
    {
      "type": "Feature",
      "geometry": {
        "type": "Point",
        "coordinates": [
          16.6132655,
          40.6608724
        ]
      },
      "properties": {
        "id": 9874661403,
        "osm_type": "node",
        "name": "Luce nei Sassi",
        "tourism": "guest_house",
        "check_date": "2022-07-08"
      }
    },
    {
      "type": "Feature",
      "geometry": {
        "type": "Point",
        "coordinates": [
          16.6129477,
          40.661052
        ]
      },
      "properties": {
        "id": 9874682228,
        "osm_type": "node",
        "name": "Casa Vacanze \"Il sogno e la stella\"",
        "tourism": "guest_house",
        "phone": "+39 328 611 3442",
        "check_date": "2022-07-08"
      }
    },
    {
      "type": "Feature",
      "geometry": {
        "type": "Point",
        "coordinates": [
          16.6124515,
          40.6612789
        ]
      },
      "properties": {
        "id": 9874688890,
        "osm_type": "node",
        "name": "\"Il Vicolo\" Casa Vacanze",
        "tourism": "guest_house",
        "check_date": "2022-07-08"
      }
    },
    {
      "type": "Feature",
      "geometry": {
        "type": "Point",
        "coordinates": [
          16.6118709,
          40.6615352
        ]
      },
      "properties": {
        "id": 9874696094,
        "osm_type": "node",
        "name": "Krypte Comfort Room",
        "tourism": "guest_house",
        "phone": "+39 347 270 1290",
        "check_date": "2022-07-08"
      }
    },
    {
      "type": "Feature",
      "geometry": {
        "type": "Point",
        "coordinates": [
          16.6128794,
          40.6609692
        ]
      },
      "properties": {
        "id": 9874717990,
        "osm_type": "node",
        "name": "Le Stelle nei Sassi",
        "tourism": "hotel",
        "check_date": "2026-04-12"
      }
    },
    {
      "type": "Feature",
      "geometry": {
        "type": "Point",
        "coordinates": [
          15.6727504,
          40.0355394
        ]
      },
      "properties": {
        "id": 9883428640,
        "osm_type": "node",
        "name": "B&B Maratea Vacanze",
        "tourism": "guest_house"
      }
    },
    {
      "type": "Feature",
      "geometry": {
        "type": "Point",
        "coordinates": [
          15.7998746,
          40.633509
        ]
      },
      "properties": {
        "id": 9886423493,
        "osm_type": "node",
        "name": "Villa GiaDa",
        "tourism": "guest_house",
        "contact:phone": "+39 3519154708",
        "contact:website": "https://villa-giada-bb.business.site/",
        "check_date": "2022-07-14"
      }
    },
    {
      "type": "Feature",
      "geometry": {
        "type": "Point",
        "coordinates": [
          16.6045605,
          40.6683359
        ]
      },
      "properties": {
        "id": 9892802356,
        "osm_type": "node",
        "name": "ALMA CAMERE MATERA",
        "tourism": "guest_house",
        "contact:website": "https://www.almacamere.it/"
      }
    },
    {
      "type": "Feature",
      "geometry": {
        "type": "Point",
        "coordinates": [
          16.6095585,
          40.6646307
        ]
      },
      "properties": {
        "id": 9896833579,
        "osm_type": "node",
        "name": "Casa DIVA",
        "tourism": "hotel",
        "check_date": "2022-07-19"
      }
    },
    {
      "type": "Feature",
      "geometry": {
        "type": "Point",
        "coordinates": [
          16.6067709,
          40.6652185
        ]
      },
      "properties": {
        "id": 9896854754,
        "osm_type": "node",
        "name": "Livingstone bed&breakslow",
        "tourism": "guest_house",
        "check_date": "2022-07-19"
      }
    },
    {
      "type": "Feature",
      "geometry": {
        "type": "Point",
        "coordinates": [
          16.6078058,
          40.6644634
        ]
      },
      "properties": {
        "id": 9897542602,
        "osm_type": "node",
        "name": "La Suite Matera Hotel & SPA",
        "tourism": "hotel",
        "contact:phone": "+39 0835 197 0204",
        "contact:website": "https://www.lasuitematera.com/"
      }
    },
    {
      "type": "Feature",
      "geometry": {
        "type": "Point",
        "coordinates": [
          16.6046783,
          40.6660951
        ]
      },
      "properties": {
        "id": 9900180105,
        "osm_type": "node",
        "name": "Affittacamere Piazza Mulino 26",
        "tourism": "apartment",
        "phone": "+39 351 881 9327",
        "website": "http://www.piazzamulino26.it/",
        "check_date": "2022-07-20"
      }
    },
    {
      "type": "Feature",
      "geometry": {
        "type": "Point",
        "coordinates": [
          16.6045267,
          40.6659412
        ]
      },
      "properties": {
        "id": 9900209846,
        "osm_type": "node",
        "name": "Residence Nazionale Matera",
        "tourism": "guest_house",
        "phone": "+39 0835 204107",
        "website": "https://www.residencenazionalematera.com/",
        "check_date": "2022-07-20"
      }
    },
    {
      "type": "Feature",
      "geometry": {
        "type": "Point",
        "coordinates": [
          16.6038542,
          40.6654193
        ]
      },
      "properties": {
        "id": 9900220231,
        "osm_type": "node",
        "name": "L'angolo di Frima",
        "tourism": "guest_house",
        "phone": "+39 338 462 6884",
        "website": "https://www.langolodifrima.it/",
        "check_date": "2022-07-20"
      }
    },
    {
      "type": "Feature",
      "geometry": {
        "type": "Point",
        "coordinates": [
          16.6140446,
          40.659981
        ]
      },
      "properties": {
        "id": 9901177961,
        "osm_type": "node",
        "name": "LITHOS ROOM",
        "tourism": "guest_house",
        "phone": "+39 393 003 0007",
        "check_date": "2022-07-21"
      }
    },
    {
      "type": "Feature",
      "geometry": {
        "type": "Point",
        "coordinates": [
          16.7117259,
          40.7210526
        ]
      },
      "properties": {
        "id": 9902000126,
        "osm_type": "node",
        "name": "Masseria Simonetti",
        "tourism": "guest_house",
        "check_date": "2022-07-21"
      }
    },
    {
      "type": "Feature",
      "geometry": {
        "type": "Point",
        "coordinates": [
          16.6117856,
          40.6649389
        ]
      },
      "properties": {
        "id": 9903430003,
        "osm_type": "node",
        "name": "I tre Portali",
        "tourism": "hotel",
        "website": "https://www.itreportali.it/",
        "check_date": "2025-03-02"
      }
    },
    {
      "type": "Feature",
      "geometry": {
        "type": "Point",
        "coordinates": [
          16.6635973,
          40.5581664
        ]
      },
      "properties": {
        "id": 9904076684,
        "osm_type": "node",
        "name": "Dimora Sant'Angelo",
        "tourism": "guest_house",
        "phone": "+39 348 560 4788",
        "check_date": "2022-07-22"
      }
    },
    {
      "type": "Feature",
      "geometry": {
        "type": "Point",
        "coordinates": [
          16.6637677,
          40.5580227
        ]
      },
      "properties": {
        "id": 9904226784,
        "osm_type": "node",
        "name": "B&B Foresteria dell'Abbazia",
        "tourism": "guest_house",
        "phone": "+39 331 238 8929",
        "check_date": "2022-07-22"
      }
    },
    {
      "type": "Feature",
      "geometry": {
        "type": "Point",
        "coordinates": [
          16.6081094,
          40.6722504
        ]
      },
      "properties": {
        "id": 9907203381,
        "osm_type": "node",
        "name": "La Stufetta",
        "tourism": "guest_house",
        "website": "https://stufetta.bedsandhotels.com/",
        "check_date": "2022-07-24"
      }
    },
    {
      "type": "Feature",
      "geometry": {
        "type": "Point",
        "coordinates": [
          16.6083901,
          40.6720843
        ]
      },
      "properties": {
        "id": 9907223682,
        "osm_type": "node",
        "name": "Casanelcuore holiday room",
        "tourism": "guest_house",
        "phone": "+39 320 672 9405",
        "check_date": "2022-07-24"
      }
    },
    {
      "type": "Feature",
      "geometry": {
        "type": "Point",
        "coordinates": [
          16.6078923,
          40.6727181
        ]
      },
      "properties": {
        "id": 9907226673,
        "osm_type": "node",
        "name": "Ostello \"The Rock Hostel\" Matera",
        "tourism": "hostel",
        "opening_hours": "Mo-Su 15:00-20:30",
        "phone": "+39 376 131 4605",
        "website": "http://www.therockhostel.it/",
        "check_date": "2022-07-24"
      }
    },
    {
      "type": "Feature",
      "geometry": {
        "type": "Point",
        "coordinates": [
          16.608448,
          40.6719308
        ]
      },
      "properties": {
        "id": 9907232735,
        "osm_type": "node",
        "name": "Il Peccato Originale Vacanze Matera",
        "tourism": "guest_house",
        "phone": "+39 320 036 0878",
        "check_date": "2022-07-24"
      }
    },
    {
      "type": "Feature",
      "geometry": {
        "type": "Point",
        "coordinates": [
          16.6080464,
          40.672586
        ]
      },
      "properties": {
        "id": 9907235813,
        "osm_type": "node",
        "name": "Art & Design Loft Suite Matera",
        "tourism": "apartment",
        "phone": "+39 333 643 9239",
        "check_date": "2022-07-24"
      }
    },
    {
      "type": "Feature",
      "geometry": {
        "type": "Point",
        "coordinates": [
          16.6083688,
          40.6717816
        ]
      },
      "properties": {
        "id": 9907252804,
        "osm_type": "node",
        "name": "IN & OUT Matera b&b",
        "tourism": "guest_house",
        "phone": "+39 328 143 0215",
        "check_date": "2022-07-24"
      }
    },
    {
      "type": "Feature",
      "geometry": {
        "type": "Point",
        "coordinates": [
          16.6085961,
          40.6716654
        ]
      },
      "properties": {
        "id": 9907281807,
        "osm_type": "node",
        "name": "Casa Festa Room",
        "tourism": "guest_house",
        "phone": "+39 391 767 8988"
      }
    },
    {
      "type": "Feature",
      "geometry": {
        "type": "Point",
        "coordinates": [
          16.608402,
          40.6717157
        ]
      },
      "properties": {
        "id": 9907282286,
        "osm_type": "node",
        "name": "Casa Blanca Matera",
        "tourism": "guest_house",
        "phone": "+39 391 767 8988"
      }
    },
    {
      "type": "Feature",
      "geometry": {
        "type": "Point",
        "coordinates": [
          16.6085936,
          40.6714087
        ]
      },
      "properties": {
        "id": 9907311559,
        "osm_type": "node",
        "name": "Casa Vacanze Nonna Bruna",
        "tourism": "guest_house",
        "phone": "+39 338 230 4555"
      }
    },
    {
      "type": "Feature",
      "geometry": {
        "type": "Point",
        "coordinates": [
          16.6086329,
          40.6713288
        ]
      },
      "properties": {
        "id": 9907330127,
        "osm_type": "node",
        "name": "B&B 4u",
        "tourism": "guest_house",
        "phone": "+39 393 442 1115"
      }
    },
    {
      "type": "Feature",
      "geometry": {
        "type": "Point",
        "coordinates": [
          16.6088738,
          40.6709267
        ]
      },
      "properties": {
        "id": 9907330750,
        "osm_type": "node",
        "name": "I Sassi da Nonno Ciccio",
        "tourism": "guest_house",
        "phone": "+39 327 918 2459"
      }
    },
    {
      "type": "Feature",
      "geometry": {
        "type": "Point",
        "coordinates": [
          15.8056968,
          40.6293494
        ]
      },
      "properties": {
        "id": 9920311307,
        "osm_type": "node",
        "name": "Il diretto",
        "tourism": "hotel",
        "check_date": "2022-07-30"
      }
    },
    {
      "type": "Feature",
      "geometry": {
        "type": "Point",
        "coordinates": [
          16.5994492,
          40.6747002
        ]
      },
      "properties": {
        "id": 9925174607,
        "osm_type": "node",
        "name": "LA VOLTA BUONA Guest House",
        "tourism": "guest_house",
        "phone": "+39 320 464 9882",
        "website": "http://www.lavoltabuonamatera.it/",
        "check_date": "2022-08-01"
      }
    },
    {
      "type": "Feature",
      "geometry": {
        "type": "Point",
        "coordinates": [
          15.7324662,
          40.3742466
        ]
      },
      "properties": {
        "id": 9926488717,
        "osm_type": "node",
        "name": "Casa Domenica",
        "tourism": "apartment"
      }
    },
    {
      "type": "Feature",
      "geometry": {
        "type": "Point",
        "coordinates": [
          16.6231849,
          40.6457034
        ]
      },
      "properties": {
        "id": 9930307164,
        "osm_type": "node",
        "name": "Un posto al sole",
        "tourism": "guest_house",
        "phone": "+39 388 583 8994",
        "check_date": "2022-08-03"
      }
    },
    {
      "type": "Feature",
      "geometry": {
        "type": "Point",
        "coordinates": [
          16.6241949,
          40.6414481
        ]
      },
      "properties": {
        "id": 9931082694,
        "osm_type": "node",
        "name": "Grano e Lavanda",
        "tourism": "guest_house",
        "phone": "+39 345 323 3712",
        "check_date": "2022-08-04"
      }
    },
    {
      "type": "Feature",
      "geometry": {
        "type": "Point",
        "coordinates": [
          16.598379,
          40.6664343
        ]
      },
      "properties": {
        "id": 9935642992,
        "osm_type": "node",
        "name": "Casa Vacanze Macamarda",
        "tourism": "guest_house",
        "phone": "+39 392 120 7329"
      }
    },
    {
      "type": "Feature",
      "geometry": {
        "type": "Point",
        "coordinates": [
          16.6013254,
          40.669126
        ]
      },
      "properties": {
        "id": 9936033825,
        "osm_type": "node",
        "name": "B&B Le Colombine",
        "tourism": "guest_house",
        "phone": "+39 370 318 0839",
        "check_date": "2022-08-06"
      }
    },
    {
      "type": "Feature",
      "geometry": {
        "type": "Point",
        "coordinates": [
          16.7270595,
          40.2015374
        ]
      },
      "properties": {
        "id": 9954350201,
        "osm_type": "node",
        "name": "Marinagri Hotel & SPA",
        "tourism": "hotel",
        "phone": "+39 0835 184 5402",
        "website": "https://www.hotelmarinagri.it/",
        "check_date": "2022-08-15"
      }
    },
    {
      "type": "Feature",
      "geometry": {
        "type": "Point",
        "coordinates": [
          16.6138774,
          40.6601475
        ]
      },
      "properties": {
        "id": 9963984681,
        "osm_type": "node",
        "name": "I Lamioni Holiday Home",
        "tourism": "apartment",
        "check_date": "2022-08-19"
      }
    },
    {
      "type": "Feature",
      "geometry": {
        "type": "Point",
        "coordinates": [
          16.6060336,
          40.6657902
        ]
      },
      "properties": {
        "id": 9964645173,
        "osm_type": "node",
        "name": "Palazzo della Fontana Urban Hotel",
        "tourism": "hotel",
        "phone": "+39 0835 185 3649",
        "website": "https://www.palazzodellafontana.it/",
        "check_date": "2025-03-05"
      }
    },
    {
      "type": "Feature",
      "geometry": {
        "type": "Point",
        "coordinates": [
          16.6113855,
          40.6583406
        ]
      },
      "properties": {
        "id": 9982057181,
        "osm_type": "node",
        "name": "Hotel Ridola Matera",
        "tourism": "hotel",
        "phone": "+39 0835 231096",
        "website": "https://hotelridolamatera.it/"
      }
    },
    {
      "type": "Feature",
      "geometry": {
        "type": "Point",
        "coordinates": [
          16.6101915,
          40.6624339
        ]
      },
      "properties": {
        "id": 9983371107,
        "osm_type": "node",
        "name": "Palazzo Montemurro Boutique Hotel",
        "tourism": "hotel",
        "phone": "+39 320 951 2129",
        "check_date": "2022-08-28"
      }
    },
    {
      "type": "Feature",
      "geometry": {
        "type": "Point",
        "coordinates": [
          16.6148934,
          40.6590637
        ]
      },
      "properties": {
        "id": 9986377083,
        "osm_type": "node",
        "name": "Dimora al Mulino",
        "tourism": "guest_house",
        "phone": "+39 328 612 6539",
        "website": "https://dimora-al-mulino.business.site/"
      }
    },
    {
      "type": "Feature",
      "geometry": {
        "type": "Point",
        "coordinates": [
          16.6131325,
          40.6608357
        ]
      },
      "properties": {
        "id": 9986825820,
        "osm_type": "node",
        "name": "Hotel Il Belvedere",
        "tourism": "hotel",
        "phone": "+39 0835 311702",
        "website": "https://www.hotelbelvedere.matera.it",
        "check_date": "2026-04-12"
      }
    },
    {
      "type": "Feature",
      "geometry": {
        "type": "Point",
        "coordinates": [
          16.6096002,
          40.668973
        ]
      },
      "properties": {
        "id": 10004376705,
        "osm_type": "node",
        "name": "SUITE San Placido Matera",
        "tourism": "guest_house",
        "phone": "+39 389 118 9315",
        "check_date": "2025-03-05"
      }
    },
    {
      "type": "Feature",
      "geometry": {
        "type": "Point",
        "coordinates": [
          16.596176,
          40.6705371
        ]
      },
      "properties": {
        "id": 10011449617,
        "osm_type": "node",
        "name": "Hotel Dante",
        "tourism": "guest_house",
        "opening_hours": "24/7",
        "phone": "+39 333 231 0789",
        "website": "https://hoteldante.business.site/?gclid=Cj0KCQjwyOuYBhCGARIsAIdGQRMFgGuYzm00fpbp2HEz8QXiZkw3CwXTWuru-Od5_BugsYfrfGOuj0saAkU5EALw_wcB"
      }
    },
    {
      "type": "Feature",
      "geometry": {
        "type": "Point",
        "coordinates": [
          15.8036949,
          40.6391515
        ]
      },
      "properties": {
        "id": 10016867069,
        "osm_type": "node",
        "tourism": "guest_house"
      }
    },
    {
      "type": "Feature",
      "geometry": {
        "type": "Point",
        "coordinates": [
          16.0417517,
          40.3835661
        ]
      },
      "properties": {
        "id": 10016867087,
        "osm_type": "node",
        "tourism": "hotel"
      }
    },
    {
      "type": "Feature",
      "geometry": {
        "type": "Point",
        "coordinates": [
          16.6059032,
          40.6713512
        ]
      },
      "properties": {
        "id": 10035873385,
        "osm_type": "node",
        "name": "La Passione dei Sassi",
        "tourism": "guest_house",
        "phone": "+39 0835 185 6461; +39 349 737 5428",
        "check_date": "2022-09-19"
      }
    },
    {
      "type": "Feature",
      "geometry": {
        "type": "Point",
        "coordinates": [
          16.6079973,
          40.6658588
        ]
      },
      "properties": {
        "id": 10087127734,
        "osm_type": "node",
        "name": "ANTICA PEPICE SUITE DELUXE",
        "tourism": "guest_house",
        "check_date": "2022-10-09"
      }
    },
    {
      "type": "Feature",
      "geometry": {
        "type": "Point",
        "coordinates": [
          15.804321,
          40.6390704
        ]
      },
      "properties": {
        "id": 10111648881,
        "osm_type": "node",
        "name": "Hotel Pretoria",
        "tourism": "hotel",
        "check_date": "2022-10-18"
      }
    },
    {
      "type": "Feature",
      "geometry": {
        "type": "Point",
        "coordinates": [
          16.6074618,
          40.6658321
        ]
      },
      "properties": {
        "id": 10181056794,
        "osm_type": "node",
        "name": "Residenza del Corso",
        "tourism": "hotel",
        "check_date": "2022-11-13"
      }
    },
    {
      "type": "Feature",
      "geometry": {
        "type": "Point",
        "coordinates": [
          15.6553955,
          40.9963999
        ]
      },
      "properties": {
        "id": 10225956592,
        "osm_type": "node",
        "name": "Le Stanze dell'Imperatore",
        "tourism": "guest_house",
        "phone": "+39 0972 21614",
        "website": "http://www.lestanzedellimperatore.it/"
      }
    },
    {
      "type": "Feature",
      "geometry": {
        "type": "Point",
        "coordinates": [
          16.5983486,
          40.6634229
        ]
      },
      "properties": {
        "id": 10271541392,
        "osm_type": "node",
        "name": "Palace Hotel Dehors Esterno",
        "tourism": "hotel"
      }
    },
    {
      "type": "Feature",
      "geometry": {
        "type": "Point",
        "coordinates": [
          15.7891439,
          40.3148225
        ]
      },
      "properties": {
        "id": 10635529173,
        "osm_type": "node",
        "name": "L'Antico Sogno",
        "tourism": "guest_house"
      }
    },
    {
      "type": "Feature",
      "geometry": {
        "type": "Point",
        "coordinates": [
          15.8990675,
          40.3397115
        ]
      },
      "properties": {
        "id": 10665704452,
        "osm_type": "node",
        "name": "La Dodicesima Notte",
        "tourism": "guest_house"
      }
    },
    {
      "type": "Feature",
      "geometry": {
        "type": "Point",
        "coordinates": [
          16.5809707,
          40.7201224
        ]
      },
      "properties": {
        "id": 10778690404,
        "osm_type": "node",
        "name": "MH Matera",
        "tourism": "hotel",
        "website": "https://www.unahotelsmhmatera.it/"
      }
    },
    {
      "type": "Feature",
      "geometry": {
        "type": "Point",
        "coordinates": [
          16.0883081,
          39.9723689
        ]
      },
      "properties": {
        "id": 10891508949,
        "osm_type": "node",
        "name": "Locanda San Francesco",
        "tourism": "hotel"
      }
    },
    {
      "type": "Feature",
      "geometry": {
        "type": "Point",
        "coordinates": [
          16.3164631,
          40.1435659
        ]
      },
      "properties": {
        "id": 10944214240,
        "osm_type": "node",
        "name": "Casata del lago Lolivia",
        "tourism": "guest_house",
        "phone": "+39 0973 585870",
        "website": "https://casatadellago.com/masseria-sul-lago-con-piscina/"
      }
    },
    {
      "type": "Feature",
      "geometry": {
        "type": "Point",
        "coordinates": [
          16.6117937,
          40.6629615
        ]
      },
      "properties": {
        "id": 11018001368,
        "osm_type": "node",
        "name": "Casa di Irene",
        "tourism": "apartment"
      }
    },
    {
      "type": "Feature",
      "geometry": {
        "type": "Point",
        "coordinates": [
          16.5348822,
          40.6759804
        ]
      },
      "properties": {
        "id": 11145820589,
        "osm_type": "node",
        "name": "Hotel Mosaico",
        "tourism": "hotel",
        "phone": "+3908351823211",
        "website": "https://www.hotelmosaicomatera.it/"
      }
    },
    {
      "type": "Feature",
      "geometry": {
        "type": "Point",
        "coordinates": [
          15.5682358,
          40.6181966
        ]
      },
      "properties": {
        "id": 11208804164,
        "osm_type": "node",
        "tourism": "hotel"
      }
    },
    {
      "type": "Feature",
      "geometry": {
        "type": "Point",
        "coordinates": [
          16.6108211,
          40.6618272
        ]
      },
      "properties": {
        "id": 11220795845,
        "osm_type": "node",
        "name": "Ostello dei sassi",
        "tourism": "hostel"
      }
    },
    {
      "type": "Feature",
      "geometry": {
        "type": "Point",
        "coordinates": [
          16.5865877,
          40.6548804
        ]
      },
      "properties": {
        "id": 11246939937,
        "osm_type": "node",
        "name": "BnB Pozzo Misseo",
        "tourism": "guest_house"
      }
    },
    {
      "type": "Feature",
      "geometry": {
        "type": "Point",
        "coordinates": [
          16.8375205,
          40.3612748
        ]
      },
      "properties": {
        "id": 11409133898,
        "osm_type": "node",
        "name": "L'oasi",
        "tourism": "guest_house"
      }
    },
    {
      "type": "Feature",
      "geometry": {
        "type": "Point",
        "coordinates": [
          16.7242513,
          40.2927343
        ]
      },
      "properties": {
        "id": 11409744487,
        "osm_type": "node",
        "name": "Il Ponte",
        "tourism": "guest_house"
      }
    },
    {
      "type": "Feature",
      "geometry": {
        "type": "Point",
        "coordinates": [
          16.7868063,
          40.3754367
        ]
      },
      "properties": {
        "id": 11410386252,
        "osm_type": "node",
        "tourism": "guest_house"
      }
    },
    {
      "type": "Feature",
      "geometry": {
        "type": "Point",
        "coordinates": [
          16.5980597,
          40.1794038
        ]
      },
      "properties": {
        "id": 11412001003,
        "osm_type": "node",
        "tourism": "guest_house"
      }
    },
    {
      "type": "Feature",
      "geometry": {
        "type": "Point",
        "coordinates": [
          16.6240065,
          40.1656334
        ]
      },
      "properties": {
        "id": 11412074470,
        "osm_type": "node",
        "tourism": "guest_house"
      }
    },
    {
      "type": "Feature",
      "geometry": {
        "type": "Point",
        "coordinates": [
          15.7638675,
          39.9365592
        ]
      },
      "properties": {
        "id": 11740831173,
        "osm_type": "node",
        "tourism": "apartment"
      }
    },
    {
      "type": "Feature",
      "geometry": {
        "type": "Point",
        "coordinates": [
          15.7630412,
          39.9373184
        ]
      },
      "properties": {
        "id": 11740832629,
        "osm_type": "node",
        "tourism": "apartment"
      }
    },
    {
      "type": "Feature",
      "geometry": {
        "type": "Point",
        "coordinates": [
          15.7056637,
          39.9936554
        ]
      },
      "properties": {
        "id": 11741179885,
        "osm_type": "node",
        "tourism": "apartment"
      }
    },
    {
      "type": "Feature",
      "geometry": {
        "type": "Point",
        "coordinates": [
          15.7056994,
          39.9937125
        ]
      },
      "properties": {
        "id": 11741188867,
        "osm_type": "node",
        "tourism": "apartment"
      }
    },
    {
      "type": "Feature",
      "geometry": {
        "type": "Point",
        "coordinates": [
          15.675574,
          40.0312107
        ]
      },
      "properties": {
        "id": 11741247247,
        "osm_type": "node",
        "name": "Villa del Mare",
        "tourism": "hotel"
      }
    },
    {
      "type": "Feature",
      "geometry": {
        "type": "Point",
        "coordinates": [
          15.6784295,
          40.0156159
        ]
      },
      "properties": {
        "id": 11741279385,
        "osm_type": "node",
        "tourism": "apartment"
      }
    },
    {
      "type": "Feature",
      "geometry": {
        "type": "Point",
        "coordinates": [
          15.6781793,
          40.0156036
        ]
      },
      "properties": {
        "id": 11741284869,
        "osm_type": "node",
        "tourism": "apartment"
      }
    },
    {
      "type": "Feature",
      "geometry": {
        "type": "Point",
        "coordinates": [
          15.6777807,
          40.0161532
        ]
      },
      "properties": {
        "id": 11741285469,
        "osm_type": "node",
        "tourism": "apartment"
      }
    },
    {
      "type": "Feature",
      "geometry": {
        "type": "Point",
        "coordinates": [
          16.631653,
          40.1498384
        ]
      },
      "properties": {
        "id": 12132212682,
        "osm_type": "node",
        "name": "Agriturismo Macchia di Riso",
        "tourism": "guest_house"
      }
    },
    {
      "type": "Feature",
      "geometry": {
        "type": "Point",
        "coordinates": [
          15.7200918,
          39.9921443
        ]
      },
      "properties": {
        "id": 12138487961,
        "osm_type": "node",
        "name": "Hotel Capo Casale",
        "tourism": "hotel"
      }
    },
    {
      "type": "Feature",
      "geometry": {
        "type": "Point",
        "coordinates": [
          15.7210252,
          39.9921258
        ]
      },
      "properties": {
        "id": 12138487962,
        "osm_type": "node",
        "name": "La Locanda delle Donne Monache",
        "tourism": "hotel"
      }
    },
    {
      "type": "Feature",
      "geometry": {
        "type": "Point",
        "coordinates": [
          16.6078306,
          40.666703
        ]
      },
      "properties": {
        "id": 12144368720,
        "osm_type": "node",
        "name": "Il caminetto",
        "tourism": "apartment"
      }
    },
    {
      "type": "Feature",
      "geometry": {
        "type": "Point",
        "coordinates": [
          16.6079586,
          40.6666177
        ]
      },
      "properties": {
        "id": 12144433744,
        "osm_type": "node",
        "name": "Vivere nei sassi",
        "tourism": "apartment"
      }
    },
    {
      "type": "Feature",
      "geometry": {
        "type": "Point",
        "coordinates": [
          16.6077749,
          40.6661478
        ]
      },
      "properties": {
        "id": 12146673598,
        "osm_type": "node",
        "name": "Il Gufo e la Pupa",
        "tourism": "apartment"
      }
    },
    {
      "type": "Feature",
      "geometry": {
        "type": "Point",
        "coordinates": [
          16.6073806,
          40.6682191
        ]
      },
      "properties": {
        "id": 12182426285,
        "osm_type": "node",
        "name": "Il nido del grillaio",
        "tourism": "apartment",
        "check_date": "2024-09-17"
      }
    },
    {
      "type": "Feature",
      "geometry": {
        "type": "Point",
        "coordinates": [
          16.6104405,
          40.6616953
        ]
      },
      "properties": {
        "id": 12182558326,
        "osm_type": "node",
        "name": "Il Nespolo",
        "tourism": "guest_house"
      }
    },
    {
      "type": "Feature",
      "geometry": {
        "type": "Point",
        "coordinates": [
          16.6104315,
          40.6617753
        ]
      },
      "properties": {
        "id": 12182723562,
        "osm_type": "node",
        "name": "Sassi low cost",
        "tourism": "guest_house"
      }
    },
    {
      "type": "Feature",
      "geometry": {
        "type": "Point",
        "coordinates": [
          16.0474674,
          40.5312338
        ]
      },
      "properties": {
        "id": 12185673348,
        "osm_type": "node",
        "name": "Al cuore del burgo",
        "tourism": "guest_house",
        "check_date": "2024-09-19"
      }
    },
    {
      "type": "Feature",
      "geometry": {
        "type": "Point",
        "coordinates": [
          16.0450864,
          40.5297594
        ]
      },
      "properties": {
        "id": 12185683099,
        "osm_type": "node",
        "name": "Dolomiti",
        "tourism": "hotel",
        "check_date": "2024-09-19"
      }
    },
    {
      "type": "Feature",
      "geometry": {
        "type": "Point",
        "coordinates": [
          16.0400844,
          39.9545594
        ]
      },
      "properties": {
        "id": 12213754955,
        "osm_type": "node",
        "name": "Il Borgo Ospitale - Reception",
        "tourism": "guest_house"
      }
    },
    {
      "type": "Feature",
      "geometry": {
        "type": "Point",
        "coordinates": [
          16.6048778,
          40.6673221
        ]
      },
      "properties": {
        "id": 12246246689,
        "osm_type": "node",
        "name": "Matera Guest House",
        "tourism": "hotel"
      }
    },
    {
      "type": "Feature",
      "geometry": {
        "type": "Point",
        "coordinates": [
          16.6118615,
          40.6655371
        ]
      },
      "properties": {
        "id": 12635962809,
        "osm_type": "node",
        "name": "Corte dei Venti",
        "tourism": "guest_house",
        "website": "https://beb.it/cortedeiventi/it/"
      }
    },
    {
      "type": "Feature",
      "geometry": {
        "type": "Point",
        "coordinates": [
          15.9820111,
          40.9298488
        ]
      },
      "properties": {
        "id": 12809627883,
        "osm_type": "node",
        "name": "PALATIUM SG",
        "tourism": "guest_house",
        "phone": "+39 342 559 3071",
        "website": "www.palatiumsg.ir"
      }
    },
    {
      "type": "Feature",
      "geometry": {
        "type": "Point",
        "coordinates": [
          16.0611506,
          40.5186285
        ]
      },
      "properties": {
        "id": 12871814035,
        "osm_type": "node",
        "name": "La dimora del contadino",
        "tourism": "guest_house",
        "phone": "+39 347 795 0276",
        "website": "https://ladimoradelcontadino.it/"
      }
    },
    {
      "type": "Feature",
      "geometry": {
        "type": "Point",
        "coordinates": [
          16.2257661,
          40.5472415
        ]
      },
      "properties": {
        "id": 12871841305,
        "osm_type": "node",
        "name": "Filera",
        "tourism": "apartment"
      }
    },
    {
      "type": "Feature",
      "geometry": {
        "type": "Point",
        "coordinates": [
          16.2306999,
          40.3143017
        ]
      },
      "properties": {
        "id": 12872868577,
        "osm_type": "node",
        "name": "La casa dell'Americano",
        "tourism": "guest_house",
        "website": "https://www.casadellamericano.it/"
      }
    },
    {
      "type": "Feature",
      "geometry": {
        "type": "Point",
        "coordinates": [
          16.1643867,
          40.0073457
        ]
      },
      "properties": {
        "id": 12881332196,
        "osm_type": "node",
        "name": "I fiori del Pollino",
        "tourism": "guest_house",
        "phone": "+39 392 9248484",
        "website": "https://www.ifioridelpollino.com/"
      }
    },
    {
      "type": "Feature",
      "geometry": {
        "type": "Point",
        "coordinates": [
          15.8101029,
          40.0888118
        ]
      },
      "properties": {
        "id": 12882590095,
        "osm_type": "node",
        "name": "B & B Sotto il lago",
        "tourism": "guest_house",
        "contact:phone": "+39 333 288 5637"
      }
    },
    {
      "type": "Feature",
      "geometry": {
        "type": "Point",
        "coordinates": [
          15.7106904,
          39.9907687
        ]
      },
      "properties": {
        "id": 12983515984,
        "osm_type": "node",
        "name": "B&B Le Tre Casette",
        "tourism": "guest_house"
      }
    },
    {
      "type": "Feature",
      "geometry": {
        "type": "Point",
        "coordinates": [
          15.67776,
          40.9476856
        ]
      },
      "properties": {
        "id": 12983531101,
        "osm_type": "node",
        "name": "THE SWALLOWS' NEST - Il nido delle rondini",
        "tourism": "guest_house"
      }
    },
    {
      "type": "Feature",
      "geometry": {
        "type": "Point",
        "coordinates": [
          16.6078115,
          40.6662115
        ]
      },
      "properties": {
        "id": 12983537859,
        "osm_type": "node",
        "name": "Residence Le Vie Del Mosto",
        "tourism": "guest_house"
      }
    },
    {
      "type": "Feature",
      "geometry": {
        "type": "Point",
        "coordinates": [
          16.6120051,
          40.6658398
        ]
      },
      "properties": {
        "id": 12986071701,
        "osm_type": "node",
        "name": "BV Quarry Matera",
        "tourism": "hotel",
        "website": "https://www.bvquarrymatera.com/"
      }
    },
    {
      "type": "Feature",
      "geometry": {
        "type": "Point",
        "coordinates": [
          15.902784,
          40.3407748
        ]
      },
      "properties": {
        "id": 12999008341,
        "osm_type": "node",
        "name": "B&B Antico",
        "tourism": "guest_house",
        "phone": "+393280866699",
        "website": "https://www.bbantico.it"
      }
    },
    {
      "type": "Feature",
      "geometry": {
        "type": "Point",
        "coordinates": [
          15.8868362,
          40.2808217
        ]
      },
      "properties": {
        "id": 13033685294,
        "osm_type": "node",
        "name": "Albergo Grumentum",
        "tourism": "guest_house",
        "phone": "+39 340 400 2080"
      }
    },
    {
      "type": "Feature",
      "geometry": {
        "type": "Point",
        "coordinates": [
          15.7034446,
          39.9956062
        ]
      },
      "properties": {
        "id": 13042866701,
        "osm_type": "node",
        "name": "Hotel Murmann",
        "tourism": "hotel",
        "phone": "+39 0973 873195",
        "website": "https://hotelmurmann.it/en/"
      }
    },
    {
      "type": "Feature",
      "geometry": {
        "type": "Point",
        "coordinates": [
          16.623146,
          40.2733703
        ]
      },
      "properties": {
        "id": 13055496977,
        "osm_type": "node",
        "name": "Biodelfico",
        "tourism": "guest_house",
        "website": "https://biodelfico.com/"
      }
    },
    {
      "type": "Feature",
      "geometry": {
        "type": "Point",
        "coordinates": [
          15.6544077,
          40.9954008
        ]
      },
      "properties": {
        "id": 13057624113,
        "osm_type": "node",
        "name": "Casa Laviano",
        "tourism": "guest_house",
        "website": "https://www.casalaviano.it/"
      }
    },
    {
      "type": "Feature",
      "geometry": {
        "type": "Point",
        "coordinates": [
          15.6747757,
          40.0320624
        ]
      },
      "properties": {
        "id": 13203128601,
        "osm_type": "node",
        "name": "B&B La Casa del Gelso",
        "tourism": "guest_house",
        "website": "https://www.lacasadelgelso.it/sito/"
      }
    },
    {
      "type": "Feature",
      "geometry": {
        "type": "Point",
        "coordinates": [
          16.210601,
          40.121674
        ]
      },
      "properties": {
        "id": 13251722524,
        "osm_type": "node",
        "name": "Ostello Chiaromonte",
        "tourism": "hostel"
      }
    },
    {
      "type": "Feature",
      "geometry": {
        "type": "Point",
        "coordinates": [
          16.2063977,
          40.1211323
        ]
      },
      "properties": {
        "id": 13254525618,
        "osm_type": "node",
        "name": "Area sosta Camper Chiaromonte",
        "tourism": "caravan_site"
      }
    },
    {
      "type": "Feature",
      "geometry": {
        "type": "Point",
        "coordinates": [
          16.5894936,
          40.668208
        ]
      },
      "properties": {
        "id": 13294048301,
        "osm_type": "node",
        "tourism": "caravan_site"
      }
    },
    {
      "type": "Feature",
      "geometry": {
        "type": "Point",
        "coordinates": [
          16.7561407,
          40.3935215
        ]
      },
      "properties": {
        "id": 13448524245,
        "osm_type": "node",
        "name": "Masseria Cardillo",
        "tourism": "hotel",
        "contact:phone": "+39 0835 748 992",
        "contact:website": "https://www.masseriacardillo.it/"
      }
    },
    {
      "type": "Feature",
      "geometry": {
        "type": "Point",
        "coordinates": [
          16.6091913,
          40.6686032
        ]
      },
      "properties": {
        "id": 13722891201,
        "osm_type": "node",
        "name": "Matera apartament",
        "tourism": "apartment"
      }
    },
    {
      "type": "Feature",
      "geometry": {
        "type": "Point",
        "coordinates": [
          15.6564417,
          40.9958141
        ]
      },
      "properties": {
        "id": 13766673744,
        "osm_type": "node",
        "name": "Le Stanze di Giulia",
        "tourism": "apartment"
      }
    },
    {
      "type": "Feature",
      "geometry": {
        "type": "Point",
        "coordinates": [
          16.0961112,
          39.9177051
        ]
      },
      "properties": {
        "id": 85943866,
        "osm_type": "way",
        "name": "Rifugio Fasanelli",
        "tourism": "alpine_hut"
      }
    },
    {
      "type": "Feature",
      "geometry": {
        "type": "Point",
        "coordinates": [
          16.115383,
          39.9126941
        ]
      },
      "properties": {
        "id": 85943943,
        "osm_type": "way",
        "name": "Colle Ruggio (2009: chiuso)",
        "tourism": "alpine_hut"
      }
    },
    {
      "type": "Feature",
      "geometry": {
        "type": "Point",
        "coordinates": [
          16.2420606,
          39.987615
        ]
      },
      "properties": {
        "id": 109613446,
        "osm_type": "way",
        "name": "Rifugio Catusa (Chiuso)",
        "tourism": "alpine_hut"
      }
    },
    {
      "type": "Feature",
      "geometry": {
        "type": "Point",
        "coordinates": [
          16.8345051,
          40.3584475
        ]
      },
      "properties": {
        "id": 134709998,
        "osm_type": "way",
        "name": "Internazionale",
        "tourism": "camp_site",
        "tents": "yes",
        "website": "https://www.villageinternazionale.com/"
      }
    },
    {
      "type": "Feature",
      "geometry": {
        "type": "Point",
        "coordinates": [
          16.5473766,
          40.6875085
        ]
      },
      "properties": {
        "id": 144204048,
        "osm_type": "way",
        "name": "Fast Motel",
        "tourism": "hotel",
        "check_date": "2022-06-04"
      }
    },
    {
      "type": "Feature",
      "geometry": {
        "type": "Point",
        "coordinates": [
          16.1581313,
          40.4936451
        ]
      },
      "properties": {
        "id": 157318189,
        "osm_type": "way",
        "name": "Hotel Croccia",
        "tourism": "guest_house"
      }
    },
    {
      "type": "Feature",
      "geometry": {
        "type": "Point",
        "coordinates": [
          15.7115797,
          40.4848454
        ]
      },
      "properties": {
        "id": 174364126,
        "osm_type": "way",
        "tourism": "hostel"
      }
    },
    {
      "type": "Feature",
      "geometry": {
        "type": "Point",
        "coordinates": [
          15.7125634,
          40.4867959
        ]
      },
      "properties": {
        "id": 174364133,
        "osm_type": "way",
        "tourism": "camp_site",
        "tents": "yes",
        "contact:website": "https://www.ivytour.it/tour/basilicata-campeggio-bambini-family-camp/"
      }
    },
    {
      "type": "Feature",
      "geometry": {
        "type": "Point",
        "coordinates": [
          15.7031395,
          40.5344768
        ]
      },
      "properties": {
        "id": 174375499,
        "osm_type": "way",
        "name": "Rifugio Schiena d'Asino",
        "tourism": "hostel"
      }
    },
    {
      "type": "Feature",
      "geometry": {
        "type": "Point",
        "coordinates": [
          16.8414415,
          40.3673442
        ]
      },
      "properties": {
        "id": 180867500,
        "osm_type": "way",
        "tourism": "camp_site",
        "tents": "yes",
        "contact:phone": "+39 0835 745043",
        "contact:website": "https://www.mondialcamping.it/"
      }
    },
    {
      "type": "Feature",
      "geometry": {
        "type": "Point",
        "coordinates": [
          15.7576976,
          39.9264526
        ]
      },
      "properties": {
        "id": 236399980,
        "osm_type": "way",
        "name": "Villaggio Camping Maratea",
        "tourism": "camp_site",
        "tents": "no",
        "phone": "+39 0973 871680",
        "website": "https://www.campingmaratea.it/"
      }
    },
    {
      "type": "Feature",
      "geometry": {
        "type": "Point",
        "coordinates": [
          16.8389559,
          40.3732208
        ]
      },
      "properties": {
        "id": 239294816,
        "osm_type": "way",
        "name": "Riva dei Greci",
        "tourism": "camp_site",
        "phone": "+39 0835 745014",
        "website": "www.rivadeigreci.it"
      }
    },
    {
      "type": "Feature",
      "geometry": {
        "type": "Point",
        "coordinates": [
          16.8403541,
          40.3749486
        ]
      },
      "properties": {
        "id": 239294866,
        "osm_type": "way",
        "name": "Camping Julia",
        "tourism": "camp_site",
        "tents": "yes",
        "phone": "+39 0835 74 18 42",
        "website": "https://campingjulia.it/"
      }
    },
    {
      "type": "Feature",
      "geometry": {
        "type": "Point",
        "coordinates": [
          16.583962,
          40.6812345
        ]
      },
      "properties": {
        "id": 243393678,
        "osm_type": "way",
        "name": "Hotel del Campo",
        "tourism": "hotel",
        "phone": "+39 0835388844",
        "website": "https://www.hoteldelcampo.it/",
        "check_date": "2022-06-09"
      }
    },
    {
      "type": "Feature",
      "geometry": {
        "type": "Point",
        "coordinates": [
          16.5961133,
          40.6759494
        ]
      },
      "properties": {
        "id": 243430538,
        "osm_type": "way",
        "name": "Hotel Nazionale",
        "tourism": "hotel",
        "phone": "+39 0835 385111",
        "website": "https://www.hotelnazionalematera.com"
      }
    },
    {
      "type": "Feature",
      "geometry": {
        "type": "Point",
        "coordinates": [
          15.7161737,
          40.6097484
        ]
      },
      "properties": {
        "id": 243924524,
        "osm_type": "way",
        "name": "Santa Loja Hotel",
        "tourism": "hotel"
      }
    },
    {
      "type": "Feature",
      "geometry": {
        "type": "Point",
        "coordinates": [
          16.6009063,
          40.6640584
        ]
      },
      "properties": {
        "id": 247319165,
        "osm_type": "way",
        "tourism": "hotel"
      }
    },
    {
      "type": "Feature",
      "geometry": {
        "type": "Point",
        "coordinates": [
          16.6120279,
          40.6633564
        ]
      },
      "properties": {
        "id": 257258454,
        "osm_type": "way",
        "name": "La Dolce Vita",
        "tourism": "guest_house",
        "phone": "+39 328 711 1121",
        "website": "https://ladolcevitamatera.it"
      }
    },
    {
      "type": "Feature",
      "geometry": {
        "type": "Point",
        "coordinates": [
          15.7217342,
          40.5398763
        ]
      },
      "properties": {
        "id": 275055840,
        "osm_type": "way",
        "name": "Rifugio la Casermetta",
        "tourism": "chalet"
      }
    },
    {
      "type": "Feature",
      "geometry": {
        "type": "Point",
        "coordinates": [
          15.8328236,
          40.0460373
        ]
      },
      "properties": {
        "id": 276140686,
        "osm_type": "way",
        "tourism": "caravan_site"
      }
    },
    {
      "type": "Feature",
      "geometry": {
        "type": "Point",
        "coordinates": [
          15.840049,
          40.0503473
        ]
      },
      "properties": {
        "id": 278056232,
        "osm_type": "way",
        "name": "Pensione Vittoria",
        "tourism": "hotel"
      }
    },
    {
      "type": "Feature",
      "geometry": {
        "type": "Point",
        "coordinates": [
          15.861971,
          40.5462686
        ]
      },
      "properties": {
        "id": 282755066,
        "osm_type": "way",
        "name": "la Casa nel Bosco",
        "tourism": "hostel"
      }
    },
    {
      "type": "Feature",
      "geometry": {
        "type": "Point",
        "coordinates": [
          16.8313255,
          40.355979
        ]
      },
      "properties": {
        "id": 301924096,
        "osm_type": "way",
        "name": "Villaggio Kammel",
        "tourism": "camp_site",
        "tents": "yes",
        "phone": "+39 0835 741926",
        "website": "https://www.kammel.it/"
      }
    },
    {
      "type": "Feature",
      "geometry": {
        "type": "Point",
        "coordinates": [
          16.6439297,
          40.1217012
        ]
      },
      "properties": {
        "id": 303687173,
        "osm_type": "way",
        "name": "Castroboleto Village",
        "tourism": "hotel"
      }
    },
    {
      "type": "Feature",
      "geometry": {
        "type": "Point",
        "coordinates": [
          15.9054501,
          40.2803028
        ]
      },
      "properties": {
        "id": 304832839,
        "osm_type": "way",
        "name": "Agriturismo Parco Verde",
        "tourism": "camp_site",
        "tents": "yes",
        "phone": "+393335724074",
        "contact:website": "https://agriturismoparcoverde.it/pages/chi-siamo"
      }
    },
    {
      "type": "Feature",
      "geometry": {
        "type": "Point",
        "coordinates": [
          16.2701904,
          39.9884064
        ]
      },
      "properties": {
        "id": 307624614,
        "osm_type": "way",
        "name": "Aquila Verde",
        "tourism": "alpine_hut"
      }
    },
    {
      "type": "Feature",
      "geometry": {
        "type": "Point",
        "coordinates": [
          16.7136245,
          40.1881408
        ]
      },
      "properties": {
        "id": 325027104,
        "osm_type": "way",
        "name": "Area Camper Policoro Autog Manolio",
        "tourism": "caravan_site",
        "tents": "no",
        "website": "https://www.autogmanolio.com/area-camper/"
      }
    },
    {
      "type": "Feature",
      "geometry": {
        "type": "Point",
        "coordinates": [
          15.7533785,
          39.9349108
        ]
      },
      "properties": {
        "id": 352951827,
        "osm_type": "way",
        "name": "Mara Ranch",
        "tourism": "camp_site",
        "contact:phone": "+39 0973 871716",
        "contact:website": "https://www.mararanch.it/"
      }
    },
    {
      "type": "Feature",
      "geometry": {
        "type": "Point",
        "coordinates": [
          15.8056334,
          40.0931963
        ]
      },
      "properties": {
        "id": 358489134,
        "osm_type": "way",
        "tourism": "caravan_site"
      }
    },
    {
      "type": "Feature",
      "geometry": {
        "type": "Point",
        "coordinates": [
          15.8343014,
          40.0417442
        ]
      },
      "properties": {
        "id": 361477646,
        "osm_type": "way",
        "name": "Hotel Isola di Lauria",
        "tourism": "hotel"
      }
    },
    {
      "type": "Feature",
      "geometry": {
        "type": "Point",
        "coordinates": [
          15.8390399,
          40.1481101
        ]
      },
      "properties": {
        "id": 362803206,
        "osm_type": "way",
        "tourism": "alpine_hut"
      }
    },
    {
      "type": "Feature",
      "geometry": {
        "type": "Point",
        "coordinates": [
          16.750393,
          40.2618285
        ]
      },
      "properties": {
        "id": 395060570,
        "osm_type": "way",
        "name": "Hotel Club Portogreco",
        "tourism": "hotel",
        "contact:phone": "+39 0835 953529",
        "website": "https://hotelportogreco.it/"
      }
    },
    {
      "type": "Feature",
      "geometry": {
        "type": "Point",
        "coordinates": [
          15.7216794,
          40.5060898
        ]
      },
      "properties": {
        "id": 397278137,
        "osm_type": "way",
        "name": "Casetta - Bagni",
        "tourism": "chalet"
      }
    },
    {
      "type": "Feature",
      "geometry": {
        "type": "Point",
        "coordinates": [
          16.7128058,
          40.1890415
        ]
      },
      "properties": {
        "id": 403186040,
        "osm_type": "way",
        "name": "Heraclea Hotel Residence",
        "tourism": "hotel",
        "phone": "+39 366 720 2742",
        "website": "https://www.hotelheraclea.com/"
      }
    },
    {
      "type": "Feature",
      "geometry": {
        "type": "Point",
        "coordinates": [
          16.6246188,
          40.6800982
        ]
      },
      "properties": {
        "id": 420290983,
        "osm_type": "way",
        "name": "Kartodromo",
        "tourism": "caravan_site",
        "phone": "+39 339 109 0996"
      }
    },
    {
      "type": "Feature",
      "geometry": {
        "type": "Point",
        "coordinates": [
          16.2063492,
          40.1210954
        ]
      },
      "properties": {
        "id": 477349637,
        "osm_type": "way",
        "tourism": "caravan_site"
      }
    },
    {
      "type": "Feature",
      "geometry": {
        "type": "Point",
        "coordinates": [
          16.2172787,
          40.0106366
        ]
      },
      "properties": {
        "id": 487183848,
        "osm_type": "way",
        "name": "Rifugio Caserma",
        "tourism": "alpine_hut"
      }
    },
    {
      "type": "Feature",
      "geometry": {
        "type": "Point",
        "coordinates": [
          15.8061719,
          40.7344795
        ]
      },
      "properties": {
        "id": 503196792,
        "osm_type": "way",
        "name": "Hotel Quadrifoglio",
        "tourism": "hotel"
      }
    },
    {
      "type": "Feature",
      "geometry": {
        "type": "Point",
        "coordinates": [
          16.7172465,
          40.1920641
        ]
      },
      "properties": {
        "id": 507949839,
        "osm_type": "way",
        "name": "Policoro Village",
        "tourism": "camp_site",
        "tents": "yes",
        "phone": "+39 0835 910168",
        "website": "http://www.policorovillage.net/"
      }
    },
    {
      "type": "Feature",
      "geometry": {
        "type": "Point",
        "coordinates": [
          16.1454601,
          40.6196042
        ]
      },
      "properties": {
        "id": 515199602,
        "osm_type": "way",
        "name": "Area camper Tricarico",
        "tourism": "caravan_site"
      }
    },
    {
      "type": "Feature",
      "geometry": {
        "type": "Point",
        "coordinates": [
          16.7488409,
          40.2473819
        ]
      },
      "properties": {
        "id": 516252075,
        "osm_type": "way",
        "name": "Camping Le Due Barche",
        "tourism": "camp_site",
        "tents": "yes",
        "phone": "+39 371 1320584",
        "website": "https://www.leduebarche.com/"
      }
    },
    {
      "type": "Feature",
      "geometry": {
        "type": "Point",
        "coordinates": [
          16.2657841,
          40.0127141
        ]
      },
      "properties": {
        "id": 524968121,
        "osm_type": "way",
        "name": "Rifugio Acqua Fredda",
        "tourism": "alpine_hut"
      }
    },
    {
      "type": "Feature",
      "geometry": {
        "type": "Point",
        "coordinates": [
          16.7045476,
          40.5183944
        ]
      },
      "properties": {
        "id": 536472931,
        "osm_type": "way",
        "name": "Agriturismo Olivara",
        "tourism": "guest_house",
        "contact:phone": "+39 0835 201040",
        "website": "http://www.olivara.it/"
      }
    },
    {
      "type": "Feature",
      "geometry": {
        "type": "Point",
        "coordinates": [
          15.6306544,
          40.9530473
        ]
      },
      "properties": {
        "id": 584867060,
        "osm_type": "way",
        "name": "Rifugio Monte Vulture",
        "tourism": "alpine_hut"
      }
    },
    {
      "type": "Feature",
      "geometry": {
        "type": "Point",
        "coordinates": [
          15.9773389,
          40.1171071
        ]
      },
      "properties": {
        "id": 586087231,
        "osm_type": "way",
        "tourism": "camp_site"
      }
    },
    {
      "type": "Feature",
      "geometry": {
        "type": "Point",
        "coordinates": [
          15.8153944,
          40.9651468
        ]
      },
      "properties": {
        "id": 613813275,
        "osm_type": "way",
        "name": "Hotel Venusia",
        "tourism": "hotel"
      }
    },
    {
      "type": "Feature",
      "geometry": {
        "type": "Point",
        "coordinates": [
          15.8033379,
          40.9585073
        ]
      },
      "properties": {
        "id": 614082998,
        "osm_type": "way",
        "name": "Hotel Villa del Sorriso",
        "tourism": "hotel"
      }
    },
    {
      "type": "Feature",
      "geometry": {
        "type": "Point",
        "coordinates": [
          15.7004209,
          39.9976662
        ]
      },
      "properties": {
        "id": 668014198,
        "osm_type": "way",
        "name": "Hotel Settebello",
        "tourism": "hotel"
      }
    },
    {
      "type": "Feature",
      "geometry": {
        "type": "Point",
        "coordinates": [
          15.6880333,
          40.0030321
        ]
      },
      "properties": {
        "id": 668014204,
        "osm_type": "way",
        "name": "Hotel Villa delle Meraviglie",
        "tourism": "hotel"
      }
    },
    {
      "type": "Feature",
      "geometry": {
        "type": "Point",
        "coordinates": [
          15.6665147,
          40.0375703
        ]
      },
      "properties": {
        "id": 668018774,
        "osm_type": "way",
        "name": "Hotel Gabbiano",
        "tourism": "hotel"
      }
    },
    {
      "type": "Feature",
      "geometry": {
        "type": "Point",
        "coordinates": [
          16.6473364,
          40.1237742
        ]
      },
      "properties": {
        "id": 684956082,
        "osm_type": "way",
        "name": "Sira Resort",
        "tourism": "hotel",
        "phone": "+39 0835877002",
        "website": "https://www.siraresort.com/"
      }
    },
    {
      "type": "Feature",
      "geometry": {
        "type": "Point",
        "coordinates": [
          16.8380268,
          40.3637563
        ]
      },
      "properties": {
        "id": 736983669,
        "osm_type": "way",
        "name": "Parco Vacanze Olympus",
        "tourism": "camp_site"
      }
    },
    {
      "type": "Feature",
      "geometry": {
        "type": "Point",
        "coordinates": [
          16.2759678,
          40.5853492
        ]
      },
      "properties": {
        "id": 757360946,
        "osm_type": "way",
        "tourism": "motel"
      }
    },
    {
      "type": "Feature",
      "geometry": {
        "type": "Point",
        "coordinates": [
          16.7096158,
          40.1899696
        ]
      },
      "properties": {
        "id": 776055523,
        "osm_type": "way",
        "name": "Orohotel Policoro CHIUSO",
        "tourism": "hotel"
      }
    },
    {
      "type": "Feature",
      "geometry": {
        "type": "Point",
        "coordinates": [
          16.2011218,
          40.0800969
        ]
      },
      "properties": {
        "id": 783380559,
        "osm_type": "way",
        "name": "Albergo Ristorante Mango",
        "tourism": "hotel"
      }
    },
    {
      "type": "Feature",
      "geometry": {
        "type": "Point",
        "coordinates": [
          15.7027983,
          39.9934089
        ]
      },
      "properties": {
        "id": 794485551,
        "osm_type": "way",
        "name": "Santavenere",
        "tourism": "hotel",
        "phone": "+39 0973 876910",
        "website": "https://santavenere.it/en/santa-venere-maratea-eng/"
      }
    },
    {
      "type": "Feature",
      "geometry": {
        "type": "Point",
        "coordinates": [
          16.6209795,
          40.6803861
        ]
      },
      "properties": {
        "id": 809613134,
        "osm_type": "way",
        "name": "Area Camper Matera",
        "tourism": "caravan_site",
        "opening_hours": "24/7",
        "tents": "no",
        "phone": "+39 347 5357798",
        "website": "https://www.areacamper-matera.it/"
      }
    },
    {
      "type": "Feature",
      "geometry": {
        "type": "Point",
        "coordinates": [
          15.8431302,
          40.0491415
        ]
      },
      "properties": {
        "id": 816222720,
        "osm_type": "way",
        "name": "La Fontana Borbone",
        "tourism": "guest_house"
      }
    },
    {
      "type": "Feature",
      "geometry": {
        "type": "Point",
        "coordinates": [
          16.1743211,
          40.1130911
        ]
      },
      "properties": {
        "id": 840185763,
        "osm_type": "way",
        "tourism": "caravan_site"
      }
    },
    {
      "type": "Feature",
      "geometry": {
        "type": "Point",
        "coordinates": [
          16.6538674,
          40.127719
        ]
      },
      "properties": {
        "id": 863818317,
        "osm_type": "way",
        "name": "Sosta Camper Nova Siri",
        "tourism": "caravan_site"
      }
    },
    {
      "type": "Feature",
      "geometry": {
        "type": "Point",
        "coordinates": [
          16.0333095,
          40.8460058
        ]
      },
      "properties": {
        "id": 872645769,
        "osm_type": "way",
        "name": "Kristal",
        "tourism": "hotel"
      }
    },
    {
      "type": "Feature",
      "geometry": {
        "type": "Point",
        "coordinates": [
          15.6717983,
          40.7225602
        ]
      },
      "properties": {
        "id": 962839537,
        "osm_type": "way",
        "name": "Agriturismo \"La dimora di Bacco\"",
        "tourism": "guest_house",
        "website": "https://it-it.facebook.com/LaDimoraDiBacco/"
      }
    },
    {
      "type": "Feature",
      "geometry": {
        "type": "Point",
        "coordinates": [
          16.6438258,
          40.1227969
        ]
      },
      "properties": {
        "id": 966891852,
        "osm_type": "way",
        "name": "Siria Resort",
        "tourism": "hotel"
      }
    },
    {
      "type": "Feature",
      "geometry": {
        "type": "Point",
        "coordinates": [
          16.7094245,
          40.1902867
        ]
      },
      "properties": {
        "id": 967209715,
        "osm_type": "way",
        "tourism": "hotel"
      }
    },
    {
      "type": "Feature",
      "geometry": {
        "type": "Point",
        "coordinates": [
          16.2757019,
          40.5853256
        ]
      },
      "properties": {
        "id": 967752816,
        "osm_type": "way",
        "name": "Hotel \"La Salitella\"",
        "tourism": "hotel"
      }
    },
    {
      "type": "Feature",
      "geometry": {
        "type": "Point",
        "coordinates": [
          15.7189069,
          40.7013802
        ]
      },
      "properties": {
        "id": 979687441,
        "osm_type": "way",
        "name": "Natura",
        "tourism": "hotel",
        "phone": "+39 0971 82185",
        "website": "http://www.hotelnatura.it/"
      }
    },
    {
      "type": "Feature",
      "geometry": {
        "type": "Point",
        "coordinates": [
          15.6305815,
          41.0044776
        ]
      },
      "properties": {
        "id": 993229098,
        "osm_type": "way",
        "name": "Relais La Fattoria",
        "tourism": "hotel",
        "phone": "+39 0972 24776",
        "website": "https://www.relaislafattoria.it/"
      }
    },
    {
      "type": "Feature",
      "geometry": {
        "type": "Point",
        "coordinates": [
          15.6402661,
          40.9907779
        ]
      },
      "properties": {
        "id": 993285164,
        "osm_type": "way",
        "name": "Notti Rosa",
        "tourism": "guest_house",
        "phone": "+39 329 0186874",
        "website": "https://nottirosa.com/"
      }
    },
    {
      "type": "Feature",
      "geometry": {
        "type": "Point",
        "coordinates": [
          16.230016,
          40.3138719
        ]
      },
      "properties": {
        "id": 995248295,
        "osm_type": "way",
        "name": "Palazzo Scelzi Affittacamere",
        "tourism": "guest_house",
        "website": "https://www.palazzoscelzi.it/"
      }
    },
    {
      "type": "Feature",
      "geometry": {
        "type": "Point",
        "coordinates": [
          16.2286019,
          40.3129969
        ]
      },
      "properties": {
        "id": 995264823,
        "osm_type": "way",
        "name": "Area Aliano",
        "tourism": "caravan_site"
      }
    },
    {
      "type": "Feature",
      "geometry": {
        "type": "Point",
        "coordinates": [
          15.7450951,
          40.4747474
        ]
      },
      "properties": {
        "id": 1074920410,
        "osm_type": "way",
        "name": "Fontana delle brecce",
        "tourism": "alpine_hut"
      }
    },
    {
      "type": "Feature",
      "geometry": {
        "type": "Point",
        "coordinates": [
          15.7454875,
          40.4743895
        ]
      },
      "properties": {
        "id": 1074920778,
        "osm_type": "way",
        "name": "Fontana delle Brecce",
        "tourism": "alpine_hut",
        "opening_hours": "by reservation"
      }
    },
    {
      "type": "Feature",
      "geometry": {
        "type": "Point",
        "coordinates": [
          15.9563394,
          40.0096942
        ]
      },
      "properties": {
        "id": 1088840947,
        "osm_type": "way",
        "name": "Hotel San Raffaele",
        "tourism": "hotel"
      }
    },
    {
      "type": "Feature",
      "geometry": {
        "type": "Point",
        "coordinates": [
          16.1244907,
          39.9136709
        ]
      },
      "properties": {
        "id": 1089907727,
        "osm_type": "way",
        "name": "Rifugio A. De Gasperi (2017: chiuso)",
        "tourism": "alpine_hut"
      }
    },
    {
      "type": "Feature",
      "geometry": {
        "type": "Point",
        "coordinates": [
          15.3834859,
          40.8382744
        ]
      },
      "properties": {
        "id": 1090675110,
        "osm_type": "way",
        "name": "Dove Osano Le Aquile",
        "tourism": "hotel",
        "phone": "+39 329 219 1334",
        "website": "https://hotel-dove-osano-le-aquile.business.site/"
      }
    },
    {
      "type": "Feature",
      "geometry": {
        "type": "Point",
        "coordinates": [
          15.8965857,
          40.3343092
        ]
      },
      "properties": {
        "id": 1094741330,
        "osm_type": "way",
        "name": "B&B Fontanella",
        "tourism": "guest_house"
      }
    },
    {
      "type": "Feature",
      "geometry": {
        "type": "Point",
        "coordinates": [
          15.8659433,
          40.2442075
        ]
      },
      "properties": {
        "id": 1097768865,
        "osm_type": "way",
        "name": "Area camper Moliterno",
        "tourism": "caravan_site",
        "opening_hours": "24/7"
      }
    },
    {
      "type": "Feature",
      "geometry": {
        "type": "Point",
        "coordinates": [
          15.7612741,
          40.1293755
        ]
      },
      "properties": {
        "id": 1102974020,
        "osm_type": "way",
        "name": "Hotel Caimo",
        "tourism": "hotel"
      }
    },
    {
      "type": "Feature",
      "geometry": {
        "type": "Point",
        "coordinates": [
          15.8791673,
          40.1368434
        ]
      },
      "properties": {
        "id": 1103938903,
        "osm_type": "way",
        "name": "Agriturismo La Cappellina",
        "tourism": "guest_house"
      }
    },
    {
      "type": "Feature",
      "geometry": {
        "type": "Point",
        "coordinates": [
          16.1536587,
          40.3203696
        ]
      },
      "properties": {
        "id": 1104485758,
        "osm_type": "way",
        "name": "Agriturismo Masseria Castiglione",
        "tourism": "guest_house"
      }
    },
    {
      "type": "Feature",
      "geometry": {
        "type": "Point",
        "coordinates": [
          16.598066,
          40.6633801
        ]
      },
      "properties": {
        "id": 1123138428,
        "osm_type": "way",
        "name": "Palace Hotel",
        "tourism": "hotel"
      }
    },
    {
      "type": "Feature",
      "geometry": {
        "type": "Point",
        "coordinates": [
          15.7899178,
          40.3160412
        ]
      },
      "properties": {
        "id": 1144971857,
        "osm_type": "way",
        "name": "La Casina Rossa",
        "tourism": "guest_house",
        "phone": "+39 0975 353979"
      }
    },
    {
      "type": "Feature",
      "geometry": {
        "type": "Point",
        "coordinates": [
          16.0604989,
          40.3512846
        ]
      },
      "properties": {
        "id": 1148132438,
        "osm_type": "way",
        "name": "Agriturismo Difesa d'Ischia",
        "tourism": "hotel"
      }
    },
    {
      "type": "Feature",
      "geometry": {
        "type": "Point",
        "coordinates": [
          15.875561,
          40.1832842
        ]
      },
      "properties": {
        "id": 1162734143,
        "osm_type": "way",
        "name": "Antica Tenuta del Cavaliere",
        "tourism": "guest_house",
        "phone": "+39 0975 64856"
      }
    },
    {
      "type": "Feature",
      "geometry": {
        "type": "Point",
        "coordinates": [
          15.8613271,
          40.0858844
        ]
      },
      "properties": {
        "id": 1162977170,
        "osm_type": "way",
        "name": "Ai Cerri di Remi",
        "tourism": "guest_house"
      }
    },
    {
      "type": "Feature",
      "geometry": {
        "type": "Point",
        "coordinates": [
          15.8768316,
          40.2056813
        ]
      },
      "properties": {
        "id": 1163035180,
        "osm_type": "way",
        "tourism": "guest_house"
      }
    },
    {
      "type": "Feature",
      "geometry": {
        "type": "Point",
        "coordinates": [
          15.8767053,
          40.2058152
        ]
      },
      "properties": {
        "id": 1163035181,
        "osm_type": "way",
        "name": "Vecchia Fattoria",
        "tourism": "guest_house",
        "phone": "+39 0975 67327",
        "website": "https://www.agriturismovecchiafattoriabasilicata.it/"
      }
    },
    {
      "type": "Feature",
      "geometry": {
        "type": "Point",
        "coordinates": [
          16.6971974,
          40.2494459
        ]
      },
      "properties": {
        "id": 1172130317,
        "osm_type": "way",
        "name": "Palace Hotel",
        "tourism": "hotel"
      }
    },
    {
      "type": "Feature",
      "geometry": {
        "type": "Point",
        "coordinates": [
          15.7389367,
          39.9543962
        ]
      },
      "properties": {
        "id": 1179953823,
        "osm_type": "way",
        "name": "Hotel Martino",
        "tourism": "hotel",
        "phone": "+390973879126",
        "website": "https://www.hotelmartino.net/"
      }
    },
    {
      "type": "Feature",
      "geometry": {
        "type": "Point",
        "coordinates": [
          16.6397574,
          40.1299819
        ]
      },
      "properties": {
        "id": 1205402350,
        "osm_type": "way",
        "name": "Best Western Hotel Imperiale",
        "tourism": "hotel",
        "contact:phone": "+39 0835 536900",
        "website": "https://www.hotelimperialenovasiri.it/"
      }
    },
    {
      "type": "Feature",
      "geometry": {
        "type": "Point",
        "coordinates": [
          16.6300325,
          40.1338825
        ]
      },
      "properties": {
        "id": 1216242696,
        "osm_type": "way",
        "name": "Siris",
        "tourism": "hotel",
        "contact:website": "https://web.rivion.it/it"
      }
    },
    {
      "type": "Feature",
      "geometry": {
        "type": "Point",
        "coordinates": [
          16.6083922,
          40.211975
        ]
      },
      "properties": {
        "id": 1217161230,
        "osm_type": "way",
        "name": "Hotel Villa Cirigliano",
        "tourism": "hotel"
      }
    },
    {
      "type": "Feature",
      "geometry": {
        "type": "Point",
        "coordinates": [
          15.7809609,
          41.0437417
        ]
      },
      "properties": {
        "id": 1240089426,
        "osm_type": "way",
        "name": "Area camper Lavello",
        "tourism": "caravan_site"
      }
    },
    {
      "type": "Feature",
      "geometry": {
        "type": "Point",
        "coordinates": [
          16.525069,
          40.392261
        ]
      },
      "properties": {
        "id": 1267677629,
        "osm_type": "way",
        "name": "Area Sosta Camper Agriturismo Il Calanco",
        "tourism": "caravan_site",
        "phone": "+39 0835 462191"
      }
    },
    {
      "type": "Feature",
      "geometry": {
        "type": "Point",
        "coordinates": [
          15.7940058,
          41.052258
        ]
      },
      "properties": {
        "id": 1271538404,
        "osm_type": "way",
        "name": "MoMa",
        "tourism": "hotel"
      }
    },
    {
      "type": "Feature",
      "geometry": {
        "type": "Point",
        "coordinates": [
          16.6066817,
          40.6525213
        ]
      },
      "properties": {
        "id": 1307479185,
        "osm_type": "way",
        "name": "Pantaleone",
        "tourism": "caravan_site",
        "phone": "+39 0835 335239",
        "website": "http://www.agriturismopantaleonematera.it"
      }
    },
    {
      "type": "Feature",
      "geometry": {
        "type": "Point",
        "coordinates": [
          15.826813,
          40.9600874
        ]
      },
      "properties": {
        "id": 1315662201,
        "osm_type": "way",
        "name": "Area Camper Venusia",
        "tourism": "caravan_site",
        "tents": "yes",
        "phone": "+39 380 344 9309",
        "website": "https://www.facebook.com/Venusiaautolavaggio"
      }
    },
    {
      "type": "Feature",
      "geometry": {
        "type": "Point",
        "coordinates": [
          15.674402,
          40.0315697
        ]
      },
      "properties": {
        "id": 1323166612,
        "osm_type": "way",
        "name": "Hotel San Diego",
        "tourism": "hotel"
      }
    },
    {
      "type": "Feature",
      "geometry": {
        "type": "Point",
        "coordinates": [
          16.0453006,
          39.9298412
        ]
      },
      "properties": {
        "id": 1344034154,
        "osm_type": "way",
        "name": "Hotel Ristorante Miramonti",
        "tourism": "hotel",
        "phone": "+39 0973661751"
      }
    },
    {
      "type": "Feature",
      "geometry": {
        "type": "Point",
        "coordinates": [
          16.5939609,
          40.1758918
        ]
      },
      "properties": {
        "id": 1348970195,
        "osm_type": "way",
        "name": "L'Aranceto B&B",
        "tourism": "guest_house"
      }
    },
    {
      "type": "Feature",
      "geometry": {
        "type": "Point",
        "coordinates": [
          16.565562,
          40.203709
        ]
      },
      "properties": {
        "id": 1349218690,
        "osm_type": "way",
        "name": "Azienda Agrituristica Il Terrazzo Sul Sinni",
        "tourism": "guest_house"
      }
    },
    {
      "type": "Feature",
      "geometry": {
        "type": "Point",
        "coordinates": [
          16.6621896,
          40.1818577
        ]
      },
      "properties": {
        "id": 1350381618,
        "osm_type": "way",
        "name": "Residenza Rogiò",
        "tourism": "guest_house"
      }
    },
    {
      "type": "Feature",
      "geometry": {
        "type": "Point",
        "coordinates": [
          15.9833944,
          40.5514434
        ]
      },
      "properties": {
        "id": 1368165875,
        "osm_type": "way",
        "name": "Foresteria de San Leo",
        "tourism": "hotel"
      }
    },
    {
      "type": "Feature",
      "geometry": {
        "type": "Point",
        "coordinates": [
          16.0976023,
          40.14626
        ]
      },
      "properties": {
        "id": 1377998369,
        "osm_type": "way",
        "name": "Area Sosta Lungo le vie del tartufo",
        "tourism": "caravan_site",
        "contact:phone": "+39 340 089 0202"
      }
    },
    {
      "type": "Feature",
      "geometry": {
        "type": "Point",
        "coordinates": [
          15.8063101,
          40.0922997
        ]
      },
      "properties": {
        "id": 1379085878,
        "osm_type": "way",
        "tourism": "caravan_site"
      }
    },
    {
      "type": "Feature",
      "geometry": {
        "type": "Point",
        "coordinates": [
          15.7214987,
          40.5059809
        ]
      },
      "properties": {
        "id": 1457456684,
        "osm_type": "way",
        "tourism": "camp_site",
        "contact:website": "https://www.caseinautogestione.it/it/m-dettaglio-casa.php?hid=1198"
      }
    },
    {
      "type": "Feature",
      "geometry": {
        "type": "Point",
        "coordinates": [
          15.7545054,
          39.9293464
        ]
      },
      "properties": {
        "id": 1457465122,
        "osm_type": "way",
        "name": "Area Camper Riva Riva",
        "tourism": "caravan_site",
        "phone": "+39 377 347 2852"
      }
    },
    {
      "type": "Feature",
      "geometry": {
        "type": "Point",
        "coordinates": [
          15.7548448,
          39.928673
        ]
      },
      "properties": {
        "id": 1457465123,
        "osm_type": "way",
        "name": "Balai BeachClub Maratea",
        "tourism": "caravan_site",
        "contact:phone": "+39 338 883 3709"
      }
    },
    {
      "type": "Feature",
      "geometry": {
        "type": "Point",
        "coordinates": [
          16.1398134,
          40.0254728
        ]
      },
      "properties": {
        "id": 1500211776,
        "osm_type": "way",
        "name": "Area attrezzata Sottosero",
        "tourism": "caravan_site",
        "contact:phone": "+39 347 2913085"
      }
    },
    {
      "type": "Feature",
      "geometry": {
        "type": "Point",
        "coordinates": [
          16.0478167,
          39.9364141
        ]
      },
      "properties": {
        "id": 1500211777,
        "osm_type": "way",
        "name": "Agricampeggio Lo Scoiattolo",
        "tourism": "camp_site",
        "tents": "yes",
        "contact:phone": "+39 0973667364;+39 3884427231",
        "contact:website": "https://www.agriturismoloscoiattolo.eu/"
      }
    },
    {
      "type": "Feature",
      "geometry": {
        "type": "Point",
        "coordinates": [
          15.6070583,
          40.9269327
        ]
      },
      "properties": {
        "id": 1500219521,
        "osm_type": "way",
        "name": "Guarda esterni Parco Naturale Europa",
        "tourism": "camp_site",
        "tents": "yes",
        "contact:phone": "+39 349 368 2348"
      }
    },
    {
      "type": "Feature",
      "geometry": {
        "type": "Point",
        "coordinates": [
          16.6427217,
          40.1223289
        ]
      },
      "properties": {
        "id": 4046150,
        "osm_type": "relation",
        "name": "Giardini d'Oriente",
        "tourism": "hotel"
      }
    },
    {
      "type": "Feature",
      "geometry": {
        "type": "Point",
        "coordinates": [
          15.8999938,
          40.350237
        ]
      },
      "properties": {
        "id": 15487195,
        "osm_type": "relation",
        "tourism": "hotel"
      }
    },
    {
      "type": "Feature",
      "geometry": {
        "type": "Point",
        "coordinates": [
          16.6822364,
          40.2210245
        ]
      },
      "properties": {
        "id": 15574370,
        "osm_type": "relation",
        "name": "Hermes Hotel",
        "tourism": "hotel"
      }
    }
  ]
}