{
  "type": "FeatureCollection",
  "features": [
    {
      "type": "Feature",
      "geometry": {
        "type": "Point",
        "coordinates": [
          13.9473673,
          40.7354361
        ]
      },
      "properties": {
        "id": 26859560,
        "osm_type": "node",
        "name": "InternCamp",
        "tourism": "camp_site"
      }
    },
    {
      "type": "Feature",
      "geometry": {
        "type": "Point",
        "coordinates": [
          14.4833753,
          41.0288897
        ]
      },
      "properties": {
        "id": 256247272,
        "osm_type": "node",
        "name": "Hotel Antica Quercia",
        "tourism": "hotel"
      }
    },
    {
      "type": "Feature",
      "geometry": {
        "type": "Point",
        "coordinates": [
          14.5906978,
          40.6277306
        ]
      },
      "properties": {
        "id": 256252257,
        "osm_type": "node",
        "name": "Hotel Bellevue",
        "tourism": "hotel"
      }
    },
    {
      "type": "Feature",
      "geometry": {
        "type": "Point",
        "coordinates": [
          15.4384952,
          40.1731838
        ]
      },
      "properties": {
        "id": 256263042,
        "osm_type": "node",
        "name": "La Contadina Country House",
        "tourism": "hotel",
        "website": "countryhousecilento.it"
      }
    },
    {
      "type": "Feature",
      "geometry": {
        "type": "Point",
        "coordinates": [
          14.5166312,
          40.7576518
        ]
      },
      "properties": {
        "id": 317474435,
        "osm_type": "node",
        "name": "Il Fauno",
        "tourism": "guest_house"
      }
    },
    {
      "type": "Feature",
      "geometry": {
        "type": "Point",
        "coordinates": [
          14.4914661,
          40.6958888
        ]
      },
      "properties": {
        "id": 325007359,
        "osm_type": "node",
        "name": "Hotel dei Congressi",
        "tourism": "hotel"
      }
    },
    {
      "type": "Feature",
      "geometry": {
        "type": "Point",
        "coordinates": [
          14.4268156,
          40.649031
        ]
      },
      "properties": {
        "id": 327043521,
        "osm_type": "node",
        "name": "B&B Sunflower",
        "tourism": "guest_house"
      }
    },
    {
      "type": "Feature",
      "geometry": {
        "type": "Point",
        "coordinates": [
          14.0353526,
          40.9010635
        ]
      },
      "properties": {
        "id": 365232188,
        "osm_type": "node",
        "name": "Partenope Village",
        "tourism": "camp_site"
      }
    },
    {
      "type": "Feature",
      "geometry": {
        "type": "Point",
        "coordinates": [
          14.7300971,
          40.9918802
        ]
      },
      "properties": {
        "id": 406724184,
        "osm_type": "node",
        "name": "Emma Bed & Breakfast",
        "tourism": "hostel"
      }
    },
    {
      "type": "Feature",
      "geometry": {
        "type": "Point",
        "coordinates": [
          14.7372067,
          40.9880322
        ]
      },
      "properties": {
        "id": 406724209,
        "osm_type": "node",
        "name": "Urciuolo",
        "tourism": "hotel"
      }
    },
    {
      "type": "Feature",
      "geometry": {
        "type": "Point",
        "coordinates": [
          14.2694403,
          40.8515643
        ]
      },
      "properties": {
        "id": 415476691,
        "osm_type": "node",
        "name": "Hotel Potenza",
        "tourism": "hotel",
        "website": "http://hotelpotenza.blogspot.co.uk/",
        "check_date": "2025-07-09"
      }
    },
    {
      "type": "Feature",
      "geometry": {
        "type": "Point",
        "coordinates": [
          14.22946,
          40.8368549
        ]
      },
      "properties": {
        "id": 417856731,
        "osm_type": "node",
        "name": "De Bonart Naples, Curio Collection by Hilton",
        "tourism": "hotel",
        "phone": "+39 081 090 2000",
        "website": "https://www.hilton.com/en/hotels/napbnqq-de-bonart-naples/"
      }
    },
    {
      "type": "Feature",
      "geometry": {
        "type": "Point",
        "coordinates": [
          15.345905,
          40.4008329
        ]
      },
      "properties": {
        "id": 440112256,
        "osm_type": "node",
        "name": "Hotel Miramonti",
        "tourism": "hotel"
      }
    },
    {
      "type": "Feature",
      "geometry": {
        "type": "Point",
        "coordinates": [
          13.8653966,
          40.7214154
        ]
      },
      "properties": {
        "id": 441573558,
        "osm_type": "node",
        "name": "Smeraldo",
        "tourism": "hotel"
      }
    },
    {
      "type": "Feature",
      "geometry": {
        "type": "Point",
        "coordinates": [
          14.2406717,
          41.2329447
        ]
      },
      "properties": {
        "id": 643019169,
        "osm_type": "node",
        "name": "Le Campole",
        "tourism": "camp_site",
        "website": "http://www.lecampole.it/"
      }
    },
    {
      "type": "Feature",
      "geometry": {
        "type": "Point",
        "coordinates": [
          14.3757655,
          40.6283367
        ]
      },
      "properties": {
        "id": 679074689,
        "osm_type": "node",
        "name": "Grand Hotel Excelsior Vittoria",
        "tourism": "hotel",
        "contact:phone": "+39 081 877 7111",
        "website": "https://excelsiorvittoria.com/"
      }
    },
    {
      "type": "Feature",
      "geometry": {
        "type": "Point",
        "coordinates": [
          14.4032759,
          40.6386152
        ]
      },
      "properties": {
        "id": 679136895,
        "osm_type": "node",
        "name": "Klein Wien",
        "tourism": "hotel"
      }
    },
    {
      "type": "Feature",
      "geometry": {
        "type": "Point",
        "coordinates": [
          14.4086334,
          40.6478839
        ]
      },
      "properties": {
        "id": 679137136,
        "osm_type": "node",
        "name": "Panorama Palace",
        "tourism": "hotel"
      }
    },
    {
      "type": "Feature",
      "geometry": {
        "type": "Point",
        "coordinates": [
          14.9395645,
          40.2700764
        ]
      },
      "properties": {
        "id": 708538584,
        "osm_type": "node",
        "name": "L'llisea",
        "tourism": "guest_house"
      }
    },
    {
      "type": "Feature",
      "geometry": {
        "type": "Point",
        "coordinates": [
          14.9466799,
          40.2856841
        ]
      },
      "properties": {
        "id": 708539030,
        "osm_type": "node",
        "name": "New Hotel Sonia",
        "tourism": "hotel"
      }
    },
    {
      "type": "Feature",
      "geometry": {
        "type": "Point",
        "coordinates": [
          14.9337395,
          40.2674932
        ]
      },
      "properties": {
        "id": 708539208,
        "osm_type": "node",
        "name": "L'Approdo Hotel",
        "tourism": "hotel"
      }
    },
    {
      "type": "Feature",
      "geometry": {
        "type": "Point",
        "coordinates": [
          14.9462562,
          40.2872892
        ]
      },
      "properties": {
        "id": 708539324,
        "osm_type": "node",
        "name": "Hotel Villa Sizio",
        "tourism": "hotel",
        "website": "https://www.villasirio.it/"
      }
    },
    {
      "type": "Feature",
      "geometry": {
        "type": "Point",
        "coordinates": [
          14.9376023,
          40.2692331
        ]
      },
      "properties": {
        "id": 708539329,
        "osm_type": "node",
        "name": "Hotel Mareluna",
        "tourism": "hotel"
      }
    },
    {
      "type": "Feature",
      "geometry": {
        "type": "Point",
        "coordinates": [
          14.9460824,
          40.2814572
        ]
      },
      "properties": {
        "id": 747002175,
        "osm_type": "node",
        "name": "Terrazza Fontanelle",
        "tourism": "apartment"
      }
    },
    {
      "type": "Feature",
      "geometry": {
        "type": "Point",
        "coordinates": [
          14.9461347,
          40.2832941
        ]
      },
      "properties": {
        "id": 747045647,
        "osm_type": "node",
        "name": "Residenza D'epoca",
        "tourism": "hotel",
        "check_date": "2024-10-12"
      }
    },
    {
      "type": "Feature",
      "geometry": {
        "type": "Point",
        "coordinates": [
          14.9474627,
          40.2867006
        ]
      },
      "properties": {
        "id": 747164268,
        "osm_type": "node",
        "name": "La Pergola",
        "tourism": "hotel",
        "check_date": "2024-10-12"
      }
    },
    {
      "type": "Feature",
      "geometry": {
        "type": "Point",
        "coordinates": [
          14.9478846,
          40.2873525
        ]
      },
      "properties": {
        "id": 748857269,
        "osm_type": "node",
        "name": "La Marina",
        "tourism": "hotel"
      }
    },
    {
      "type": "Feature",
      "geometry": {
        "type": "Point",
        "coordinates": [
          14.5675929,
          40.6231093
        ]
      },
      "properties": {
        "id": 761377034,
        "osm_type": "node",
        "name": "Sant Orsola",
        "tourism": "hotel"
      }
    },
    {
      "type": "Feature",
      "geometry": {
        "type": "Point",
        "coordinates": [
          15.4155823,
          40.966378
        ]
      },
      "properties": {
        "id": 794938775,
        "osm_type": "node",
        "name": "Il Tufiello",
        "tourism": "hotel"
      }
    },
    {
      "type": "Feature",
      "geometry": {
        "type": "Point",
        "coordinates": [
          14.5963682,
          40.6316286
        ]
      },
      "properties": {
        "id": 897209733,
        "osm_type": "node",
        "name": "La Conchiglia",
        "tourism": "hotel",
        "contact:phone": "+39 089 871856"
      }
    },
    {
      "type": "Feature",
      "geometry": {
        "type": "Point",
        "coordinates": [
          14.9811336,
          40.6112329
        ]
      },
      "properties": {
        "id": 897305670,
        "osm_type": "node",
        "name": "Hotel Palace",
        "tourism": "hotel",
        "contact:phone": "+39 0828 308263",
        "contact:website": "http://www.hotelpalaceonline.it"
      }
    },
    {
      "type": "Feature",
      "geometry": {
        "type": "Point",
        "coordinates": [
          15.252953,
          40.676672
        ]
      },
      "properties": {
        "id": 897525986,
        "osm_type": "node",
        "name": "Terme Capetta",
        "tourism": "hotel",
        "contact:phone": "+39 0828 995403",
        "website": "http://www.termecappetta.it"
      }
    },
    {
      "type": "Feature",
      "geometry": {
        "type": "Point",
        "coordinates": [
          14.6881026,
          40.7411277
        ]
      },
      "properties": {
        "id": 902544348,
        "osm_type": "node",
        "name": "Hotel Villa Albani",
        "tourism": "hotel",
        "website": "https://www.villaalbani.it/"
      }
    },
    {
      "type": "Feature",
      "geometry": {
        "type": "Point",
        "coordinates": [
          14.7258331,
          40.721158
        ]
      },
      "properties": {
        "id": 902667063,
        "osm_type": "node",
        "name": "Hotel Villa al Rifugio",
        "tourism": "hotel",
        "phone": "+39 089 344365",
        "website": "https://www.villaalrifugio.it/"
      }
    },
    {
      "type": "Feature",
      "geometry": {
        "type": "Point",
        "coordinates": [
          14.4049475,
          40.6560041
        ]
      },
      "properties": {
        "id": 903144854,
        "osm_type": "node",
        "name": "Baia Serena",
        "tourism": "chalet",
        "tents": "yes"
      }
    },
    {
      "type": "Feature",
      "geometry": {
        "type": "Point",
        "coordinates": [
          14.6930457,
          40.6828228
        ]
      },
      "properties": {
        "id": 904080757,
        "osm_type": "node",
        "name": "Hotel Scapolatiello",
        "tourism": "hotel",
        "phone": "+39 089 444780",
        "website": "https://www.hotelscapolatiello.it"
      }
    },
    {
      "type": "Feature",
      "geometry": {
        "type": "Point",
        "coordinates": [
          14.9851423,
          40.4286385
        ]
      },
      "properties": {
        "id": 960789922,
        "osm_type": "node",
        "name": "Esplanade",
        "tourism": "hotel",
        "phone": "+39 0828 851005",
        "website": "https://www.hotelesplanadepaestum.com/"
      }
    },
    {
      "type": "Feature",
      "geometry": {
        "type": "Point",
        "coordinates": [
          14.4874319,
          40.9487082
        ]
      },
      "properties": {
        "id": 966078487,
        "osm_type": "node",
        "name": "Holiday Inn",
        "tourism": "hotel",
        "phone": "+390813642100",
        "website": "https://www.ihg.com/holidayinn/hotels/gb/en/nola/napvb/hoteldetail"
      }
    },
    {
      "type": "Feature",
      "geometry": {
        "type": "Point",
        "coordinates": [
          15.114571,
          40.6110018
        ]
      },
      "properties": {
        "id": 1078499734,
        "osm_type": "node",
        "name": "Mary",
        "tourism": "hotel"
      }
    },
    {
      "type": "Feature",
      "geometry": {
        "type": "Point",
        "coordinates": [
          15.1254594,
          40.674584
        ]
      },
      "properties": {
        "id": 1091919206,
        "osm_type": "node",
        "name": "Avigliano",
        "tourism": "hotel"
      }
    },
    {
      "type": "Feature",
      "geometry": {
        "type": "Point",
        "coordinates": [
          15.0486882,
          40.604544
        ]
      },
      "properties": {
        "id": 1093005227,
        "osm_type": "node",
        "name": "Motel Del Grosso",
        "tourism": "motel"
      }
    },
    {
      "type": "Feature",
      "geometry": {
        "type": "Point",
        "coordinates": [
          15.103082,
          40.6369409
        ]
      },
      "properties": {
        "id": 1119805052,
        "osm_type": "node",
        "name": "Hotel Capital",
        "tourism": "hotel",
        "phone": "+39082845945",
        "website": "https://hotel-capital.it/"
      }
    },
    {
      "type": "Feature",
      "geometry": {
        "type": "Point",
        "coordinates": [
          14.3723274,
          40.6208932
        ]
      },
      "properties": {
        "id": 1126315988,
        "osm_type": "node",
        "name": "Hilton Sorrento Palace",
        "tourism": "hotel",
        "phone": "+39 081 878 4141",
        "website": "https://www.hilton.com/en/hotels/rrohihi-hilton-sorrento-palace/"
      }
    },
    {
      "type": "Feature",
      "geometry": {
        "type": "Point",
        "coordinates": [
          15.1068599,
          40.6671506
        ]
      },
      "properties": {
        "id": 1144085759,
        "osm_type": "node",
        "name": "Maccarunera",
        "tourism": "hotel"
      }
    },
    {
      "type": "Feature",
      "geometry": {
        "type": "Point",
        "coordinates": [
          15.107142,
          40.6338737
        ]
      },
      "properties": {
        "id": 1144200337,
        "osm_type": "node",
        "name": "Nova Resort",
        "tourism": "hotel"
      }
    },
    {
      "type": "Feature",
      "geometry": {
        "type": "Point",
        "coordinates": [
          15.5555978,
          40.1397438
        ]
      },
      "properties": {
        "id": 1234013960,
        "osm_type": "node",
        "tourism": "hotel"
      }
    },
    {
      "type": "Feature",
      "geometry": {
        "type": "Point",
        "coordinates": [
          15.5302772,
          40.1354306
        ]
      },
      "properties": {
        "id": 1234013967,
        "osm_type": "node",
        "name": "Palazzo De Stefano",
        "tourism": "hotel",
        "website": "https://www.morigeratipaeseambiente.it/"
      }
    },
    {
      "type": "Feature",
      "geometry": {
        "type": "Point",
        "coordinates": [
          15.2514561,
          40.6878591
        ]
      },
      "properties": {
        "id": 1235234928,
        "osm_type": "node",
        "tourism": "hotel"
      }
    },
    {
      "type": "Feature",
      "geometry": {
        "type": "Point",
        "coordinates": [
          15.2519067,
          40.6901289
        ]
      },
      "properties": {
        "id": 1235234939,
        "osm_type": "node",
        "tourism": "hotel"
      }
    },
    {
      "type": "Feature",
      "geometry": {
        "type": "Point",
        "coordinates": [
          14.2501434,
          40.8455278
        ]
      },
      "properties": {
        "id": 1286851739,
        "osm_type": "node",
        "name": "BB 6 Small Rooms",
        "tourism": "guest_house",
        "phone": "+39 081 7901378"
      }
    },
    {
      "type": "Feature",
      "geometry": {
        "type": "Point",
        "coordinates": [
          15.4969651,
          40.4284735
        ]
      },
      "properties": {
        "id": 1293289322,
        "osm_type": "node",
        "tourism": "hotel"
      }
    },
    {
      "type": "Feature",
      "geometry": {
        "type": "Point",
        "coordinates": [
          14.9540837,
          40.2341792
        ]
      },
      "properties": {
        "id": 1314898865,
        "osm_type": "node",
        "tourism": "caravan_site"
      }
    },
    {
      "type": "Feature",
      "geometry": {
        "type": "Point",
        "coordinates": [
          15.2277282,
          40.1024148
        ]
      },
      "properties": {
        "id": 1320623898,
        "osm_type": "node",
        "name": "Riviera",
        "tourism": "hotel",
        "phone": "+39 0974 973073",
        "website": "www.hrmare.com"
      }
    },
    {
      "type": "Feature",
      "geometry": {
        "type": "Point",
        "coordinates": [
          14.3932591,
          40.6314936
        ]
      },
      "properties": {
        "id": 1342663933,
        "osm_type": "node",
        "name": "Majestic Palace Hotel",
        "tourism": "hotel"
      }
    },
    {
      "type": "Feature",
      "geometry": {
        "type": "Point",
        "coordinates": [
          14.9494462,
          40.3050046
        ]
      },
      "properties": {
        "id": 1386654181,
        "osm_type": "node",
        "name": "Trezene village",
        "tourism": "hostel",
        "website": "https://www.trezene.com/"
      }
    },
    {
      "type": "Feature",
      "geometry": {
        "type": "Point",
        "coordinates": [
          14.650223,
          41.0579024
        ]
      },
      "properties": {
        "id": 1399178507,
        "osm_type": "node",
        "name": "Cristina Park Hotel",
        "tourism": "hotel",
        "website": "http://www.cristinaparkhotel.it"
      }
    },
    {
      "type": "Feature",
      "geometry": {
        "type": "Point",
        "coordinates": [
          15.3931906,
          40.1018588
        ]
      },
      "properties": {
        "id": 1421018031,
        "osm_type": "node",
        "name": "Ostello del Mingardo",
        "tourism": "hostel"
      }
    },
    {
      "type": "Feature",
      "geometry": {
        "type": "Point",
        "coordinates": [
          15.3995141,
          40.0782479
        ]
      },
      "properties": {
        "id": 1421021000,
        "osm_type": "node",
        "name": "Area Campeggio",
        "tourism": "camp_site"
      }
    },
    {
      "type": "Feature",
      "geometry": {
        "type": "Point",
        "coordinates": [
          14.5082866,
          41.3733539
        ]
      },
      "properties": {
        "id": 1428339935,
        "osm_type": "node",
        "name": "Bed & Breakfast La Torre",
        "tourism": "hostel",
        "phone": "+39 3407036965",
        "website": "https://www.rifugiolatorre.it/"
      }
    },
    {
      "type": "Feature",
      "geometry": {
        "type": "Point",
        "coordinates": [
          14.4985761,
          41.3791667
        ]
      },
      "properties": {
        "id": 1428341030,
        "osm_type": "node",
        "name": "Rifugio Montano",
        "tourism": "hotel",
        "phone": "+39 0824 171 6702"
      }
    },
    {
      "type": "Feature",
      "geometry": {
        "type": "Point",
        "coordinates": [
          15.0184077,
          40.841715
        ]
      },
      "properties": {
        "id": 1436226470,
        "osm_type": "node",
        "name": "Zia Carmela hotel",
        "tourism": "hotel",
        "phone": "+39 082 7601262",
        "website": "https://www.ziacarmela.it/"
      }
    },
    {
      "type": "Feature",
      "geometry": {
        "type": "Point",
        "coordinates": [
          14.9809061,
          40.8287241
        ]
      },
      "properties": {
        "id": 1436263463,
        "osm_type": "node",
        "name": "Park Hotel La Faia",
        "tourism": "hotel"
      }
    },
    {
      "type": "Feature",
      "geometry": {
        "type": "Point",
        "coordinates": [
          14.2568899,
          40.8964415
        ]
      },
      "properties": {
        "id": 1488991057,
        "osm_type": "node",
        "name": "Palazzo Fiorentina",
        "tourism": "hotel",
        "phone": "+39 081 5437222"
      }
    },
    {
      "type": "Feature",
      "geometry": {
        "type": "Point",
        "coordinates": [
          14.2781497,
          40.8956365
        ]
      },
      "properties": {
        "id": 1490004994,
        "osm_type": "node",
        "name": "Hotel Martini",
        "tourism": "hotel"
      }
    },
    {
      "type": "Feature",
      "geometry": {
        "type": "Point",
        "coordinates": [
          14.2346088,
          40.9106962
        ]
      },
      "properties": {
        "id": 1492888882,
        "osm_type": "node",
        "tourism": "motel"
      }
    },
    {
      "type": "Feature",
      "geometry": {
        "type": "Point",
        "coordinates": [
          14.258891,
          40.9063322
        ]
      },
      "properties": {
        "id": 1493217268,
        "osm_type": "node",
        "name": "Hotel Europa",
        "tourism": "hotel"
      }
    },
    {
      "type": "Feature",
      "geometry": {
        "type": "Point",
        "coordinates": [
          14.2745396,
          40.9084658
        ]
      },
      "properties": {
        "id": 1494350779,
        "osm_type": "node",
        "tourism": "hotel"
      }
    },
    {
      "type": "Feature",
      "geometry": {
        "type": "Point",
        "coordinates": [
          14.293054,
          40.9051315
        ]
      },
      "properties": {
        "id": 1501838956,
        "osm_type": "node",
        "tourism": "hotel"
      }
    },
    {
      "type": "Feature",
      "geometry": {
        "type": "Point",
        "coordinates": [
          14.3038227,
          40.8962253
        ]
      },
      "properties": {
        "id": 1502180421,
        "osm_type": "node",
        "tourism": "motel"
      }
    },
    {
      "type": "Feature",
      "geometry": {
        "type": "Point",
        "coordinates": [
          14.3142228,
          40.8978322
        ]
      },
      "properties": {
        "id": 1519731469,
        "osm_type": "node",
        "tourism": "guest_house"
      }
    },
    {
      "type": "Feature",
      "geometry": {
        "type": "Point",
        "coordinates": [
          14.3322395,
          41.0701917
        ]
      },
      "properties": {
        "id": 1530863803,
        "osm_type": "node",
        "name": "Hotel Europa",
        "tourism": "hotel"
      }
    },
    {
      "type": "Feature",
      "geometry": {
        "type": "Point",
        "coordinates": [
          15.0355706,
          40.6028439
        ]
      },
      "properties": {
        "id": 1552591404,
        "osm_type": "node",
        "tourism": "hotel"
      }
    },
    {
      "type": "Feature",
      "geometry": {
        "type": "Point",
        "coordinates": [
          15.1141713,
          40.6217947
        ]
      },
      "properties": {
        "id": 1578751555,
        "osm_type": "node",
        "name": "Da Mario",
        "tourism": "guest_house"
      }
    },
    {
      "type": "Feature",
      "geometry": {
        "type": "Point",
        "coordinates": [
          15.0988892,
          40.6462493
        ]
      },
      "properties": {
        "id": 1585078326,
        "osm_type": "node",
        "name": "Agriturismo Odorosa",
        "tourism": "guest_house"
      }
    },
    {
      "type": "Feature",
      "geometry": {
        "type": "Point",
        "coordinates": [
          15.0951952,
          40.6257967
        ]
      },
      "properties": {
        "id": 1597845226,
        "osm_type": "node",
        "tourism": "guest_house"
      }
    },
    {
      "type": "Feature",
      "geometry": {
        "type": "Point",
        "coordinates": [
          15.0266434,
          40.5295008
        ]
      },
      "properties": {
        "id": 1598880681,
        "osm_type": "node",
        "name": "Villa Antica",
        "tourism": "hotel"
      }
    },
    {
      "type": "Feature",
      "geometry": {
        "type": "Point",
        "coordinates": [
          14.3713454,
          40.6158683
        ]
      },
      "properties": {
        "id": 1601437366,
        "osm_type": "node",
        "name": "La Vue d'Or",
        "tourism": "hotel"
      }
    },
    {
      "type": "Feature",
      "geometry": {
        "type": "Point",
        "coordinates": [
          14.2590057,
          40.8947824
        ]
      },
      "properties": {
        "id": 1636445687,
        "osm_type": "node",
        "name": "Hotel Barbato",
        "tourism": "hotel"
      }
    },
    {
      "type": "Feature",
      "geometry": {
        "type": "Point",
        "coordinates": [
          14.6023836,
          40.6351372
        ]
      },
      "properties": {
        "id": 1645351734,
        "osm_type": "node",
        "name": "L'Antico Convitto",
        "tourism": "hotel",
        "phone": "+39 089 871849",
        "website": "https://www.lanticoconvitto.com/"
      }
    },
    {
      "type": "Feature",
      "geometry": {
        "type": "Point",
        "coordinates": [
          13.8605822,
          40.735259
        ]
      },
      "properties": {
        "id": 1653952936,
        "osm_type": "node",
        "name": "B&B Pietradonica",
        "tourism": "guest_house"
      }
    },
    {
      "type": "Feature",
      "geometry": {
        "type": "Point",
        "coordinates": [
          14.4963391,
          40.749219
        ]
      },
      "properties": {
        "id": 1670782366,
        "osm_type": "node",
        "name": "Hotel Forum",
        "tourism": "hotel"
      }
    },
    {
      "type": "Feature",
      "geometry": {
        "type": "Point",
        "coordinates": [
          14.488601,
          40.9306968
        ]
      },
      "properties": {
        "id": 1691890446,
        "osm_type": "node",
        "name": "Hotel Ferrari",
        "tourism": "hotel"
      }
    },
    {
      "type": "Feature",
      "geometry": {
        "type": "Point",
        "coordinates": [
          13.8599024,
          40.7271914
        ]
      },
      "properties": {
        "id": 1692455244,
        "osm_type": "node",
        "name": "Hotel Cava Dell'Isola",
        "tourism": "hotel",
        "contact:website": "http://www.hotelcavadellisola.it/"
      }
    },
    {
      "type": "Feature",
      "geometry": {
        "type": "Point",
        "coordinates": [
          14.2021703,
          40.8179755
        ]
      },
      "properties": {
        "id": 1694290968,
        "osm_type": "node",
        "name": "B&B La Bouganville",
        "tourism": "motel"
      }
    },
    {
      "type": "Feature",
      "geometry": {
        "type": "Point",
        "coordinates": [
          15.3590932,
          40.094408
        ]
      },
      "properties": {
        "id": 1702523265,
        "osm_type": "node",
        "tourism": "caravan_site"
      }
    },
    {
      "type": "Feature",
      "geometry": {
        "type": "Point",
        "coordinates": [
          14.5572469,
          40.6202213
        ]
      },
      "properties": {
        "id": 1710560798,
        "osm_type": "node",
        "name": "Fico d'India",
        "tourism": "hotel",
        "phone": "+39 089 830520",
        "website": "http://www.hotelholidaysficodindia.com/"
      }
    },
    {
      "type": "Feature",
      "geometry": {
        "type": "Point",
        "coordinates": [
          14.9427436,
          40.6100315
        ]
      },
      "properties": {
        "id": 1719826679,
        "osm_type": "node",
        "name": "Masseria La Morella",
        "tourism": "hotel",
        "website": "http://www.la-morella.it/"
      }
    },
    {
      "type": "Feature",
      "geometry": {
        "type": "Point",
        "coordinates": [
          14.393334,
          41.434123
        ]
      },
      "properties": {
        "id": 1725438344,
        "osm_type": "node",
        "name": "Rifugio dell'Esule",
        "tourism": "alpine_hut"
      }
    },
    {
      "type": "Feature",
      "geometry": {
        "type": "Point",
        "coordinates": [
          14.7170171,
          40.6682525
        ]
      },
      "properties": {
        "id": 1728314172,
        "osm_type": "node",
        "name": "Hotel Raito",
        "tourism": "hotel",
        "website": "https://www.hotelraito.it/"
      }
    },
    {
      "type": "Feature",
      "geometry": {
        "type": "Point",
        "coordinates": [
          14.9745617,
          40.6077268
        ]
      },
      "properties": {
        "id": 1728534710,
        "osm_type": "node",
        "name": "Residence Santese",
        "tourism": "hotel"
      }
    },
    {
      "type": "Feature",
      "geometry": {
        "type": "Point",
        "coordinates": [
          14.5936842,
          41.0841705
        ]
      },
      "properties": {
        "id": 1731603107,
        "osm_type": "node",
        "name": "Casermetta",
        "tourism": "alpine_hut"
      }
    },
    {
      "type": "Feature",
      "geometry": {
        "type": "Point",
        "coordinates": [
          13.9589063,
          40.7259521
        ]
      },
      "properties": {
        "id": 1738392545,
        "osm_type": "node",
        "name": "Hotel Giardino delle Ninfe e La Fenice Ischia",
        "tourism": "hotel"
      }
    },
    {
      "type": "Feature",
      "geometry": {
        "type": "Point",
        "coordinates": [
          15.3770391,
          40.3460739
        ]
      },
      "properties": {
        "id": 1752340087,
        "osm_type": "node",
        "name": "Alle Sorgenti del Calore",
        "tourism": "hotel"
      }
    },
    {
      "type": "Feature",
      "geometry": {
        "type": "Point",
        "coordinates": [
          15.4011854,
          40.6610979
        ]
      },
      "properties": {
        "id": 1753992815,
        "osm_type": "node",
        "name": "Hotel Valle Verde",
        "tourism": "hotel"
      }
    },
    {
      "type": "Feature",
      "geometry": {
        "type": "Point",
        "coordinates": [
          15.374406,
          41.0171419
        ]
      },
      "properties": {
        "id": 1759829881,
        "osm_type": "node",
        "name": "Al Grillo d'Oro",
        "tourism": "hotel"
      }
    },
    {
      "type": "Feature",
      "geometry": {
        "type": "Point",
        "coordinates": [
          14.6926687,
          40.9337316
        ]
      },
      "properties": {
        "id": 1759978604,
        "osm_type": "node",
        "name": "rifugio campo Spina",
        "tourism": "alpine_hut"
      }
    },
    {
      "type": "Feature",
      "geometry": {
        "type": "Point",
        "coordinates": [
          14.3824339,
          40.6261598
        ]
      },
      "properties": {
        "id": 1759980292,
        "osm_type": "node",
        "name": "Hostel le Sirene",
        "tourism": "hostel"
      }
    },
    {
      "type": "Feature",
      "geometry": {
        "type": "Point",
        "coordinates": [
          14.3767999,
          40.6143513
        ]
      },
      "properties": {
        "id": 1762147302,
        "osm_type": "node",
        "name": "Casarufolo Paradise",
        "tourism": "hotel",
        "contact:website": "https://www.casarufolo.com/",
        "check_date": "2025-10-25"
      }
    },
    {
      "type": "Feature",
      "geometry": {
        "type": "Point",
        "coordinates": [
          14.4809575,
          40.629681
        ]
      },
      "properties": {
        "id": 1762943597,
        "osm_type": "node",
        "name": "Hostel Brikette",
        "tourism": "hostel"
      }
    },
    {
      "type": "Feature",
      "geometry": {
        "type": "Point",
        "coordinates": [
          15.1049848,
          40.3952592
        ]
      },
      "properties": {
        "id": 1779175617,
        "osm_type": "node",
        "name": "Domus Laeta",
        "tourism": "hotel"
      }
    },
    {
      "type": "Feature",
      "geometry": {
        "type": "Point",
        "coordinates": [
          15.138731,
          40.1768158
        ]
      },
      "properties": {
        "id": 1783004799,
        "osm_type": "node",
        "name": "le vigne di velia",
        "tourism": "guest_house"
      }
    },
    {
      "type": "Feature",
      "geometry": {
        "type": "Point",
        "coordinates": [
          13.9374987,
          40.7441072
        ]
      },
      "properties": {
        "id": 1804993093,
        "osm_type": "node",
        "name": "Hotel Macrì",
        "tourism": "hotel"
      }
    },
    {
      "type": "Feature",
      "geometry": {
        "type": "Point",
        "coordinates": [
          13.8953101,
          40.7436166
        ]
      },
      "properties": {
        "id": 1805004856,
        "osm_type": "node",
        "name": "Hotel Villa Jantò",
        "tourism": "hotel"
      }
    },
    {
      "type": "Feature",
      "geometry": {
        "type": "Point",
        "coordinates": [
          13.8962543,
          40.7450949
        ]
      },
      "properties": {
        "id": 1805007777,
        "osm_type": "node",
        "name": "Hotel Terme La Pergola",
        "tourism": "hotel"
      }
    },
    {
      "type": "Feature",
      "geometry": {
        "type": "Point",
        "coordinates": [
          13.8970615,
          40.7451476
        ]
      },
      "properties": {
        "id": 1805007781,
        "osm_type": "node",
        "name": "Hotel Villa Sirena",
        "tourism": "hotel"
      }
    },
    {
      "type": "Feature",
      "geometry": {
        "type": "Point",
        "coordinates": [
          13.8970992,
          40.7453448
        ]
      },
      "properties": {
        "id": 1805008369,
        "osm_type": "node",
        "name": "Hotel Pensione Monti",
        "tourism": "hotel"
      }
    },
    {
      "type": "Feature",
      "geometry": {
        "type": "Point",
        "coordinates": [
          15.6668771,
          40.3220673
        ]
      },
      "properties": {
        "id": 1809257235,
        "osm_type": "node",
        "name": "Il Castagneto",
        "tourism": "guest_house",
        "website": "https://www.agricastagneto.it/dovesiamo.html"
      }
    },
    {
      "type": "Feature",
      "geometry": {
        "type": "Point",
        "coordinates": [
          14.3653253,
          40.6270603
        ]
      },
      "properties": {
        "id": 1812162351,
        "osm_type": "node",
        "name": "Hotel del Mare",
        "tourism": "hotel"
      }
    },
    {
      "type": "Feature",
      "geometry": {
        "type": "Point",
        "coordinates": [
          14.7758135,
          40.8127433
        ]
      },
      "properties": {
        "id": 1845463992,
        "osm_type": "node",
        "name": "Hotel La Foresta",
        "tourism": "hotel"
      }
    },
    {
      "type": "Feature",
      "geometry": {
        "type": "Point",
        "coordinates": [
          14.5399446,
          40.6300183
        ]
      },
      "properties": {
        "id": 1846484183,
        "osm_type": "node",
        "name": "Hotel Gentile",
        "tourism": "hotel",
        "phone": "+39 081 8791041",
        "website": "https://www.hotelgentile.com/",
        "check_date": "2025-11-08"
      }
    },
    {
      "type": "Feature",
      "geometry": {
        "type": "Point",
        "coordinates": [
          14.5474224,
          40.6224956
        ]
      },
      "properties": {
        "id": 1846485879,
        "osm_type": "node",
        "name": "Grand Hotel Le Rocce sul Tirreno",
        "tourism": "hotel"
      }
    },
    {
      "type": "Feature",
      "geometry": {
        "type": "Point",
        "coordinates": [
          15.088063,
          40.8895779
        ]
      },
      "properties": {
        "id": 1883037073,
        "osm_type": "node",
        "name": "Hotel Colucci",
        "tourism": "hotel",
        "phone": "+39 0827 64071"
      }
    },
    {
      "type": "Feature",
      "geometry": {
        "type": "Point",
        "coordinates": [
          14.455317,
          41.4079176
        ]
      },
      "properties": {
        "id": 1887408759,
        "osm_type": "node",
        "name": "Rifugio Concone delle Rose",
        "tourism": "alpine_hut"
      }
    },
    {
      "type": "Feature",
      "geometry": {
        "type": "Point",
        "coordinates": [
          14.3337494,
          41.0772653
        ]
      },
      "properties": {
        "id": 1892958672,
        "osm_type": "node",
        "name": "L'Antico Cortile",
        "tourism": "guest_house"
      }
    },
    {
      "type": "Feature",
      "geometry": {
        "type": "Point",
        "coordinates": [
          14.2212232,
          40.828353
        ]
      },
      "properties": {
        "id": 1906957512,
        "osm_type": "node",
        "name": "Caracciolo 10",
        "tourism": "hotel"
      }
    },
    {
      "type": "Feature",
      "geometry": {
        "type": "Point",
        "coordinates": [
          14.6109299,
          40.6485082
        ]
      },
      "properties": {
        "id": 1910677120,
        "osm_type": "node",
        "name": "Hotel Giordano",
        "tourism": "hotel"
      }
    },
    {
      "type": "Feature",
      "geometry": {
        "type": "Point",
        "coordinates": [
          14.9643382,
          40.2902879
        ]
      },
      "properties": {
        "id": 1924951423,
        "osm_type": "node",
        "name": "A Crapa Mangia",
        "tourism": "chalet"
      }
    },
    {
      "type": "Feature",
      "geometry": {
        "type": "Point",
        "coordinates": [
          15.2079589,
          40.4795493
        ]
      },
      "properties": {
        "id": 1941132801,
        "osm_type": "node",
        "name": "La Regina degli Alburni",
        "tourism": "guest_house"
      }
    },
    {
      "type": "Feature",
      "geometry": {
        "type": "Point",
        "coordinates": [
          13.9594174,
          40.7268218
        ]
      },
      "properties": {
        "id": 1978096116,
        "osm_type": "node",
        "name": "Gardenia ischia",
        "tourism": "guest_house"
      }
    },
    {
      "type": "Feature",
      "geometry": {
        "type": "Point",
        "coordinates": [
          14.990276,
          40.3542379
        ]
      },
      "properties": {
        "id": 1988187899,
        "osm_type": "node",
        "name": "Hotel La Caravella",
        "tourism": "hotel"
      }
    },
    {
      "type": "Feature",
      "geometry": {
        "type": "Point",
        "coordinates": [
          14.3534178,
          40.610195
        ]
      },
      "properties": {
        "id": 1990091790,
        "osm_type": "node",
        "name": "Agriturismo Il Convento",
        "tourism": "guest_house",
        "phone": "+390818089400",
        "website": "https://www.agriturismoilconvento.biz/"
      }
    },
    {
      "type": "Feature",
      "geometry": {
        "type": "Point",
        "coordinates": [
          14.423404,
          40.657078
        ]
      },
      "properties": {
        "id": 1995580277,
        "osm_type": "node",
        "name": "Grand Hotel Moon Valley",
        "tourism": "hotel"
      }
    },
    {
      "type": "Feature",
      "geometry": {
        "type": "Point",
        "coordinates": [
          14.3904182,
          40.629454
        ]
      },
      "properties": {
        "id": 1997456486,
        "osm_type": "node",
        "name": "Hotel Girasole",
        "tourism": "hotel"
      }
    },
    {
      "type": "Feature",
      "geometry": {
        "type": "Point",
        "coordinates": [
          14.2415402,
          40.5501877
        ]
      },
      "properties": {
        "id": 1997718682,
        "osm_type": "node",
        "tourism": "hotel"
      }
    },
    {
      "type": "Feature",
      "geometry": {
        "type": "Point",
        "coordinates": [
          14.2459094,
          40.5508302
        ]
      },
      "properties": {
        "id": 1997888725,
        "osm_type": "node",
        "name": "Pazziella",
        "tourism": "hotel",
        "check_date": "2024-10-04"
      }
    },
    {
      "type": "Feature",
      "geometry": {
        "type": "Point",
        "coordinates": [
          14.2478345,
          40.5488833
        ]
      },
      "properties": {
        "id": 1998297701,
        "osm_type": "node",
        "name": "Casa Morgano",
        "tourism": "hotel",
        "website": "https://hotelscheck-in.com/casamorgano/en/"
      }
    },
    {
      "type": "Feature",
      "geometry": {
        "type": "Point",
        "coordinates": [
          14.2485894,
          40.5483946
        ]
      },
      "properties": {
        "id": 1998322399,
        "osm_type": "node",
        "name": "Scalinatella",
        "tourism": "hotel"
      }
    },
    {
      "type": "Feature",
      "geometry": {
        "type": "Point",
        "coordinates": [
          14.2436491,
          40.549483
        ]
      },
      "properties": {
        "id": 1998882093,
        "osm_type": "node",
        "name": "Albergo San Felice",
        "tourism": "hotel"
      }
    },
    {
      "type": "Feature",
      "geometry": {
        "type": "Point",
        "coordinates": [
          14.2443605,
          40.5486005
        ]
      },
      "properties": {
        "id": 1998882145,
        "osm_type": "node",
        "name": "Semiramis",
        "tourism": "hotel"
      }
    },
    {
      "type": "Feature",
      "geometry": {
        "type": "Point",
        "coordinates": [
          14.2406677,
          40.5498771
        ]
      },
      "properties": {
        "id": 1999261300,
        "osm_type": "node",
        "name": "Albergo La Prora",
        "tourism": "hotel"
      }
    },
    {
      "type": "Feature",
      "geometry": {
        "type": "Point",
        "coordinates": [
          14.3645107,
          40.6265712
        ]
      },
      "properties": {
        "id": 2009759240,
        "osm_type": "node",
        "name": "Bristol",
        "tourism": "hotel"
      }
    },
    {
      "type": "Feature",
      "geometry": {
        "type": "Point",
        "coordinates": [
          14.365312,
          40.6247855
        ]
      },
      "properties": {
        "id": 2009759244,
        "osm_type": "node",
        "name": "Grand Hotel Capodimonte",
        "tourism": "hotel"
      }
    },
    {
      "type": "Feature",
      "geometry": {
        "type": "Point",
        "coordinates": [
          14.3617778,
          40.6285957
        ]
      },
      "properties": {
        "id": 2009759247,
        "osm_type": "node",
        "name": "La Tonnarella",
        "tourism": "hotel"
      }
    },
    {
      "type": "Feature",
      "geometry": {
        "type": "Point",
        "coordinates": [
          14.3800818,
          40.6091837
        ]
      },
      "properties": {
        "id": 2012895507,
        "osm_type": "node",
        "name": "Grand Hotel Due Golfi",
        "tourism": "hotel",
        "phone": "+39 081 878 0004",
        "website": "https://www.grandhotelduegolfi.com"
      }
    },
    {
      "type": "Feature",
      "geometry": {
        "type": "Point",
        "coordinates": [
          14.3800182,
          40.6086622
        ]
      },
      "properties": {
        "id": 2012895511,
        "osm_type": "node",
        "name": "La Pergoletta",
        "tourism": "hotel",
        "phone": "+39 081 878 0145"
      }
    },
    {
      "type": "Feature",
      "geometry": {
        "type": "Point",
        "coordinates": [
          14.3754762,
          40.6077267
        ]
      },
      "properties": {
        "id": 2012895546,
        "osm_type": "node",
        "name": "Reginella",
        "tourism": "hotel"
      }
    },
    {
      "type": "Feature",
      "geometry": {
        "type": "Point",
        "coordinates": [
          14.4004876,
          40.6124219
        ]
      },
      "properties": {
        "id": 2012912458,
        "osm_type": "node",
        "name": "Prestige",
        "tourism": "hotel"
      }
    },
    {
      "type": "Feature",
      "geometry": {
        "type": "Point",
        "coordinates": [
          14.5248209,
          40.6104096
        ]
      },
      "properties": {
        "id": 2018203509,
        "osm_type": "node",
        "name": "Il Pino hotel/ristorante",
        "tourism": "hotel",
        "phone": "+39 089 813004",
        "website": "https://www.hotelilpino.it/",
        "check_date": "2025-08-26"
      }
    },
    {
      "type": "Feature",
      "geometry": {
        "type": "Point",
        "coordinates": [
          14.5224109,
          40.6130255
        ]
      },
      "properties": {
        "id": 2018203686,
        "osm_type": "node",
        "name": "Tramonto d'Oro hotel/restaurant",
        "tourism": "hotel",
        "phone": "+39 089 874955",
        "website": "https://www.tramontodoro.it/"
      }
    },
    {
      "type": "Feature",
      "geometry": {
        "type": "Point",
        "coordinates": [
          14.5382452,
          40.6124899
        ]
      },
      "properties": {
        "id": 2018378801,
        "osm_type": "node",
        "name": "Onda Verde",
        "tourism": "hotel"
      }
    },
    {
      "type": "Feature",
      "geometry": {
        "type": "Point",
        "coordinates": [
          14.5319857,
          40.6099255
        ]
      },
      "properties": {
        "id": 2018378802,
        "osm_type": "node",
        "name": "Open Gate hotel ristorante",
        "tourism": "hotel",
        "phone": "+39 089 874148",
        "check_date": "2025-08-28"
      }
    },
    {
      "type": "Feature",
      "geometry": {
        "type": "Point",
        "coordinates": [
          14.5756055,
          40.6158177
        ]
      },
      "properties": {
        "id": 2018436832,
        "osm_type": "node",
        "name": "Le Terrazze",
        "tourism": "hotel"
      }
    },
    {
      "type": "Feature",
      "geometry": {
        "type": "Point",
        "coordinates": [
          14.5945706,
          40.6301941
        ]
      },
      "properties": {
        "id": 2018631032,
        "osm_type": "node",
        "name": "Miramalfi",
        "tourism": "hotel"
      }
    },
    {
      "type": "Feature",
      "geometry": {
        "type": "Point",
        "coordinates": [
          14.5929357,
          40.6295034
        ]
      },
      "properties": {
        "id": 2018631078,
        "osm_type": "node",
        "name": "Santa Caterina",
        "tourism": "hotel"
      }
    },
    {
      "type": "Feature",
      "geometry": {
        "type": "Point",
        "coordinates": [
          14.6030099,
          40.6339801
        ]
      },
      "properties": {
        "id": 2020390305,
        "osm_type": "node",
        "name": "Residence",
        "tourism": "hotel",
        "check_date": "2026-04-06"
      }
    },
    {
      "type": "Feature",
      "geometry": {
        "type": "Point",
        "coordinates": [
          14.6023414,
          40.6342721
        ]
      },
      "properties": {
        "id": 2020449995,
        "osm_type": "node",
        "name": "Centrale",
        "tourism": "hotel"
      }
    },
    {
      "type": "Feature",
      "geometry": {
        "type": "Point",
        "coordinates": [
          14.602383,
          40.6339162
        ]
      },
      "properties": {
        "id": 2020449996,
        "osm_type": "node",
        "name": "Hotel Fontana",
        "tourism": "hotel",
        "website": "https://www.hotelfontanaamalfi.com/",
        "check_date": "2024-11-11"
      }
    },
    {
      "type": "Feature",
      "geometry": {
        "type": "Point",
        "coordinates": [
          15.4514035,
          40.0537857
        ]
      },
      "properties": {
        "id": 2023739657,
        "osm_type": "node",
        "name": "La Pergola",
        "tourism": "hotel"
      }
    },
    {
      "type": "Feature",
      "geometry": {
        "type": "Point",
        "coordinates": [
          14.4822319,
          40.7475847
        ]
      },
      "properties": {
        "id": 2028514802,
        "osm_type": "node",
        "name": "M.E.C.",
        "tourism": "hotel",
        "check_date": "2023-05-10"
      }
    },
    {
      "type": "Feature",
      "geometry": {
        "type": "Point",
        "coordinates": [
          15.0041828,
          40.4146581
        ]
      },
      "properties": {
        "id": 2056326188,
        "osm_type": "node",
        "tourism": "caravan_site"
      }
    },
    {
      "type": "Feature",
      "geometry": {
        "type": "Point",
        "coordinates": [
          14.1216775,
          40.8696795
        ]
      },
      "properties": {
        "id": 2062991728,
        "osm_type": "node",
        "tourism": "caravan_site"
      }
    },
    {
      "type": "Feature",
      "geometry": {
        "type": "Point",
        "coordinates": [
          14.3390596,
          41.0696778
        ]
      },
      "properties": {
        "id": 2070657892,
        "osm_type": "node",
        "name": "Hotel Bruman",
        "tourism": "hotel",
        "phone": "+39 0823 353266",
        "website": "http://www.hotelbruman.it"
      }
    },
    {
      "type": "Feature",
      "geometry": {
        "type": "Point",
        "coordinates": [
          14.6101929,
          40.6411233
        ]
      },
      "properties": {
        "id": 2089747620,
        "osm_type": "node",
        "tourism": "guest_house"
      }
    },
    {
      "type": "Feature",
      "geometry": {
        "type": "Point",
        "coordinates": [
          14.606943,
          40.632912
        ]
      },
      "properties": {
        "id": 2089750917,
        "osm_type": "node",
        "name": "Hotel Luna Convento",
        "tourism": "hotel"
      }
    },
    {
      "type": "Feature",
      "geometry": {
        "type": "Point",
        "coordinates": [
          14.3797784,
          40.8384447
        ]
      },
      "properties": {
        "id": 2089859540,
        "osm_type": "node",
        "name": "Agriturismo Bel Vesuvio Inn",
        "tourism": "guest_house"
      }
    },
    {
      "type": "Feature",
      "geometry": {
        "type": "Point",
        "coordinates": [
          15.0818096,
          41.1357409
        ]
      },
      "properties": {
        "id": 2133855052,
        "osm_type": "node",
        "tourism": "hotel"
      }
    },
    {
      "type": "Feature",
      "geometry": {
        "type": "Point",
        "coordinates": [
          14.2677528,
          40.8552023
        ]
      },
      "properties": {
        "id": 2145476924,
        "osm_type": "node",
        "name": "Hotel Casanova",
        "tourism": "hotel",
        "phone": "+39 081 268287",
        "website": "http://www.hotelcasanova.com"
      }
    },
    {
      "type": "Feature",
      "geometry": {
        "type": "Point",
        "coordinates": [
          14.3288435,
          40.8189069
        ]
      },
      "properties": {
        "id": 2145702342,
        "osm_type": "node",
        "name": "Hotel Gold",
        "tourism": "hotel"
      }
    },
    {
      "type": "Feature",
      "geometry": {
        "type": "Point",
        "coordinates": [
          14.2536342,
          40.8515665
        ]
      },
      "properties": {
        "id": 2160709819,
        "osm_type": "node",
        "name": "Ostello Giovanni's Home",
        "tourism": "hostel",
        "opening_hours": "24/7"
      }
    },
    {
      "type": "Feature",
      "geometry": {
        "type": "Point",
        "coordinates": [
          14.9557653,
          40.5845091
        ]
      },
      "properties": {
        "id": 2180778711,
        "osm_type": "node",
        "name": "Tavernola",
        "tourism": "hotel"
      }
    },
    {
      "type": "Feature",
      "geometry": {
        "type": "Point",
        "coordinates": [
          14.3659609,
          41.0971439
        ]
      },
      "properties": {
        "id": 2186456530,
        "osm_type": "node",
        "name": "Conte Spencer B&B",
        "tourism": "guest_house",
        "phone": "+39 328 3229332",
        "website": "https://www.contespencer.it/"
      }
    },
    {
      "type": "Feature",
      "geometry": {
        "type": "Point",
        "coordinates": [
          14.3345977,
          41.0945771
        ]
      },
      "properties": {
        "id": 2188909207,
        "osm_type": "node",
        "tourism": "hotel"
      }
    },
    {
      "type": "Feature",
      "geometry": {
        "type": "Point",
        "coordinates": [
          14.2483876,
          40.946813
        ]
      },
      "properties": {
        "id": 2191589462,
        "osm_type": "node",
        "name": "Olimpia",
        "tourism": "hotel"
      }
    },
    {
      "type": "Feature",
      "geometry": {
        "type": "Point",
        "coordinates": [
          15.6616446,
          40.3366077
        ]
      },
      "properties": {
        "id": 2224831983,
        "osm_type": "node",
        "name": "Aquolelle",
        "tourism": "guest_house",
        "phone": "+39 346 6472106"
      }
    },
    {
      "type": "Feature",
      "geometry": {
        "type": "Point",
        "coordinates": [
          15.3661156,
          40.027774
        ]
      },
      "properties": {
        "id": 2229611750,
        "osm_type": "node",
        "name": "Capocanto",
        "tourism": "guest_house"
      }
    },
    {
      "type": "Feature",
      "geometry": {
        "type": "Point",
        "coordinates": [
          14.4420598,
          41.4090561
        ]
      },
      "properties": {
        "id": 2229732250,
        "osm_type": "node",
        "name": "Falode",
        "tourism": "guest_house"
      }
    },
    {
      "type": "Feature",
      "geometry": {
        "type": "Point",
        "coordinates": [
          13.8573783,
          40.7343873
        ]
      },
      "properties": {
        "id": 2229863785,
        "osm_type": "node",
        "name": "Casa Concordia",
        "tourism": "hostel"
      }
    },
    {
      "type": "Feature",
      "geometry": {
        "type": "Point",
        "coordinates": [
          13.8620641,
          40.7245998
        ]
      },
      "properties": {
        "id": 2229877668,
        "osm_type": "node",
        "name": "Royal Palm Hotel Terme",
        "tourism": "hotel",
        "contact:website": "https://www.royalpalm.it/"
      }
    },
    {
      "type": "Feature",
      "geometry": {
        "type": "Point",
        "coordinates": [
          13.857418,
          40.7361053
        ]
      },
      "properties": {
        "id": 2229977752,
        "osm_type": "node",
        "tourism": "hotel"
      }
    },
    {
      "type": "Feature",
      "geometry": {
        "type": "Point",
        "coordinates": [
          14.2405435,
          40.5519914
        ]
      },
      "properties": {
        "id": 2232533941,
        "osm_type": "node",
        "name": "Hotel Il Portico",
        "tourism": "hotel"
      }
    },
    {
      "type": "Feature",
      "geometry": {
        "type": "Point",
        "coordinates": [
          14.2364012,
          40.556086
        ]
      },
      "properties": {
        "id": 2239221152,
        "osm_type": "node",
        "name": "Hotel Excelsior Parco",
        "tourism": "hotel"
      }
    },
    {
      "type": "Feature",
      "geometry": {
        "type": "Point",
        "coordinates": [
          14.4906984,
          40.747352
        ]
      },
      "properties": {
        "id": 2239361386,
        "osm_type": "node",
        "name": "Degli Amici",
        "tourism": "hotel"
      }
    },
    {
      "type": "Feature",
      "geometry": {
        "type": "Point",
        "coordinates": [
          14.2300136,
          40.8372183
        ]
      },
      "properties": {
        "id": 2240131778,
        "osm_type": "node",
        "name": "Grand Hotel Parker's",
        "tourism": "hotel",
        "phone": "+39 081 761 24 74",
        "website": "https://www.grandhotelparkers.it/"
      }
    },
    {
      "type": "Feature",
      "geometry": {
        "type": "Point",
        "coordinates": [
          14.825432,
          40.7798745
        ]
      },
      "properties": {
        "id": 2244900932,
        "osm_type": "node",
        "name": "Residenza Rurale Incartata",
        "tourism": "hotel"
      }
    },
    {
      "type": "Feature",
      "geometry": {
        "type": "Point",
        "coordinates": [
          15.6574995,
          40.2842573
        ]
      },
      "properties": {
        "id": 2249345977,
        "osm_type": "node",
        "name": "Hotel Venezuela",
        "tourism": "hotel"
      }
    },
    {
      "type": "Feature",
      "geometry": {
        "type": "Point",
        "coordinates": [
          14.60245,
          40.6438887
        ]
      },
      "properties": {
        "id": 2260779908,
        "osm_type": "node",
        "name": "Palazzo Verone",
        "tourism": "guest_house"
      }
    },
    {
      "type": "Feature",
      "geometry": {
        "type": "Point",
        "coordinates": [
          14.603805,
          40.6435511
        ]
      },
      "properties": {
        "id": 2261229348,
        "osm_type": "node",
        "name": "L'antico Episcopio",
        "tourism": "guest_house"
      }
    },
    {
      "type": "Feature",
      "geometry": {
        "type": "Point",
        "coordinates": [
          15.3074151,
          40.5245324
        ]
      },
      "properties": {
        "id": 2261511125,
        "osm_type": "node",
        "name": "Rifugio Panormo",
        "tourism": "alpine_hut"
      }
    },
    {
      "type": "Feature",
      "geometry": {
        "type": "Point",
        "coordinates": [
          14.5884839,
          40.8605659
        ]
      },
      "properties": {
        "id": 2287743527,
        "osm_type": "node",
        "name": "Caserma Forestale",
        "tourism": "alpine_hut"
      }
    },
    {
      "type": "Feature",
      "geometry": {
        "type": "Point",
        "coordinates": [
          14.589114,
          40.8514609
        ]
      },
      "properties": {
        "id": 2288760779,
        "osm_type": "node",
        "name": "Caserma Forestale",
        "tourism": "alpine_hut"
      }
    },
    {
      "type": "Feature",
      "geometry": {
        "type": "Point",
        "coordinates": [
          14.2488304,
          40.8509427
        ]
      },
      "properties": {
        "id": 2310003508,
        "osm_type": "node",
        "name": "Hotel Correra 241 Lifestyle",
        "tourism": "hotel",
        "website": "http://www.correra.it/"
      }
    },
    {
      "type": "Feature",
      "geometry": {
        "type": "Point",
        "coordinates": [
          14.6193363,
          41.0029187
        ]
      },
      "properties": {
        "id": 2312383963,
        "osm_type": "node",
        "tourism": "alpine_hut"
      }
    },
    {
      "type": "Feature",
      "geometry": {
        "type": "Point",
        "coordinates": [
          14.3676069,
          40.6251925
        ]
      },
      "properties": {
        "id": 2319495788,
        "osm_type": "node",
        "name": "Ulisse Hostel",
        "tourism": "hotel"
      }
    },
    {
      "type": "Feature",
      "geometry": {
        "type": "Point",
        "coordinates": [
          14.5005526,
          40.7465771
        ]
      },
      "properties": {
        "id": 2325914074,
        "osm_type": "node",
        "name": "Hotel Diana",
        "tourism": "hotel",
        "phone": "+39081 863 1264"
      }
    },
    {
      "type": "Feature",
      "geometry": {
        "type": "Point",
        "coordinates": [
          13.8859782,
          40.7013942
        ]
      },
      "properties": {
        "id": 2334446528,
        "osm_type": "node",
        "name": "Villa Mario",
        "tourism": "hotel"
      }
    },
    {
      "type": "Feature",
      "geometry": {
        "type": "Point",
        "coordinates": [
          14.8465372,
          41.0937111
        ]
      },
      "properties": {
        "id": 2357544305,
        "osm_type": "node",
        "name": "La Vecchia Torre",
        "tourism": "hotel"
      }
    },
    {
      "type": "Feature",
      "geometry": {
        "type": "Point",
        "coordinates": [
          15.3790208,
          40.3448664
        ]
      },
      "properties": {
        "id": 2366870767,
        "osm_type": "node",
        "name": "Antico frantoio",
        "tourism": "guest_house",
        "phone": "+39 0974 942257"
      }
    },
    {
      "type": "Feature",
      "geometry": {
        "type": "Point",
        "coordinates": [
          14.9826971,
          40.4319827
        ]
      },
      "properties": {
        "id": 2366870781,
        "osm_type": "node",
        "name": "Minerva",
        "tourism": "hotel"
      }
    },
    {
      "type": "Feature",
      "geometry": {
        "type": "Point",
        "coordinates": [
          15.3723594,
          40.0025457
        ]
      },
      "properties": {
        "id": 2372064796,
        "osm_type": "node",
        "name": "Hotel America",
        "tourism": "hotel"
      }
    },
    {
      "type": "Feature",
      "geometry": {
        "type": "Point",
        "coordinates": [
          14.197486,
          40.8247476
        ]
      },
      "properties": {
        "id": 2372632026,
        "osm_type": "node",
        "name": "Hotel Nuovo Diana",
        "tourism": "hotel"
      }
    },
    {
      "type": "Feature",
      "geometry": {
        "type": "Point",
        "coordinates": [
          14.2030247,
          40.8268678
        ]
      },
      "properties": {
        "id": 2373721355,
        "osm_type": "node",
        "name": "Cesare Augusto",
        "tourism": "hotel"
      }
    },
    {
      "type": "Feature",
      "geometry": {
        "type": "Point",
        "coordinates": [
          14.6070236,
          40.6546678
        ]
      },
      "properties": {
        "id": 2375154459,
        "osm_type": "node",
        "name": "Portico del Paradiso",
        "tourism": "guest_house",
        "phone": "+39 377 2777634",
        "website": "https://www.porticodelparadiso.it/"
      }
    },
    {
      "type": "Feature",
      "geometry": {
        "type": "Point",
        "coordinates": [
          14.2678392,
          40.854605
        ]
      },
      "properties": {
        "id": 2377927022,
        "osm_type": "node",
        "name": "BB del Corso",
        "tourism": "guest_house",
        "phone": "+39 081 204087",
        "website": "https://bnbnapoli.it/"
      }
    },
    {
      "type": "Feature",
      "geometry": {
        "type": "Point",
        "coordinates": [
          14.4873698,
          40.6282521
        ]
      },
      "properties": {
        "id": 2383267615,
        "osm_type": "node",
        "name": "Hotel Buca Di Bacco",
        "tourism": "hotel",
        "phone": "+39 089 875699",
        "website": "https://www.bucadibacco.it/"
      }
    },
    {
      "type": "Feature",
      "geometry": {
        "type": "Point",
        "coordinates": [
          14.3617059,
          40.6281695
        ]
      },
      "properties": {
        "id": 2391671227,
        "osm_type": "node",
        "name": "Miramare",
        "tourism": "hotel"
      }
    },
    {
      "type": "Feature",
      "geometry": {
        "type": "Point",
        "coordinates": [
          15.2883024,
          40.0357489
        ]
      },
      "properties": {
        "id": 2399391931,
        "osm_type": "node",
        "name": "Albergo Santa Caterina",
        "tourism": "hotel",
        "phone": "+39 0974 931019",
        "website": "https://albergosantacaterina.com/"
      }
    },
    {
      "type": "Feature",
      "geometry": {
        "type": "Point",
        "coordinates": [
          14.0838299,
          40.890454
        ]
      },
      "properties": {
        "id": 2425845442,
        "osm_type": "node",
        "name": "La Fayette",
        "tourism": "hotel"
      }
    },
    {
      "type": "Feature",
      "geometry": {
        "type": "Point",
        "coordinates": [
          13.8700565,
          40.7418051
        ]
      },
      "properties": {
        "id": 2433397432,
        "osm_type": "node",
        "name": "Pensione Mena",
        "tourism": "hotel"
      }
    },
    {
      "type": "Feature",
      "geometry": {
        "type": "Point",
        "coordinates": [
          15.3202036,
          40.735036
        ]
      },
      "properties": {
        "id": 2441758741,
        "osm_type": "node",
        "name": "Piano di Pecore",
        "tourism": "chalet"
      }
    },
    {
      "type": "Feature",
      "geometry": {
        "type": "Point",
        "coordinates": [
          15.3550569,
          40.7577026
        ]
      },
      "properties": {
        "id": 2441759511,
        "osm_type": "node",
        "tourism": "chalet"
      }
    },
    {
      "type": "Feature",
      "geometry": {
        "type": "Point",
        "coordinates": [
          14.5514382,
          40.6216243
        ]
      },
      "properties": {
        "id": 2450339657,
        "osm_type": "node",
        "name": "Furorecoastrooms",
        "tourism": "guest_house",
        "website": "http://www.furorecoastrooms.com"
      }
    },
    {
      "type": "Feature",
      "geometry": {
        "type": "Point",
        "coordinates": [
          13.8600373,
          40.7313301
        ]
      },
      "properties": {
        "id": 2469752452,
        "osm_type": "node",
        "name": "Hotel Park Victoria",
        "tourism": "hotel"
      }
    },
    {
      "type": "Feature",
      "geometry": {
        "type": "Point",
        "coordinates": [
          14.2681637,
          40.8532775
        ]
      },
      "properties": {
        "id": 2481698029,
        "osm_type": "node",
        "name": "Hotel Nuovo Rebecchino",
        "tourism": "hotel",
        "website": "https://www.nuovorebecchino.it/"
      }
    },
    {
      "type": "Feature",
      "geometry": {
        "type": "Point",
        "coordinates": [
          15.5424046,
          40.1701714
        ]
      },
      "properties": {
        "id": 2496166034,
        "osm_type": "node",
        "name": "Agriturismo Pittari",
        "tourism": "guest_house",
        "phone": "+39 0974 988800",
        "website": "http://www.agriturismopittari.it/"
      }
    },
    {
      "type": "Feature",
      "geometry": {
        "type": "Point",
        "coordinates": [
          14.2694456,
          40.8531244
        ]
      },
      "properties": {
        "id": 2496583337,
        "osm_type": "node",
        "name": "Hotel Clarean",
        "tourism": "hotel",
        "website": "http://www.hotelclarean.it/",
        "check_date": "2025-07-19"
      }
    },
    {
      "type": "Feature",
      "geometry": {
        "type": "Point",
        "coordinates": [
          14.2462534,
          40.8304025
        ]
      },
      "properties": {
        "id": 2508912759,
        "osm_type": "node",
        "name": "B&B Platamon",
        "tourism": "guest_house",
        "website": "https://www.bebnaples.com/"
      }
    },
    {
      "type": "Feature",
      "geometry": {
        "type": "Point",
        "coordinates": [
          14.2668804,
          40.8519393
        ]
      },
      "properties": {
        "id": 2528638387,
        "osm_type": "node",
        "name": "Hotel Garibaldi",
        "tourism": "hotel",
        "phone": "+39 081 5630 656",
        "website": "https://www.hotelgaribaldinapoli.com/"
      }
    },
    {
      "type": "Feature",
      "geometry": {
        "type": "Point",
        "coordinates": [
          14.2534639,
          40.8403335
        ]
      },
      "properties": {
        "id": 2548495744,
        "osm_type": "node",
        "name": "Hotel San Marco",
        "tourism": "hotel"
      }
    },
    {
      "type": "Feature",
      "geometry": {
        "type": "Point",
        "coordinates": [
          14.2503044,
          41.0737602
        ]
      },
      "properties": {
        "id": 2559459952,
        "osm_type": "node",
        "name": "The Moon guest house & suite",
        "tourism": "apartment",
        "phone": "+39 338 9180863",
        "website": "www.themoonhouse.it"
      }
    },
    {
      "type": "Feature",
      "geometry": {
        "type": "Point",
        "coordinates": [
          14.3111883,
          40.9562993
        ]
      },
      "properties": {
        "id": 2559568284,
        "osm_type": "node",
        "name": "Tricolore",
        "tourism": "motel"
      }
    },
    {
      "type": "Feature",
      "geometry": {
        "type": "Point",
        "coordinates": [
          14.4848702,
          40.6286846
        ]
      },
      "properties": {
        "id": 2575732966,
        "osm_type": "node",
        "name": "Albergo Poseidon",
        "tourism": "hotel"
      }
    },
    {
      "type": "Feature",
      "geometry": {
        "type": "Point",
        "coordinates": [
          14.2602753,
          40.8522766
        ]
      },
      "properties": {
        "id": 2611595729,
        "osm_type": "node",
        "name": "Hotel Caravaggio",
        "tourism": "hotel",
        "phone": "+39 081 211 0066",
        "website": "https://www.caravaggiohotel.it/"
      }
    },
    {
      "type": "Feature",
      "geometry": {
        "type": "Point",
        "coordinates": [
          14.1883653,
          40.8343852
        ]
      },
      "properties": {
        "id": 2617709949,
        "osm_type": "node",
        "name": "Oltremare",
        "tourism": "hotel"
      }
    },
    {
      "type": "Feature",
      "geometry": {
        "type": "Point",
        "coordinates": [
          14.4864728,
          40.7763263
        ]
      },
      "properties": {
        "id": 2620929032,
        "osm_type": "node",
        "name": "Hotel Il Castello",
        "tourism": "hotel",
        "website": "https://www.hotelilcastello.eu/"
      }
    },
    {
      "type": "Feature",
      "geometry": {
        "type": "Point",
        "coordinates": [
          14.643398,
          40.6473284
        ]
      },
      "properties": {
        "id": 2625756628,
        "osm_type": "node",
        "name": "Hotel Pietra di Luna",
        "tourism": "hotel",
        "check_date": "2025-07-21"
      }
    },
    {
      "type": "Feature",
      "geometry": {
        "type": "Point",
        "coordinates": [
          14.2672888,
          40.8506325
        ]
      },
      "properties": {
        "id": 2654237110,
        "osm_type": "node",
        "name": "Hotel Siri",
        "tourism": "hotel"
      }
    },
    {
      "type": "Feature",
      "geometry": {
        "type": "Point",
        "coordinates": [
          14.5574257,
          41.0550613
        ]
      },
      "properties": {
        "id": 2663751193,
        "osm_type": "node",
        "tourism": "guest_house"
      }
    },
    {
      "type": "Feature",
      "geometry": {
        "type": "Point",
        "coordinates": [
          14.2553979,
          40.8476878
        ]
      },
      "properties": {
        "id": 2670382626,
        "osm_type": "node",
        "name": "Hotel Europeo",
        "tourism": "hotel"
      }
    },
    {
      "type": "Feature",
      "geometry": {
        "type": "Point",
        "coordinates": [
          14.2552448,
          40.8466559
        ]
      },
      "properties": {
        "id": 2685774182,
        "osm_type": "node",
        "name": "Decumani Hotel de Charme",
        "tourism": "hotel"
      }
    },
    {
      "type": "Feature",
      "geometry": {
        "type": "Point",
        "coordinates": [
          14.2551563,
          40.8462603
        ]
      },
      "properties": {
        "id": 2685778801,
        "osm_type": "node",
        "name": "Hotel Pignatelli",
        "tourism": "hotel"
      }
    },
    {
      "type": "Feature",
      "geometry": {
        "type": "Point",
        "coordinates": [
          14.2526084,
          40.84415
        ]
      },
      "properties": {
        "id": 2685852021,
        "osm_type": "node",
        "name": "BB Olimpo degli Dei",
        "tourism": "guest_house"
      }
    },
    {
      "type": "Feature",
      "geometry": {
        "type": "Point",
        "coordinates": [
          14.2527879,
          40.8443773
        ]
      },
      "properties": {
        "id": 2685859119,
        "osm_type": "node",
        "name": "BB Alloggio degli Dei",
        "tourism": "guest_house"
      }
    },
    {
      "type": "Feature",
      "geometry": {
        "type": "Point",
        "coordinates": [
          14.2512481,
          40.8466592
        ]
      },
      "properties": {
        "id": 2685862365,
        "osm_type": "node",
        "name": "Maison Degas",
        "tourism": "hotel"
      }
    },
    {
      "type": "Feature",
      "geometry": {
        "type": "Point",
        "coordinates": [
          14.2536275,
          40.846796
        ]
      },
      "properties": {
        "id": 2685865044,
        "osm_type": "node",
        "name": "Hotel Meublé Santa Chiara Suite",
        "tourism": "hotel",
        "website": "https://www.santachiarasuite.com/it/",
        "check_date": "2023-05-06"
      }
    },
    {
      "type": "Feature",
      "geometry": {
        "type": "Point",
        "coordinates": [
          14.2539225,
          40.8477455
        ]
      },
      "properties": {
        "id": 2685876196,
        "osm_type": "node",
        "name": "Medea",
        "tourism": "guest_house"
      }
    },
    {
      "type": "Feature",
      "geometry": {
        "type": "Point",
        "coordinates": [
          14.256366,
          40.8451768
        ]
      },
      "properties": {
        "id": 2685880376,
        "osm_type": "node",
        "name": "B&B Della Corte",
        "tourism": "guest_house"
      }
    },
    {
      "type": "Feature",
      "geometry": {
        "type": "Point",
        "coordinates": [
          14.2544913,
          40.8441784
        ]
      },
      "properties": {
        "id": 2685883187,
        "osm_type": "node",
        "name": "Hotel Nettuno",
        "tourism": "hotel",
        "check_date": "2025-11-09"
      }
    },
    {
      "type": "Feature",
      "geometry": {
        "type": "Point",
        "coordinates": [
          14.2485887,
          40.8415134
        ]
      },
      "properties": {
        "id": 2685902376,
        "osm_type": "node",
        "name": "B&B Toledo Station",
        "tourism": "guest_house",
        "phone": "+39 081 283999",
        "website": "http://www.toledostation.com"
      }
    },
    {
      "type": "Feature",
      "geometry": {
        "type": "Point",
        "coordinates": [
          14.2484935,
          40.8388661
        ]
      },
      "properties": {
        "id": 2685903155,
        "osm_type": "node",
        "name": "B&B Toledo 205",
        "tourism": "guest_house"
      }
    },
    {
      "type": "Feature",
      "geometry": {
        "type": "Point",
        "coordinates": [
          14.2494958,
          40.8463646
        ]
      },
      "properties": {
        "id": 2685910430,
        "osm_type": "node",
        "name": "Carafa di Maddaloni",
        "tourism": "guest_house"
      }
    },
    {
      "type": "Feature",
      "geometry": {
        "type": "Point",
        "coordinates": [
          14.2505671,
          40.8461142
        ]
      },
      "properties": {
        "id": 2685913072,
        "osm_type": "node",
        "name": "Napoli Centro",
        "tourism": "guest_house"
      }
    },
    {
      "type": "Feature",
      "geometry": {
        "type": "Point",
        "coordinates": [
          14.2553573,
          40.8403424
        ]
      },
      "properties": {
        "id": 2685932415,
        "osm_type": "node",
        "name": "Hostel of the Sun",
        "tourism": "hostel",
        "phone": "+39 081 4206393",
        "website": "https://hostelnapoli.com/"
      }
    },
    {
      "type": "Feature",
      "geometry": {
        "type": "Point",
        "coordinates": [
          14.2552999,
          40.8401046
        ]
      },
      "properties": {
        "id": 2685933833,
        "osm_type": "node",
        "name": "B&B Latt'e Liett'",
        "tourism": "guest_house",
        "phone": "+39 338 6503554",
        "website": "http://www.latteletto.it"
      }
    },
    {
      "type": "Feature",
      "geometry": {
        "type": "Point",
        "coordinates": [
          14.2590927,
          40.8450645
        ]
      },
      "properties": {
        "id": 2685936613,
        "osm_type": "node",
        "name": "B&B La Casa di Bruno",
        "tourism": "guest_house"
      }
    },
    {
      "type": "Feature",
      "geometry": {
        "type": "Point",
        "coordinates": [
          14.2641213,
          40.8481917
        ]
      },
      "properties": {
        "id": 2685941268,
        "osm_type": "node",
        "name": "B&B Astra",
        "tourism": "guest_house"
      }
    },
    {
      "type": "Feature",
      "geometry": {
        "type": "Point",
        "coordinates": [
          14.2653391,
          40.849752
        ]
      },
      "properties": {
        "id": 2685942983,
        "osm_type": "node",
        "name": "Residenza Umberto I",
        "tourism": "guest_house"
      }
    },
    {
      "type": "Feature",
      "geometry": {
        "type": "Point",
        "coordinates": [
          14.2551222,
          40.8399317
        ]
      },
      "properties": {
        "id": 2689085481,
        "osm_type": "node",
        "name": "Hotel Bella Capri",
        "tourism": "hotel",
        "phone": "+39 081 5529494",
        "website": "http://www.bellacapri.it"
      }
    },
    {
      "type": "Feature",
      "geometry": {
        "type": "Point",
        "coordinates": [
          14.3764984,
          40.6255632
        ]
      },
      "properties": {
        "id": 2720926259,
        "osm_type": "node",
        "name": "La Magnolia Bed & Breakfast",
        "tourism": "guest_house",
        "website": "http://magnoliasorrento.it/"
      }
    },
    {
      "type": "Feature",
      "geometry": {
        "type": "Point",
        "coordinates": [
          14.2590665,
          40.8461571
        ]
      },
      "properties": {
        "id": 2722023727,
        "osm_type": "node",
        "name": "La Fontanina Suites",
        "tourism": "guest_house",
        "phone": "+39 081 228 1091"
      }
    },
    {
      "type": "Feature",
      "geometry": {
        "type": "Point",
        "coordinates": [
          14.2599833,
          40.8477428
        ]
      },
      "properties": {
        "id": 2727186899,
        "osm_type": "node",
        "name": "BeHouse",
        "tourism": "guest_house"
      }
    },
    {
      "type": "Feature",
      "geometry": {
        "type": "Point",
        "coordinates": [
          14.2490702,
          40.8377728
        ]
      },
      "properties": {
        "id": 2727811480,
        "osm_type": "node",
        "name": "B&B Il Palco del Re",
        "tourism": "guest_house",
        "phone": "+39 335 687 1272"
      }
    },
    {
      "type": "Feature",
      "geometry": {
        "type": "Point",
        "coordinates": [
          14.2506049,
          40.8383648
        ]
      },
      "properties": {
        "id": 2727817261,
        "osm_type": "node",
        "name": "Residence Gli Angioini",
        "tourism": "guest_house",
        "phone": "+39 081 4202809",
        "website": "https://gliangioini.it/"
      }
    },
    {
      "type": "Feature",
      "geometry": {
        "type": "Point",
        "coordinates": [
          14.2508832,
          40.8389049
        ]
      },
      "properties": {
        "id": 2727823060,
        "osm_type": "node",
        "name": "B&B A Santa Brigida",
        "tourism": "guest_house",
        "phone": "+39 081 5511690",
        "website": "https://asantabrigida.com/"
      }
    },
    {
      "type": "Feature",
      "geometry": {
        "type": "Point",
        "coordinates": [
          14.2509253,
          40.8389023
        ]
      },
      "properties": {
        "id": 2727827990,
        "osm_type": "node",
        "name": "B&B Al Maschio Angioino",
        "tourism": "guest_house",
        "phone": "+39 081 5522826",
        "website": "https://www.almaschioangioino.it/"
      }
    },
    {
      "type": "Feature",
      "geometry": {
        "type": "Point",
        "coordinates": [
          14.2486235,
          40.8417163
        ]
      },
      "properties": {
        "id": 2727841942,
        "osm_type": "node",
        "name": "Hotel NapoliMia",
        "tourism": "hotel",
        "phone": "+39 081 199 123 26"
      }
    },
    {
      "type": "Feature",
      "geometry": {
        "type": "Point",
        "coordinates": [
          14.2519138,
          40.8416905
        ]
      },
      "properties": {
        "id": 2727868046,
        "osm_type": "node",
        "name": "B&B Napolit'Amo Medina",
        "tourism": "hotel",
        "phone": "+39 081 4977110"
      }
    },
    {
      "type": "Feature",
      "geometry": {
        "type": "Point",
        "coordinates": [
          14.2519664,
          40.8424637
        ]
      },
      "properties": {
        "id": 2727873734,
        "osm_type": "node",
        "name": "B&B Fiorentini Residence",
        "tourism": "guest_house",
        "phone": "+39 081 7901004",
        "website": "https://www.fiorentiniresidence.it"
      }
    },
    {
      "type": "Feature",
      "geometry": {
        "type": "Point",
        "coordinates": [
          14.253842,
          40.8431698
        ]
      },
      "properties": {
        "id": 2727876704,
        "osm_type": "node",
        "name": "B&B Sanfelice",
        "tourism": "guest_house",
        "check_date": "2025-07-19"
      }
    },
    {
      "type": "Feature",
      "geometry": {
        "type": "Point",
        "coordinates": [
          14.2549793,
          40.843113
        ]
      },
      "properties": {
        "id": 2727877575,
        "osm_type": "node",
        "name": "B&B Bovio Suite",
        "tourism": "guest_house"
      }
    },
    {
      "type": "Feature",
      "geometry": {
        "type": "Point",
        "coordinates": [
          14.2530749,
          40.8416561
        ]
      },
      "properties": {
        "id": 2727878342,
        "osm_type": "node",
        "name": "B&BSan Bartolomeo",
        "tourism": "guest_house"
      }
    },
    {
      "type": "Feature",
      "geometry": {
        "type": "Point",
        "coordinates": [
          14.2555023,
          40.8423987
        ]
      },
      "properties": {
        "id": 2727885793,
        "osm_type": "node",
        "name": "Schilizzi",
        "tourism": "hotel"
      }
    },
    {
      "type": "Feature",
      "geometry": {
        "type": "Point",
        "coordinates": [
          14.2563768,
          40.8439957
        ]
      },
      "properties": {
        "id": 2727886974,
        "osm_type": "node",
        "name": "B&B Le Orchidee",
        "tourism": "hotel"
      }
    },
    {
      "type": "Feature",
      "geometry": {
        "type": "Point",
        "coordinates": [
          14.2568541,
          40.8442959
        ]
      },
      "properties": {
        "id": 2727888714,
        "osm_type": "node",
        "name": "B&B Atmosfere del Centro Storico",
        "tourism": "guest_house"
      }
    },
    {
      "type": "Feature",
      "geometry": {
        "type": "Point",
        "coordinates": [
          14.2607192,
          40.8474774
        ]
      },
      "properties": {
        "id": 2727892585,
        "osm_type": "node",
        "name": "Quattro Palazzi",
        "tourism": "guest_house"
      }
    },
    {
      "type": "Feature",
      "geometry": {
        "type": "Point",
        "coordinates": [
          14.2604,
          40.8478568
        ]
      },
      "properties": {
        "id": 2727912124,
        "osm_type": "node",
        "name": "Carafa Suite",
        "tourism": "guest_house"
      }
    },
    {
      "type": "Feature",
      "geometry": {
        "type": "Point",
        "coordinates": [
          14.259515,
          40.8472421
        ]
      },
      "properties": {
        "id": 2727912531,
        "osm_type": "node",
        "name": "Portanova",
        "tourism": "guest_house",
        "check_date": "2025-09-20"
      }
    },
    {
      "type": "Feature",
      "geometry": {
        "type": "Point",
        "coordinates": [
          14.2605904,
          40.8471305
        ]
      },
      "properties": {
        "id": 2727912584,
        "osm_type": "node",
        "name": "B&B Residenza Nicola Amore",
        "tourism": "guest_house"
      }
    },
    {
      "type": "Feature",
      "geometry": {
        "type": "Point",
        "coordinates": [
          14.5671744,
          40.6284069
        ]
      },
      "properties": {
        "id": 2727971027,
        "osm_type": "node",
        "name": "Holidays Constanza",
        "tourism": "guest_house",
        "phone": "+39 0818025151",
        "website": "http://www.holidays-costanza.com"
      }
    },
    {
      "type": "Feature",
      "geometry": {
        "type": "Point",
        "coordinates": [
          14.2594325,
          40.8489103
        ]
      },
      "properties": {
        "id": 2748080040,
        "osm_type": "node",
        "name": "Grande Archivio",
        "tourism": "guest_house"
      }
    },
    {
      "type": "Feature",
      "geometry": {
        "type": "Point",
        "coordinates": [
          15.0345601,
          40.175762
        ]
      },
      "properties": {
        "id": 2750013777,
        "osm_type": "node",
        "name": "Mare e Monti",
        "tourism": "hotel"
      }
    },
    {
      "type": "Feature",
      "geometry": {
        "type": "Point",
        "coordinates": [
          14.2495965,
          40.8475055
        ]
      },
      "properties": {
        "id": 2752643560,
        "osm_type": "node",
        "name": "Le 4 Stagioni",
        "tourism": "guest_house"
      }
    },
    {
      "type": "Feature",
      "geometry": {
        "type": "Point",
        "coordinates": [
          14.2513838,
          40.8506292
        ]
      },
      "properties": {
        "id": 2752718206,
        "osm_type": "node",
        "name": "Hotel Costantinopoli 104",
        "tourism": "hotel"
      }
    },
    {
      "type": "Feature",
      "geometry": {
        "type": "Point",
        "coordinates": [
          14.2518886,
          40.8517622
        ]
      },
      "properties": {
        "id": 2752782200,
        "osm_type": "node",
        "name": "B&B Belle Arti",
        "tourism": "guest_house"
      }
    },
    {
      "type": "Feature",
      "geometry": {
        "type": "Point",
        "coordinates": [
          14.2519448,
          40.8513057
        ]
      },
      "properties": {
        "id": 2752792431,
        "osm_type": "node",
        "name": "B&B Bell&Buono",
        "tourism": "guest_house"
      }
    },
    {
      "type": "Feature",
      "geometry": {
        "type": "Point",
        "coordinates": [
          14.2510891,
          40.8520969
        ]
      },
      "properties": {
        "id": 2752798048,
        "osm_type": "node",
        "name": "B&B Cupole e Campanili",
        "tourism": "guest_house"
      }
    },
    {
      "type": "Feature",
      "geometry": {
        "type": "Point",
        "coordinates": [
          14.2513681,
          40.8530281
        ]
      },
      "properties": {
        "id": 2752816074,
        "osm_type": "node",
        "name": "B&B Museum",
        "tourism": "guest_house"
      }
    },
    {
      "type": "Feature",
      "geometry": {
        "type": "Point",
        "coordinates": [
          14.2496801,
          40.8496231
        ]
      },
      "properties": {
        "id": 2752840916,
        "osm_type": "node",
        "name": "B&B Palazzo Ruffo di Bagnara",
        "tourism": "guest_house"
      }
    },
    {
      "type": "Feature",
      "geometry": {
        "type": "Point",
        "coordinates": [
          14.2493931,
          40.8501811
        ]
      },
      "properties": {
        "id": 2752847857,
        "osm_type": "node",
        "name": "B&B Le Stanze di Dante",
        "tourism": "guest_house"
      }
    },
    {
      "type": "Feature",
      "geometry": {
        "type": "Point",
        "coordinates": [
          14.2496935,
          40.8512016
        ]
      },
      "properties": {
        "id": 2752855667,
        "osm_type": "node",
        "name": "Art Hostel",
        "tourism": "hostel"
      }
    },
    {
      "type": "Feature",
      "geometry": {
        "type": "Point",
        "coordinates": [
          14.2489352,
          40.8417842
        ]
      },
      "properties": {
        "id": 2752976446,
        "osm_type": "node",
        "name": "Hotel Principe Napolit'Amo",
        "tourism": "hotel",
        "website": "https://www.napolitamo.it/napolitamo-toledo/index.php/"
      }
    },
    {
      "type": "Feature",
      "geometry": {
        "type": "Point",
        "coordinates": [
          14.2478128,
          40.8373726
        ]
      },
      "properties": {
        "id": 2752984483,
        "osm_type": "node",
        "name": "B&B Camera Plebiscito",
        "tourism": "guest_house",
        "phone": "+39 339 3148006",
        "website": "http://www.cameraplebiscito.com"
      }
    },
    {
      "type": "Feature",
      "geometry": {
        "type": "Point",
        "coordinates": [
          15.4126242,
          40.9154991
        ]
      },
      "properties": {
        "id": 2755849958,
        "osm_type": "node",
        "name": "Il Borgo Degli Angeli",
        "tourism": "guest_house"
      }
    },
    {
      "type": "Feature",
      "geometry": {
        "type": "Point",
        "coordinates": [
          15.4166368,
          40.9131317
        ]
      },
      "properties": {
        "id": 2755849959,
        "osm_type": "node",
        "name": "Il Melograno",
        "tourism": "guest_house",
        "check_date": "2024-04-30"
      }
    },
    {
      "type": "Feature",
      "geometry": {
        "type": "Point",
        "coordinates": [
          15.4277458,
          40.8999416
        ]
      },
      "properties": {
        "id": 2755849960,
        "osm_type": "node",
        "name": "Le Strettole",
        "tourism": "guest_house"
      }
    },
    {
      "type": "Feature",
      "geometry": {
        "type": "Point",
        "coordinates": [
          14.2499908,
          40.8468785
        ]
      },
      "properties": {
        "id": 2757413163,
        "osm_type": "node",
        "name": "Miseria e Nobiltà",
        "tourism": "guest_house"
      }
    },
    {
      "type": "Feature",
      "geometry": {
        "type": "Point",
        "coordinates": [
          14.2499506,
          40.8470063
        ]
      },
      "properties": {
        "id": 2757415936,
        "osm_type": "node",
        "name": "Camere con Vista Napoli",
        "tourism": "guest_house"
      }
    },
    {
      "type": "Feature",
      "geometry": {
        "type": "Point",
        "coordinates": [
          14.2498526,
          40.8457939
        ]
      },
      "properties": {
        "id": 2757418074,
        "osm_type": "node",
        "name": "Sesto Continente",
        "tourism": "guest_house"
      }
    },
    {
      "type": "Feature",
      "geometry": {
        "type": "Point",
        "coordinates": [
          14.2504684,
          40.8439282
        ]
      },
      "properties": {
        "id": 2757421618,
        "osm_type": "node",
        "name": "Il Chiostro",
        "tourism": "guest_house"
      }
    },
    {
      "type": "Feature",
      "geometry": {
        "type": "Point",
        "coordinates": [
          14.2510798,
          40.8492995
        ]
      },
      "properties": {
        "id": 2757427166,
        "osm_type": "node",
        "name": "B&B Portalba Relais",
        "tourism": "guest_house"
      }
    },
    {
      "type": "Feature",
      "geometry": {
        "type": "Point",
        "coordinates": [
          14.2508169,
          40.850141
        ]
      },
      "properties": {
        "id": 2757431772,
        "osm_type": "node",
        "name": "B&B Bellini 67",
        "tourism": "guest_house"
      }
    },
    {
      "type": "Feature",
      "geometry": {
        "type": "Point",
        "coordinates": [
          14.2524317,
          40.8500233
        ]
      },
      "properties": {
        "id": 2757435979,
        "osm_type": "node",
        "name": "B&B Bellini",
        "tourism": "guest_house"
      }
    },
    {
      "type": "Feature",
      "geometry": {
        "type": "Point",
        "coordinates": [
          14.9424908,
          40.2698772
        ]
      },
      "properties": {
        "id": 2764558668,
        "osm_type": "node",
        "name": "Fondazione Passerelli",
        "tourism": "hotel"
      }
    },
    {
      "type": "Feature",
      "geometry": {
        "type": "Point",
        "coordinates": [
          15.4402462,
          40.9006607
        ]
      },
      "properties": {
        "id": 2777603163,
        "osm_type": "node",
        "name": "Sveva",
        "tourism": "guest_house"
      }
    },
    {
      "type": "Feature",
      "geometry": {
        "type": "Point",
        "coordinates": [
          15.4131345,
          40.9152034
        ]
      },
      "properties": {
        "id": 2777603166,
        "osm_type": "node",
        "name": "La Caffettiera",
        "tourism": "guest_house"
      }
    },
    {
      "type": "Feature",
      "geometry": {
        "type": "Point",
        "coordinates": [
          14.9855887,
          40.633128
        ]
      },
      "properties": {
        "id": 2779000572,
        "osm_type": "node",
        "name": "B&B Villa Le Querce",
        "tourism": "guest_house"
      }
    },
    {
      "type": "Feature",
      "geometry": {
        "type": "Point",
        "coordinates": [
          14.2500097,
          40.8527362
        ]
      },
      "properties": {
        "id": 2787549522,
        "osm_type": "node",
        "name": "B&B La Locanda dell'Arte",
        "tourism": "guest_house"
      }
    },
    {
      "type": "Feature",
      "geometry": {
        "type": "Point",
        "coordinates": [
          14.2526335,
          40.8514199
        ]
      },
      "properties": {
        "id": 2787683967,
        "osm_type": "node",
        "name": "B&B Oasi di Pulcinella",
        "tourism": "guest_house"
      }
    },
    {
      "type": "Feature",
      "geometry": {
        "type": "Point",
        "coordinates": [
          14.2528374,
          40.8514828
        ]
      },
      "properties": {
        "id": 2787685625,
        "osm_type": "node",
        "name": "B&B Giardino della Sapienza",
        "tourism": "guest_house"
      }
    },
    {
      "type": "Feature",
      "geometry": {
        "type": "Point",
        "coordinates": [
          14.2530335,
          40.8498416
        ]
      },
      "properties": {
        "id": 2787717163,
        "osm_type": "node",
        "name": "B&B Civico 16",
        "tourism": "guest_house"
      }
    },
    {
      "type": "Feature",
      "geometry": {
        "type": "Point",
        "coordinates": [
          14.2547045,
          40.8492512
        ]
      },
      "properties": {
        "id": 2787729736,
        "osm_type": "node",
        "name": "Centro Antico",
        "tourism": "guest_house"
      }
    },
    {
      "type": "Feature",
      "geometry": {
        "type": "Point",
        "coordinates": [
          14.2540341,
          40.8497888
        ]
      },
      "properties": {
        "id": 2787740493,
        "osm_type": "node",
        "name": "Soggiorno Imperia",
        "tourism": "guest_house"
      }
    },
    {
      "type": "Feature",
      "geometry": {
        "type": "Point",
        "coordinates": [
          15.0392951,
          40.3225981
        ]
      },
      "properties": {
        "id": 2806177690,
        "osm_type": "node",
        "name": "Li Fringi",
        "tourism": "guest_house"
      }
    },
    {
      "type": "Feature",
      "geometry": {
        "type": "Point",
        "coordinates": [
          15.0477065,
          40.3229089
        ]
      },
      "properties": {
        "id": 2806177691,
        "osm_type": "node",
        "name": "Nerodivino",
        "tourism": "guest_house"
      }
    },
    {
      "type": "Feature",
      "geometry": {
        "type": "Point",
        "coordinates": [
          15.0479747,
          40.3227453
        ]
      },
      "properties": {
        "id": 2806177694,
        "osm_type": "node",
        "name": "La Locanda dello Speziale",
        "tourism": "guest_house"
      }
    },
    {
      "type": "Feature",
      "geometry": {
        "type": "Point",
        "coordinates": [
          15.0484146,
          40.3215674
        ]
      },
      "properties": {
        "id": 2806177696,
        "osm_type": "node",
        "name": "Borgo Riccio",
        "tourism": "guest_house"
      }
    },
    {
      "type": "Feature",
      "geometry": {
        "type": "Point",
        "coordinates": [
          15.0505604,
          40.3233752
        ]
      },
      "properties": {
        "id": 2806183013,
        "osm_type": "node",
        "name": "Rizzo Stefano",
        "tourism": "guest_house"
      }
    },
    {
      "type": "Feature",
      "geometry": {
        "type": "Point",
        "coordinates": [
          15.051923,
          40.3219151
        ]
      },
      "properties": {
        "id": 2806220267,
        "osm_type": "node",
        "name": "Stasi Andrea Antonio Alberto",
        "tourism": "guest_house"
      }
    },
    {
      "type": "Feature",
      "geometry": {
        "type": "Point",
        "coordinates": [
          15.052336,
          40.3221973
        ]
      },
      "properties": {
        "id": 2806220269,
        "osm_type": "node",
        "name": "Residence Acqua di Costanza",
        "tourism": "hotel"
      }
    },
    {
      "type": "Feature",
      "geometry": {
        "type": "Point",
        "coordinates": [
          15.0520061,
          40.323551
        ]
      },
      "properties": {
        "id": 2806220276,
        "osm_type": "node",
        "name": "Il Pavone",
        "tourism": "guest_house"
      }
    },
    {
      "type": "Feature",
      "geometry": {
        "type": "Point",
        "coordinates": [
          15.0514294,
          40.3227801
        ]
      },
      "properties": {
        "id": 2806220280,
        "osm_type": "node",
        "name": "Rosa Canina",
        "tourism": "guest_house"
      }
    },
    {
      "type": "Feature",
      "geometry": {
        "type": "Point",
        "coordinates": [
          15.052159,
          40.3217004
        ]
      },
      "properties": {
        "id": 2806223603,
        "osm_type": "node",
        "name": "Maro",
        "tourism": "guest_house"
      }
    },
    {
      "type": "Feature",
      "geometry": {
        "type": "Point",
        "coordinates": [
          15.0527437,
          40.3212423
        ]
      },
      "properties": {
        "id": 2806223612,
        "osm_type": "node",
        "name": "Gallo Francesca",
        "tourism": "guest_house"
      }
    },
    {
      "type": "Feature",
      "geometry": {
        "type": "Point",
        "coordinates": [
          15.0627758,
          40.3143498
        ]
      },
      "properties": {
        "id": 2806634130,
        "osm_type": "node",
        "name": "Hotel Cilento",
        "tourism": "hotel"
      }
    },
    {
      "type": "Feature",
      "geometry": {
        "type": "Point",
        "coordinates": [
          15.0631942,
          40.3114742
        ]
      },
      "properties": {
        "id": 2806656796,
        "osm_type": "node",
        "name": "Casa Albini",
        "tourism": "guest_house"
      }
    },
    {
      "type": "Feature",
      "geometry": {
        "type": "Point",
        "coordinates": [
          15.344587,
          40.4555252
        ]
      },
      "properties": {
        "id": 2818894064,
        "osm_type": "node",
        "name": "Hotel Arcangelo",
        "tourism": "hotel"
      }
    },
    {
      "type": "Feature",
      "geometry": {
        "type": "Point",
        "coordinates": [
          14.2547596,
          40.8503185
        ]
      },
      "properties": {
        "id": 2824962952,
        "osm_type": "node",
        "name": "Neapolis",
        "tourism": "hotel"
      }
    },
    {
      "type": "Feature",
      "geometry": {
        "type": "Point",
        "coordinates": [
          14.2581796,
          40.8498328
        ]
      },
      "properties": {
        "id": 2841935251,
        "osm_type": "node",
        "name": "Il Campanile",
        "tourism": "guest_house"
      }
    },
    {
      "type": "Feature",
      "geometry": {
        "type": "Point",
        "coordinates": [
          14.2564736,
          40.8506262
        ]
      },
      "properties": {
        "id": 2841969085,
        "osm_type": "node",
        "name": "Tribù",
        "tourism": "guest_house"
      }
    },
    {
      "type": "Feature",
      "geometry": {
        "type": "Point",
        "coordinates": [
          14.2563903,
          40.8505717
        ]
      },
      "properties": {
        "id": 2842288816,
        "osm_type": "node",
        "name": "La Casa dei Gigli",
        "tourism": "guest_house"
      }
    },
    {
      "type": "Feature",
      "geometry": {
        "type": "Point",
        "coordinates": [
          14.2578037,
          40.8510505
        ]
      },
      "properties": {
        "id": 2842297141,
        "osm_type": "node",
        "name": "B&B Domus Gemi",
        "tourism": "guest_house"
      }
    },
    {
      "type": "Feature",
      "geometry": {
        "type": "Point",
        "coordinates": [
          14.2559744,
          40.8497256
        ]
      },
      "properties": {
        "id": 2842306874,
        "osm_type": "node",
        "name": "Il Fico",
        "tourism": "guest_house"
      }
    },
    {
      "type": "Feature",
      "geometry": {
        "type": "Point",
        "coordinates": [
          14.2582168,
          40.8496668
        ]
      },
      "properties": {
        "id": 2842310534,
        "osm_type": "node",
        "name": "Casa Dodo",
        "tourism": "guest_house"
      }
    },
    {
      "type": "Feature",
      "geometry": {
        "type": "Point",
        "coordinates": [
          14.2547995,
          40.8504338
        ]
      },
      "properties": {
        "id": 2842319061,
        "osm_type": "node",
        "name": "Le Terrazze di Neapolis",
        "tourism": "guest_house"
      }
    },
    {
      "type": "Feature",
      "geometry": {
        "type": "Point",
        "coordinates": [
          14.254614,
          40.8546458
        ]
      },
      "properties": {
        "id": 2842328974,
        "osm_type": "node",
        "name": "Sansevero",
        "tourism": "hotel"
      }
    },
    {
      "type": "Feature",
      "geometry": {
        "type": "Point",
        "coordinates": [
          14.2579915,
          40.8498839
        ]
      },
      "properties": {
        "id": 2842331534,
        "osm_type": "node",
        "name": "Sangregorio Flat",
        "tourism": "guest_house"
      }
    },
    {
      "type": "Feature",
      "geometry": {
        "type": "Point",
        "coordinates": [
          14.2590906,
          40.8513594
        ]
      },
      "properties": {
        "id": 2844494550,
        "osm_type": "node",
        "name": "B&B Alloggio Maria",
        "tourism": "guest_house"
      }
    },
    {
      "type": "Feature",
      "geometry": {
        "type": "Point",
        "coordinates": [
          14.2559442,
          40.8522461
        ]
      },
      "properties": {
        "id": 2844514961,
        "osm_type": "node",
        "name": "Bellini",
        "tourism": "hotel"
      }
    },
    {
      "type": "Feature",
      "geometry": {
        "type": "Point",
        "coordinates": [
          14.2599648,
          40.8504386
        ]
      },
      "properties": {
        "id": 2848833179,
        "osm_type": "node",
        "name": "Hotel Duomo",
        "tourism": "hotel"
      }
    },
    {
      "type": "Feature",
      "geometry": {
        "type": "Point",
        "coordinates": [
          14.2597449,
          40.8507551
        ]
      },
      "properties": {
        "id": 2848838690,
        "osm_type": "node",
        "name": "B&B Via del Duomo",
        "tourism": "guest_house"
      }
    },
    {
      "type": "Feature",
      "geometry": {
        "type": "Point",
        "coordinates": [
          14.2590958,
          40.8515261
        ]
      },
      "properties": {
        "id": 2848846730,
        "osm_type": "node",
        "name": "B&B Re di Napoli",
        "tourism": "guest_house"
      }
    },
    {
      "type": "Feature",
      "geometry": {
        "type": "Point",
        "coordinates": [
          14.2571565,
          40.8553341
        ]
      },
      "properties": {
        "id": 2848901525,
        "osm_type": "node",
        "name": "B&B Donna Regina",
        "tourism": "guest_house"
      }
    },
    {
      "type": "Feature",
      "geometry": {
        "type": "Point",
        "coordinates": [
          14.2592482,
          40.8499415
        ]
      },
      "properties": {
        "id": 2848987709,
        "osm_type": "node",
        "name": "B&B Palepoli",
        "tourism": "guest_house"
      }
    },
    {
      "type": "Feature",
      "geometry": {
        "type": "Point",
        "coordinates": [
          14.1984275,
          40.8248848
        ]
      },
      "properties": {
        "id": 2849043701,
        "osm_type": "node",
        "name": "Suite Partenopea",
        "tourism": "guest_house"
      }
    },
    {
      "type": "Feature",
      "geometry": {
        "type": "Point",
        "coordinates": [
          14.1955656,
          40.8237818
        ]
      },
      "properties": {
        "id": 2849044909,
        "osm_type": "node",
        "name": "B&B De Bono",
        "tourism": "guest_house"
      }
    },
    {
      "type": "Feature",
      "geometry": {
        "type": "Point",
        "coordinates": [
          14.1967485,
          40.8236629
        ]
      },
      "properties": {
        "id": 2849047938,
        "osm_type": "node",
        "name": "B&B Vittoria",
        "tourism": "guest_house"
      }
    },
    {
      "type": "Feature",
      "geometry": {
        "type": "Point",
        "coordinates": [
          14.2534368,
          40.8400994
        ]
      },
      "properties": {
        "id": 2849354417,
        "osm_type": "node",
        "name": "B&B Dormidamé Centro",
        "tourism": "guest_house"
      }
    },
    {
      "type": "Feature",
      "geometry": {
        "type": "Point",
        "coordinates": [
          14.2138888,
          40.8634404
        ]
      },
      "properties": {
        "id": 2860615498,
        "osm_type": "node",
        "name": "Casa del Sorriso",
        "tourism": "guest_house"
      }
    },
    {
      "type": "Feature",
      "geometry": {
        "type": "Point",
        "coordinates": [
          14.9962412,
          40.3291174
        ]
      },
      "properties": {
        "id": 2874217730,
        "osm_type": "node",
        "name": "Hotel La Colombaia",
        "tourism": "hotel"
      }
    },
    {
      "type": "Feature",
      "geometry": {
        "type": "Point",
        "coordinates": [
          14.2661361,
          40.8518764
        ]
      },
      "properties": {
        "id": 2877392252,
        "osm_type": "node",
        "name": "Hostel Mancini Naples",
        "tourism": "hostel",
        "phone": "+39 081200800",
        "website": "https://www.hostelmancini.com"
      }
    },
    {
      "type": "Feature",
      "geometry": {
        "type": "Point",
        "coordinates": [
          14.4984316,
          40.6260228
        ]
      },
      "properties": {
        "id": 2909172155,
        "osm_type": "node",
        "name": "La Maliosa D'Arienzo",
        "tourism": "hotel",
        "phone": "+39 089 811873",
        "website": "www.lamaliosa.it"
      }
    },
    {
      "type": "Feature",
      "geometry": {
        "type": "Point",
        "coordinates": [
          14.2580145,
          40.8543586
        ]
      },
      "properties": {
        "id": 2916232493,
        "osm_type": "node",
        "name": "Hotel des Artistes",
        "tourism": "hotel"
      }
    },
    {
      "type": "Feature",
      "geometry": {
        "type": "Point",
        "coordinates": [
          14.2672843,
          40.8509887
        ]
      },
      "properties": {
        "id": 2916235091,
        "osm_type": "node",
        "name": "Hotel Orsa Maggiore",
        "tourism": "hotel"
      }
    },
    {
      "type": "Feature",
      "geometry": {
        "type": "Point",
        "coordinates": [
          14.2599672,
          40.8519543
        ]
      },
      "properties": {
        "id": 2916243063,
        "osm_type": "node",
        "name": "B&B San Gennaro",
        "tourism": "guest_house"
      }
    },
    {
      "type": "Feature",
      "geometry": {
        "type": "Point",
        "coordinates": [
          13.8572033,
          40.7077502
        ]
      },
      "properties": {
        "id": 2920386496,
        "osm_type": "node",
        "name": "Villa Lina",
        "tourism": "hotel"
      }
    },
    {
      "type": "Feature",
      "geometry": {
        "type": "Point",
        "coordinates": [
          14.8947053,
          41.0407307
        ]
      },
      "properties": {
        "id": 2945513954,
        "osm_type": "node",
        "name": "Park Hotel L'Incanto",
        "tourism": "hotel"
      }
    },
    {
      "type": "Feature",
      "geometry": {
        "type": "Point",
        "coordinates": [
          14.5226652,
          40.6131237
        ]
      },
      "properties": {
        "id": 2946664023,
        "osm_type": "node",
        "name": "Le Fioriere hotel",
        "tourism": "hotel",
        "phone": "+39 089 874203",
        "website": "https://www.lefioriere.it/"
      }
    },
    {
      "type": "Feature",
      "geometry": {
        "type": "Point",
        "coordinates": [
          14.5259076,
          40.7134026
        ]
      },
      "properties": {
        "id": 2980327710,
        "osm_type": "node",
        "name": "Grand Hotel La Sonrisa",
        "tourism": "hotel",
        "phone": "+39 081 874 1491"
      }
    },
    {
      "type": "Feature",
      "geometry": {
        "type": "Point",
        "coordinates": [
          14.2622325,
          40.8494297
        ]
      },
      "properties": {
        "id": 2984425026,
        "osm_type": "node",
        "name": "B&B I colori di Napoli",
        "tourism": "guest_house"
      }
    },
    {
      "type": "Feature",
      "geometry": {
        "type": "Point",
        "coordinates": [
          14.2637444,
          40.8501679
        ]
      },
      "properties": {
        "id": 2987643703,
        "osm_type": "node",
        "name": "A Castel Capuano",
        "tourism": "guest_house"
      }
    },
    {
      "type": "Feature",
      "geometry": {
        "type": "Point",
        "coordinates": [
          15.544545,
          40.4524708
        ]
      },
      "properties": {
        "id": 3012473492,
        "osm_type": "node",
        "name": "Kristall Palace Hotel",
        "tourism": "hotel",
        "phone": "+39 0975 71152",
        "website": "https://www.kristallpalacehotel.it/"
      }
    },
    {
      "type": "Feature",
      "geometry": {
        "type": "Point",
        "coordinates": [
          14.9749179,
          40.4491384
        ]
      },
      "properties": {
        "id": 3037364826,
        "osm_type": "node",
        "name": "Hotel Cerere",
        "tourism": "hotel",
        "website": "https://www.hotelcerere.com/",
        "check_date": "2025-04-12"
      }
    },
    {
      "type": "Feature",
      "geometry": {
        "type": "Point",
        "coordinates": [
          14.9750832,
          40.4434615
        ]
      },
      "properties": {
        "id": 3037382884,
        "osm_type": "node",
        "name": "Hotel Le Palme",
        "tourism": "hotel",
        "website": "https://www.lepalme.it/"
      }
    },
    {
      "type": "Feature",
      "geometry": {
        "type": "Point",
        "coordinates": [
          15.3823127,
          40.0119252
        ]
      },
      "properties": {
        "id": 3046631396,
        "osm_type": "node",
        "name": "Residence San Antonio",
        "tourism": "hotel",
        "phone": "+39 0974 932838;+393408219664",
        "website": "www.residencesanantonio.net"
      }
    },
    {
      "type": "Feature",
      "geometry": {
        "type": "Point",
        "coordinates": [
          15.395728,
          40.007056
        ]
      },
      "properties": {
        "id": 3046631398,
        "osm_type": "node",
        "name": "Relais du Silence Pian delle Starze",
        "tourism": "hotel",
        "phone": "+390974932350;+393426217519",
        "website": "https://www.starzehotelcilento.com/"
      }
    },
    {
      "type": "Feature",
      "geometry": {
        "type": "Point",
        "coordinates": [
          14.2516289,
          40.8504906
        ]
      },
      "properties": {
        "id": 3056293757,
        "osm_type": "node",
        "name": "Hotel Piazza Bellini",
        "tourism": "hotel",
        "check_date": "2025-10-04"
      }
    },
    {
      "type": "Feature",
      "geometry": {
        "type": "Point",
        "coordinates": [
          14.4072506,
          40.6449573
        ]
      },
      "properties": {
        "id": 3060674392,
        "osm_type": "node",
        "name": "Giosuè a Mare",
        "tourism": "hotel",
        "check_date": "2024-11-09"
      }
    },
    {
      "type": "Feature",
      "geometry": {
        "type": "Point",
        "coordinates": [
          14.1757101,
          40.8171451
        ]
      },
      "properties": {
        "id": 3061415100,
        "osm_type": "node",
        "name": "Hotel Nuvò",
        "tourism": "hotel",
        "check_date": "2025-10-11"
      }
    },
    {
      "type": "Feature",
      "geometry": {
        "type": "Point",
        "coordinates": [
          14.3751537,
          40.6264859
        ]
      },
      "properties": {
        "id": 3061608884,
        "osm_type": "node",
        "name": "B&B Belvedere Sorrento",
        "tourism": "guest_house",
        "website": "http://www.belvederesorrento.com/"
      }
    },
    {
      "type": "Feature",
      "geometry": {
        "type": "Point",
        "coordinates": [
          14.3793784,
          40.6265599
        ]
      },
      "properties": {
        "id": 3061608891,
        "osm_type": "node",
        "name": "Hotel Nice",
        "tourism": "hotel",
        "website": "http://www.hotelnicesorrento.com/"
      }
    },
    {
      "type": "Feature",
      "geometry": {
        "type": "Point",
        "coordinates": [
          14.3779515,
          40.6264342
        ]
      },
      "properties": {
        "id": 3061608892,
        "osm_type": "node",
        "name": "Hotel Sorrento City",
        "tourism": "hotel",
        "website": "https://www.sorrentocity.com/",
        "check_date": "2025-12-16"
      }
    },
    {
      "type": "Feature",
      "geometry": {
        "type": "Point",
        "coordinates": [
          14.3673534,
          40.6277569
        ]
      },
      "properties": {
        "id": 3061915862,
        "osm_type": "node",
        "name": "Casa A Mare",
        "tourism": "guest_house",
        "website": "http://casaamaresorrento.it/"
      }
    },
    {
      "type": "Feature",
      "geometry": {
        "type": "Point",
        "coordinates": [
          14.3671813,
          40.6277272
        ]
      },
      "properties": {
        "id": 3061915863,
        "osm_type": "node",
        "name": "Casa Gilda",
        "tourism": "apartment",
        "website": "https://www.casagilda.it/"
      }
    },
    {
      "type": "Feature",
      "geometry": {
        "type": "Point",
        "coordinates": [
          14.3673864,
          40.6274923
        ]
      },
      "properties": {
        "id": 3061915864,
        "osm_type": "node",
        "name": "Coltur Suites",
        "tourism": "apartment",
        "website": "https://coltursuites.com/"
      }
    },
    {
      "type": "Feature",
      "geometry": {
        "type": "Point",
        "coordinates": [
          14.2707195,
          40.8516988
        ]
      },
      "properties": {
        "id": 3062007800,
        "osm_type": "node",
        "name": "Hotel Ideal",
        "tourism": "hotel",
        "website": "https://www.albergoideal.it/",
        "check_date": "2025-07-09"
      }
    },
    {
      "type": "Feature",
      "geometry": {
        "type": "Point",
        "coordinates": [
          14.2560636,
          40.85205
        ]
      },
      "properties": {
        "id": 3062853111,
        "osm_type": "node",
        "name": "Naples Pizza Hostel",
        "tourism": "hostel",
        "website": "http://www.naplespizzahostel.com/",
        "check_date": "2025-09-27"
      }
    },
    {
      "type": "Feature",
      "geometry": {
        "type": "Point",
        "coordinates": [
          14.0154304,
          40.7680205
        ]
      },
      "properties": {
        "id": 3066437426,
        "osm_type": "node",
        "name": "Le Querce",
        "tourism": "guest_house"
      }
    },
    {
      "type": "Feature",
      "geometry": {
        "type": "Point",
        "coordinates": [
          13.8645217,
          40.7203129
        ]
      },
      "properties": {
        "id": 3077486456,
        "osm_type": "node",
        "name": "Hotel Sorriso",
        "tourism": "hotel",
        "contact:website": "https://www.sorrisoresort.it/"
      }
    },
    {
      "type": "Feature",
      "geometry": {
        "type": "Point",
        "coordinates": [
          13.8606216,
          40.7256266
        ]
      },
      "properties": {
        "id": 3077534880,
        "osm_type": "node",
        "name": "Baia dell Sirena Cast Hotel",
        "tourism": "hotel",
        "contact:website": "http://www.casthotels.com/baiadellesirene.html"
      }
    },
    {
      "type": "Feature",
      "geometry": {
        "type": "Point",
        "coordinates": [
          13.8623537,
          40.7235406
        ]
      },
      "properties": {
        "id": 3078242117,
        "osm_type": "node",
        "name": "Hotel Citara",
        "tourism": "hotel",
        "contact:website": "https://www.hotelcitara.it/"
      }
    },
    {
      "type": "Feature",
      "geometry": {
        "type": "Point",
        "coordinates": [
          13.8612704,
          40.7238405
        ]
      },
      "properties": {
        "id": 3078242118,
        "osm_type": "node",
        "name": "Hotel Riva del Sole",
        "tourism": "hotel",
        "contact:website": "http://www.hotelrivadelsoleischia.it/"
      }
    },
    {
      "type": "Feature",
      "geometry": {
        "type": "Point",
        "coordinates": [
          13.8653328,
          40.7260136
        ]
      },
      "properties": {
        "id": 3079079309,
        "osm_type": "node",
        "name": "Casa Cigliano",
        "tourism": "guest_house",
        "contact:website": "http://www.casacigliano.it/"
      }
    },
    {
      "type": "Feature",
      "geometry": {
        "type": "Point",
        "coordinates": [
          15.4144051,
          40.6665749
        ]
      },
      "properties": {
        "id": 3084966395,
        "osm_type": "node",
        "name": "Agriturismo La Sfruscià",
        "tourism": "guest_house"
      }
    },
    {
      "type": "Feature",
      "geometry": {
        "type": "Point",
        "coordinates": [
          14.4132627,
          40.7645725
        ]
      },
      "properties": {
        "id": 3093794614,
        "osm_type": "node",
        "name": "Villa Vesuviana",
        "tourism": "guest_house",
        "website": "https://villavesuviana.it/"
      }
    },
    {
      "type": "Feature",
      "geometry": {
        "type": "Point",
        "coordinates": [
          15.0282794,
          40.1791969
        ]
      },
      "properties": {
        "id": 3093846643,
        "osm_type": "node",
        "name": "Hemingway Inn",
        "tourism": "guest_house"
      }
    },
    {
      "type": "Feature",
      "geometry": {
        "type": "Point",
        "coordinates": [
          15.0260306,
          40.1832531
        ]
      },
      "properties": {
        "id": 3093846644,
        "osm_type": "node",
        "name": "La Pineta",
        "tourism": "hotel"
      }
    },
    {
      "type": "Feature",
      "geometry": {
        "type": "Point",
        "coordinates": [
          15.0256488,
          40.1829264
        ]
      },
      "properties": {
        "id": 3093846645,
        "osm_type": "node",
        "name": "La Playa",
        "tourism": "hotel"
      }
    },
    {
      "type": "Feature",
      "geometry": {
        "type": "Point",
        "coordinates": [
          15.0257353,
          40.1836226
        ]
      },
      "properties": {
        "id": 3093846646,
        "osm_type": "node",
        "name": "Mirasole",
        "tourism": "hotel"
      }
    },
    {
      "type": "Feature",
      "geometry": {
        "type": "Point",
        "coordinates": [
          15.0253568,
          40.1830793
        ]
      },
      "properties": {
        "id": 3093846647,
        "osm_type": "node",
        "name": "Stella Marina",
        "tourism": "hotel"
      }
    },
    {
      "type": "Feature",
      "geometry": {
        "type": "Point",
        "coordinates": [
          14.426632,
          40.6631218
        ]
      },
      "properties": {
        "id": 3094326590,
        "osm_type": "node",
        "name": "Hotel Aequa",
        "tourism": "hotel"
      }
    },
    {
      "type": "Feature",
      "geometry": {
        "type": "Point",
        "coordinates": [
          14.42897,
          40.6630659
        ]
      },
      "properties": {
        "id": 3094326591,
        "osm_type": "node",
        "name": "Hotel Astoria",
        "tourism": "hotel"
      }
    },
    {
      "type": "Feature",
      "geometry": {
        "type": "Point",
        "coordinates": [
          14.3573863,
          40.6255751
        ]
      },
      "properties": {
        "id": 3095624333,
        "osm_type": "node",
        "name": "Casale Antonietta",
        "tourism": "guest_house",
        "phone": "+39 081 878 2649",
        "website": "https://www.casaleantonietta.com/"
      }
    },
    {
      "type": "Feature",
      "geometry": {
        "type": "Point",
        "coordinates": [
          14.3722856,
          40.8212512
        ]
      },
      "properties": {
        "id": 3098211729,
        "osm_type": "node",
        "name": "Il Lapillo",
        "tourism": "guest_house",
        "phone": "+39 081 7773888"
      }
    },
    {
      "type": "Feature",
      "geometry": {
        "type": "Point",
        "coordinates": [
          14.4117593,
          40.6430884
        ]
      },
      "properties": {
        "id": 3098214150,
        "osm_type": "node",
        "name": "La Pennichella Sorrentina Relais",
        "tourism": "guest_house",
        "phone": "+39 333 9666879"
      }
    },
    {
      "type": "Feature",
      "geometry": {
        "type": "Point",
        "coordinates": [
          14.7575983,
          40.6793388
        ]
      },
      "properties": {
        "id": 3099028305,
        "osm_type": "node",
        "name": "B&B Salernoportodamare",
        "tourism": "guest_house"
      }
    },
    {
      "type": "Feature",
      "geometry": {
        "type": "Point",
        "coordinates": [
          15.4355595,
          40.1259137
        ]
      },
      "properties": {
        "id": 3106766640,
        "osm_type": "node",
        "name": "Le Stalle di Giuro",
        "tourism": "hotel",
        "website": "https://www.lestalledigiuro.com/"
      }
    },
    {
      "type": "Feature",
      "geometry": {
        "type": "Point",
        "coordinates": [
          13.9539824,
          40.7384678
        ]
      },
      "properties": {
        "id": 3130826426,
        "osm_type": "node",
        "name": "Ulisse",
        "tourism": "hotel"
      }
    },
    {
      "type": "Feature",
      "geometry": {
        "type": "Point",
        "coordinates": [
          14.7055861,
          40.7031695
        ]
      },
      "properties": {
        "id": 3134147588,
        "osm_type": "node",
        "name": "Hotel Victoria",
        "tourism": "hotel"
      }
    },
    {
      "type": "Feature",
      "geometry": {
        "type": "Point",
        "coordinates": [
          15.1369433,
          40.1694786
        ]
      },
      "properties": {
        "id": 3135784088,
        "osm_type": "node",
        "tourism": "hotel"
      }
    },
    {
      "type": "Feature",
      "geometry": {
        "type": "Point",
        "coordinates": [
          14.5353807,
          40.6316263
        ]
      },
      "properties": {
        "id": 3137249925,
        "osm_type": "node",
        "name": "Hotel Mamaral",
        "tourism": "hotel",
        "phone": "+39 081 879 1938",
        "website": "https://www.mamaral.it/"
      }
    },
    {
      "type": "Feature",
      "geometry": {
        "type": "Point",
        "coordinates": [
          14.3736985,
          40.6065534
        ]
      },
      "properties": {
        "id": 3152529762,
        "osm_type": "node",
        "name": "Hotel delle Palme",
        "tourism": "hotel",
        "phone": "+39 081 8780025",
        "website": "https://albergodellepalme.com/"
      }
    },
    {
      "type": "Feature",
      "geometry": {
        "type": "Point",
        "coordinates": [
          15.3641347,
          40.0614919
        ]
      },
      "properties": {
        "id": 3171802773,
        "osm_type": "node",
        "name": "Azienda Agrituristica Angela",
        "tourism": "guest_house",
        "website": "https://www.rurality.it/agriturismi/salerno/angela"
      }
    },
    {
      "type": "Feature",
      "geometry": {
        "type": "Point",
        "coordinates": [
          15.386319,
          40.3388759
        ]
      },
      "properties": {
        "id": 3176210705,
        "osm_type": "node",
        "name": "Agriturismo Reggina Piaggine",
        "tourism": "guest_house"
      }
    },
    {
      "type": "Feature",
      "geometry": {
        "type": "Point",
        "coordinates": [
          14.2631857,
          40.8536341
        ]
      },
      "properties": {
        "id": 3188927128,
        "osm_type": "node",
        "name": "Maruzzella",
        "tourism": "guest_house"
      }
    },
    {
      "type": "Feature",
      "geometry": {
        "type": "Point",
        "coordinates": [
          14.2600775,
          40.8507536
        ]
      },
      "properties": {
        "id": 3189134251,
        "osm_type": "node",
        "name": "B&B Il Sorriso",
        "tourism": "guest_house"
      }
    },
    {
      "type": "Feature",
      "geometry": {
        "type": "Point",
        "coordinates": [
          14.2597986,
          40.8513025
        ]
      },
      "properties": {
        "id": 3193305857,
        "osm_type": "node",
        "name": "B&B dei Decumani",
        "tourism": "guest_house"
      }
    },
    {
      "type": "Feature",
      "geometry": {
        "type": "Point",
        "coordinates": [
          14.2583448,
          40.8529946
        ]
      },
      "properties": {
        "id": 3193316302,
        "osm_type": "node",
        "name": "B&B Bruno's",
        "tourism": "guest_house"
      }
    },
    {
      "type": "Feature",
      "geometry": {
        "type": "Point",
        "coordinates": [
          14.5493184,
          40.6220687
        ]
      },
      "properties": {
        "id": 3198377759,
        "osm_type": "node",
        "name": "Il Nespolo",
        "tourism": "guest_house",
        "phone": "+39 089830358",
        "website": "https://www.il-nespolo.it/"
      }
    },
    {
      "type": "Feature",
      "geometry": {
        "type": "Point",
        "coordinates": [
          14.2423824,
          40.8447554
        ]
      },
      "properties": {
        "id": 3198508457,
        "osm_type": "node",
        "name": "La Pedamentina",
        "tourism": "guest_house",
        "phone": "+39 0815573555",
        "website": "http://www.pedamentina.it/"
      }
    },
    {
      "type": "Feature",
      "geometry": {
        "type": "Point",
        "coordinates": [
          14.5514615,
          40.7047971
        ]
      },
      "properties": {
        "id": 3203502108,
        "osm_type": "node",
        "tourism": "hotel",
        "website": "https://www.elisabetta.it/"
      }
    },
    {
      "type": "Feature",
      "geometry": {
        "type": "Point",
        "coordinates": [
          14.2610521,
          40.8518761
        ]
      },
      "properties": {
        "id": 3208085075,
        "osm_type": "node",
        "name": "B&B Napolibed",
        "tourism": "guest_house"
      }
    },
    {
      "type": "Feature",
      "geometry": {
        "type": "Point",
        "coordinates": [
          14.262612,
          40.8525077
        ]
      },
      "properties": {
        "id": 3208793814,
        "osm_type": "node",
        "name": "Robby's House",
        "tourism": "guest_house"
      }
    },
    {
      "type": "Feature",
      "geometry": {
        "type": "Point",
        "coordinates": [
          14.2606962,
          40.8527647
        ]
      },
      "properties": {
        "id": 3216506434,
        "osm_type": "node",
        "name": "B&B L'Antico Seggio",
        "tourism": "guest_house"
      }
    },
    {
      "type": "Feature",
      "geometry": {
        "type": "Point",
        "coordinates": [
          14.2605006,
          40.8528011
        ]
      },
      "properties": {
        "id": 3216506435,
        "osm_type": "node",
        "name": "B&B Queen Carolina's Homes",
        "tourism": "guest_house"
      }
    },
    {
      "type": "Feature",
      "geometry": {
        "type": "Point",
        "coordinates": [
          14.2606319,
          40.8528763
        ]
      },
      "properties": {
        "id": 3216518676,
        "osm_type": "node",
        "name": "B&B diLetto a Napoli",
        "tourism": "guest_house"
      }
    },
    {
      "type": "Feature",
      "geometry": {
        "type": "Point",
        "coordinates": [
          14.2593337,
          40.8521804
        ]
      },
      "properties": {
        "id": 3216520833,
        "osm_type": "node",
        "name": "B&B Naples Lovely Apartment",
        "tourism": "guest_house"
      }
    },
    {
      "type": "Feature",
      "geometry": {
        "type": "Point",
        "coordinates": [
          14.6979021,
          40.6512269
        ]
      },
      "properties": {
        "id": 3225459161,
        "osm_type": "node",
        "tourism": "guest_house"
      }
    },
    {
      "type": "Feature",
      "geometry": {
        "type": "Point",
        "coordinates": [
          15.0753162,
          40.3513166
        ]
      },
      "properties": {
        "id": 3248524025,
        "osm_type": "node",
        "name": "Casal Finocchito",
        "tourism": "hotel",
        "website": "https://www.casalfinocchito.it/"
      }
    },
    {
      "type": "Feature",
      "geometry": {
        "type": "Point",
        "coordinates": [
          14.2595524,
          40.8558784
        ]
      },
      "properties": {
        "id": 3274982442,
        "osm_type": "node",
        "name": "B&B Dimora Napoletana",
        "tourism": "guest_house"
      }
    },
    {
      "type": "Feature",
      "geometry": {
        "type": "Point",
        "coordinates": [
          14.2677035,
          40.8529526
        ]
      },
      "properties": {
        "id": 3275011821,
        "osm_type": "node",
        "name": "Hotel Napoli Centrale",
        "tourism": "hotel"
      }
    },
    {
      "type": "Feature",
      "geometry": {
        "type": "Point",
        "coordinates": [
          14.2666145,
          40.851015
        ]
      },
      "properties": {
        "id": 3275011925,
        "osm_type": "node",
        "name": "Napoli Suite",
        "tourism": "guest_house"
      }
    },
    {
      "type": "Feature",
      "geometry": {
        "type": "Point",
        "coordinates": [
          14.2521363,
          40.8442318
        ]
      },
      "properties": {
        "id": 3276379464,
        "osm_type": "node",
        "name": "BB La Tela Bianca",
        "tourism": "guest_house",
        "contact:phone": "+39 081 5527908",
        "website": "http://latelabianca.com/",
        "check_date": "2024-07-05"
      }
    },
    {
      "type": "Feature",
      "geometry": {
        "type": "Point",
        "coordinates": [
          14.2622621,
          40.8551939
        ]
      },
      "properties": {
        "id": 3314954690,
        "osm_type": "node",
        "name": "B&B Sant'Elmo",
        "tourism": "guest_house"
      }
    },
    {
      "type": "Feature",
      "geometry": {
        "type": "Point",
        "coordinates": [
          14.2694035,
          40.8472176
        ]
      },
      "properties": {
        "id": 3315078308,
        "osm_type": "node",
        "name": "Hotel Aurelio",
        "tourism": "hotel"
      }
    },
    {
      "type": "Feature",
      "geometry": {
        "type": "Point",
        "coordinates": [
          14.2687838,
          40.8500886
        ]
      },
      "properties": {
        "id": 3315078309,
        "osm_type": "node",
        "name": "B&B Bonapace Porta Nolana",
        "tourism": "guest_house"
      }
    },
    {
      "type": "Feature",
      "geometry": {
        "type": "Point",
        "coordinates": [
          14.2694968,
          40.851113
        ]
      },
      "properties": {
        "id": 3317168153,
        "osm_type": "node",
        "name": "Grand Hotel Vergilius Billia",
        "tourism": "hotel"
      }
    },
    {
      "type": "Feature",
      "geometry": {
        "type": "Point",
        "coordinates": [
          14.2693063,
          40.8508878
        ]
      },
      "properties": {
        "id": 3317168154,
        "osm_type": "node",
        "name": "Hotel Odeon",
        "tourism": "hotel"
      }
    },
    {
      "type": "Feature",
      "geometry": {
        "type": "Point",
        "coordinates": [
          14.269875,
          40.8511435
        ]
      },
      "properties": {
        "id": 3317168155,
        "osm_type": "node",
        "name": "Hotel Luna Rossa",
        "tourism": "hotel"
      }
    },
    {
      "type": "Feature",
      "geometry": {
        "type": "Point",
        "coordinates": [
          14.2692345,
          40.8514143
        ]
      },
      "properties": {
        "id": 3317168156,
        "osm_type": "node",
        "name": "Hotel Tourist",
        "tourism": "hotel"
      }
    },
    {
      "type": "Feature",
      "geometry": {
        "type": "Point",
        "coordinates": [
          14.2690294,
          40.8510694
        ]
      },
      "properties": {
        "id": 3317168157,
        "osm_type": "node",
        "name": "Hotel Holiday",
        "tourism": "hotel",
        "phone": "+39 081 5544265"
      }
    },
    {
      "type": "Feature",
      "geometry": {
        "type": "Point",
        "coordinates": [
          14.2672039,
          40.8504099
        ]
      },
      "properties": {
        "id": 3317172074,
        "osm_type": "node",
        "name": "Hotel Colombo",
        "tourism": "hotel",
        "check_date": "2023-05-18"
      }
    },
    {
      "type": "Feature",
      "geometry": {
        "type": "Point",
        "coordinates": [
          14.5488136,
          40.6202596
        ]
      },
      "properties": {
        "id": 3325689895,
        "osm_type": "node",
        "name": "Bacco Furore",
        "tourism": "hotel",
        "phone": "+39 089 830360"
      }
    },
    {
      "type": "Feature",
      "geometry": {
        "type": "Point",
        "coordinates": [
          14.6016269,
          40.6347321
        ]
      },
      "properties": {
        "id": 3325716674,
        "osm_type": "node",
        "name": "Residenza del Duca",
        "tourism": "hotel",
        "phone": "+39 089 873 6365"
      }
    },
    {
      "type": "Feature",
      "geometry": {
        "type": "Point",
        "coordinates": [
          14.2711291,
          40.8533833
        ]
      },
      "properties": {
        "id": 3344765899,
        "osm_type": "node",
        "name": "BB Napoli Stazione",
        "tourism": "guest_house"
      }
    },
    {
      "type": "Feature",
      "geometry": {
        "type": "Point",
        "coordinates": [
          14.2705957,
          40.8540519
        ]
      },
      "properties": {
        "id": 3344777592,
        "osm_type": "node",
        "name": "Valentine's House",
        "tourism": "hotel",
        "phone": "+39 338 595 4290"
      }
    },
    {
      "type": "Feature",
      "geometry": {
        "type": "Point",
        "coordinates": [
          14.2712686,
          40.8540365
        ]
      },
      "properties": {
        "id": 3344784585,
        "osm_type": "node",
        "name": "Hotel Mignon",
        "tourism": "hotel",
        "check_date": "2025-07-20"
      }
    },
    {
      "type": "Feature",
      "geometry": {
        "type": "Point",
        "coordinates": [
          14.2707667,
          40.8543505
        ]
      },
      "properties": {
        "id": 3344787483,
        "osm_type": "node",
        "name": "BB Firenze 32",
        "tourism": "guest_house"
      }
    },
    {
      "type": "Feature",
      "geometry": {
        "type": "Point",
        "coordinates": [
          14.270382,
          40.8532638
        ]
      },
      "properties": {
        "id": 3344790933,
        "osm_type": "node",
        "name": "Hotel Sant' Angelo",
        "tourism": "hotel"
      }
    },
    {
      "type": "Feature",
      "geometry": {
        "type": "Point",
        "coordinates": [
          14.270264,
          40.8538156
        ]
      },
      "properties": {
        "id": 3344791959,
        "osm_type": "node",
        "name": "Hotel Iris",
        "tourism": "hotel"
      }
    },
    {
      "type": "Feature",
      "geometry": {
        "type": "Point",
        "coordinates": [
          14.2692365,
          40.8533607
        ]
      },
      "properties": {
        "id": 3344792543,
        "osm_type": "node",
        "name": "Dolce Vita Rooms & Breakfast",
        "tourism": "guest_house",
        "opening_hours": "24/7",
        "phone": "+39 333 988 8176",
        "website": "https://www.hoteldolcevitanapoli.it/",
        "check_date": "2024-10-28"
      }
    },
    {
      "type": "Feature",
      "geometry": {
        "type": "Point",
        "coordinates": [
          14.2692499,
          40.8539105
        ]
      },
      "properties": {
        "id": 3344792553,
        "osm_type": "node",
        "name": "Hotel Zara",
        "tourism": "hotel",
        "check_date": "2025-08-30"
      }
    },
    {
      "type": "Feature",
      "geometry": {
        "type": "Point",
        "coordinates": [
          14.2689712,
          40.8533677
        ]
      },
      "properties": {
        "id": 3344792875,
        "osm_type": "node",
        "name": "Hotel Poker",
        "tourism": "hotel"
      }
    },
    {
      "type": "Feature",
      "geometry": {
        "type": "Point",
        "coordinates": [
          14.2703445,
          40.8534931
        ]
      },
      "properties": {
        "id": 3344793863,
        "osm_type": "node",
        "name": "Hotel Eden",
        "tourism": "hotel"
      }
    },
    {
      "type": "Feature",
      "geometry": {
        "type": "Point",
        "coordinates": [
          14.2691506,
          40.8537746
        ]
      },
      "properties": {
        "id": 3344795629,
        "osm_type": "node",
        "name": "Hotel Vittorio Veneto",
        "tourism": "hotel"
      }
    },
    {
      "type": "Feature",
      "geometry": {
        "type": "Point",
        "coordinates": [
          14.2687272,
          40.8538606
        ]
      },
      "properties": {
        "id": 3344799296,
        "osm_type": "node",
        "name": "BB Art Suite Principe Umberto",
        "tourism": "guest_house"
      }
    },
    {
      "type": "Feature",
      "geometry": {
        "type": "Point",
        "coordinates": [
          14.2678111,
          40.8534291
        ]
      },
      "properties": {
        "id": 3344799378,
        "osm_type": "node",
        "name": "Hotel Garden",
        "tourism": "hotel",
        "check_date": "2025-08-29"
      }
    },
    {
      "type": "Feature",
      "geometry": {
        "type": "Point",
        "coordinates": [
          14.2689579,
          40.8534692
        ]
      },
      "properties": {
        "id": 3344799567,
        "osm_type": "node",
        "name": "Hotel Regina",
        "tourism": "hotel"
      }
    },
    {
      "type": "Feature",
      "geometry": {
        "type": "Point",
        "coordinates": [
          14.2687244,
          40.853382
        ]
      },
      "properties": {
        "id": 3344799700,
        "osm_type": "node",
        "name": "Hotel Bella Napoli",
        "tourism": "hotel",
        "check_date": "2025-08-27"
      }
    },
    {
      "type": "Feature",
      "geometry": {
        "type": "Point",
        "coordinates": [
          14.2698643,
          40.8538745
        ]
      },
      "properties": {
        "id": 3344802593,
        "osm_type": "node",
        "name": "Hotel dei Mille",
        "tourism": "hotel",
        "check_date": "2025-08-30"
      }
    },
    {
      "type": "Feature",
      "geometry": {
        "type": "Point",
        "coordinates": [
          14.2673722,
          40.8543145
        ]
      },
      "properties": {
        "id": 3344803347,
        "osm_type": "node",
        "name": "Hotel Prati",
        "tourism": "hotel"
      }
    },
    {
      "type": "Feature",
      "geometry": {
        "type": "Point",
        "coordinates": [
          14.2518776,
          40.8443301
        ]
      },
      "properties": {
        "id": 3362140227,
        "osm_type": "node",
        "name": "Culture Hotel Centro Storico",
        "tourism": "hotel",
        "phone": "+39 081 552 94 35",
        "website": "https://centrostorico.culturehotel.it/"
      }
    },
    {
      "type": "Feature",
      "geometry": {
        "type": "Point",
        "coordinates": [
          14.2500785,
          40.8451397
        ]
      },
      "properties": {
        "id": 3362146178,
        "osm_type": "node",
        "name": "BB Dreaming Naples",
        "tourism": "guest_house"
      }
    },
    {
      "type": "Feature",
      "geometry": {
        "type": "Point",
        "coordinates": [
          14.2520754,
          40.8441293
        ]
      },
      "properties": {
        "id": 3362147073,
        "osm_type": "node",
        "name": "BB Alloggio dei Vassalli",
        "tourism": "guest_house",
        "check_date": "2024-07-06"
      }
    },
    {
      "type": "Feature",
      "geometry": {
        "type": "Point",
        "coordinates": [
          14.2630005,
          40.8578039
        ]
      },
      "properties": {
        "id": 3365893502,
        "osm_type": "node",
        "name": "B&B Eduardo",
        "tourism": "guest_house"
      }
    },
    {
      "type": "Feature",
      "geometry": {
        "type": "Point",
        "coordinates": [
          14.3789536,
          40.628412
        ]
      },
      "properties": {
        "id": 3372385102,
        "osm_type": "node",
        "name": "Grand Hotel Europa Palace",
        "tourism": "hotel"
      }
    },
    {
      "type": "Feature",
      "geometry": {
        "type": "Point",
        "coordinates": [
          14.5718499,
          40.6258468
        ]
      },
      "properties": {
        "id": 3380507764,
        "osm_type": "node",
        "name": "Agriturismo Luna d'Agerola",
        "tourism": "hotel",
        "phone": "+39 081 8025009"
      }
    },
    {
      "type": "Feature",
      "geometry": {
        "type": "Point",
        "coordinates": [
          14.2710108,
          40.8549094
        ]
      },
      "properties": {
        "id": 3388030729,
        "osm_type": "node",
        "name": "BB La Maison",
        "tourism": "guest_house"
      }
    },
    {
      "type": "Feature",
      "geometry": {
        "type": "Point",
        "coordinates": [
          14.2707827,
          40.8548933
        ]
      },
      "properties": {
        "id": 3388031808,
        "osm_type": "node",
        "name": "Hotel Viola",
        "tourism": "hotel"
      }
    },
    {
      "type": "Feature",
      "geometry": {
        "type": "Point",
        "coordinates": [
          14.2704839,
          40.8543124
        ]
      },
      "properties": {
        "id": 3388032659,
        "osm_type": "node",
        "name": "Hotel Guiren",
        "tourism": "hotel"
      }
    },
    {
      "type": "Feature",
      "geometry": {
        "type": "Point",
        "coordinates": [
          14.2697795,
          40.8544721
        ]
      },
      "properties": {
        "id": 3388034156,
        "osm_type": "node",
        "name": "Hotel Charlie",
        "tourism": "hotel"
      }
    },
    {
      "type": "Feature",
      "geometry": {
        "type": "Point",
        "coordinates": [
          15.4688474,
          40.1607193
        ]
      },
      "properties": {
        "id": 3392365166,
        "osm_type": "node",
        "name": "Casale Cerreto",
        "tourism": "guest_house"
      }
    },
    {
      "type": "Feature",
      "geometry": {
        "type": "Point",
        "coordinates": [
          14.2678493,
          40.8513751
        ]
      },
      "properties": {
        "id": 3394643033,
        "osm_type": "node",
        "name": "B&B Il Golfo",
        "tourism": "guest_house"
      }
    },
    {
      "type": "Feature",
      "geometry": {
        "type": "Point",
        "coordinates": [
          14.2671572,
          40.8541553
        ]
      },
      "properties": {
        "id": 3413220436,
        "osm_type": "node",
        "name": "Hotel La Pace",
        "tourism": "hotel"
      }
    },
    {
      "type": "Feature",
      "geometry": {
        "type": "Point",
        "coordinates": [
          14.2719958,
          40.8548025
        ]
      },
      "properties": {
        "id": 3413220913,
        "osm_type": "node",
        "name": "Hotel Ginevra",
        "tourism": "hotel",
        "check_date": "2025-11-13"
      }
    },
    {
      "type": "Feature",
      "geometry": {
        "type": "Point",
        "coordinates": [
          14.2727496,
          40.8545549
        ]
      },
      "properties": {
        "id": 3413241806,
        "osm_type": "node",
        "name": "Grand Hotel Europa",
        "tourism": "hotel",
        "check_date": "2026-02-14"
      }
    },
    {
      "type": "Feature",
      "geometry": {
        "type": "Point",
        "coordinates": [
          14.2738619,
          40.8542989
        ]
      },
      "properties": {
        "id": 3414554972,
        "osm_type": "node",
        "name": "Hotel Stelle The Businest",
        "tourism": "hotel"
      }
    },
    {
      "type": "Feature",
      "geometry": {
        "type": "Point",
        "coordinates": [
          14.2720613,
          40.8550274
        ]
      },
      "properties": {
        "id": 3416243627,
        "osm_type": "node",
        "name": "B&B Centraal Station",
        "tourism": "guest_house"
      }
    },
    {
      "type": "Feature",
      "geometry": {
        "type": "Point",
        "coordinates": [
          14.2718458,
          40.8561705
        ]
      },
      "properties": {
        "id": 3418399633,
        "osm_type": "node",
        "name": "B&B Cinquestelle",
        "tourism": "guest_house"
      }
    },
    {
      "type": "Feature",
      "geometry": {
        "type": "Point",
        "coordinates": [
          14.2506127,
          40.8327485
        ]
      },
      "properties": {
        "id": 3424971699,
        "osm_type": "node",
        "name": "B&B Orsini",
        "tourism": "guest_house"
      }
    },
    {
      "type": "Feature",
      "geometry": {
        "type": "Point",
        "coordinates": [
          14.2498779,
          40.8331028
        ]
      },
      "properties": {
        "id": 3424972672,
        "osm_type": "node",
        "name": "B&B Megaride Santa Lucia",
        "tourism": "guest_house"
      }
    },
    {
      "type": "Feature",
      "geometry": {
        "type": "Point",
        "coordinates": [
          14.2503338,
          40.8313442
        ]
      },
      "properties": {
        "id": 3424977299,
        "osm_type": "node",
        "name": "B&B I 34 Turchi",
        "tourism": "guest_house"
      }
    },
    {
      "type": "Feature",
      "geometry": {
        "type": "Point",
        "coordinates": [
          14.2502011,
          40.8308206
        ]
      },
      "properties": {
        "id": 3424983323,
        "osm_type": "node",
        "name": "B&B Relais sul Mare",
        "tourism": "guest_house"
      }
    },
    {
      "type": "Feature",
      "geometry": {
        "type": "Point",
        "coordinates": [
          14.2498295,
          40.830922
        ]
      },
      "properties": {
        "id": 3424983334,
        "osm_type": "node",
        "name": "Hotel Rex",
        "tourism": "hotel"
      }
    },
    {
      "type": "Feature",
      "geometry": {
        "type": "Point",
        "coordinates": [
          14.6425474,
          40.7055767
        ]
      },
      "properties": {
        "id": 3427659915,
        "osm_type": "node",
        "name": "B&B Farfalle e Gabbiani",
        "tourism": "guest_house",
        "phone": "+39 320 8373869",
        "website": "https://www.farfalleegabbiani.it/"
      }
    },
    {
      "type": "Feature",
      "geometry": {
        "type": "Point",
        "coordinates": [
          14.60206,
          40.6350848
        ]
      },
      "properties": {
        "id": 3429340380,
        "osm_type": "node",
        "name": "B&b Palazzo Pisani",
        "tourism": "guest_house"
      }
    },
    {
      "type": "Feature",
      "geometry": {
        "type": "Point",
        "coordinates": [
          14.2491094,
          40.8701042
        ]
      },
      "properties": {
        "id": 3429881327,
        "osm_type": "node",
        "name": "Il Portoncino B&B",
        "tourism": "guest_house",
        "phone": "+39 081 744 1067;+39 081 741 4006;+39 393 876 6568",
        "website": "http://www.ilportoncino.com"
      }
    },
    {
      "type": "Feature",
      "geometry": {
        "type": "Point",
        "coordinates": [
          14.6067649,
          40.6331495
        ]
      },
      "properties": {
        "id": 3436993871,
        "osm_type": "node",
        "name": "Hotel Luna Convento",
        "tourism": "hotel",
        "check_date": "2025-07-23"
      }
    },
    {
      "type": "Feature",
      "geometry": {
        "type": "Point",
        "coordinates": [
          14.2440624,
          40.5491351
        ]
      },
      "properties": {
        "id": 3438534093,
        "osm_type": "node",
        "name": "Hotel Regina Cristina",
        "tourism": "hotel"
      }
    },
    {
      "type": "Feature",
      "geometry": {
        "type": "Point",
        "coordinates": [
          14.2429836,
          40.8316304
        ]
      },
      "properties": {
        "id": 3465938978,
        "osm_type": "node",
        "name": "B&B Partenope Relais",
        "tourism": "guest_house"
      }
    },
    {
      "type": "Feature",
      "geometry": {
        "type": "Point",
        "coordinates": [
          14.2572686,
          40.849225
        ]
      },
      "properties": {
        "id": 3496478269,
        "osm_type": "node",
        "name": "B&B Domus Rosa",
        "tourism": "guest_house",
        "phone": "+39 081 5516005",
        "website": "http://www.domusrosa.it",
        "check_date": "2025-12-01"
      }
    },
    {
      "type": "Feature",
      "geometry": {
        "type": "Point",
        "coordinates": [
          14.2465048,
          40.8365949
        ]
      },
      "properties": {
        "id": 3501305732,
        "osm_type": "node",
        "name": "Chiaia Hotel de Charme",
        "tourism": "hotel",
        "phone": "+39 081 415555",
        "website": "http://www.chiaiahotel.com/napoli/"
      }
    },
    {
      "type": "Feature",
      "geometry": {
        "type": "Point",
        "coordinates": [
          14.2453742,
          40.8359384
        ]
      },
      "properties": {
        "id": 3501310278,
        "osm_type": "node",
        "name": "Aparthotel Plebiscito",
        "tourism": "hotel",
        "phone": "+39081410059",
        "website": "http://www.aparthotelplebiscito.eu"
      }
    },
    {
      "type": "Feature",
      "geometry": {
        "type": "Point",
        "coordinates": [
          14.2430342,
          40.8330416
        ]
      },
      "properties": {
        "id": 3503343303,
        "osm_type": "node",
        "name": "B&B Morelli 49",
        "tourism": "guest_house"
      }
    },
    {
      "type": "Feature",
      "geometry": {
        "type": "Point",
        "coordinates": [
          15.4859101,
          40.4927826
        ]
      },
      "properties": {
        "id": 3508208813,
        "osm_type": "node",
        "name": "Agriturismo Il Pozzo di Peppino",
        "tourism": "guest_house"
      }
    },
    {
      "type": "Feature",
      "geometry": {
        "type": "Point",
        "coordinates": [
          15.4511913,
          40.5385485
        ]
      },
      "properties": {
        "id": 3508239870,
        "osm_type": "node",
        "name": "Zi Marianna",
        "tourism": "hotel"
      }
    },
    {
      "type": "Feature",
      "geometry": {
        "type": "Point",
        "coordinates": [
          15.4313563,
          40.5333422
        ]
      },
      "properties": {
        "id": 3508255471,
        "osm_type": "node",
        "name": "Agriturismo Lontrano",
        "tourism": "guest_house"
      }
    },
    {
      "type": "Feature",
      "geometry": {
        "type": "Point",
        "coordinates": [
          15.5019708,
          40.5186161
        ]
      },
      "properties": {
        "id": 3508298430,
        "osm_type": "node",
        "name": "Belvedere",
        "tourism": "hotel"
      }
    },
    {
      "type": "Feature",
      "geometry": {
        "type": "Point",
        "coordinates": [
          15.2330517,
          40.1082368
        ]
      },
      "properties": {
        "id": 3509970849,
        "osm_type": "node",
        "name": "Hotel Marulivo",
        "tourism": "hotel"
      }
    },
    {
      "type": "Feature",
      "geometry": {
        "type": "Point",
        "coordinates": [
          14.4020199,
          40.6385393
        ]
      },
      "properties": {
        "id": 3520607270,
        "osm_type": "node",
        "name": "L'Approdo",
        "tourism": "guest_house"
      }
    },
    {
      "type": "Feature",
      "geometry": {
        "type": "Point",
        "coordinates": [
          14.3973079,
          40.6336525
        ]
      },
      "properties": {
        "id": 3520608127,
        "osm_type": "node",
        "name": "Alpha",
        "tourism": "hotel"
      }
    },
    {
      "type": "Feature",
      "geometry": {
        "type": "Point",
        "coordinates": [
          14.4028146,
          40.6384401
        ]
      },
      "properties": {
        "id": 3520608132,
        "osm_type": "node",
        "name": "Cosmomare",
        "tourism": "hotel"
      }
    },
    {
      "type": "Feature",
      "geometry": {
        "type": "Point",
        "coordinates": [
          14.3908157,
          40.6358632
        ]
      },
      "properties": {
        "id": 3520612323,
        "osm_type": "node",
        "name": "Villa Garden",
        "tourism": "hotel"
      }
    },
    {
      "type": "Feature",
      "geometry": {
        "type": "Point",
        "coordinates": [
          14.3913738,
          40.635962
        ]
      },
      "properties": {
        "id": 3520612325,
        "osm_type": "node",
        "name": "Purple",
        "tourism": "hotel"
      }
    },
    {
      "type": "Feature",
      "geometry": {
        "type": "Point",
        "coordinates": [
          14.2723667,
          40.9338387
        ]
      },
      "properties": {
        "id": 3547908574,
        "osm_type": "node",
        "name": "Hotel Palazzo Mulada",
        "tourism": "hotel",
        "phone": "+39 081 0483645",
        "website": "http://www.palazzomulada.it"
      }
    },
    {
      "type": "Feature",
      "geometry": {
        "type": "Point",
        "coordinates": [
          14.4295496,
          40.6502777
        ]
      },
      "properties": {
        "id": 3558429467,
        "osm_type": "node",
        "name": "Villa Antonella resort e casa vacanza",
        "tourism": "chalet",
        "phone": "+39 348 8607320",
        "website": "www.villaantonella.eu"
      }
    },
    {
      "type": "Feature",
      "geometry": {
        "type": "Point",
        "coordinates": [
          13.947271,
          40.7416356
        ]
      },
      "properties": {
        "id": 3566594539,
        "osm_type": "node",
        "name": "B&B MaryP",
        "tourism": "guest_house",
        "phone": "+39 338 5829493",
        "website": "www.bbmaryp-ischia.it"
      }
    },
    {
      "type": "Feature",
      "geometry": {
        "type": "Point",
        "coordinates": [
          14.6508937,
          40.6451947
        ]
      },
      "properties": {
        "id": 3589298066,
        "osm_type": "node",
        "name": "Residence La Dolce Vita",
        "tourism": "hotel"
      }
    },
    {
      "type": "Feature",
      "geometry": {
        "type": "Point",
        "coordinates": [
          14.6554238,
          40.6431511
        ]
      },
      "properties": {
        "id": 3589308035,
        "osm_type": "node",
        "name": "Hotel Villa Pandora",
        "tourism": "hotel",
        "phone": "+39 089 877966",
        "contact:phone": "+39 389 9841471 w.app",
        "website": "https://www.villapandora.it/"
      }
    },
    {
      "type": "Feature",
      "geometry": {
        "type": "Point",
        "coordinates": [
          14.6585579,
          40.6426343
        ]
      },
      "properties": {
        "id": 3589318859,
        "osm_type": "node",
        "name": "Bella Baia Relais",
        "tourism": "hotel"
      }
    },
    {
      "type": "Feature",
      "geometry": {
        "type": "Point",
        "coordinates": [
          14.6687171,
          40.6394963
        ]
      },
      "properties": {
        "id": 3589326694,
        "osm_type": "node",
        "name": "La Torre della Limonaia",
        "tourism": "hotel"
      }
    },
    {
      "type": "Feature",
      "geometry": {
        "type": "Point",
        "coordinates": [
          14.6985059,
          40.6442259
        ]
      },
      "properties": {
        "id": 3589343948,
        "osm_type": "node",
        "name": "Villa il Gabbiano",
        "tourism": "hotel"
      }
    },
    {
      "type": "Feature",
      "geometry": {
        "type": "Point",
        "coordinates": [
          14.3752944,
          40.8009491
        ]
      },
      "properties": {
        "id": 3605423058,
        "osm_type": "node",
        "name": "Villa Patrizia",
        "tourism": "guest_house"
      }
    },
    {
      "type": "Feature",
      "geometry": {
        "type": "Point",
        "coordinates": [
          14.2219153,
          40.8288294
        ]
      },
      "properties": {
        "id": 3646181363,
        "osm_type": "node",
        "name": "hotel Ausonia",
        "tourism": "hotel",
        "check_date": "2019-03-05"
      }
    },
    {
      "type": "Feature",
      "geometry": {
        "type": "Point",
        "coordinates": [
          14.5415477,
          40.6311022
        ]
      },
      "properties": {
        "id": 3647774221,
        "osm_type": "node",
        "name": "Nido Verde",
        "tourism": "guest_house"
      }
    },
    {
      "type": "Feature",
      "geometry": {
        "type": "Point",
        "coordinates": [
          14.4860686,
          41.2077355
        ]
      },
      "properties": {
        "id": 3667339419,
        "osm_type": "node",
        "name": "Hotel La Piana",
        "tourism": "hotel"
      }
    },
    {
      "type": "Feature",
      "geometry": {
        "type": "Point",
        "coordinates": [
          15.3019392,
          40.5292417
        ]
      },
      "properties": {
        "id": 3668756736,
        "osm_type": "node",
        "name": "Rifugio Varroncelli",
        "tourism": "alpine_hut"
      }
    },
    {
      "type": "Feature",
      "geometry": {
        "type": "Point",
        "coordinates": [
          14.2449297,
          40.8310771
        ]
      },
      "properties": {
        "id": 3671547482,
        "osm_type": "node",
        "name": "B&B Luna Caprese",
        "tourism": "guest_house",
        "contact:phone": "+39 081 764 6383",
        "website": "https://www.lunacaprese.net"
      }
    },
    {
      "type": "Feature",
      "geometry": {
        "type": "Point",
        "coordinates": [
          14.2442472,
          40.8317404
        ]
      },
      "properties": {
        "id": 3671548130,
        "osm_type": "node",
        "name": "B&B Napoli Sea",
        "tourism": "guest_house"
      }
    },
    {
      "type": "Feature",
      "geometry": {
        "type": "Point",
        "coordinates": [
          14.2462095,
          40.8305795
        ]
      },
      "properties": {
        "id": 3671555257,
        "osm_type": "node",
        "name": "B&B Skyhouse",
        "tourism": "guest_house"
      }
    },
    {
      "type": "Feature",
      "geometry": {
        "type": "Point",
        "coordinates": [
          14.3555727,
          40.8665281
        ]
      },
      "properties": {
        "id": 3761549094,
        "osm_type": "node",
        "name": "Relais Villa Buonanno",
        "tourism": "hotel"
      }
    },
    {
      "type": "Feature",
      "geometry": {
        "type": "Point",
        "coordinates": [
          14.5492663,
          41.1921776
        ]
      },
      "properties": {
        "id": 3766090228,
        "osm_type": "node",
        "name": "Bed & Breakfast Silvana Sellaroli",
        "tourism": "guest_house"
      }
    },
    {
      "type": "Feature",
      "geometry": {
        "type": "Point",
        "coordinates": [
          14.2221337,
          40.5558923
        ]
      },
      "properties": {
        "id": 3904032148,
        "osm_type": "node",
        "name": "Capri Palace Hotel & Spa",
        "tourism": "hotel"
      }
    },
    {
      "type": "Feature",
      "geometry": {
        "type": "Point",
        "coordinates": [
          14.2223784,
          40.5562552
        ]
      },
      "properties": {
        "id": 3904034861,
        "osm_type": "node",
        "name": "Capri Beauty Farm",
        "tourism": "hotel"
      }
    },
    {
      "type": "Feature",
      "geometry": {
        "type": "Point",
        "coordinates": [
          14.5672086,
          40.6244774
        ]
      },
      "properties": {
        "id": 3904956412,
        "osm_type": "node",
        "name": "House Renè",
        "tourism": "guest_house"
      }
    },
    {
      "type": "Feature",
      "geometry": {
        "type": "Point",
        "coordinates": [
          14.5007284,
          40.7480168
        ]
      },
      "properties": {
        "id": 3923655154,
        "osm_type": "node",
        "name": "B&B Eco",
        "tourism": "hotel",
        "phone": "+39 327 1368348",
        "check_date": "2025-12-09"
      }
    },
    {
      "type": "Feature",
      "geometry": {
        "type": "Point",
        "coordinates": [
          14.3947135,
          40.6288289
        ]
      },
      "properties": {
        "id": 3940158141,
        "osm_type": "node",
        "name": "Grand Hotel Parco del Sole",
        "tourism": "hotel",
        "phone": "+39 081 8073633",
        "website": "https://www.gigliohotels.it/en/parcodelsole"
      }
    },
    {
      "type": "Feature",
      "geometry": {
        "type": "Point",
        "coordinates": [
          14.2458534,
          40.5499917
        ]
      },
      "properties": {
        "id": 3947779997,
        "osm_type": "node",
        "name": "Hotel Syrene",
        "tourism": "hotel"
      }
    },
    {
      "type": "Feature",
      "geometry": {
        "type": "Point",
        "coordinates": [
          14.2507897,
          40.8423205
        ]
      },
      "properties": {
        "id": 3983740318,
        "osm_type": "node",
        "name": "B&B international naples",
        "tourism": "guest_house",
        "phone": "+39 329 1736566"
      }
    },
    {
      "type": "Feature",
      "geometry": {
        "type": "Point",
        "coordinates": [
          14.2484386,
          40.8407667
        ]
      },
      "properties": {
        "id": 3986476744,
        "osm_type": "node",
        "name": "B&B Monaciello",
        "tourism": "guest_house"
      }
    },
    {
      "type": "Feature",
      "geometry": {
        "type": "Point",
        "coordinates": [
          14.2485191,
          40.8412936
        ]
      },
      "properties": {
        "id": 3986476748,
        "osm_type": "node",
        "name": "B&B Casale a Toledo",
        "tourism": "guest_house"
      }
    },
    {
      "type": "Feature",
      "geometry": {
        "type": "Point",
        "coordinates": [
          14.6130929,
          40.6382588
        ]
      },
      "properties": {
        "id": 3988208292,
        "osm_type": "node",
        "name": "Villa San Michele",
        "tourism": "hotel",
        "check_date": "2025-07-23"
      }
    },
    {
      "type": "Feature",
      "geometry": {
        "type": "Point",
        "coordinates": [
          14.4572207,
          40.7579099
        ]
      },
      "properties": {
        "id": 4001554347,
        "osm_type": "node",
        "name": "Domus Vesuvia B&B",
        "tourism": "guest_house"
      }
    },
    {
      "type": "Feature",
      "geometry": {
        "type": "Point",
        "coordinates": [
          15.0126927,
          41.0601051
        ]
      },
      "properties": {
        "id": 4004153020,
        "osm_type": "node",
        "name": "Mirabella Hotel",
        "tourism": "hotel"
      }
    },
    {
      "type": "Feature",
      "geometry": {
        "type": "Point",
        "coordinates": [
          14.268185,
          40.8512687
        ]
      },
      "properties": {
        "id": 4007244750,
        "osm_type": "node",
        "name": "B&B La Peonia",
        "tourism": "guest_house"
      }
    },
    {
      "type": "Feature",
      "geometry": {
        "type": "Point",
        "coordinates": [
          15.2825845,
          40.091261
        ]
      },
      "properties": {
        "id": 4011247109,
        "osm_type": "node",
        "name": "B&B Le Fontanelle",
        "tourism": "hotel"
      }
    },
    {
      "type": "Feature",
      "geometry": {
        "type": "Point",
        "coordinates": [
          14.4653764,
          40.7490002
        ]
      },
      "properties": {
        "id": 4014389076,
        "osm_type": "node",
        "name": "Hotel Grillo Verde",
        "tourism": "hotel",
        "website": "https://www.hotelgrilloverde.it/"
      }
    },
    {
      "type": "Feature",
      "geometry": {
        "type": "Point",
        "coordinates": [
          14.2475876,
          40.8405378
        ]
      },
      "properties": {
        "id": 4020177440,
        "osm_type": "node",
        "name": "Hotel Il Convento",
        "tourism": "hotel"
      }
    },
    {
      "type": "Feature",
      "geometry": {
        "type": "Point",
        "coordinates": [
          14.2474242,
          40.8392728
        ]
      },
      "properties": {
        "id": 4031076624,
        "osm_type": "node",
        "name": "B&B Augusteo",
        "tourism": "guest_house"
      }
    },
    {
      "type": "Feature",
      "geometry": {
        "type": "Point",
        "coordinates": [
          14.24778,
          40.8391301
        ]
      },
      "properties": {
        "id": 4031133537,
        "osm_type": "node",
        "name": "B&B Casa Mariella",
        "tourism": "guest_house"
      }
    },
    {
      "type": "Feature",
      "geometry": {
        "type": "Point",
        "coordinates": [
          15.3243898,
          40.089933
        ]
      },
      "properties": {
        "id": 4033063953,
        "osm_type": "node",
        "name": "Martin Pescatore",
        "tourism": "guest_house"
      }
    },
    {
      "type": "Feature",
      "geometry": {
        "type": "Point",
        "coordinates": [
          14.2466082,
          40.8398393
        ]
      },
      "properties": {
        "id": 4033255788,
        "osm_type": "node",
        "name": "Spagnoli Halldis Apartments",
        "tourism": "guest_house"
      }
    },
    {
      "type": "Feature",
      "geometry": {
        "type": "Point",
        "coordinates": [
          14.2443162,
          40.8397048
        ]
      },
      "properties": {
        "id": 4033377224,
        "osm_type": "node",
        "name": "B&B La Concordia",
        "tourism": "guest_house",
        "phone": "+39 081 412349",
        "website": "http://www.laconcordia.it/"
      }
    },
    {
      "type": "Feature",
      "geometry": {
        "type": "Point",
        "coordinates": [
          15.4314431,
          40.0955857
        ]
      },
      "properties": {
        "id": 4039954922,
        "osm_type": "node",
        "name": "B&B La Timpa del Cucco",
        "tourism": "guest_house"
      }
    },
    {
      "type": "Feature",
      "geometry": {
        "type": "Point",
        "coordinates": [
          14.9383433,
          40.2677639
        ]
      },
      "properties": {
        "id": 4063162272,
        "osm_type": "node",
        "name": "Hotel Antonietta",
        "tourism": "hotel"
      }
    },
    {
      "type": "Feature",
      "geometry": {
        "type": "Point",
        "coordinates": [
          14.4827815,
          40.6998943
        ]
      },
      "properties": {
        "id": 4076880311,
        "osm_type": "node",
        "name": "Hotel Stabia",
        "tourism": "hotel"
      }
    },
    {
      "type": "Feature",
      "geometry": {
        "type": "Point",
        "coordinates": [
          14.477808,
          40.6944907
        ]
      },
      "properties": {
        "id": 4076880326,
        "osm_type": "node",
        "name": "Hotel Montil",
        "tourism": "hotel"
      }
    },
    {
      "type": "Feature",
      "geometry": {
        "type": "Point",
        "coordinates": [
          15.7003175,
          40.2788053
        ]
      },
      "properties": {
        "id": 4079641273,
        "osm_type": "node",
        "name": "Casa vacanze La Vigna",
        "tourism": "guest_house",
        "website": "http://www.casavacanzelavigna.it/"
      }
    },
    {
      "type": "Feature",
      "geometry": {
        "type": "Point",
        "coordinates": [
          14.5217586,
          40.7899385
        ]
      },
      "properties": {
        "id": 4085186092,
        "osm_type": "node",
        "name": "Hotel la Fenice",
        "tourism": "hotel",
        "phone": "+39 081 859 2716",
        "website": "https://www.hotellafenice.org/"
      }
    },
    {
      "type": "Feature",
      "geometry": {
        "type": "Point",
        "coordinates": [
          14.4835872,
          40.7471325
        ]
      },
      "properties": {
        "id": 4085294289,
        "osm_type": "node",
        "name": "Hotel Suisse",
        "tourism": "hotel",
        "website": "http://www.suissepompei.com"
      }
    },
    {
      "type": "Feature",
      "geometry": {
        "type": "Point",
        "coordinates": [
          14.4850592,
          40.7469961
        ]
      },
      "properties": {
        "id": 4085294293,
        "osm_type": "node",
        "name": "Hotel Vittoria",
        "tourism": "hotel",
        "phone": "+39 081 536 9016",
        "website": "https://www.pompeihotelvittoria.com/"
      }
    },
    {
      "type": "Feature",
      "geometry": {
        "type": "Point",
        "coordinates": [
          14.4771404,
          40.7473157
        ]
      },
      "properties": {
        "id": 4086317589,
        "osm_type": "node",
        "name": "B&B Villa Rocla",
        "tourism": "guest_house",
        "phone": "+39 081 5365544"
      }
    },
    {
      "type": "Feature",
      "geometry": {
        "type": "Point",
        "coordinates": [
          14.2502763,
          40.8397811
        ]
      },
      "properties": {
        "id": 4088337777,
        "osm_type": "node",
        "name": "La Ciliegina Lifestyle Hotel",
        "tourism": "hotel",
        "phone": "+39 081 19718800",
        "website": "https://www.cilieginahotel.it/",
        "check_date": "2026-02-25"
      }
    },
    {
      "type": "Feature",
      "geometry": {
        "type": "Point",
        "coordinates": [
          14.4899773,
          40.6278999
        ]
      },
      "properties": {
        "id": 4093562737,
        "osm_type": "node",
        "name": "Marincanto",
        "tourism": "hotel",
        "check_date": "2025-07-23"
      }
    },
    {
      "type": "Feature",
      "geometry": {
        "type": "Point",
        "coordinates": [
          14.4451242,
          40.7573573
        ]
      },
      "properties": {
        "id": 4095615759,
        "osm_type": "node",
        "name": "B&B \"Il giardino di Tonia\"",
        "tourism": "guest_house",
        "phone": "+39 081 8615777",
        "website": "https://www.ilgiardinoditonia.it/"
      }
    },
    {
      "type": "Feature",
      "geometry": {
        "type": "Point",
        "coordinates": [
          15.0174787,
          40.2424764
        ]
      },
      "properties": {
        "id": 4099979915,
        "osm_type": "node",
        "name": "Locanda La Corte",
        "tourism": "guest_house"
      }
    },
    {
      "type": "Feature",
      "geometry": {
        "type": "Point",
        "coordinates": [
          14.2176531,
          40.8626989
        ]
      },
      "properties": {
        "id": 4136104191,
        "osm_type": "node",
        "name": "Hotel Camaldoli",
        "tourism": "hotel"
      }
    },
    {
      "type": "Feature",
      "geometry": {
        "type": "Point",
        "coordinates": [
          13.8623082,
          40.721589
        ]
      },
      "properties": {
        "id": 4148695289,
        "osm_type": "node",
        "name": "Punta Imperatore",
        "tourism": "hotel",
        "phone": "+39 081 907140"
      }
    },
    {
      "type": "Feature",
      "geometry": {
        "type": "Point",
        "coordinates": [
          14.496669,
          40.6327883
        ]
      },
      "properties": {
        "id": 4149943689,
        "osm_type": "node",
        "name": "Mama Rosa's B&B",
        "tourism": "hotel",
        "phone": "+39 089 875546"
      }
    },
    {
      "type": "Feature",
      "geometry": {
        "type": "Point",
        "coordinates": [
          15.7003582,
          40.2733263
        ]
      },
      "properties": {
        "id": 4151982889,
        "osm_type": "node",
        "name": "Palazzo Cestari",
        "tourism": "hotel",
        "phone": "+39 0975 081019"
      }
    },
    {
      "type": "Feature",
      "geometry": {
        "type": "Point",
        "coordinates": [
          14.2407227,
          40.5500619
        ]
      },
      "properties": {
        "id": 4156614189,
        "osm_type": "node",
        "name": "Hotel Capri",
        "tourism": "hotel"
      }
    },
    {
      "type": "Feature",
      "geometry": {
        "type": "Point",
        "coordinates": [
          14.1562,
          40.8222403
        ]
      },
      "properties": {
        "id": 4159322196,
        "osm_type": "node",
        "name": "Hotel Tiro a Volo",
        "tourism": "hotel",
        "phone": "+39 081 570 4540",
        "website": "http://www.hoteltiroavolo.it"
      }
    },
    {
      "type": "Feature",
      "geometry": {
        "type": "Point",
        "coordinates": [
          14.2478048,
          40.8377147
        ]
      },
      "properties": {
        "id": 4159708170,
        "osm_type": "node",
        "name": "B&B Al San Carlo",
        "tourism": "guest_house"
      }
    },
    {
      "type": "Feature",
      "geometry": {
        "type": "Point",
        "coordinates": [
          14.6235664,
          40.6479656
        ]
      },
      "properties": {
        "id": 4161303089,
        "osm_type": "node",
        "name": "La Clarissa",
        "tourism": "guest_house"
      }
    },
    {
      "type": "Feature",
      "geometry": {
        "type": "Point",
        "coordinates": [
          15.2680299,
          40.0832902
        ]
      },
      "properties": {
        "id": 4162671792,
        "osm_type": "node",
        "name": "Agriturismo Valle di Marco",
        "tourism": "hotel"
      }
    },
    {
      "type": "Feature",
      "geometry": {
        "type": "Point",
        "coordinates": [
          14.0174915,
          40.9415513
        ]
      },
      "properties": {
        "id": 4163331731,
        "osm_type": "node",
        "name": "Hotel Le Dune II",
        "tourism": "hotel"
      }
    },
    {
      "type": "Feature",
      "geometry": {
        "type": "Point",
        "coordinates": [
          14.2474014,
          40.8375113
        ]
      },
      "properties": {
        "id": 4171990809,
        "osm_type": "node",
        "name": "B&B La Casetta",
        "tourism": "guest_house",
        "phone": "+39 081 406810",
        "website": "http://www.lacasettavacanze.it/?lang=en"
      }
    },
    {
      "type": "Feature",
      "geometry": {
        "type": "Point",
        "coordinates": [
          14.2474093,
          40.8371745
        ]
      },
      "properties": {
        "id": 4171990866,
        "osm_type": "node",
        "name": "B&B Trieste e Trento",
        "tourism": "guest_house"
      }
    },
    {
      "type": "Feature",
      "geometry": {
        "type": "Point",
        "coordinates": [
          14.2480093,
          40.8656303
        ]
      },
      "properties": {
        "id": 4174698334,
        "osm_type": "node",
        "name": "Grand Hotel Capodimonte",
        "tourism": "hotel"
      }
    },
    {
      "type": "Feature",
      "geometry": {
        "type": "Point",
        "coordinates": [
          14.6763155,
          40.6380587
        ]
      },
      "properties": {
        "id": 4175657190,
        "osm_type": "node",
        "name": "Tenuta Solomita",
        "tourism": "hotel"
      }
    },
    {
      "type": "Feature",
      "geometry": {
        "type": "Point",
        "coordinates": [
          14.6762974,
          40.6380729
        ]
      },
      "properties": {
        "id": 4175664091,
        "osm_type": "node",
        "name": "Tenuta Solomita",
        "tourism": "hotel"
      }
    },
    {
      "type": "Feature",
      "geometry": {
        "type": "Point",
        "coordinates": [
          13.8652486,
          40.7232789
        ]
      },
      "properties": {
        "id": 4188845889,
        "osm_type": "node",
        "name": "Parco Hotel Terme Villa Teresa ",
        "tourism": "hotel"
      }
    },
    {
      "type": "Feature",
      "geometry": {
        "type": "Point",
        "coordinates": [
          14.2438594,
          40.5504056
        ]
      },
      "properties": {
        "id": 4195537203,
        "osm_type": "node",
        "name": "La Palma",
        "tourism": "hotel",
        "check_date": "2024-10-04"
      }
    },
    {
      "type": "Feature",
      "geometry": {
        "type": "Point",
        "coordinates": [
          14.4825389,
          40.6309218
        ]
      },
      "properties": {
        "id": 4197643321,
        "osm_type": "node",
        "name": "Hotel Royal Positano",
        "tourism": "hotel"
      }
    },
    {
      "type": "Feature",
      "geometry": {
        "type": "Point",
        "coordinates": [
          14.6259359,
          40.6489767
        ]
      },
      "properties": {
        "id": 4204181089,
        "osm_type": "node",
        "name": "Palazzo Vingius",
        "tourism": "hotel",
        "check_date": "2025-07-24"
      }
    },
    {
      "type": "Feature",
      "geometry": {
        "type": "Point",
        "coordinates": [
          13.8879563,
          40.7533059
        ]
      },
      "properties": {
        "id": 4207981649,
        "osm_type": "node",
        "name": "La Sirenella",
        "tourism": "hotel"
      }
    },
    {
      "type": "Feature",
      "geometry": {
        "type": "Point",
        "coordinates": [
          14.4860938,
          40.6275495
        ]
      },
      "properties": {
        "id": 4210706501,
        "osm_type": "node",
        "name": "Covo dei Saraceni",
        "tourism": "hotel",
        "phone": "+39 089 875400",
        "website": "https://www.covodeisaraceni.it/"
      }
    },
    {
      "type": "Feature",
      "geometry": {
        "type": "Point",
        "coordinates": [
          14.4867594,
          40.6292409
        ]
      },
      "properties": {
        "id": 4212006393,
        "osm_type": "node",
        "name": "Palazzo Murat Hotel",
        "tourism": "hotel",
        "opening_hours": "24/7",
        "phone": "+39 089 875177",
        "website": "https://palazzomurat.it/"
      }
    },
    {
      "type": "Feature",
      "geometry": {
        "type": "Point",
        "coordinates": [
          14.5038108,
          40.6232041
        ]
      },
      "properties": {
        "id": 4213529294,
        "osm_type": "node",
        "name": "San Pietro",
        "tourism": "hotel",
        "opening_hours": "24/7"
      }
    },
    {
      "type": "Feature",
      "geometry": {
        "type": "Point",
        "coordinates": [
          14.6130259,
          40.6499441
        ]
      },
      "properties": {
        "id": 4213941489,
        "osm_type": "node",
        "name": "Villa Fraulo",
        "tourism": "hotel"
      }
    },
    {
      "type": "Feature",
      "geometry": {
        "type": "Point",
        "coordinates": [
          14.6130192,
          40.6501893
        ]
      },
      "properties": {
        "id": 4213944289,
        "osm_type": "node",
        "name": "Palumbo - Palazzo Confalone",
        "tourism": "hotel"
      }
    },
    {
      "type": "Feature",
      "geometry": {
        "type": "Point",
        "coordinates": [
          14.6129779,
          40.6513842
        ]
      },
      "properties": {
        "id": 4213953289,
        "osm_type": "node",
        "name": "Caruso",
        "tourism": "hotel"
      }
    },
    {
      "type": "Feature",
      "geometry": {
        "type": "Point",
        "coordinates": [
          14.6118976,
          40.6483724
        ]
      },
      "properties": {
        "id": 4214033190,
        "osm_type": "node",
        "name": "Rufolo",
        "tourism": "hotel"
      }
    },
    {
      "type": "Feature",
      "geometry": {
        "type": "Point",
        "coordinates": [
          14.7585264,
          40.6793754
        ]
      },
      "properties": {
        "id": 4214329689,
        "osm_type": "node",
        "name": "B&B Adelberga",
        "tourism": "guest_house",
        "phone": "+39 335 6865642",
        "website": "http://www.adelbergabebsalerno.it/"
      }
    },
    {
      "type": "Feature",
      "geometry": {
        "type": "Point",
        "coordinates": [
          14.2693809,
          40.8542167
        ]
      },
      "properties": {
        "id": 4216916321,
        "osm_type": "node",
        "name": "Palazzo Firenze",
        "tourism": "hotel",
        "check_date": "2025-08-28"
      }
    },
    {
      "type": "Feature",
      "geometry": {
        "type": "Point",
        "coordinates": [
          14.7612414,
          40.67852
        ]
      },
      "properties": {
        "id": 4216948390,
        "osm_type": "node",
        "name": "B&B Centrale",
        "tourism": "guest_house"
      }
    },
    {
      "type": "Feature",
      "geometry": {
        "type": "Point",
        "coordinates": [
          14.4802224,
          40.6278192
        ]
      },
      "properties": {
        "id": 4221616136,
        "osm_type": "node",
        "name": "Villa Principe Giovanni",
        "tourism": "hotel",
        "phone": "+39 390 89811494"
      }
    },
    {
      "type": "Feature",
      "geometry": {
        "type": "Point",
        "coordinates": [
          14.368205,
          40.6175102
        ]
      },
      "properties": {
        "id": 4224258791,
        "osm_type": "node",
        "name": "Casalle",
        "tourism": "hotel"
      }
    },
    {
      "type": "Feature",
      "geometry": {
        "type": "Point",
        "coordinates": [
          14.9565379,
          40.3009839
        ]
      },
      "properties": {
        "id": 4227278389,
        "osm_type": "node",
        "tourism": "guest_house"
      }
    },
    {
      "type": "Feature",
      "geometry": {
        "type": "Point",
        "coordinates": [
          14.6111812,
          40.644385
        ]
      },
      "properties": {
        "id": 4230717350,
        "osm_type": "node",
        "name": "Villa Cimbrone",
        "tourism": "hotel",
        "website": "https://www.hotelvillacimbrone.com"
      }
    },
    {
      "type": "Feature",
      "geometry": {
        "type": "Point",
        "coordinates": [
          14.3949907,
          40.63467
        ]
      },
      "properties": {
        "id": 4239440295,
        "osm_type": "node",
        "name": "Esperidi Resort Village",
        "tourism": "hotel",
        "phone": "+39 081 8783225"
      }
    },
    {
      "type": "Feature",
      "geometry": {
        "type": "Point",
        "coordinates": [
          14.3634153,
          40.6226114
        ]
      },
      "properties": {
        "id": 4241126393,
        "osm_type": "node",
        "name": "Villa Giovanna",
        "tourism": "hotel",
        "phone": "+39 081 8784160"
      }
    },
    {
      "type": "Feature",
      "geometry": {
        "type": "Point",
        "coordinates": [
          14.5223992,
          40.7624074
        ]
      },
      "properties": {
        "id": 4242459789,
        "osm_type": "node",
        "name": "Rosas",
        "tourism": "guest_house"
      }
    },
    {
      "type": "Feature",
      "geometry": {
        "type": "Point",
        "coordinates": [
          14.3806454,
          40.6221235
        ]
      },
      "properties": {
        "id": 4246602096,
        "osm_type": "node",
        "name": "Villaggio Verde",
        "tourism": "hotel",
        "phone": "+39 081 807 32 58",
        "website": "http://www.villaggioverde.it/"
      }
    },
    {
      "type": "Feature",
      "geometry": {
        "type": "Point",
        "coordinates": [
          14.2478966,
          40.8368817
        ]
      },
      "properties": {
        "id": 4247003171,
        "osm_type": "node",
        "name": "MH Design Hotel",
        "tourism": "hotel",
        "phone": "+39 081 19571576",
        "website": "https://www.mhhotel.it/"
      }
    },
    {
      "type": "Feature",
      "geometry": {
        "type": "Point",
        "coordinates": [
          14.2470751,
          40.836751
        ]
      },
      "properties": {
        "id": 4247003172,
        "osm_type": "node",
        "name": "B&B Chiaia 32",
        "tourism": "guest_house",
        "phone": "+39 081 0607823",
        "website": "https://www.bbchiaia32.com/"
      }
    },
    {
      "type": "Feature",
      "geometry": {
        "type": "Point",
        "coordinates": [
          14.2476166,
          40.8366694
        ]
      },
      "properties": {
        "id": 4247003173,
        "osm_type": "node",
        "name": "B&B Chiaia 242",
        "tourism": "guest_house"
      }
    },
    {
      "type": "Feature",
      "geometry": {
        "type": "Point",
        "coordinates": [
          14.2472581,
          40.8371415
        ]
      },
      "properties": {
        "id": 4247004932,
        "osm_type": "node",
        "name": "B&B San Carlo",
        "tourism": "guest_house",
        "phone": "+39 081 426209",
        "website": "http://www.bbsancarlo.it"
      }
    },
    {
      "type": "Feature",
      "geometry": {
        "type": "Point",
        "coordinates": [
          14.4301276,
          40.6643134
        ]
      },
      "properties": {
        "id": 4258141289,
        "osm_type": "node",
        "name": "Hotellet Oriente",
        "tourism": "hotel",
        "check_date": "2024-04-12"
      }
    },
    {
      "type": "Feature",
      "geometry": {
        "type": "Point",
        "coordinates": [
          14.2460232,
          40.8370356
        ]
      },
      "properties": {
        "id": 4258814385,
        "osm_type": "node",
        "name": "B&B Le Mie Dimore",
        "tourism": "guest_house"
      }
    },
    {
      "type": "Feature",
      "geometry": {
        "type": "Point",
        "coordinates": [
          14.2461883,
          40.8369528
        ]
      },
      "properties": {
        "id": 4258814387,
        "osm_type": "node",
        "name": "B&B Nardones 48",
        "tourism": "guest_house"
      }
    },
    {
      "type": "Feature",
      "geometry": {
        "type": "Point",
        "coordinates": [
          14.2478687,
          40.8372521
        ]
      },
      "properties": {
        "id": 4258814388,
        "osm_type": "node",
        "name": "B&B A un passo da",
        "tourism": "guest_house",
        "phone": "+39 081 0385594",
        "website": "https://www.bbaunpassoda.it/"
      }
    },
    {
      "type": "Feature",
      "geometry": {
        "type": "Point",
        "coordinates": [
          14.2465289,
          40.8370167
        ]
      },
      "properties": {
        "id": 4258819389,
        "osm_type": "node",
        "name": "B&B Chiaja Loft",
        "tourism": "guest_house"
      }
    },
    {
      "type": "Feature",
      "geometry": {
        "type": "Point",
        "coordinates": [
          13.8907575,
          40.7427999
        ]
      },
      "properties": {
        "id": 4270121589,
        "osm_type": "node",
        "name": "Hotel Grazia",
        "tourism": "hotel"
      }
    },
    {
      "type": "Feature",
      "geometry": {
        "type": "Point",
        "coordinates": [
          14.5840803,
          40.7210935
        ]
      },
      "properties": {
        "id": 4275109101,
        "osm_type": "node",
        "name": "Villa Mola",
        "tourism": "guest_house"
      }
    },
    {
      "type": "Feature",
      "geometry": {
        "type": "Point",
        "coordinates": [
          14.2479699,
          40.8510083
        ]
      },
      "properties": {
        "id": 4280561001,
        "osm_type": "node",
        "name": "B&B Il Paradiso di Dante",
        "tourism": "hotel"
      }
    },
    {
      "type": "Feature",
      "geometry": {
        "type": "Point",
        "coordinates": [
          14.6018098,
          40.6431498
        ]
      },
      "properties": {
        "id": 4281623889,
        "osm_type": "node",
        "tourism": "guest_house"
      }
    },
    {
      "type": "Feature",
      "geometry": {
        "type": "Point",
        "coordinates": [
          14.7718806,
          40.6794267
        ]
      },
      "properties": {
        "id": 4292212291,
        "osm_type": "node",
        "name": "Acqua Marina B&B",
        "tourism": "guest_house"
      }
    },
    {
      "type": "Feature",
      "geometry": {
        "type": "Point",
        "coordinates": [
          14.6002736,
          40.6337743
        ]
      },
      "properties": {
        "id": 4295026925,
        "osm_type": "node",
        "name": "Apartments Amalfi Design Sea View",
        "tourism": "hotel"
      }
    },
    {
      "type": "Feature",
      "geometry": {
        "type": "Point",
        "coordinates": [
          14.6015811,
          40.6350269
        ]
      },
      "properties": {
        "id": 4295034172,
        "osm_type": "node",
        "name": "Apartments Amalfi Design",
        "tourism": "hotel"
      }
    },
    {
      "type": "Feature",
      "geometry": {
        "type": "Point",
        "coordinates": [
          14.2476018,
          40.8424001
        ]
      },
      "properties": {
        "id": 4313149323,
        "osm_type": "node",
        "name": "Hotel Toledo",
        "tourism": "hotel",
        "phone": "+39 081 406 800",
        "website": "https://www.hoteltoledo.com/",
        "check_date": "2025-10-29"
      }
    },
    {
      "type": "Feature",
      "geometry": {
        "type": "Point",
        "coordinates": [
          14.2476048,
          40.8427941
        ]
      },
      "properties": {
        "id": 4321660374,
        "osm_type": "node",
        "name": "B&B Valù",
        "tourism": "guest_house"
      }
    },
    {
      "type": "Feature",
      "geometry": {
        "type": "Point",
        "coordinates": [
          14.2615116,
          40.8549063
        ]
      },
      "properties": {
        "id": 4324822876,
        "osm_type": "node",
        "name": "Hotel MGallery Palazzo Caracciolo",
        "tourism": "hotel",
        "check_date": "2025-01-16"
      }
    },
    {
      "type": "Feature",
      "geometry": {
        "type": "Point",
        "coordinates": [
          14.2649689,
          40.846856
        ]
      },
      "properties": {
        "id": 4327808289,
        "osm_type": "node",
        "name": "B&B La Storia di Napoli",
        "tourism": "guest_house"
      }
    },
    {
      "type": "Feature",
      "geometry": {
        "type": "Point",
        "coordinates": [
          14.3942932,
          40.6319406
        ]
      },
      "properties": {
        "id": 4331358600,
        "osm_type": "node",
        "name": "Hotel Angelina",
        "tourism": "hotel"
      }
    },
    {
      "type": "Feature",
      "geometry": {
        "type": "Point",
        "coordinates": [
          14.249897,
          40.8300509
        ]
      },
      "properties": {
        "id": 4332082785,
        "osm_type": "node",
        "name": "Grand Hotel Excelsior",
        "tourism": "hotel",
        "check_date": "2025-07-19"
      }
    },
    {
      "type": "Feature",
      "geometry": {
        "type": "Point",
        "coordinates": [
          13.8717913,
          40.7190611
        ]
      },
      "properties": {
        "id": 4353910394,
        "osm_type": "node",
        "name": "Hotel Paradiso Terme",
        "tourism": "hotel"
      }
    },
    {
      "type": "Feature",
      "geometry": {
        "type": "Point",
        "coordinates": [
          14.9723635,
          40.3086007
        ]
      },
      "properties": {
        "id": 4369845397,
        "osm_type": "node",
        "name": "Tenuta Mezzorecchio",
        "tourism": "apartment",
        "phone": "+390974960808",
        "website": "https://www.azzurro-reisen.de/tenuta-mezzorecchio.html"
      }
    },
    {
      "type": "Feature",
      "geometry": {
        "type": "Point",
        "coordinates": [
          14.408077,
          40.6412618
        ]
      },
      "properties": {
        "id": 4371562563,
        "osm_type": "node",
        "name": "Sisters Hostel",
        "tourism": "hotel"
      }
    },
    {
      "type": "Feature",
      "geometry": {
        "type": "Point",
        "coordinates": [
          14.3584501,
          40.5949546
        ]
      },
      "properties": {
        "id": 4375825592,
        "osm_type": "node",
        "name": "CasaColarusso",
        "tourism": "hotel"
      }
    },
    {
      "type": "Feature",
      "geometry": {
        "type": "Point",
        "coordinates": [
          14.2553903,
          40.840383
        ]
      },
      "properties": {
        "id": 4397040904,
        "osm_type": "node",
        "name": "Airbnb Savarese/Tartaglia",
        "tourism": "hostel",
        "phone": "+39 335 756 0634",
        "website": "https://www.airbnb.com/rooms/4352558?guests=1&s=41"
      }
    },
    {
      "type": "Feature",
      "geometry": {
        "type": "Point",
        "coordinates": [
          14.3799523,
          40.6214599
        ]
      },
      "properties": {
        "id": 4397472593,
        "osm_type": "node",
        "name": "B&B Villa Concetta",
        "tourism": "guest_house",
        "phone": "+39 081 8772593",
        "website": "http://www.villaconcettasorrento.it"
      }
    },
    {
      "type": "Feature",
      "geometry": {
        "type": "Point",
        "coordinates": [
          14.7303592,
          40.6693392
        ]
      },
      "properties": {
        "id": 4398575151,
        "osm_type": "node",
        "name": "Bristol Hotel Restaurant",
        "tourism": "hotel"
      }
    },
    {
      "type": "Feature",
      "geometry": {
        "type": "Point",
        "coordinates": [
          14.7297074,
          40.6685193
        ]
      },
      "properties": {
        "id": 4398575152,
        "osm_type": "node",
        "name": "La Lucertola",
        "tourism": "hotel",
        "check_date": "2025-09-17"
      }
    },
    {
      "type": "Feature",
      "geometry": {
        "type": "Point",
        "coordinates": [
          14.2166838,
          40.9732702
        ]
      },
      "properties": {
        "id": 4415690210,
        "osm_type": "node",
        "name": "Hotel del Sole ***",
        "tourism": "hotel"
      }
    },
    {
      "type": "Feature",
      "geometry": {
        "type": "Point",
        "coordinates": [
          14.5536481,
          40.6186002
        ]
      },
      "properties": {
        "id": 4423649490,
        "osm_type": "node",
        "name": "La Vela",
        "tourism": "guest_house"
      }
    },
    {
      "type": "Feature",
      "geometry": {
        "type": "Point",
        "coordinates": [
          14.4191482,
          40.7646645
        ]
      },
      "properties": {
        "id": 4428111179,
        "osm_type": "node",
        "name": "Casa Leopardi",
        "tourism": "guest_house"
      }
    },
    {
      "type": "Feature",
      "geometry": {
        "type": "Point",
        "coordinates": [
          14.546799,
          40.7017365
        ]
      },
      "properties": {
        "id": 4431327757,
        "osm_type": "node",
        "name": "La Cannonica",
        "tourism": "hotel"
      }
    },
    {
      "type": "Feature",
      "geometry": {
        "type": "Point",
        "coordinates": [
          14.414684,
          40.7660049
        ]
      },
      "properties": {
        "id": 4434967469,
        "osm_type": "node",
        "name": "B&B The Last Flour",
        "tourism": "guest_house"
      }
    },
    {
      "type": "Feature",
      "geometry": {
        "type": "Point",
        "coordinates": [
          14.4864469,
          40.6301019
        ]
      },
      "properties": {
        "id": 4458101189,
        "osm_type": "node",
        "name": "Hotel Bougainville",
        "tourism": "hotel",
        "opening_hours": "24/7",
        "phone": "+39 089 875047",
        "website": "https://www.bougainville.it/"
      }
    },
    {
      "type": "Feature",
      "geometry": {
        "type": "Point",
        "coordinates": [
          14.6135663,
          40.6458202
        ]
      },
      "properties": {
        "id": 4469650706,
        "osm_type": "node",
        "name": "Porta Donica",
        "tourism": "chalet",
        "contact:website": "http://portadonicaravello.com/homeit.html"
      }
    },
    {
      "type": "Feature",
      "geometry": {
        "type": "Point",
        "coordinates": [
          14.2221823,
          40.8307135
        ]
      },
      "properties": {
        "id": 4473329418,
        "osm_type": "node",
        "name": "B&B Casa Mira",
        "tourism": "hotel"
      }
    },
    {
      "type": "Feature",
      "geometry": {
        "type": "Point",
        "coordinates": [
          14.3622028,
          40.788343
        ]
      },
      "properties": {
        "id": 4487444494,
        "osm_type": "node",
        "name": "Parcheggio Torre Amarea H24",
        "tourism": "caravan_site"
      }
    },
    {
      "type": "Feature",
      "geometry": {
        "type": "Point",
        "coordinates": [
          14.4240633,
          40.6602471
        ]
      },
      "properties": {
        "id": 4512256456,
        "osm_type": "node",
        "name": "Hotel Mary",
        "tourism": "hotel",
        "phone": "+39 081 801 6418",
        "website": "https://www.hotelmaryvico.com/"
      }
    },
    {
      "type": "Feature",
      "geometry": {
        "type": "Point",
        "coordinates": [
          14.4238058,
          40.663057
        ]
      },
      "properties": {
        "id": 4512257097,
        "osm_type": "node",
        "name": "Hotel Sporting",
        "tourism": "hotel",
        "phone": "+39 081 8799661"
      }
    },
    {
      "type": "Feature",
      "geometry": {
        "type": "Point",
        "coordinates": [
          14.6048242,
          40.6504923
        ]
      },
      "properties": {
        "id": 4526340591,
        "osm_type": "node",
        "name": "La Margherita - Villa Giuseppina",
        "tourism": "hotel",
        "phone": "+39 089 857106",
        "website": "lamargheritahotel.it"
      }
    },
    {
      "type": "Feature",
      "geometry": {
        "type": "Point",
        "coordinates": [
          14.2527329,
          40.8444335
        ]
      },
      "properties": {
        "id": 4578748792,
        "osm_type": "node",
        "name": "Fernando",
        "tourism": "hostel"
      }
    },
    {
      "type": "Feature",
      "geometry": {
        "type": "Point",
        "coordinates": [
          15.3725586,
          40.5319278
        ]
      },
      "properties": {
        "id": 4604426663,
        "osm_type": "node",
        "name": "Bar Marino",
        "tourism": "hotel"
      }
    },
    {
      "type": "Feature",
      "geometry": {
        "type": "Point",
        "coordinates": [
          15.377388,
          40.5326474
        ]
      },
      "properties": {
        "id": 4604426666,
        "osm_type": "node",
        "name": "Casa Sarlo residence and suites",
        "tourism": "guest_house",
        "phone": "+39 3478530836",
        "website": "www.casasarlo.it"
      }
    },
    {
      "type": "Feature",
      "geometry": {
        "type": "Point",
        "coordinates": [
          14.7255839,
          40.6696932
        ]
      },
      "properties": {
        "id": 4695243543,
        "osm_type": "node",
        "name": "Hotel Vietri Coast",
        "tourism": "hotel"
      }
    },
    {
      "type": "Feature",
      "geometry": {
        "type": "Point",
        "coordinates": [
          14.3851734,
          40.6277195
        ]
      },
      "properties": {
        "id": 4709976490,
        "osm_type": "node",
        "name": "Hotel Flora",
        "tourism": "hotel"
      }
    },
    {
      "type": "Feature",
      "geometry": {
        "type": "Point",
        "coordinates": [
          14.2369252,
          40.5495716
        ]
      },
      "properties": {
        "id": 4711477991,
        "osm_type": "node",
        "name": "4 Stagioni",
        "tourism": "hotel"
      }
    },
    {
      "type": "Feature",
      "geometry": {
        "type": "Point",
        "coordinates": [
          14.0679285,
          40.88471
        ]
      },
      "properties": {
        "id": 4736566524,
        "osm_type": "node",
        "name": "madi and lauren",
        "tourism": "guest_house"
      }
    },
    {
      "type": "Feature",
      "geometry": {
        "type": "Point",
        "coordinates": [
          15.2478042,
          41.2499997
        ]
      },
      "properties": {
        "id": 4744989029,
        "osm_type": "node",
        "name": "Albergo Del Monte",
        "tourism": "hotel"
      }
    },
    {
      "type": "Feature",
      "geometry": {
        "type": "Point",
        "coordinates": [
          14.7623925,
          40.6776562
        ]
      },
      "properties": {
        "id": 4747474724,
        "osm_type": "node",
        "name": "Salerno Central Bed and Breakfast",
        "tourism": "hotel"
      }
    },
    {
      "type": "Feature",
      "geometry": {
        "type": "Point",
        "coordinates": [
          14.5035916,
          40.6286956
        ]
      },
      "properties": {
        "id": 4771030025,
        "osm_type": "node",
        "name": "Casa Cuccaro",
        "tourism": "guest_house",
        "website": "http://www.casacuccaro.it/"
      }
    },
    {
      "type": "Feature",
      "geometry": {
        "type": "Point",
        "coordinates": [
          14.5993463,
          40.6337241
        ]
      },
      "properties": {
        "id": 4782528404,
        "osm_type": "node",
        "name": "Il Porticciolo",
        "tourism": "hostel"
      }
    },
    {
      "type": "Feature",
      "geometry": {
        "type": "Point",
        "coordinates": [
          15.380633,
          40.4369041
        ]
      },
      "properties": {
        "id": 4797840972,
        "osm_type": "node",
        "name": "Le tre perle",
        "tourism": "guest_house"
      }
    },
    {
      "type": "Feature",
      "geometry": {
        "type": "Point",
        "coordinates": [
          14.6254066,
          40.6506864
        ]
      },
      "properties": {
        "id": 4798722340,
        "osm_type": "node",
        "name": "Hotel Europa",
        "tourism": "hotel"
      }
    },
    {
      "type": "Feature",
      "geometry": {
        "type": "Point",
        "coordinates": [
          14.537696,
          40.630296
        ]
      },
      "properties": {
        "id": 4799707833,
        "osm_type": "node",
        "name": "A 2 Passi Dagli Dei",
        "tourism": "hotel"
      }
    },
    {
      "type": "Feature",
      "geometry": {
        "type": "Point",
        "coordinates": [
          14.4273698,
          40.6177265
        ]
      },
      "properties": {
        "id": 4799729663,
        "osm_type": "node",
        "name": "Royal Hills",
        "tourism": "hotel"
      }
    },
    {
      "type": "Feature",
      "geometry": {
        "type": "Point",
        "coordinates": [
          14.375168,
          40.6073489
        ]
      },
      "properties": {
        "id": 4799735505,
        "osm_type": "node",
        "name": "Maison Fernanda",
        "tourism": "hotel"
      }
    },
    {
      "type": "Feature",
      "geometry": {
        "type": "Point",
        "coordinates": [
          14.459805,
          40.7715166
        ]
      },
      "properties": {
        "id": 4799777283,
        "osm_type": "node",
        "name": "B&B Federico",
        "tourism": "hotel"
      }
    },
    {
      "type": "Feature",
      "geometry": {
        "type": "Point",
        "coordinates": [
          13.9038339,
          40.7017005
        ]
      },
      "properties": {
        "id": 4801848621,
        "osm_type": "node",
        "name": "Vittorio",
        "tourism": "hotel"
      }
    },
    {
      "type": "Feature",
      "geometry": {
        "type": "Point",
        "coordinates": [
          14.602006,
          40.6437369
        ]
      },
      "properties": {
        "id": 4811455756,
        "osm_type": "node",
        "name": "Amalfi Skyliner",
        "tourism": "apartment",
        "phone": "+39 3407612393"
      }
    },
    {
      "type": "Feature",
      "geometry": {
        "type": "Point",
        "coordinates": [
          14.4952419,
          40.8084554
        ]
      },
      "properties": {
        "id": 4817713124,
        "osm_type": "node",
        "name": "Terrazza sul VESUVIO - Casa Vacanze",
        "tourism": "hotel"
      }
    },
    {
      "type": "Feature",
      "geometry": {
        "type": "Point",
        "coordinates": [
          14.2680295,
          40.8586446
        ]
      },
      "properties": {
        "id": 4831116828,
        "osm_type": "node",
        "tourism": "guest_house"
      }
    },
    {
      "type": "Feature",
      "geometry": {
        "type": "Point",
        "coordinates": [
          13.8683261,
          40.7354344
        ]
      },
      "properties": {
        "id": 4844377069,
        "osm_type": "node",
        "name": "Hotel Terme Colella",
        "tourism": "hotel"
      }
    },
    {
      "type": "Feature",
      "geometry": {
        "type": "Point",
        "coordinates": [
          14.3883464,
          40.628685
        ]
      },
      "properties": {
        "id": 4847980111,
        "osm_type": "node",
        "name": "Hotel Gardenia",
        "tourism": "hotel"
      }
    },
    {
      "type": "Feature",
      "geometry": {
        "type": "Point",
        "coordinates": [
          14.5755376,
          40.6147293
        ]
      },
      "properties": {
        "id": 4847981213,
        "osm_type": "node",
        "name": "Hotel Belvedere",
        "tourism": "hotel",
        "phone": "+39 089 831282"
      }
    },
    {
      "type": "Feature",
      "geometry": {
        "type": "Point",
        "coordinates": [
          14.368504,
          40.624425
        ]
      },
      "properties": {
        "id": 4847981219,
        "osm_type": "node",
        "name": "Tirrenia",
        "tourism": "hotel"
      }
    },
    {
      "type": "Feature",
      "geometry": {
        "type": "Point",
        "coordinates": [
          14.5833281,
          40.6263103
        ]
      },
      "properties": {
        "id": 4847981312,
        "osm_type": "node",
        "name": "Hotel Pergola",
        "tourism": "hotel"
      }
    },
    {
      "type": "Feature",
      "geometry": {
        "type": "Point",
        "coordinates": [
          14.5169719,
          40.6177785
        ]
      },
      "properties": {
        "id": 4847981314,
        "osm_type": "node",
        "name": "Grand Hotel Tritone",
        "tourism": "hotel",
        "phone": "+39 089 874333"
      }
    },
    {
      "type": "Feature",
      "geometry": {
        "type": "Point",
        "coordinates": [
          14.3634265,
          40.6274519
        ]
      },
      "properties": {
        "id": 4847981320,
        "osm_type": "node",
        "tourism": "hotel"
      }
    },
    {
      "type": "Feature",
      "geometry": {
        "type": "Point",
        "coordinates": [
          14.5773715,
          40.6194697
        ]
      },
      "properties": {
        "id": 4847981330,
        "osm_type": "node",
        "tourism": "hotel"
      }
    },
    {
      "type": "Feature",
      "geometry": {
        "type": "Point",
        "coordinates": [
          14.3611828,
          40.6275266
        ]
      },
      "properties": {
        "id": 4847981338,
        "osm_type": "node",
        "tourism": "hotel"
      }
    },
    {
      "type": "Feature",
      "geometry": {
        "type": "Point",
        "coordinates": [
          14.3682511,
          40.6242007
        ]
      },
      "properties": {
        "id": 4847981339,
        "osm_type": "node",
        "name": "Hotel Ascot",
        "tourism": "hotel",
        "check_date": "2025-12-19"
      }
    },
    {
      "type": "Feature",
      "geometry": {
        "type": "Point",
        "coordinates": [
          14.9583585,
          40.2705537
        ]
      },
      "properties": {
        "id": 4850030590,
        "osm_type": "node",
        "name": "B&B Cuore del Cilento",
        "tourism": "guest_house"
      }
    },
    {
      "type": "Feature",
      "geometry": {
        "type": "Point",
        "coordinates": [
          14.9570904,
          40.2701261
        ]
      },
      "properties": {
        "id": 4850046505,
        "osm_type": "node",
        "name": "Podere Annunziata",
        "tourism": "guest_house"
      }
    },
    {
      "type": "Feature",
      "geometry": {
        "type": "Point",
        "coordinates": [
          14.9547589,
          40.2690879
        ]
      },
      "properties": {
        "id": 4850071264,
        "osm_type": "node",
        "name": "La Gabbianella e il Gatto",
        "tourism": "guest_house",
        "phone": "+39329 8472212",
        "website": "https://www.lagabbianellaeilgatto.it/"
      }
    },
    {
      "type": "Feature",
      "geometry": {
        "type": "Point",
        "coordinates": [
          14.9467403,
          40.2667234
        ]
      },
      "properties": {
        "id": 4850115712,
        "osm_type": "node",
        "name": "B&B Villa Liberti",
        "tourism": "guest_house",
        "phone": "+39 0974 966329",
        "website": "http://www.villaliberti.it"
      }
    },
    {
      "type": "Feature",
      "geometry": {
        "type": "Point",
        "coordinates": [
          13.9553481,
          40.7338446
        ]
      },
      "properties": {
        "id": 4851137132,
        "osm_type": "node",
        "name": "Noris",
        "tourism": "hotel"
      }
    },
    {
      "type": "Feature",
      "geometry": {
        "type": "Point",
        "coordinates": [
          14.3539137,
          40.8631214
        ]
      },
      "properties": {
        "id": 4887286222,
        "osm_type": "node",
        "name": "Casa di Martinelli",
        "tourism": "guest_house"
      }
    },
    {
      "type": "Feature",
      "geometry": {
        "type": "Point",
        "coordinates": [
          14.9998717,
          40.3545077
        ]
      },
      "properties": {
        "id": 4904226822,
        "osm_type": "node",
        "name": "limone apartments",
        "tourism": "hotel"
      }
    },
    {
      "type": "Feature",
      "geometry": {
        "type": "Point",
        "coordinates": [
          14.9874536,
          40.3517961
        ]
      },
      "properties": {
        "id": 4907632221,
        "osm_type": "node",
        "name": "wes",
        "tourism": "hotel"
      }
    },
    {
      "type": "Feature",
      "geometry": {
        "type": "Point",
        "coordinates": [
          14.2666921,
          40.8492486
        ]
      },
      "properties": {
        "id": 4914458721,
        "osm_type": "node",
        "name": "Hotel Alloggio del Conte",
        "tourism": "hotel"
      }
    },
    {
      "type": "Feature",
      "geometry": {
        "type": "Point",
        "coordinates": [
          14.0291558,
          40.7640631
        ]
      },
      "properties": {
        "id": 4922663417,
        "osm_type": "node",
        "name": "Il Borghetto",
        "tourism": "guest_house",
        "contact:phone": "+39 366 3370904"
      }
    },
    {
      "type": "Feature",
      "geometry": {
        "type": "Point",
        "coordinates": [
          14.032072,
          40.7617078
        ]
      },
      "properties": {
        "id": 4924164409,
        "osm_type": "node",
        "name": "La Casa sul mare",
        "tourism": "hotel",
        "contact:phone": "+39 081 8968799",
        "website": "https://www.lacasasulmare.it/"
      }
    },
    {
      "type": "Feature",
      "geometry": {
        "type": "Point",
        "coordinates": [
          14.7610829,
          40.6785991
        ]
      },
      "properties": {
        "id": 4933503722,
        "osm_type": "node",
        "tourism": "hotel",
        "phone": "+39 347 5781112"
      }
    },
    {
      "type": "Feature",
      "geometry": {
        "type": "Point",
        "coordinates": [
          14.3758757,
          40.7974457
        ]
      },
      "properties": {
        "id": 4935236154,
        "osm_type": "node",
        "name": "Hotel Marad",
        "tourism": "hotel"
      }
    },
    {
      "type": "Feature",
      "geometry": {
        "type": "Point",
        "coordinates": [
          14.2903921,
          41.3464555
        ]
      },
      "properties": {
        "id": 4937523453,
        "osm_type": "node",
        "name": "L'oasi serena",
        "tourism": "guest_house"
      }
    },
    {
      "type": "Feature",
      "geometry": {
        "type": "Point",
        "coordinates": [
          14.2298833,
          40.8343013
        ]
      },
      "properties": {
        "id": 4940655216,
        "osm_type": "node",
        "name": "Chiaia B&B",
        "tourism": "guest_house",
        "phone": "+39 081 6583667",
        "website": "http://www.chiaiabaiabb.it"
      }
    },
    {
      "type": "Feature",
      "geometry": {
        "type": "Point",
        "coordinates": [
          15.3098866,
          40.443809
        ]
      },
      "properties": {
        "id": 4969124024,
        "osm_type": "node",
        "tourism": "camp_site"
      }
    },
    {
      "type": "Feature",
      "geometry": {
        "type": "Point",
        "coordinates": [
          14.3321415,
          41.0670581
        ]
      },
      "properties": {
        "id": 4977397412,
        "osm_type": "node",
        "name": "Villa Maria Cristina",
        "tourism": "hotel"
      }
    },
    {
      "type": "Feature",
      "geometry": {
        "type": "Point",
        "coordinates": [
          14.4252471,
          40.6631295
        ]
      },
      "properties": {
        "id": 4980238021,
        "osm_type": "node",
        "name": "b&b stella",
        "tourism": "hotel"
      }
    },
    {
      "type": "Feature",
      "geometry": {
        "type": "Point",
        "coordinates": [
          15.4736119,
          40.0701156
        ]
      },
      "properties": {
        "id": 4984801773,
        "osm_type": "node",
        "name": "Tenuta Terre di Bosco",
        "tourism": "hotel",
        "website": "https://www.terredibosco.it/en/"
      }
    },
    {
      "type": "Feature",
      "geometry": {
        "type": "Point",
        "coordinates": [
          15.2698662,
          40.2656882
        ]
      },
      "properties": {
        "id": 4989452735,
        "osm_type": "node",
        "tourism": "guest_house"
      }
    },
    {
      "type": "Feature",
      "geometry": {
        "type": "Point",
        "coordinates": [
          14.6641246,
          41.1961893
        ]
      },
      "properties": {
        "id": 5018229621,
        "osm_type": "node",
        "name": "Dolci Sogni B&B",
        "tourism": "guest_house"
      }
    },
    {
      "type": "Feature",
      "geometry": {
        "type": "Point",
        "coordinates": [
          13.8989895,
          40.742431
        ]
      },
      "properties": {
        "id": 5049881500,
        "osm_type": "node",
        "name": "Tusculum",
        "tourism": "hotel"
      }
    },
    {
      "type": "Feature",
      "geometry": {
        "type": "Point",
        "coordinates": [
          13.7993232,
          41.1985399
        ]
      },
      "properties": {
        "id": 5068104023,
        "osm_type": "node",
        "tourism": "hotel"
      }
    },
    {
      "type": "Feature",
      "geometry": {
        "type": "Point",
        "coordinates": [
          15.2525125,
          40.3667925
        ]
      },
      "properties": {
        "id": 5069776922,
        "osm_type": "node",
        "name": "Oasi Gole del Calore",
        "tourism": "camp_site",
        "opening_hours": "Mo-Su 08:30-21:00",
        "contact:phone": "+39 380 89 73 861",
        "contact:website": "https://www.goledelcaloreleterrazze.it/"
      }
    },
    {
      "type": "Feature",
      "geometry": {
        "type": "Point",
        "coordinates": [
          15.0199537,
          40.420791
        ]
      },
      "properties": {
        "id": 5072313893,
        "osm_type": "node",
        "name": "Agriturismo Porta Sirena",
        "tourism": "guest_house"
      }
    },
    {
      "type": "Feature",
      "geometry": {
        "type": "Point",
        "coordinates": [
          15.2322466,
          40.1107502
        ]
      },
      "properties": {
        "id": 5074113949,
        "osm_type": "node",
        "name": "da SOFIA",
        "tourism": "hotel"
      }
    },
    {
      "type": "Feature",
      "geometry": {
        "type": "Point",
        "coordinates": [
          14.3757901,
          40.6286469
        ]
      },
      "properties": {
        "id": 5074148815,
        "osm_type": "node",
        "name": "Marina Piccola",
        "tourism": "hotel"
      }
    },
    {
      "type": "Feature",
      "geometry": {
        "type": "Point",
        "coordinates": [
          15.2858906,
          40.0350406
        ]
      },
      "properties": {
        "id": 5075291621,
        "osm_type": "node",
        "name": "Hotel Ficocella",
        "tourism": "hotel",
        "opening_hours": "24/7",
        "phone": "+39 0974 931051",
        "website": "http://www.lidoficocella.it/"
      }
    },
    {
      "type": "Feature",
      "geometry": {
        "type": "Point",
        "coordinates": [
          14.6668258,
          41.19701
        ]
      },
      "properties": {
        "id": 5075688555,
        "osm_type": "node",
        "name": "Dimora dei Garibaldini",
        "tourism": "guest_house"
      }
    },
    {
      "type": "Feature",
      "geometry": {
        "type": "Point",
        "coordinates": [
          14.7430452,
          40.9391856
        ]
      },
      "properties": {
        "id": 5077371786,
        "osm_type": "node",
        "name": "Hotel Irpinia",
        "tourism": "hotel"
      }
    },
    {
      "type": "Feature",
      "geometry": {
        "type": "Point",
        "coordinates": [
          14.6054358,
          40.6336398
        ]
      },
      "properties": {
        "id": 5079778657,
        "osm_type": "node",
        "name": "Donna Giulia",
        "tourism": "guest_house",
        "phone": "+39 089873540",
        "website": "www.donnagiuliaamalfi.com"
      }
    },
    {
      "type": "Feature",
      "geometry": {
        "type": "Point",
        "coordinates": [
          13.7970219,
          41.2011684
        ]
      },
      "properties": {
        "id": 5082362722,
        "osm_type": "node",
        "name": "Baia domizi",
        "tourism": "hotel"
      }
    },
    {
      "type": "Feature",
      "geometry": {
        "type": "Point",
        "coordinates": [
          14.2637196,
          40.8524222
        ]
      },
      "properties": {
        "id": 5084079121,
        "osm_type": "node",
        "name": "Gaia's place",
        "tourism": "guest_house"
      }
    },
    {
      "type": "Feature",
      "geometry": {
        "type": "Point",
        "coordinates": [
          14.5485485,
          40.618339
        ]
      },
      "properties": {
        "id": 5085198547,
        "osm_type": "node",
        "name": "Casa Luisa",
        "tourism": "apartment"
      }
    },
    {
      "type": "Feature",
      "geometry": {
        "type": "Point",
        "coordinates": [
          14.566405,
          40.6146706
        ]
      },
      "properties": {
        "id": 5092011920,
        "osm_type": "node",
        "name": "Hotel La Conca Azzurra",
        "tourism": "hotel"
      }
    },
    {
      "type": "Feature",
      "geometry": {
        "type": "Point",
        "coordinates": [
          14.5612229,
          40.6173093
        ]
      },
      "properties": {
        "id": 5092024221,
        "osm_type": "node",
        "name": "Amalfi Residence",
        "tourism": "hotel"
      }
    },
    {
      "type": "Feature",
      "geometry": {
        "type": "Point",
        "coordinates": [
          14.5640635,
          40.6174646
        ]
      },
      "properties": {
        "id": 5092024222,
        "osm_type": "node",
        "name": "Locanda degli Agrumi",
        "tourism": "hotel"
      }
    },
    {
      "type": "Feature",
      "geometry": {
        "type": "Point",
        "coordinates": [
          14.3957272,
          40.6334073
        ]
      },
      "properties": {
        "id": 5099844477,
        "osm_type": "node",
        "name": "B&B Massico",
        "tourism": "guest_house",
        "phone": "+39 081 8703142",
        "website": "http://www.bebmassico.it/"
      }
    },
    {
      "type": "Feature",
      "geometry": {
        "type": "Point",
        "coordinates": [
          14.260715,
          40.8529443
        ]
      },
      "properties": {
        "id": 5123588021,
        "osm_type": "node",
        "tourism": "hotel"
      }
    },
    {
      "type": "Feature",
      "geometry": {
        "type": "Point",
        "coordinates": [
          14.5875266,
          40.6262669
        ]
      },
      "properties": {
        "id": 5134700238,
        "osm_type": "node",
        "name": "La Ninfa",
        "tourism": "hotel"
      }
    },
    {
      "type": "Feature",
      "geometry": {
        "type": "Point",
        "coordinates": [
          14.5980447,
          40.6331738
        ]
      },
      "properties": {
        "id": 5135189221,
        "osm_type": "node",
        "name": "La Bussola",
        "tourism": "hotel"
      }
    },
    {
      "type": "Feature",
      "geometry": {
        "type": "Point",
        "coordinates": [
          14.5971992,
          40.633154
        ]
      },
      "properties": {
        "id": 5137255781,
        "osm_type": "node",
        "name": "Grand Hotel Convento di Amalfi",
        "tourism": "hotel"
      }
    },
    {
      "type": "Feature",
      "geometry": {
        "type": "Point",
        "coordinates": [
          14.3814442,
          40.626605
        ]
      },
      "properties": {
        "id": 5141635365,
        "osm_type": "node",
        "name": "Hotel Michelangelo",
        "tourism": "hotel"
      }
    },
    {
      "type": "Feature",
      "geometry": {
        "type": "Point",
        "coordinates": [
          14.3900307,
          40.6324947
        ]
      },
      "properties": {
        "id": 5144799028,
        "osm_type": "node",
        "name": "Grand Hotel Cocumella",
        "tourism": "hotel",
        "phone": "+39 081 8782933",
        "website": "https://www.cocumella.com/"
      }
    },
    {
      "type": "Feature",
      "geometry": {
        "type": "Point",
        "coordinates": [
          14.3906845,
          40.6351832
        ]
      },
      "properties": {
        "id": 5144799446,
        "osm_type": "node",
        "name": "Hotel Corallo",
        "tourism": "hotel"
      }
    },
    {
      "type": "Feature",
      "geometry": {
        "type": "Point",
        "coordinates": [
          14.3553096,
          40.6288298
        ]
      },
      "properties": {
        "id": 5147391561,
        "osm_type": "node",
        "name": "Villa Igea Hotel",
        "tourism": "hotel",
        "phone": "+39 081 807 1069",
        "website": "https://www.villaigeasorrento.com/"
      }
    },
    {
      "type": "Feature",
      "geometry": {
        "type": "Point",
        "coordinates": [
          14.5856202,
          40.6261851
        ]
      },
      "properties": {
        "id": 5166348899,
        "osm_type": "node",
        "name": "Amalfi Natura",
        "tourism": "apartment"
      }
    },
    {
      "type": "Feature",
      "geometry": {
        "type": "Point",
        "coordinates": [
          14.2402825,
          40.8521898
        ]
      },
      "properties": {
        "id": 5168737292,
        "osm_type": "node",
        "name": "La Controra",
        "tourism": "hostel",
        "website": "http://www.lacontrora.com/",
        "check_date": "2023-04-29"
      }
    },
    {
      "type": "Feature",
      "geometry": {
        "type": "Point",
        "coordinates": [
          14.7845085,
          41.2840889
        ]
      },
      "properties": {
        "id": 5173043651,
        "osm_type": "node",
        "name": "Agricampeggio T3rra",
        "tourism": "camp_site"
      }
    },
    {
      "type": "Feature",
      "geometry": {
        "type": "Point",
        "coordinates": [
          14.2658348,
          40.8501079
        ]
      },
      "properties": {
        "id": 5181158728,
        "osm_type": "node",
        "name": "B&B Funikuli Funikula",
        "tourism": "guest_house"
      }
    },
    {
      "type": "Feature",
      "geometry": {
        "type": "Point",
        "coordinates": [
          14.2349708,
          40.8372029
        ]
      },
      "properties": {
        "id": 5197723326,
        "osm_type": "node",
        "name": "Bitré Bed & Breakfast",
        "tourism": "guest_house",
        "phone": "+39 392 000 4790"
      }
    },
    {
      "type": "Feature",
      "geometry": {
        "type": "Point",
        "coordinates": [
          14.7869231,
          41.0803466
        ]
      },
      "properties": {
        "id": 5198551722,
        "osm_type": "node",
        "name": "Pisolo",
        "tourism": "guest_house"
      }
    },
    {
      "type": "Feature",
      "geometry": {
        "type": "Point",
        "coordinates": [
          14.8364019,
          40.9544734
        ]
      },
      "properties": {
        "id": 5210531341,
        "osm_type": "node",
        "name": "Bel sito hotel le due torri",
        "tourism": "hotel",
        "phone": "+39 0825 670001",
        "website": "http://www.belsitohotelduetorri.it",
        "check_date": "2024-04-20"
      }
    },
    {
      "type": "Feature",
      "geometry": {
        "type": "Point",
        "coordinates": [
          14.5436226,
          40.6143586
        ]
      },
      "properties": {
        "id": 5215646084,
        "osm_type": "node",
        "name": "Villa la Madonnina",
        "tourism": "guest_house",
        "phone": "+43 677 62388233",
        "website": "http://villa-la-madonnina.com/"
      }
    },
    {
      "type": "Feature",
      "geometry": {
        "type": "Point",
        "coordinates": [
          14.5995316,
          40.6403284
        ]
      },
      "properties": {
        "id": 5217839232,
        "osm_type": "node",
        "name": "La Valle Delle Ferriere",
        "tourism": "guest_house",
        "opening_hours": "Mo-Su 07:30-19:00",
        "phone": "+39 089 871653"
      }
    },
    {
      "type": "Feature",
      "geometry": {
        "type": "Point",
        "coordinates": [
          14.5995621,
          40.6406481
        ]
      },
      "properties": {
        "id": 5220964021,
        "osm_type": "node",
        "name": "La Valle Delle Ferriere",
        "tourism": "guest_house",
        "opening_hours": "Mo-Su 08:00-18:00",
        "phone": "+39089871653"
      }
    },
    {
      "type": "Feature",
      "geometry": {
        "type": "Point",
        "coordinates": [
          14.2464214,
          40.8535971
        ]
      },
      "properties": {
        "id": 5225510329,
        "osm_type": "node",
        "name": "B6B Terra Mia",
        "tourism": "guest_house"
      }
    },
    {
      "type": "Feature",
      "geometry": {
        "type": "Point",
        "coordinates": [
          14.7778677,
          40.6724863
        ]
      },
      "properties": {
        "id": 5245960081,
        "osm_type": "node",
        "name": "Dimora Tafuri",
        "tourism": "guest_house",
        "contact:phone": "+39 338 7768635"
      }
    },
    {
      "type": "Feature",
      "geometry": {
        "type": "Point",
        "coordinates": [
          14.2492695,
          40.8382701
        ]
      },
      "properties": {
        "id": 5256502107,
        "osm_type": "node",
        "name": "Luxury Art Resort Galleria Umberto I",
        "tourism": "hotel",
        "phone": "+39 081 4976224",
        "website": "https://www.napoliartresort.com/",
        "check_date": "2026-02-14"
      }
    },
    {
      "type": "Feature",
      "geometry": {
        "type": "Point",
        "coordinates": [
          14.2455453,
          40.8360368
        ]
      },
      "properties": {
        "id": 5257951921,
        "osm_type": "node",
        "name": "Chiaia Loft",
        "tourism": "apartment"
      }
    },
    {
      "type": "Feature",
      "geometry": {
        "type": "Point",
        "coordinates": [
          14.2488,
          40.8392834
        ]
      },
      "properties": {
        "id": 5258115844,
        "osm_type": "node",
        "name": "Hotel Santa Brigida",
        "tourism": "hotel",
        "phone": "+39 081 19338206",
        "website": "https://www.hotelsantabrigida.it/"
      }
    },
    {
      "type": "Feature",
      "geometry": {
        "type": "Point",
        "coordinates": [
          14.2485957,
          40.8390907
        ]
      },
      "properties": {
        "id": 5260065747,
        "osm_type": "node",
        "name": "Napoli Class B&B",
        "tourism": "guest_house",
        "phone": "+39 081 6582511",
        "website": "https://www.napoliclass.com/"
      }
    },
    {
      "type": "Feature",
      "geometry": {
        "type": "Point",
        "coordinates": [
          14.7685782,
          40.6765871
        ]
      },
      "properties": {
        "id": 5260723634,
        "osm_type": "node",
        "name": "Abocado B&B",
        "tourism": "guest_house"
      }
    },
    {
      "type": "Feature",
      "geometry": {
        "type": "Point",
        "coordinates": [
          14.239463,
          40.8354378
        ]
      },
      "properties": {
        "id": 5261038821,
        "osm_type": "node",
        "name": "Belledonne 6",
        "tourism": "apartment"
      }
    },
    {
      "type": "Feature",
      "geometry": {
        "type": "Point",
        "coordinates": [
          14.2505237,
          40.8408057
        ]
      },
      "properties": {
        "id": 5270757660,
        "osm_type": "node",
        "name": "Domus Napoli B&B",
        "tourism": "guest_house",
        "phone": "+39 081 19339325",
        "website": "http://www.domusnapoli.com"
      }
    },
    {
      "type": "Feature",
      "geometry": {
        "type": "Point",
        "coordinates": [
          14.3612899,
          40.6283973
        ]
      },
      "properties": {
        "id": 5273156408,
        "osm_type": "node",
        "name": "Hotel Desiree",
        "tourism": "hotel"
      }
    },
    {
      "type": "Feature",
      "geometry": {
        "type": "Point",
        "coordinates": [
          14.2525557,
          40.8414903
        ]
      },
      "properties": {
        "id": 5277697457,
        "osm_type": "node",
        "name": "Napolart",
        "tourism": "guest_house",
        "phone": "+39 3463619513",
        "website": "https://www.napolart.com/"
      }
    },
    {
      "type": "Feature",
      "geometry": {
        "type": "Point",
        "coordinates": [
          14.2488841,
          40.8535451
        ]
      },
      "properties": {
        "id": 5280077602,
        "osm_type": "node",
        "name": "B&B Museo Home",
        "tourism": "guest_house"
      }
    },
    {
      "type": "Feature",
      "geometry": {
        "type": "Point",
        "coordinates": [
          14.2485782,
          40.8522224
        ]
      },
      "properties": {
        "id": 5280116085,
        "osm_type": "node",
        "name": "B&B Casa degli Artisti",
        "tourism": "guest_house"
      }
    },
    {
      "type": "Feature",
      "geometry": {
        "type": "Point",
        "coordinates": [
          14.2518907,
          40.8515367
        ]
      },
      "properties": {
        "id": 5280141008,
        "osm_type": "node",
        "name": "B&B Dimora delle Arti",
        "tourism": "guest_house"
      }
    },
    {
      "type": "Feature",
      "geometry": {
        "type": "Point",
        "coordinates": [
          14.251424,
          40.8511025
        ]
      },
      "properties": {
        "id": 5280141072,
        "osm_type": "node",
        "name": "B&B Dimora Conte di Ruvo",
        "tourism": "guest_house",
        "check_date": "2024-11-14"
      }
    },
    {
      "type": "Feature",
      "geometry": {
        "type": "Point",
        "coordinates": [
          14.2464418,
          40.8527436
        ]
      },
      "properties": {
        "id": 5284059502,
        "osm_type": "node",
        "name": "B&B Maria",
        "tourism": "guest_house"
      }
    },
    {
      "type": "Feature",
      "geometry": {
        "type": "Point",
        "coordinates": [
          14.2460396,
          40.8529484
        ]
      },
      "properties": {
        "id": 5284059503,
        "osm_type": "node",
        "name": "B&B Salvator Rosa 78",
        "tourism": "guest_house"
      }
    },
    {
      "type": "Feature",
      "geometry": {
        "type": "Point",
        "coordinates": [
          15.2409634,
          40.1312822
        ]
      },
      "properties": {
        "id": 5293069335,
        "osm_type": "node",
        "name": "Affittacamere N'Capu Rurio",
        "tourism": "guest_house",
        "website": "http://www.affittacamerencapururio.it"
      }
    },
    {
      "type": "Feature",
      "geometry": {
        "type": "Point",
        "coordinates": [
          14.2484726,
          40.8412985
        ]
      },
      "properties": {
        "id": 5296233605,
        "osm_type": "node",
        "name": "Appartamento Casa Toledo",
        "tourism": "apartment"
      }
    },
    {
      "type": "Feature",
      "geometry": {
        "type": "Point",
        "coordinates": [
          14.2507933,
          40.8425012
        ]
      },
      "properties": {
        "id": 5304701401,
        "osm_type": "node",
        "name": "Ostello Bello",
        "tourism": "hostel",
        "contact:website": "https://ostellobello.com/en/hostel/naples/"
      }
    },
    {
      "type": "Feature",
      "geometry": {
        "type": "Point",
        "coordinates": [
          14.2509475,
          40.8423464
        ]
      },
      "properties": {
        "id": 5304701403,
        "osm_type": "node",
        "name": "Golden Hotel",
        "tourism": "hotel",
        "phone": "+39 081 2514192",
        "website": "http://goldenhotel.it"
      }
    },
    {
      "type": "Feature",
      "geometry": {
        "type": "Point",
        "coordinates": [
          14.251161,
          40.8425536
        ]
      },
      "properties": {
        "id": 5304701405,
        "osm_type": "node",
        "name": "Hotel NeapolitanTrips",
        "tourism": "hotel",
        "phone": "+39 081 198 45 933",
        "website": "https://www.neapolitantrips.com/"
      }
    },
    {
      "type": "Feature",
      "geometry": {
        "type": "Point",
        "coordinates": [
          14.2511402,
          40.8420669
        ]
      },
      "properties": {
        "id": 5310589855,
        "osm_type": "node",
        "name": "B&B Guantai 30",
        "tourism": "guest_house",
        "phone": "+39 0814201059",
        "website": "https://www.guantai30.it/"
      }
    },
    {
      "type": "Feature",
      "geometry": {
        "type": "Point",
        "coordinates": [
          14.8956184,
          40.6375334
        ]
      },
      "properties": {
        "id": 5311605922,
        "osm_type": "node",
        "name": "Hotel Carosello",
        "tourism": "hotel"
      }
    },
    {
      "type": "Feature",
      "geometry": {
        "type": "Point",
        "coordinates": [
          14.6101967,
          40.649554
        ]
      },
      "properties": {
        "id": 5312249398,
        "osm_type": "node",
        "name": "Il Ducato Di Ravello",
        "tourism": "guest_house",
        "phone": "+39 089 857 837",
        "website": "https://ilducatodiravello.com/"
      }
    },
    {
      "type": "Feature",
      "geometry": {
        "type": "Point",
        "coordinates": [
          15.1068645,
          40.6649788
        ]
      },
      "properties": {
        "id": 5328401610,
        "osm_type": "node",
        "name": "Fabros",
        "tourism": "guest_house",
        "phone": "+393398990236",
        "website": "https://www.bbfabros.it/"
      }
    },
    {
      "type": "Feature",
      "geometry": {
        "type": "Point",
        "coordinates": [
          14.2484662,
          40.8424205
        ]
      },
      "properties": {
        "id": 5334831147,
        "osm_type": "node",
        "name": "Il Cavaliere di Toledo Casa vacanze",
        "tourism": "guest_house"
      }
    },
    {
      "type": "Feature",
      "geometry": {
        "type": "Point",
        "coordinates": [
          14.2177396,
          40.5529264
        ]
      },
      "properties": {
        "id": 5363374473,
        "osm_type": "node",
        "tourism": "hotel"
      }
    },
    {
      "type": "Feature",
      "geometry": {
        "type": "Point",
        "coordinates": [
          14.3403212,
          40.5967636
        ]
      },
      "properties": {
        "id": 5364525021,
        "osm_type": "node",
        "name": "Gocce di Capri - Hotel & Serviced Residence",
        "tourism": "hotel",
        "phone": "+39 0818081032",
        "website": "https://www.goccedicapri.it/"
      }
    },
    {
      "type": "Feature",
      "geometry": {
        "type": "Point",
        "coordinates": [
          14.2466154,
          40.8514741
        ]
      },
      "properties": {
        "id": 5378413673,
        "osm_type": "node",
        "name": "B&B All'Ombra del Vesuvio",
        "tourism": "guest_house"
      }
    },
    {
      "type": "Feature",
      "geometry": {
        "type": "Point",
        "coordinates": [
          14.5721841,
          40.6267687
        ]
      },
      "properties": {
        "id": 5407416140,
        "osm_type": "node",
        "name": "Casale Paradiso",
        "tourism": "guest_house",
        "phone": "+39 377 461 2557",
        "website": "https://casaleparadisoagerola.it"
      }
    },
    {
      "type": "Feature",
      "geometry": {
        "type": "Point",
        "coordinates": [
          14.5726284,
          40.6284584
        ]
      },
      "properties": {
        "id": 5407416141,
        "osm_type": "node",
        "name": "B&B Santa Lucia",
        "tourism": "guest_house"
      }
    },
    {
      "type": "Feature",
      "geometry": {
        "type": "Point",
        "coordinates": [
          14.2473728,
          40.852172
        ]
      },
      "properties": {
        "id": 5429379106,
        "osm_type": "node",
        "name": "Nel Regno di Napoli",
        "tourism": "guest_house"
      }
    },
    {
      "type": "Feature",
      "geometry": {
        "type": "Point",
        "coordinates": [
          14.247281,
          40.842074
        ]
      },
      "properties": {
        "id": 5450629828,
        "osm_type": "node",
        "name": "Casa del Girasole",
        "tourism": "apartment",
        "phone": "+39 3397641902"
      }
    },
    {
      "type": "Feature",
      "geometry": {
        "type": "Point",
        "coordinates": [
          14.2524688,
          40.8435364
        ]
      },
      "properties": {
        "id": 5451193807,
        "osm_type": "node",
        "name": "Monteoliveto33",
        "tourism": "apartment",
        "phone": "+39335411626",
        "website": "https://www.monteoliveto33.com/"
      }
    },
    {
      "type": "Feature",
      "geometry": {
        "type": "Point",
        "coordinates": [
          14.601956,
          40.6350988
        ]
      },
      "properties": {
        "id": 5454023223,
        "osm_type": "node",
        "name": "Hotel Amalfi",
        "tourism": "hotel",
        "check_date": "2025-06-22"
      }
    },
    {
      "type": "Feature",
      "geometry": {
        "type": "Point",
        "coordinates": [
          14.2477969,
          40.8510825
        ]
      },
      "properties": {
        "id": 5467618211,
        "osm_type": "node",
        "name": "B&B La casa di Johnny",
        "tourism": "guest_house"
      }
    },
    {
      "type": "Feature",
      "geometry": {
        "type": "Point",
        "coordinates": [
          14.2473972,
          40.851258
        ]
      },
      "properties": {
        "id": 5467618214,
        "osm_type": "node",
        "name": "B&B Correra 214",
        "tourism": "guest_house"
      }
    },
    {
      "type": "Feature",
      "geometry": {
        "type": "Point",
        "coordinates": [
          14.2612445,
          40.8507158
        ]
      },
      "properties": {
        "id": 5477626221,
        "osm_type": "node",
        "name": "Tasor historic center",
        "tourism": "guest_house"
      }
    },
    {
      "type": "Feature",
      "geometry": {
        "type": "Point",
        "coordinates": [
          14.249532,
          40.8507669
        ]
      },
      "properties": {
        "id": 5525953017,
        "osm_type": "node",
        "name": "B&B Royal Dante",
        "tourism": "guest_house"
      }
    },
    {
      "type": "Feature",
      "geometry": {
        "type": "Point",
        "coordinates": [
          14.1986355,
          40.5491387
        ]
      },
      "properties": {
        "id": 5550467123,
        "osm_type": "node",
        "name": "wild camping",
        "tourism": "camp_site"
      }
    },
    {
      "type": "Feature",
      "geometry": {
        "type": "Point",
        "coordinates": [
          14.228358,
          40.5466635
        ]
      },
      "properties": {
        "id": 5552236025,
        "osm_type": "node",
        "tourism": "camp_site"
      }
    },
    {
      "type": "Feature",
      "geometry": {
        "type": "Point",
        "coordinates": [
          14.2284762,
          40.5471505
        ]
      },
      "properties": {
        "id": 5552245222,
        "osm_type": "node",
        "tourism": "camp_site"
      }
    },
    {
      "type": "Feature",
      "geometry": {
        "type": "Point",
        "coordinates": [
          14.2556135,
          40.5477604
        ]
      },
      "properties": {
        "id": 5552767421,
        "osm_type": "node",
        "tourism": "camp_site"
      }
    },
    {
      "type": "Feature",
      "geometry": {
        "type": "Point",
        "coordinates": [
          14.2681185,
          40.8534164
        ]
      },
      "properties": {
        "id": 5573498222,
        "osm_type": "node",
        "name": "B&B Del Corso",
        "tourism": "hostel"
      }
    },
    {
      "type": "Feature",
      "geometry": {
        "type": "Point",
        "coordinates": [
          14.5196954,
          41.3493857
        ]
      },
      "properties": {
        "id": 5580486294,
        "osm_type": "node",
        "name": "Osteria Da Marcellino",
        "tourism": "guest_house"
      }
    },
    {
      "type": "Feature",
      "geometry": {
        "type": "Point",
        "coordinates": [
          14.2490155,
          40.8423691
        ]
      },
      "properties": {
        "id": 5584806350,
        "osm_type": "node",
        "name": "IstayinToledo Luxury Guest House",
        "tourism": "apartment"
      }
    },
    {
      "type": "Feature",
      "geometry": {
        "type": "Point",
        "coordinates": [
          15.0652248,
          41.2535753
        ]
      },
      "properties": {
        "id": 5592324422,
        "osm_type": "node",
        "tourism": "guest_house"
      }
    },
    {
      "type": "Feature",
      "geometry": {
        "type": "Point",
        "coordinates": [
          14.3861618,
          40.6054728
        ]
      },
      "properties": {
        "id": 5598389525,
        "osm_type": "node",
        "name": "La Casa del Ciliegio",
        "tourism": "apartment"
      }
    },
    {
      "type": "Feature",
      "geometry": {
        "type": "Point",
        "coordinates": [
          13.8722201,
          40.7062522
        ]
      },
      "properties": {
        "id": 5611990575,
        "osm_type": "node",
        "name": "Al Bosco",
        "tourism": "hotel",
        "phone": "+39 081 907561",
        "website": "https://hotelalbosco.it/"
      }
    },
    {
      "type": "Feature",
      "geometry": {
        "type": "Point",
        "coordinates": [
          14.3846994,
          40.6292337
        ]
      },
      "properties": {
        "id": 5643925212,
        "osm_type": "node",
        "name": "Don Antonino Relais",
        "tourism": "apartment"
      }
    },
    {
      "type": "Feature",
      "geometry": {
        "type": "Point",
        "coordinates": [
          14.3857574,
          40.6280321
        ]
      },
      "properties": {
        "id": 5643997722,
        "osm_type": "node",
        "name": "DA Rooms",
        "tourism": "apartment"
      }
    },
    {
      "type": "Feature",
      "geometry": {
        "type": "Point",
        "coordinates": [
          14.5220281,
          40.6165004
        ]
      },
      "properties": {
        "id": 5660509744,
        "osm_type": "node",
        "name": "Hotel Pellegrino",
        "tourism": "hotel"
      }
    },
    {
      "type": "Feature",
      "geometry": {
        "type": "Point",
        "coordinates": [
          14.9486674,
          40.2347497
        ]
      },
      "properties": {
        "id": 5663436821,
        "osm_type": "node",
        "name": "lo scoglio",
        "tourism": "caravan_site"
      }
    },
    {
      "type": "Feature",
      "geometry": {
        "type": "Point",
        "coordinates": [
          14.373885,
          40.6265768
        ]
      },
      "properties": {
        "id": 5686614429,
        "osm_type": "node",
        "name": "Rivoli",
        "tourism": "hotel",
        "phone": "+39 081 18165785",
        "website": "https://www.sorrentorivoli.com/"
      }
    },
    {
      "type": "Feature",
      "geometry": {
        "type": "Point",
        "coordinates": [
          14.4028704,
          40.6253967
        ]
      },
      "properties": {
        "id": 5687906754,
        "osm_type": "node",
        "name": "La Terrazza Family Holidays",
        "tourism": "guest_house",
        "phone": "+393760052051",
        "website": "http://www.LaTerrazzaSorrento.com"
      }
    },
    {
      "type": "Feature",
      "geometry": {
        "type": "Point",
        "coordinates": [
          15.6287128,
          40.0735797
        ]
      },
      "properties": {
        "id": 5705433460,
        "osm_type": "node",
        "name": "\"Tirreno\" Hotel",
        "tourism": "hotel",
        "phone": "+39 0973 391006; +39 0973 391094",
        "website": "http://www.hoteltirrenosapri.it/"
      }
    },
    {
      "type": "Feature",
      "geometry": {
        "type": "Point",
        "coordinates": [
          15.0507766,
          40.2124696
        ]
      },
      "properties": {
        "id": 5711650769,
        "osm_type": "node",
        "name": "B&B Le Case Della Corte",
        "tourism": "guest_house"
      }
    },
    {
      "type": "Feature",
      "geometry": {
        "type": "Point",
        "coordinates": [
          14.4604685,
          40.7716461
        ]
      },
      "properties": {
        "id": 5714192821,
        "osm_type": "node",
        "name": "B&B Carlotta",
        "tourism": "guest_house"
      }
    },
    {
      "type": "Feature",
      "geometry": {
        "type": "Point",
        "coordinates": [
          14.2696395,
          40.8514246
        ]
      },
      "properties": {
        "id": 5735735421,
        "osm_type": "node",
        "name": "Villa B",
        "tourism": "hotel"
      }
    },
    {
      "type": "Feature",
      "geometry": {
        "type": "Point",
        "coordinates": [
          14.3825675,
          40.6029075
        ]
      },
      "properties": {
        "id": 5743371121,
        "osm_type": "node",
        "name": "La Case Del",
        "tourism": "apartment"
      }
    },
    {
      "type": "Feature",
      "geometry": {
        "type": "Point",
        "coordinates": [
          14.2513376,
          40.8333988
        ]
      },
      "properties": {
        "id": 5771387100,
        "osm_type": "node",
        "name": "Bed No Breakfast AK 2",
        "tourism": "guest_house",
        "phone": "+39 3454263970",
        "website": "https://www.bednobreakfastak.com"
      }
    },
    {
      "type": "Feature",
      "geometry": {
        "type": "Point",
        "coordinates": [
          14.3750701,
          40.6284349
        ]
      },
      "properties": {
        "id": 5790109215,
        "osm_type": "node",
        "name": "Hotel Il Faro",
        "tourism": "hotel",
        "website": "https://www.hotelilfaro.com/"
      }
    },
    {
      "type": "Feature",
      "geometry": {
        "type": "Point",
        "coordinates": [
          14.3752765,
          40.628915
        ]
      },
      "properties": {
        "id": 5790109216,
        "osm_type": "node",
        "name": "Yacht Club Capo Cervo Suites Sorrento",
        "tourism": "hotel",
        "website": "http://www.yccc.it/"
      }
    },
    {
      "type": "Feature",
      "geometry": {
        "type": "Point",
        "coordinates": [
          14.3755205,
          40.6287621
        ]
      },
      "properties": {
        "id": 5790109218,
        "osm_type": "node",
        "name": "Surriento Suites",
        "tourism": "hotel",
        "phone": "+39 338 762 3486",
        "website": "https://www.surrientosuites.com/en/index.html"
      }
    },
    {
      "type": "Feature",
      "geometry": {
        "type": "Point",
        "coordinates": [
          14.374017,
          40.6274392
        ]
      },
      "properties": {
        "id": 5790109220,
        "osm_type": "node",
        "name": "B&B Al Centro",
        "tourism": "hotel",
        "phone": "+39 081 8074230"
      }
    },
    {
      "type": "Feature",
      "geometry": {
        "type": "Point",
        "coordinates": [
          14.0409373,
          40.9169069
        ]
      },
      "properties": {
        "id": 5805384354,
        "osm_type": "node",
        "name": "Hotel Orchidea",
        "tourism": "hotel"
      }
    },
    {
      "type": "Feature",
      "geometry": {
        "type": "Point",
        "coordinates": [
          14.6138329,
          40.6545789
        ]
      },
      "properties": {
        "id": 5807522934,
        "osm_type": "node",
        "name": "Ravello Rooftop",
        "tourism": "guest_house"
      }
    },
    {
      "type": "Feature",
      "geometry": {
        "type": "Point",
        "coordinates": [
          14.6131051,
          40.653889
        ]
      },
      "properties": {
        "id": 5807552714,
        "osm_type": "node",
        "name": "La Moresca",
        "tourism": "hotel",
        "website": "www.lamorescaravello.it"
      }
    },
    {
      "type": "Feature",
      "geometry": {
        "type": "Point",
        "coordinates": [
          14.3270163,
          40.592778
        ]
      },
      "properties": {
        "id": 5879445946,
        "osm_type": "node",
        "name": "Villa Aretusa",
        "tourism": "guest_house"
      }
    },
    {
      "type": "Feature",
      "geometry": {
        "type": "Point",
        "coordinates": [
          13.9369724,
          40.7340179
        ]
      },
      "properties": {
        "id": 5911010188,
        "osm_type": "node",
        "name": "U Campagnuolo",
        "tourism": "hotel"
      }
    },
    {
      "type": "Feature",
      "geometry": {
        "type": "Point",
        "coordinates": [
          14.7620163,
          40.6780851
        ]
      },
      "properties": {
        "id": 5927318972,
        "osm_type": "node",
        "name": "Salerno Costa D'Amalfi Suite",
        "tourism": "hostel",
        "phone": "+393475807685"
      }
    },
    {
      "type": "Feature",
      "geometry": {
        "type": "Point",
        "coordinates": [
          14.6398658,
          40.6496903
        ]
      },
      "properties": {
        "id": 5929172326,
        "osm_type": "node",
        "name": "La casa D'a...mare",
        "tourism": "hostel",
        "phone": "+390898517433386260"
      }
    },
    {
      "type": "Feature",
      "geometry": {
        "type": "Point",
        "coordinates": [
          14.3877082,
          40.6273479
        ]
      },
      "properties": {
        "id": 5935188085,
        "osm_type": "node",
        "name": "L'Angolo di Paradiso",
        "tourism": "guest_house",
        "phone": "+39 081 878 4213",
        "website": "https://www.angolodiparadisosorrento.it/"
      }
    },
    {
      "type": "Feature",
      "geometry": {
        "type": "Point",
        "coordinates": [
          14.5885939,
          40.6281923
        ]
      },
      "properties": {
        "id": 5935317465,
        "osm_type": "node",
        "name": "Villa Rina",
        "tourism": "hotel",
        "phone": "+39089831858"
      }
    },
    {
      "type": "Feature",
      "geometry": {
        "type": "Point",
        "coordinates": [
          14.4301567,
          40.6207248
        ]
      },
      "properties": {
        "id": 5936861158,
        "osm_type": "node",
        "name": "Residence L'Incanto",
        "tourism": "hostel",
        "phone": "+39 081 5333448"
      }
    },
    {
      "type": "Feature",
      "geometry": {
        "type": "Point",
        "coordinates": [
          14.3306694,
          40.589231
        ]
      },
      "properties": {
        "id": 5940205106,
        "osm_type": "node",
        "name": "Relais Blu",
        "tourism": "hotel"
      }
    },
    {
      "type": "Feature",
      "geometry": {
        "type": "Point",
        "coordinates": [
          14.3390426,
          40.5909206
        ]
      },
      "properties": {
        "id": 5940205231,
        "osm_type": "node",
        "name": "Hotel Caruso",
        "tourism": "hotel",
        "check_date": "2024-11-10"
      }
    },
    {
      "type": "Feature",
      "geometry": {
        "type": "Point",
        "coordinates": [
          14.3321047,
          40.5886858
        ]
      },
      "properties": {
        "id": 5940205560,
        "osm_type": "node",
        "name": "Acquamarina B&B",
        "tourism": "hostel"
      }
    },
    {
      "type": "Feature",
      "geometry": {
        "type": "Point",
        "coordinates": [
          14.3370459,
          40.5893184
        ]
      },
      "properties": {
        "id": 5940205593,
        "osm_type": "node",
        "name": "Silvio's Rooms",
        "tourism": "hostel"
      }
    },
    {
      "type": "Feature",
      "geometry": {
        "type": "Point",
        "coordinates": [
          14.3841352,
          40.6281123
        ]
      },
      "properties": {
        "id": 5940718221,
        "osm_type": "node",
        "name": "Giardino Sorrentino",
        "tourism": "hostel",
        "phone": "+39 339 832 1353"
      }
    },
    {
      "type": "Feature",
      "geometry": {
        "type": "Point",
        "coordinates": [
          14.2485174,
          40.8487466
        ]
      },
      "properties": {
        "id": 5948382370,
        "osm_type": "node",
        "name": "a due passi da Dante B&B",
        "tourism": "hostel"
      }
    },
    {
      "type": "Feature",
      "geometry": {
        "type": "Point",
        "coordinates": [
          14.3511231,
          40.8764961
        ]
      },
      "properties": {
        "id": 5959430087,
        "osm_type": "node",
        "name": "Eracle",
        "tourism": "hotel"
      }
    },
    {
      "type": "Feature",
      "geometry": {
        "type": "Point",
        "coordinates": [
          13.8714859,
          40.7477501
        ]
      },
      "properties": {
        "id": 5970382261,
        "osm_type": "node",
        "name": "Family Spa Hotel Le Canne",
        "tourism": "hotel",
        "phone": "+39 081 987501",
        "website": "https://www.albergolecanne.it/"
      }
    },
    {
      "type": "Feature",
      "geometry": {
        "type": "Point",
        "coordinates": [
          14.2324318,
          40.8466472
        ]
      },
      "properties": {
        "id": 6017705542,
        "osm_type": "node",
        "name": "B&B Casa Azzurra",
        "tourism": "guest_house",
        "phone": "+39 0810403264; +39 3381382929",
        "website": "https://www.bbnapolicasazzurra.com/"
      }
    },
    {
      "type": "Feature",
      "geometry": {
        "type": "Point",
        "coordinates": [
          14.6095732,
          40.6473838
        ]
      },
      "properties": {
        "id": 6019163985,
        "osm_type": "node",
        "name": "Nonno&Francesco",
        "tourism": "guest_house"
      }
    },
    {
      "type": "Feature",
      "geometry": {
        "type": "Point",
        "coordinates": [
          15.0048966,
          40.426803
        ]
      },
      "properties": {
        "id": 6048548171,
        "osm_type": "node",
        "name": "Casa Rubini",
        "tourism": "guest_house",
        "website": "https://www.casarubini.it/"
      }
    },
    {
      "type": "Feature",
      "geometry": {
        "type": "Point",
        "coordinates": [
          14.577917,
          40.7345714
        ]
      },
      "properties": {
        "id": 6092726575,
        "osm_type": "node",
        "name": "La Ville Apartments",
        "tourism": "guest_house"
      }
    },
    {
      "type": "Feature",
      "geometry": {
        "type": "Point",
        "coordinates": [
          14.6896406,
          40.950623
        ]
      },
      "properties": {
        "id": 6136757471,
        "osm_type": "node",
        "name": "rifugio Valle Fredda",
        "tourism": "alpine_hut"
      }
    },
    {
      "type": "Feature",
      "geometry": {
        "type": "Point",
        "coordinates": [
          15.1097687,
          40.2036709
        ]
      },
      "properties": {
        "id": 6164052157,
        "osm_type": "node",
        "name": "Agriturismo Spina Rossa",
        "tourism": "guest_house",
        "website": "https://www.spinarossa.it/"
      }
    },
    {
      "type": "Feature",
      "geometry": {
        "type": "Point",
        "coordinates": [
          14.5248319,
          40.6122041
        ]
      },
      "properties": {
        "id": 6170529622,
        "osm_type": "node",
        "name": "Villa Il Frantoio",
        "tourism": "guest_house",
        "phone": "+39 089 2594146"
      }
    },
    {
      "type": "Feature",
      "geometry": {
        "type": "Point",
        "coordinates": [
          14.48296,
          40.6294846
        ]
      },
      "properties": {
        "id": 6172476186,
        "osm_type": "node",
        "name": "Pensione Villa Verde B & B",
        "tourism": "guest_house",
        "website": "http://www.pensionevillaverde.it"
      }
    },
    {
      "type": "Feature",
      "geometry": {
        "type": "Point",
        "coordinates": [
          14.2476842,
          40.9920895
        ]
      },
      "properties": {
        "id": 6176320655,
        "osm_type": "node",
        "name": "Navy Lodge",
        "tourism": "hotel"
      }
    },
    {
      "type": "Feature",
      "geometry": {
        "type": "Point",
        "coordinates": [
          14.3990665,
          40.6271336
        ]
      },
      "properties": {
        "id": 6192696885,
        "osm_type": "node",
        "name": "Parva Sed Apta Mihi",
        "tourism": "guest_house"
      }
    },
    {
      "type": "Feature",
      "geometry": {
        "type": "Point",
        "coordinates": [
          14.9361959,
          41.2062852
        ]
      },
      "properties": {
        "id": 6193651234,
        "osm_type": "node",
        "name": "U Russ",
        "tourism": "motel"
      }
    },
    {
      "type": "Feature",
      "geometry": {
        "type": "Point",
        "coordinates": [
          14.259206,
          40.8501836
        ]
      },
      "properties": {
        "id": 6299040888,
        "osm_type": "node",
        "name": "21",
        "tourism": "guest_house"
      }
    },
    {
      "type": "Feature",
      "geometry": {
        "type": "Point",
        "coordinates": [
          14.2449896,
          40.8348755
        ]
      },
      "properties": {
        "id": 6326960225,
        "osm_type": "node",
        "name": "Chiaia Suites",
        "tourism": "guest_house",
        "opening_hours": "Mo-Su 09:00-17:00",
        "phone": "+39 0815583431",
        "website": "https://chiaiasuites.it/"
      }
    },
    {
      "type": "Feature",
      "geometry": {
        "type": "Point",
        "coordinates": [
          13.9591101,
          40.7264054
        ]
      },
      "properties": {
        "id": 6326964652,
        "osm_type": "node",
        "name": "Strand Hotel Delfini",
        "tourism": "hotel",
        "phone": "+39 081 981341",
        "website": "https://www.hoteldelfini.it/"
      }
    },
    {
      "type": "Feature",
      "geometry": {
        "type": "Point",
        "coordinates": [
          14.3576233,
          40.5836605
        ]
      },
      "properties": {
        "id": 6333870349,
        "osm_type": "node",
        "name": "Le Sirene",
        "tourism": "hotel",
        "phone": "+39 081 808 1771",
        "website": "https://www.lesirenehotel.it/"
      }
    },
    {
      "type": "Feature",
      "geometry": {
        "type": "Point",
        "coordinates": [
          14.5522964,
          40.620292
        ]
      },
      "properties": {
        "id": 6337862787,
        "osm_type": "node",
        "tourism": "hotel"
      }
    },
    {
      "type": "Feature",
      "geometry": {
        "type": "Point",
        "coordinates": [
          14.2637127,
          40.8500644
        ]
      },
      "properties": {
        "id": 6340680758,
        "osm_type": "node",
        "name": "Bed and Coffee",
        "tourism": "hotel"
      }
    },
    {
      "type": "Feature",
      "geometry": {
        "type": "Point",
        "coordinates": [
          15.2993692,
          40.0438757
        ]
      },
      "properties": {
        "id": 6385991287,
        "osm_type": "node",
        "name": "Casa vacanze Mimose",
        "tourism": "guest_house"
      }
    },
    {
      "type": "Feature",
      "geometry": {
        "type": "Point",
        "coordinates": [
          14.4810388,
          40.627595
        ]
      },
      "properties": {
        "id": 6390539565,
        "osm_type": "node",
        "name": "Pensione Casa Guadagno",
        "tourism": "hotel",
        "phone": "+39089875042",
        "website": "https://www.pensionecasaguadagno.it/"
      }
    },
    {
      "type": "Feature",
      "geometry": {
        "type": "Point",
        "coordinates": [
          14.3415928,
          40.6260197
        ]
      },
      "properties": {
        "id": 6418985025,
        "osm_type": "node",
        "tourism": "caravan_site"
      }
    },
    {
      "type": "Feature",
      "geometry": {
        "type": "Point",
        "coordinates": [
          15.6410551,
          40.1007501
        ]
      },
      "properties": {
        "id": 6423172620,
        "osm_type": "node",
        "name": "Agriturismo Antica Chiesa San Fantino",
        "tourism": "hotel"
      }
    },
    {
      "type": "Feature",
      "geometry": {
        "type": "Point",
        "coordinates": [
          14.7601805,
          40.6783119
        ]
      },
      "properties": {
        "id": 6426243772,
        "osm_type": "node",
        "name": "B&B Salerno in alto mare",
        "tourism": "hotel"
      }
    },
    {
      "type": "Feature",
      "geometry": {
        "type": "Point",
        "coordinates": [
          14.7650032,
          40.6840178
        ]
      },
      "properties": {
        "id": 6439323736,
        "osm_type": "node",
        "name": "Quattro briganti",
        "tourism": "guest_house",
        "website": "https://www.quattrobriganti.com/"
      }
    },
    {
      "type": "Feature",
      "geometry": {
        "type": "Point",
        "coordinates": [
          14.6014466,
          40.6338206
        ]
      },
      "properties": {
        "id": 6457064086,
        "osm_type": "node",
        "name": "Hotel Croce Di Amalfi",
        "tourism": "hotel",
        "opening_hours": "Mo-Su 08:00-20:00",
        "phone": "+39089873136"
      }
    },
    {
      "type": "Feature",
      "geometry": {
        "type": "Point",
        "coordinates": [
          14.3712135,
          40.6144984
        ]
      },
      "properties": {
        "id": 6464006385,
        "osm_type": "node",
        "tourism": "apartment"
      }
    },
    {
      "type": "Feature",
      "geometry": {
        "type": "Point",
        "coordinates": [
          13.8803417,
          40.7042187
        ]
      },
      "properties": {
        "id": 6477971087,
        "osm_type": "node",
        "name": "Miralisa",
        "tourism": "hotel"
      }
    },
    {
      "type": "Feature",
      "geometry": {
        "type": "Point",
        "coordinates": [
          14.1439201,
          40.928807
        ]
      },
      "properties": {
        "id": 6482187886,
        "osm_type": "node",
        "tourism": "apartment",
        "website": "https://abnb.me/bQTd0dmRMW"
      }
    },
    {
      "type": "Feature",
      "geometry": {
        "type": "Point",
        "coordinates": [
          14.5486815,
          40.6339891
        ]
      },
      "properties": {
        "id": 6483655297,
        "osm_type": "node",
        "name": "San Nicola",
        "tourism": "guest_house"
      }
    },
    {
      "type": "Feature",
      "geometry": {
        "type": "Point",
        "coordinates": [
          14.6373203,
          40.7078392
        ]
      },
      "properties": {
        "id": 6485067585,
        "osm_type": "node",
        "name": "Agriturismo Mare et Monti",
        "tourism": "guest_house",
        "phone": "+39 089876665",
        "website": "https://www.agriturismomaremonti.it/"
      }
    },
    {
      "type": "Feature",
      "geometry": {
        "type": "Point",
        "coordinates": [
          14.259517,
          40.8553258
        ]
      },
      "properties": {
        "id": 6498114085,
        "osm_type": "node",
        "tourism": "hotel"
      }
    },
    {
      "type": "Feature",
      "geometry": {
        "type": "Point",
        "coordinates": [
          14.2436364,
          40.8879656
        ]
      },
      "properties": {
        "id": 6501536985,
        "osm_type": "node",
        "tourism": "guest_house"
      }
    },
    {
      "type": "Feature",
      "geometry": {
        "type": "Point",
        "coordinates": [
          14.60334,
          40.6426416
        ]
      },
      "properties": {
        "id": 6505448498,
        "osm_type": "node",
        "name": "Dint' a Torre",
        "tourism": "guest_house",
        "website": "www.dint-aterre.com"
      }
    },
    {
      "type": "Feature",
      "geometry": {
        "type": "Point",
        "coordinates": [
          13.9588256,
          40.7271027
        ]
      },
      "properties": {
        "id": 6516453151,
        "osm_type": "node",
        "name": "Hotel Don Filipe",
        "tourism": "hotel"
      }
    },
    {
      "type": "Feature",
      "geometry": {
        "type": "Point",
        "coordinates": [
          13.9554419,
          40.7306902
        ]
      },
      "properties": {
        "id": 6516566508,
        "osm_type": "node",
        "name": "Hotel Aragonese",
        "tourism": "hotel"
      }
    },
    {
      "type": "Feature",
      "geometry": {
        "type": "Point",
        "coordinates": [
          13.9567549,
          40.7288668
        ]
      },
      "properties": {
        "id": 6516566510,
        "osm_type": "node",
        "name": "Hotel Parco Cartaromana",
        "tourism": "hotel"
      }
    },
    {
      "type": "Feature",
      "geometry": {
        "type": "Point",
        "coordinates": [
          13.9596282,
          40.7303158
        ]
      },
      "properties": {
        "id": 6516575113,
        "osm_type": "node",
        "name": "Villa Antonia",
        "tourism": "hotel"
      }
    },
    {
      "type": "Feature",
      "geometry": {
        "type": "Point",
        "coordinates": [
          13.9538343,
          40.7345946
        ]
      },
      "properties": {
        "id": 6516587617,
        "osm_type": "node",
        "name": "Hotel Europa",
        "tourism": "hotel"
      }
    },
    {
      "type": "Feature",
      "geometry": {
        "type": "Point",
        "coordinates": [
          14.482887,
          40.6284423
        ]
      },
      "properties": {
        "id": 6518378175,
        "osm_type": "node",
        "name": "Hotel Villa Gabrisa",
        "tourism": "hotel",
        "phone": "+39 089 811498",
        "website": "https://www.villagabrisa.it/?utm_source=gbp&utm_medium=organic"
      }
    },
    {
      "type": "Feature",
      "geometry": {
        "type": "Point",
        "coordinates": [
          14.8752438,
          41.3078945
        ]
      },
      "properties": {
        "id": 6531682741,
        "osm_type": "node",
        "name": "Bed and Breakfast Vicidomini",
        "tourism": "guest_house",
        "phone": "+39 0824984637"
      }
    },
    {
      "type": "Feature",
      "geometry": {
        "type": "Point",
        "coordinates": [
          14.2508647,
          40.8451618
        ]
      },
      "properties": {
        "id": 6534717697,
        "osm_type": "node",
        "name": "Tutt 'e Sant Luxury Rooms",
        "tourism": "apartment",
        "phone": "+393355235575",
        "website": "https://www.tuttesant.com"
      }
    },
    {
      "type": "Feature",
      "geometry": {
        "type": "Point",
        "coordinates": [
          14.6406374,
          40.6487575
        ]
      },
      "properties": {
        "id": 6535729785,
        "osm_type": "node",
        "name": "B&B Vittoria",
        "tourism": "hostel",
        "check_date": "2025-07-22"
      }
    },
    {
      "type": "Feature",
      "geometry": {
        "type": "Point",
        "coordinates": [
          14.3490981,
          40.8061831
        ]
      },
      "properties": {
        "id": 6553830344,
        "osm_type": "node",
        "name": "Decumano Massimo",
        "tourism": "guest_house"
      }
    },
    {
      "type": "Feature",
      "geometry": {
        "type": "Point",
        "coordinates": [
          14.412315,
          40.632889
        ]
      },
      "properties": {
        "id": 6553934913,
        "osm_type": "node",
        "name": "Casa Rachele",
        "tourism": "guest_house"
      }
    },
    {
      "type": "Feature",
      "geometry": {
        "type": "Point",
        "coordinates": [
          14.2130967,
          40.9159616
        ]
      },
      "properties": {
        "id": 6561554815,
        "osm_type": "node",
        "name": "Diadema",
        "tourism": "hotel"
      }
    },
    {
      "type": "Feature",
      "geometry": {
        "type": "Point",
        "coordinates": [
          14.215854,
          40.9149958
        ]
      },
      "properties": {
        "id": 6561554833,
        "osm_type": "node",
        "name": "Runa",
        "tourism": "hotel"
      }
    },
    {
      "type": "Feature",
      "geometry": {
        "type": "Point",
        "coordinates": [
          14.2444953,
          40.54881
        ]
      },
      "properties": {
        "id": 6571038482,
        "osm_type": "node",
        "name": "Sina Flora",
        "tourism": "hotel"
      }
    },
    {
      "type": "Feature",
      "geometry": {
        "type": "Point",
        "coordinates": [
          14.2455505,
          40.8360071
        ]
      },
      "properties": {
        "id": 6578948322,
        "osm_type": "node",
        "name": "B&B Plebiscito Home",
        "tourism": "guest_house"
      }
    },
    {
      "type": "Feature",
      "geometry": {
        "type": "Point",
        "coordinates": [
          13.8636707,
          40.7225108
        ]
      },
      "properties": {
        "id": 6580587919,
        "osm_type": "node",
        "name": "Villa Loreta",
        "tourism": "guest_house"
      }
    },
    {
      "type": "Feature",
      "geometry": {
        "type": "Point",
        "coordinates": [
          13.8635312,
          40.7222466
        ]
      },
      "properties": {
        "id": 6580587920,
        "osm_type": "node",
        "name": "Villa Bianca",
        "tourism": "hotel"
      }
    },
    {
      "type": "Feature",
      "geometry": {
        "type": "Point",
        "coordinates": [
          14.7829125,
          41.1299987
        ]
      },
      "properties": {
        "id": 6587425280,
        "osm_type": "node",
        "name": "President",
        "tourism": "hotel",
        "check_date": "2025-12-01"
      }
    },
    {
      "type": "Feature",
      "geometry": {
        "type": "Point",
        "coordinates": [
          14.2629592,
          40.848289
        ]
      },
      "properties": {
        "id": 6617497387,
        "osm_type": "node",
        "tourism": "hotel"
      }
    },
    {
      "type": "Feature",
      "geometry": {
        "type": "Point",
        "coordinates": [
          14.7302031,
          40.6711893
        ]
      },
      "properties": {
        "id": 6617586854,
        "osm_type": "node",
        "name": "Piano Rooms",
        "tourism": "guest_house"
      }
    },
    {
      "type": "Feature",
      "geometry": {
        "type": "Point",
        "coordinates": [
          14.2649955,
          40.8499131
        ]
      },
      "properties": {
        "id": 6617607085,
        "osm_type": "node",
        "tourism": "hotel"
      }
    },
    {
      "type": "Feature",
      "geometry": {
        "type": "Point",
        "coordinates": [
          14.6996861,
          40.9280567
        ]
      },
      "properties": {
        "id": 6643026589,
        "osm_type": "node",
        "tourism": "alpine_hut"
      }
    },
    {
      "type": "Feature",
      "geometry": {
        "type": "Point",
        "coordinates": [
          13.9482703,
          40.7410906
        ]
      },
      "properties": {
        "id": 6646254926,
        "osm_type": "node",
        "name": "Hotel Villa Diana",
        "tourism": "hotel"
      }
    },
    {
      "type": "Feature",
      "geometry": {
        "type": "Point",
        "coordinates": [
          14.3361246,
          40.6087199
        ]
      },
      "properties": {
        "id": 6657580698,
        "osm_type": "node",
        "name": "San Francesco Relais",
        "tourism": "guest_house",
        "phone": "+393343726223",
        "website": "https://www.sanfrancescorelais.it/",
        "check_date": "2024-08-10"
      }
    },
    {
      "type": "Feature",
      "geometry": {
        "type": "Point",
        "coordinates": [
          13.8536977,
          41.2662575
        ]
      },
      "properties": {
        "id": 6669858668,
        "osm_type": "node",
        "name": "Masseria Casiello",
        "tourism": "guest_house",
        "phone": "+39 3495248669",
        "website": "https://www.masseriacasiello.it"
      }
    },
    {
      "type": "Feature",
      "geometry": {
        "type": "Point",
        "coordinates": [
          14.4798785,
          40.7417849
        ]
      },
      "properties": {
        "id": 6683517317,
        "osm_type": "node",
        "name": "Villa Felice",
        "tourism": "guest_house",
        "website": "https://www.villafelicepompei.it"
      }
    },
    {
      "type": "Feature",
      "geometry": {
        "type": "Point",
        "coordinates": [
          13.8733898,
          40.7502812
        ]
      },
      "properties": {
        "id": 6685390919,
        "osm_type": "node",
        "name": "Hotel Parco Dei Principi",
        "tourism": "hotel",
        "phone": "+390815071467",
        "website": "https://www.parcodeiprincipi.eu/"
      }
    },
    {
      "type": "Feature",
      "geometry": {
        "type": "Point",
        "coordinates": [
          14.2421509,
          40.8316496
        ]
      },
      "properties": {
        "id": 6694307464,
        "osm_type": "node",
        "name": "Dimora Megaride",
        "tourism": "guest_house"
      }
    },
    {
      "type": "Feature",
      "geometry": {
        "type": "Point",
        "coordinates": [
          14.8647342,
          40.8581587
        ]
      },
      "properties": {
        "id": 6695121286,
        "osm_type": "node",
        "name": "Hotel Ristorante San Lorenzo",
        "tourism": "hotel"
      }
    },
    {
      "type": "Feature",
      "geometry": {
        "type": "Point",
        "coordinates": [
          14.8890522,
          40.574088
        ]
      },
      "properties": {
        "id": 6700838092,
        "osm_type": "node",
        "name": "Sunrise Accessible Resort",
        "tourism": "hotel"
      }
    },
    {
      "type": "Feature",
      "geometry": {
        "type": "Point",
        "coordinates": [
          14.2628997,
          40.8482443
        ]
      },
      "properties": {
        "id": 6718066089,
        "osm_type": "node",
        "name": "Napoli gold",
        "tourism": "guest_house"
      }
    },
    {
      "type": "Feature",
      "geometry": {
        "type": "Point",
        "coordinates": [
          14.6086542,
          40.636735
        ]
      },
      "properties": {
        "id": 6718472168,
        "osm_type": "node",
        "name": "Me.Fra Camere",
        "tourism": "guest_house"
      }
    },
    {
      "type": "Feature",
      "geometry": {
        "type": "Point",
        "coordinates": [
          14.9617496,
          40.2850642
        ]
      },
      "properties": {
        "id": 6731926985,
        "osm_type": "node",
        "name": "Cilentissimo San Leo",
        "tourism": "guest_house",
        "phone": "+49 1755362336",
        "website": "https://cilentissimo.de"
      }
    },
    {
      "type": "Feature",
      "geometry": {
        "type": "Point",
        "coordinates": [
          14.2477994,
          40.5484534
        ]
      },
      "properties": {
        "id": 6741849646,
        "osm_type": "node",
        "name": "Hotel La Vega",
        "tourism": "hotel"
      }
    },
    {
      "type": "Feature",
      "geometry": {
        "type": "Point",
        "coordinates": [
          14.2472898,
          40.5486592
        ]
      },
      "properties": {
        "id": 6741849647,
        "osm_type": "node",
        "name": "Hotel La Floridiana",
        "tourism": "hotel"
      }
    },
    {
      "type": "Feature",
      "geometry": {
        "type": "Point",
        "coordinates": [
          14.2475526,
          40.548543
        ]
      },
      "properties": {
        "id": 6741849648,
        "osm_type": "node",
        "name": "Hotel La Minerva",
        "tourism": "hotel"
      }
    },
    {
      "type": "Feature",
      "geometry": {
        "type": "Point",
        "coordinates": [
          14.2466761,
          40.5486418
        ]
      },
      "properties": {
        "id": 6741849649,
        "osm_type": "node",
        "name": "Hotel Mamela",
        "tourism": "hotel",
        "website": "https://hotelmamela.hotelscheck-in.com/en/"
      }
    },
    {
      "type": "Feature",
      "geometry": {
        "type": "Point",
        "coordinates": [
          14.2462102,
          40.5485496
        ]
      },
      "properties": {
        "id": 6741849654,
        "osm_type": "node",
        "name": "Hotel La Canasta",
        "tourism": "hotel"
      }
    },
    {
      "type": "Feature",
      "geometry": {
        "type": "Point",
        "coordinates": [
          14.0994637,
          40.8416016
        ]
      },
      "properties": {
        "id": 6743933474,
        "osm_type": "node",
        "name": "Casa Vacanze Campi Flegrei",
        "tourism": "hotel",
        "phone": "+39 345 988 0780"
      }
    },
    {
      "type": "Feature",
      "geometry": {
        "type": "Point",
        "coordinates": [
          14.7207117,
          40.6685251
        ]
      },
      "properties": {
        "id": 6744112086,
        "osm_type": "node",
        "tourism": "hotel"
      }
    },
    {
      "type": "Feature",
      "geometry": {
        "type": "Point",
        "coordinates": [
          14.5685478,
          40.6242741
        ]
      },
      "properties": {
        "id": 6761625187,
        "osm_type": "node",
        "name": "Le Oreadi",
        "tourism": "guest_house"
      }
    },
    {
      "type": "Feature",
      "geometry": {
        "type": "Point",
        "coordinates": [
          14.4392657,
          41.1924504
        ]
      },
      "properties": {
        "id": 6771435369,
        "osm_type": "node",
        "name": "Santa Maria degli Angeli",
        "tourism": "hostel"
      }
    },
    {
      "type": "Feature",
      "geometry": {
        "type": "Point",
        "coordinates": [
          13.8785858,
          40.7062926
        ]
      },
      "properties": {
        "id": 6779385786,
        "osm_type": "node",
        "name": "Hotel Belvedere",
        "tourism": "hotel",
        "phone": "+39 081 909610",
        "website": "https://www.hotelbelvedereischia.it/"
      }
    },
    {
      "type": "Feature",
      "geometry": {
        "type": "Point",
        "coordinates": [
          14.6132078,
          40.6536741
        ]
      },
      "properties": {
        "id": 6797104170,
        "osm_type": "node",
        "name": "Bonadies",
        "tourism": "hotel",
        "phone": "+39 089 857918",
        "website": "www.hotelbonadies.it"
      }
    },
    {
      "type": "Feature",
      "geometry": {
        "type": "Point",
        "coordinates": [
          14.3775006,
          40.6263985
        ]
      },
      "properties": {
        "id": 6799478000,
        "osm_type": "node",
        "name": "Palazzo Spasiano",
        "tourism": "guest_house",
        "phone": "+39 339 841 1424",
        "website": "https://www.palazzospasiano.com/"
      }
    },
    {
      "type": "Feature",
      "geometry": {
        "type": "Point",
        "coordinates": [
          14.6133284,
          40.6532398
        ]
      },
      "properties": {
        "id": 6800042127,
        "osm_type": "node",
        "name": "Hotel Parsifal Antico Convento 1288",
        "tourism": "hotel",
        "phone": "+39 089 857144",
        "website": "https://hotelparsifal.it/"
      }
    },
    {
      "type": "Feature",
      "geometry": {
        "type": "Point",
        "coordinates": [
          15.3595868,
          40.001774
        ]
      },
      "properties": {
        "id": 6800049056,
        "osm_type": "node",
        "name": "Residence Hotel San Domenico",
        "tourism": "hotel",
        "phone": "+39 0974 932259",
        "website": "https://www.residencesandomenico.info/"
      }
    },
    {
      "type": "Feature",
      "geometry": {
        "type": "Point",
        "coordinates": [
          15.1275738,
          40.1807927
        ]
      },
      "properties": {
        "id": 6814412685,
        "osm_type": "node",
        "name": "VacaCilento Casa Vacanze",
        "tourism": "apartment",
        "phone": "+39 3339938282",
        "website": "https://cilentovacanze.business.site/"
      }
    },
    {
      "type": "Feature",
      "geometry": {
        "type": "Point",
        "coordinates": [
          14.254677,
          40.8457026
        ]
      },
      "properties": {
        "id": 6824866285,
        "osm_type": "node",
        "name": "Casa Banchi Nuovi",
        "tourism": "guest_house"
      }
    },
    {
      "type": "Feature",
      "geometry": {
        "type": "Point",
        "coordinates": [
          14.2510426,
          40.8455654
        ]
      },
      "properties": {
        "id": 6934289667,
        "osm_type": "node",
        "name": "Finest apartment - nel cuore di Napoli",
        "tourism": "apartment",
        "website": "https://www.finestapartment.it"
      }
    },
    {
      "type": "Feature",
      "geometry": {
        "type": "Point",
        "coordinates": [
          14.255064,
          40.8399384
        ]
      },
      "properties": {
        "id": 6942448232,
        "osm_type": "node",
        "name": "NapoliLive B&B",
        "tourism": "hotel",
        "phone": "+393755251556"
      }
    },
    {
      "type": "Feature",
      "geometry": {
        "type": "Point",
        "coordinates": [
          14.255005,
          40.8399645
        ]
      },
      "properties": {
        "id": 6943713452,
        "osm_type": "node",
        "name": "Skyhouse Beverello",
        "tourism": "hotel",
        "contact:phone": "+39 0817648350",
        "contact:website": "https://www.bbskyhouse.com/bevel"
      }
    },
    {
      "type": "Feature",
      "geometry": {
        "type": "Point",
        "coordinates": [
          14.2549918,
          40.8399186
        ]
      },
      "properties": {
        "id": 6943713453,
        "osm_type": "node",
        "name": "Bella Napoli",
        "tourism": "hostel"
      }
    },
    {
      "type": "Feature",
      "geometry": {
        "type": "Point",
        "coordinates": [
          14.2549697,
          40.8401396
        ]
      },
      "properties": {
        "id": 6943713455,
        "osm_type": "node",
        "name": "Maschio Angioino Suite",
        "tourism": "hotel",
        "contact:website": "https://maschioangioinosuite-it.3dcartstores.com"
      }
    },
    {
      "type": "Feature",
      "geometry": {
        "type": "Point",
        "coordinates": [
          14.2552455,
          40.84006
        ]
      },
      "properties": {
        "id": 6943713459,
        "osm_type": "node",
        "name": "Melisurgo Property",
        "tourism": "apartment"
      }
    },
    {
      "type": "Feature",
      "geometry": {
        "type": "Point",
        "coordinates": [
          14.2463885,
          40.847779
        ]
      },
      "properties": {
        "id": 6982963960,
        "osm_type": "node",
        "name": "Casa Vacanze Light Blue Home",
        "tourism": "hotel"
      }
    },
    {
      "type": "Feature",
      "geometry": {
        "type": "Point",
        "coordinates": [
          15.5409455,
          40.3777287
        ]
      },
      "properties": {
        "id": 7017432524,
        "osm_type": "node",
        "name": "Casa De Nigris - Dimora di Charme",
        "tourism": "guest_house"
      }
    },
    {
      "type": "Feature",
      "geometry": {
        "type": "Point",
        "coordinates": [
          14.3799733,
          40.8077181
        ]
      },
      "properties": {
        "id": 7018302585,
        "osm_type": "node",
        "name": "Casa Naples",
        "tourism": "apartment"
      }
    },
    {
      "type": "Feature",
      "geometry": {
        "type": "Point",
        "coordinates": [
          14.2488744,
          40.8463036
        ]
      },
      "properties": {
        "id": 7020674669,
        "osm_type": "node",
        "name": "B&B I Visconti",
        "tourism": "guest_house"
      }
    },
    {
      "type": "Feature",
      "geometry": {
        "type": "Point",
        "coordinates": [
          15.2053164,
          40.5071878
        ]
      },
      "properties": {
        "id": 7023768072,
        "osm_type": "node",
        "name": "La Casa del Sole B&B Home Restaurant",
        "tourism": "guest_house",
        "phone": "+39 3333017607"
      }
    },
    {
      "type": "Feature",
      "geometry": {
        "type": "Point",
        "coordinates": [
          14.2485769,
          40.8332238
        ]
      },
      "properties": {
        "id": 7024717996,
        "osm_type": "node",
        "name": "Spira Mirabilis",
        "tourism": "guest_house"
      }
    },
    {
      "type": "Feature",
      "geometry": {
        "type": "Point",
        "coordinates": [
          15.5388712,
          40.379961
        ]
      },
      "properties": {
        "id": 7026910523,
        "osm_type": "node",
        "name": "Hotel Antichi Feudi",
        "tourism": "hotel"
      }
    },
    {
      "type": "Feature",
      "geometry": {
        "type": "Point",
        "coordinates": [
          15.554869,
          40.3791438
        ]
      },
      "properties": {
        "id": 7026980481,
        "osm_type": "node",
        "name": "La Marchesina",
        "tourism": "hotel"
      }
    },
    {
      "type": "Feature",
      "geometry": {
        "type": "Point",
        "coordinates": [
          15.5406448,
          40.3805443
        ]
      },
      "properties": {
        "id": 7026992848,
        "osm_type": "node",
        "name": "La Congiura dei Baroni",
        "tourism": "hotel"
      }
    },
    {
      "type": "Feature",
      "geometry": {
        "type": "Point",
        "coordinates": [
          15.5540196,
          40.1384913
        ]
      },
      "properties": {
        "id": 7027002056,
        "osm_type": "node",
        "name": "Morigerati Paese Ambiente",
        "tourism": "apartment"
      }
    },
    {
      "type": "Feature",
      "geometry": {
        "type": "Point",
        "coordinates": [
          15.4848335,
          40.4202892
        ]
      },
      "properties": {
        "id": 7028287329,
        "osm_type": "node",
        "name": "Villa Salvioli",
        "tourism": "apartment"
      }
    },
    {
      "type": "Feature",
      "geometry": {
        "type": "Point",
        "coordinates": [
          14.2331837,
          40.5516763
        ]
      },
      "properties": {
        "id": 7030335262,
        "osm_type": "node",
        "name": "Aiano B&B",
        "tourism": "guest_house"
      }
    },
    {
      "type": "Feature",
      "geometry": {
        "type": "Point",
        "coordinates": [
          14.2460978,
          40.8456912
        ]
      },
      "properties": {
        "id": 7040458718,
        "osm_type": "node",
        "name": "O'Vascio21 Guest House",
        "tourism": "apartment"
      }
    },
    {
      "type": "Feature",
      "geometry": {
        "type": "Point",
        "coordinates": [
          15.5397657,
          40.3799725
        ]
      },
      "properties": {
        "id": 7046408997,
        "osm_type": "node",
        "name": "Le stanze del Castello. L'angolo del fossato",
        "tourism": "hostel"
      }
    },
    {
      "type": "Feature",
      "geometry": {
        "type": "Point",
        "coordinates": [
          15.538926,
          40.3789561
        ]
      },
      "properties": {
        "id": 7046438969,
        "osm_type": "node",
        "name": "Villa Giannina",
        "tourism": "apartment"
      }
    },
    {
      "type": "Feature",
      "geometry": {
        "type": "Point",
        "coordinates": [
          15.5551194,
          40.1385234
        ]
      },
      "properties": {
        "id": 7046526203,
        "osm_type": "node",
        "name": "Casa vacanze Cilento - Morigerati",
        "tourism": "apartment"
      }
    },
    {
      "type": "Feature",
      "geometry": {
        "type": "Point",
        "coordinates": [
          15.2334047,
          40.106757
        ]
      },
      "properties": {
        "id": 7049807203,
        "osm_type": "node",
        "name": "La Casa sul blu",
        "tourism": "hotel"
      }
    },
    {
      "type": "Feature",
      "geometry": {
        "type": "Point",
        "coordinates": [
          15.2121201,
          40.1187568
        ]
      },
      "properties": {
        "id": 7049807206,
        "osm_type": "node",
        "name": "villaggio hotel la marèe",
        "tourism": "hotel"
      }
    },
    {
      "type": "Feature",
      "geometry": {
        "type": "Point",
        "coordinates": [
          15.2178362,
          40.122577
        ]
      },
      "properties": {
        "id": 7049807209,
        "osm_type": "node",
        "name": "villa afrodite",
        "tourism": "hotel"
      }
    },
    {
      "type": "Feature",
      "geometry": {
        "type": "Point",
        "coordinates": [
          15.2274334,
          40.1103351
        ]
      },
      "properties": {
        "id": 7049807212,
        "osm_type": "node",
        "name": "albergo belvedere",
        "tourism": "hotel"
      }
    },
    {
      "type": "Feature",
      "geometry": {
        "type": "Point",
        "coordinates": [
          15.5642244,
          40.1423929
        ]
      },
      "properties": {
        "id": 7052381324,
        "osm_type": "node",
        "name": "casa aren",
        "tourism": "apartment"
      }
    },
    {
      "type": "Feature",
      "geometry": {
        "type": "Point",
        "coordinates": [
          15.463891,
          40.4348409
        ]
      },
      "properties": {
        "id": 7052463684,
        "osm_type": "node",
        "name": "Appartamento Palazzo Mattina",
        "tourism": "apartment"
      }
    },
    {
      "type": "Feature",
      "geometry": {
        "type": "Point",
        "coordinates": [
          15.4652189,
          40.4333264
        ]
      },
      "properties": {
        "id": 7052487337,
        "osm_type": "node",
        "name": "Piccolo Appartamento Palazzo Mattina",
        "tourism": "apartment"
      }
    },
    {
      "type": "Feature",
      "geometry": {
        "type": "Point",
        "coordinates": [
          15.4629298,
          40.4351282
        ]
      },
      "properties": {
        "id": 7052551490,
        "osm_type": "node",
        "name": "Respira tranquillità",
        "tourism": "apartment"
      }
    },
    {
      "type": "Feature",
      "geometry": {
        "type": "Point",
        "coordinates": [
          15.4862982,
          40.4316405
        ]
      },
      "properties": {
        "id": 7052551491,
        "osm_type": "node",
        "name": "Immersi nel verde",
        "tourism": "apartment"
      }
    },
    {
      "type": "Feature",
      "geometry": {
        "type": "Point",
        "coordinates": [
          15.5415714,
          40.1408449
        ]
      },
      "properties": {
        "id": 7080201585,
        "osm_type": "node",
        "name": "Casale Cellito",
        "tourism": "guest_house",
        "phone": "+39 346 235 3410"
      }
    },
    {
      "type": "Feature",
      "geometry": {
        "type": "Point",
        "coordinates": [
          14.1335759,
          40.8210534
        ]
      },
      "properties": {
        "id": 7086453521,
        "osm_type": "node",
        "name": "B&B Pozzuoli 100%",
        "tourism": "guest_house"
      }
    },
    {
      "type": "Feature",
      "geometry": {
        "type": "Point",
        "coordinates": [
          14.2104828,
          40.8151206
        ]
      },
      "properties": {
        "id": 7086512050,
        "osm_type": "node",
        "name": "San Pietro Ai Due Frati Home Casa Vacanze",
        "tourism": "guest_house"
      }
    },
    {
      "type": "Feature",
      "geometry": {
        "type": "Point",
        "coordinates": [
          13.893078,
          40.6952962
        ]
      },
      "properties": {
        "id": 7086818444,
        "osm_type": "node",
        "name": "Conte",
        "tourism": "hotel"
      }
    },
    {
      "type": "Feature",
      "geometry": {
        "type": "Point",
        "coordinates": [
          13.8895473,
          40.7025047
        ]
      },
      "properties": {
        "id": 7086826901,
        "osm_type": "node",
        "name": "Romantica Resort & Spa",
        "tourism": "hotel"
      }
    },
    {
      "type": "Feature",
      "geometry": {
        "type": "Point",
        "coordinates": [
          15.3794567,
          40.3765481
        ]
      },
      "properties": {
        "id": 7105256900,
        "osm_type": "node",
        "name": "Ospitalità e convivialità in un palazzo storico",
        "tourism": "apartment"
      }
    },
    {
      "type": "Feature",
      "geometry": {
        "type": "Point",
        "coordinates": [
          15.3769545,
          40.3786559
        ]
      },
      "properties": {
        "id": 7105259108,
        "osm_type": "node",
        "name": "Accogliente e confortevole",
        "tourism": "apartment"
      }
    },
    {
      "type": "Feature",
      "geometry": {
        "type": "Point",
        "coordinates": [
          14.7557436,
          40.6801153
        ]
      },
      "properties": {
        "id": 7108198985,
        "osm_type": "node",
        "name": "B&B Salerno IN Centro",
        "tourism": "guest_house",
        "phone": "+39 3791310496",
        "website": "https://www.bbsalernoincentro.com/"
      }
    },
    {
      "type": "Feature",
      "geometry": {
        "type": "Point",
        "coordinates": [
          14.6111926,
          40.6485623
        ]
      },
      "properties": {
        "id": 7110591979,
        "osm_type": "node",
        "name": "A casa dei nonni",
        "tourism": "guest_house"
      }
    },
    {
      "type": "Feature",
      "geometry": {
        "type": "Point",
        "coordinates": [
          14.6110902,
          40.648203
        ]
      },
      "properties": {
        "id": 7110613718,
        "osm_type": "node",
        "name": "Peppa B&B",
        "tourism": "guest_house"
      }
    },
    {
      "type": "Feature",
      "geometry": {
        "type": "Point",
        "coordinates": [
          14.6115788,
          40.650414
        ]
      },
      "properties": {
        "id": 7110619634,
        "osm_type": "node",
        "name": "Hotel Toro",
        "tourism": "hotel"
      }
    },
    {
      "type": "Feature",
      "geometry": {
        "type": "Point",
        "coordinates": [
          14.6110935,
          40.6499066
        ]
      },
      "properties": {
        "id": 7110622486,
        "osm_type": "node",
        "name": "B&B Palazzo della Marra",
        "tourism": "guest_house"
      }
    },
    {
      "type": "Feature",
      "geometry": {
        "type": "Point",
        "coordinates": [
          14.6134691,
          40.649049
        ]
      },
      "properties": {
        "id": 7110625486,
        "osm_type": "node",
        "name": "Garden",
        "tourism": "hotel"
      }
    },
    {
      "type": "Feature",
      "geometry": {
        "type": "Point",
        "coordinates": [
          14.6434006,
          40.649884
        ]
      },
      "properties": {
        "id": 7110629586,
        "osm_type": "node",
        "name": "Torre de Milo",
        "tourism": "hotel",
        "check_date": "2025-07-24"
      }
    },
    {
      "type": "Feature",
      "geometry": {
        "type": "Point",
        "coordinates": [
          14.6474023,
          40.6990103
        ]
      },
      "properties": {
        "id": 7110637599,
        "osm_type": "node",
        "tourism": "hotel"
      }
    },
    {
      "type": "Feature",
      "geometry": {
        "type": "Point",
        "coordinates": [
          15.3799204,
          40.4405834
        ]
      },
      "properties": {
        "id": 7112791366,
        "osm_type": "node",
        "name": "B&b La Veduta",
        "tourism": "guest_house"
      }
    },
    {
      "type": "Feature",
      "geometry": {
        "type": "Point",
        "coordinates": [
          15.5394328,
          40.1707551
        ]
      },
      "properties": {
        "id": 7113126336,
        "osm_type": "node",
        "name": "Relax in Cilento",
        "tourism": "apartment"
      }
    },
    {
      "type": "Feature",
      "geometry": {
        "type": "Point",
        "coordinates": [
          15.5421257,
          40.1743049
        ]
      },
      "properties": {
        "id": 7113131419,
        "osm_type": "node",
        "name": "mansarda scarano",
        "tourism": "apartment"
      }
    },
    {
      "type": "Feature",
      "geometry": {
        "type": "Point",
        "coordinates": [
          15.5457383,
          40.1726683
        ]
      },
      "properties": {
        "id": 7113171437,
        "osm_type": "node",
        "name": "Caselle in Pittari CASA IN CENTRO STORICO",
        "tourism": "apartment"
      }
    },
    {
      "type": "Feature",
      "geometry": {
        "type": "Point",
        "coordinates": [
          15.5468229,
          40.1725357
        ]
      },
      "properties": {
        "id": 7113185797,
        "osm_type": "node",
        "name": "Palazzo Orlando, casa vacanze",
        "tourism": "apartment"
      }
    },
    {
      "type": "Feature",
      "geometry": {
        "type": "Point",
        "coordinates": [
          15.5452363,
          40.1727665
        ]
      },
      "properties": {
        "id": 7113199305,
        "osm_type": "node",
        "name": "DIMORA STORICA PALAZZO FINAMORE",
        "tourism": "apartment"
      }
    },
    {
      "type": "Feature",
      "geometry": {
        "type": "Point",
        "coordinates": [
          15.5461308,
          40.1722266
        ]
      },
      "properties": {
        "id": 7113199582,
        "osm_type": "node",
        "name": "Early XIXth c. neoclassical",
        "tourism": "apartment"
      }
    },
    {
      "type": "Feature",
      "geometry": {
        "type": "Point",
        "coordinates": [
          15.5457379,
          40.1738108
        ]
      },
      "properties": {
        "id": 7113203101,
        "osm_type": "node",
        "name": "Appartamento economico e funzionale",
        "tourism": "apartment"
      }
    },
    {
      "type": "Feature",
      "geometry": {
        "type": "Point",
        "coordinates": [
          15.546564,
          40.1727164
        ]
      },
      "properties": {
        "id": 7113216175,
        "osm_type": "node",
        "name": "Caratteristico bilocale nel Cilento",
        "tourism": "apartment"
      }
    },
    {
      "type": "Feature",
      "geometry": {
        "type": "Point",
        "coordinates": [
          14.7211746,
          41.320365
        ]
      },
      "properties": {
        "id": 7136901579,
        "osm_type": "node",
        "name": "La Bruca",
        "tourism": "guest_house",
        "phone": "+39 346 8163685",
        "website": "http://labruca.it/"
      }
    },
    {
      "type": "Feature",
      "geometry": {
        "type": "Point",
        "coordinates": [
          14.26734,
          40.8543067
        ]
      },
      "properties": {
        "id": 7160803033,
        "osm_type": "node",
        "name": "Art Street Hotel",
        "tourism": "hotel",
        "website": "https://www.artstreethotel.it/"
      }
    },
    {
      "type": "Feature",
      "geometry": {
        "type": "Point",
        "coordinates": [
          14.256449,
          40.8444565
        ]
      },
      "properties": {
        "id": 7175504359,
        "osm_type": "node",
        "name": "napoliamo guest house",
        "tourism": "apartment"
      }
    },
    {
      "type": "Feature",
      "geometry": {
        "type": "Point",
        "coordinates": [
          15.3648131,
          40.1620086
        ]
      },
      "properties": {
        "id": 7181597852,
        "osm_type": "node",
        "name": "Agriturismo ai Monaci",
        "tourism": "hotel"
      }
    },
    {
      "type": "Feature",
      "geometry": {
        "type": "Point",
        "coordinates": [
          15.3282157,
          40.1265756
        ]
      },
      "properties": {
        "id": 7229613209,
        "osm_type": "node",
        "name": "Agriturismo Gorrieri",
        "tourism": "hotel",
        "website": "http://www.agriturismogorrieri.it/"
      }
    },
    {
      "type": "Feature",
      "geometry": {
        "type": "Point",
        "coordinates": [
          14.2550771,
          40.8463719
        ]
      },
      "properties": {
        "id": 7230611130,
        "osm_type": "node",
        "name": "Decumani",
        "tourism": "hotel",
        "opening_hours": "24/7",
        "phone": "+39 08 1551 8188",
        "website": "https://www.decumani.com/",
        "check_date": "2025-01-12"
      }
    },
    {
      "type": "Feature",
      "geometry": {
        "type": "Point",
        "coordinates": [
          14.2555725,
          40.8422125
        ]
      },
      "properties": {
        "id": 7230611142,
        "osm_type": "node",
        "name": "Cla.Pa. Hotels",
        "tourism": "hotel"
      }
    },
    {
      "type": "Feature",
      "geometry": {
        "type": "Point",
        "coordinates": [
          14.2556006,
          40.8425506
        ]
      },
      "properties": {
        "id": 7230611151,
        "osm_type": "node",
        "name": "Angioino",
        "tourism": "hotel"
      }
    },
    {
      "type": "Feature",
      "geometry": {
        "type": "Point",
        "coordinates": [
          14.2343663,
          40.5574392
        ]
      },
      "properties": {
        "id": 7239353486,
        "osm_type": "node",
        "name": "Hotel Bristol",
        "tourism": "hotel"
      }
    },
    {
      "type": "Feature",
      "geometry": {
        "type": "Point",
        "coordinates": [
          14.2983471,
          41.406193
        ]
      },
      "properties": {
        "id": 7251651697,
        "osm_type": "node",
        "name": "Rifugio Camporuccio",
        "tourism": "alpine_hut"
      }
    },
    {
      "type": "Feature",
      "geometry": {
        "type": "Point",
        "coordinates": [
          14.9469772,
          40.2877199
        ]
      },
      "properties": {
        "id": 7282637709,
        "osm_type": "node",
        "name": "La Casetta",
        "tourism": "apartment"
      }
    },
    {
      "type": "Feature",
      "geometry": {
        "type": "Point",
        "coordinates": [
          15.1551944,
          40.1837156
        ]
      },
      "properties": {
        "id": 7350453108,
        "osm_type": "node",
        "name": "Agriturismo Le Acacie",
        "tourism": "hotel",
        "website": "agriturismoleacacie.com"
      }
    },
    {
      "type": "Feature",
      "geometry": {
        "type": "Point",
        "coordinates": [
          15.656583,
          40.1301981
        ]
      },
      "properties": {
        "id": 7413770326,
        "osm_type": "node",
        "name": "Borgo le caselle",
        "tourism": "chalet",
        "website": "borgolecaselle.com"
      }
    },
    {
      "type": "Feature",
      "geometry": {
        "type": "Point",
        "coordinates": [
          14.4100311,
          40.6489896
        ]
      },
      "properties": {
        "id": 7533907890,
        "osm_type": "node",
        "name": "Bleu Village",
        "tourism": "chalet",
        "phone": "+39 081 878 6557",
        "website": "https://www.bleuvillage.com/"
      }
    },
    {
      "type": "Feature",
      "geometry": {
        "type": "Point",
        "coordinates": [
          14.483553,
          40.6934786
        ]
      },
      "properties": {
        "id": 7548089212,
        "osm_type": "node",
        "name": "Hotel Vesuvian Inn",
        "tourism": "hotel",
        "phone": "+39 081 195 57276;+39 081 195 57362",
        "website": "https://www.vesuvianinn.com/"
      }
    },
    {
      "type": "Feature",
      "geometry": {
        "type": "Point",
        "coordinates": [
          15.5425961,
          40.1705406
        ]
      },
      "properties": {
        "id": 7640643213,
        "osm_type": "node",
        "name": "Germany Room",
        "tourism": "guest_house"
      }
    },
    {
      "type": "Feature",
      "geometry": {
        "type": "Point",
        "coordinates": [
          14.6020549,
          40.6342032
        ]
      },
      "properties": {
        "id": 7685241583,
        "osm_type": "node",
        "name": "Farmacia degli Arsenali",
        "tourism": "guest_house",
        "opening_hours": "Mo-Su 09:00-21:00"
      }
    },
    {
      "type": "Feature",
      "geometry": {
        "type": "Point",
        "coordinates": [
          14.4371987,
          41.0811707
        ]
      },
      "properties": {
        "id": 7702290575,
        "osm_type": "node",
        "name": "Villa Izzo B&B",
        "tourism": "guest_house",
        "phone": "+39 392 693 6781",
        "website": "https://villa-izzo.business.site/?utm_source=gmb&utm_medium=referral"
      }
    },
    {
      "type": "Feature",
      "geometry": {
        "type": "Point",
        "coordinates": [
          14.8453529,
          41.0941789
        ]
      },
      "properties": {
        "id": 7710766613,
        "osm_type": "node",
        "name": "Al Borgo degli Angeli",
        "tourism": "hotel",
        "website": "https://www.alborgodegliangeli.it/"
      }
    },
    {
      "type": "Feature",
      "geometry": {
        "type": "Point",
        "coordinates": [
          14.5025026,
          41.1104217
        ]
      },
      "properties": {
        "id": 7717017752,
        "osm_type": "node",
        "name": "B&B Campo di Fragole",
        "tourism": "guest_house"
      }
    },
    {
      "type": "Feature",
      "geometry": {
        "type": "Point",
        "coordinates": [
          14.5788325,
          40.7561527
        ]
      },
      "properties": {
        "id": 7731597459,
        "osm_type": "node",
        "name": "Bed & Breakfast Casa Mauri",
        "tourism": "guest_house"
      }
    },
    {
      "type": "Feature",
      "geometry": {
        "type": "Point",
        "coordinates": [
          14.3749322,
          40.6253811
        ]
      },
      "properties": {
        "id": 7770020350,
        "osm_type": "node",
        "name": "Rita's Flat",
        "tourism": "guest_house"
      }
    },
    {
      "type": "Feature",
      "geometry": {
        "type": "Point",
        "coordinates": [
          14.6263801,
          41.1018687
        ]
      },
      "properties": {
        "id": 7772456618,
        "osm_type": "node",
        "name": "Hotel Ristorante Al Querceto",
        "tourism": "hotel",
        "phone": "+39 0824 888446",
        "website": "http://www.hotelalquerceto.com/"
      }
    },
    {
      "type": "Feature",
      "geometry": {
        "type": "Point",
        "coordinates": [
          15.3695639,
          39.9991604
        ]
      },
      "properties": {
        "id": 7796061599,
        "osm_type": "node",
        "name": "Hotel Calanca",
        "tourism": "hotel",
        "phone": "+39 097 493 21 28",
        "website": "https://www.hotelcalanca.com"
      }
    },
    {
      "type": "Feature",
      "geometry": {
        "type": "Point",
        "coordinates": [
          14.2195818,
          40.8266201
        ]
      },
      "properties": {
        "id": 7797017243,
        "osm_type": "node",
        "name": "Mergelina Resort",
        "tourism": "hotel"
      }
    },
    {
      "type": "Feature",
      "geometry": {
        "type": "Point",
        "coordinates": [
          15.3710763,
          40.0002879
        ]
      },
      "properties": {
        "id": 7798164697,
        "osm_type": "node",
        "name": "Hotel Bolivar",
        "tourism": "hotel"
      }
    },
    {
      "type": "Feature",
      "geometry": {
        "type": "Point",
        "coordinates": [
          15.3701219,
          39.9990393
        ]
      },
      "properties": {
        "id": 7798891438,
        "osm_type": "node",
        "name": "Residence Bellavista",
        "tourism": "apartment",
        "phone": "+39 388 656 70 69",
        "website": "https://www.bellavistaresidence.it/"
      }
    },
    {
      "type": "Feature",
      "geometry": {
        "type": "Point",
        "coordinates": [
          13.881545,
          41.1337437
        ]
      },
      "properties": {
        "id": 7809794586,
        "osm_type": "node",
        "name": "Villa Giuffrida",
        "tourism": "hotel",
        "phone": "+393393141654"
      }
    },
    {
      "type": "Feature",
      "geometry": {
        "type": "Point",
        "coordinates": [
          14.9771277,
          41.2207868
        ]
      },
      "properties": {
        "id": 7813821885,
        "osm_type": "node",
        "name": "Casa del pellegrino",
        "tourism": "hostel"
      }
    },
    {
      "type": "Feature",
      "geometry": {
        "type": "Point",
        "coordinates": [
          15.3721541,
          39.998326
        ]
      },
      "properties": {
        "id": 7832738162,
        "osm_type": "node",
        "name": "Albergo Tirreno",
        "tourism": "hotel"
      }
    },
    {
      "type": "Feature",
      "geometry": {
        "type": "Point",
        "coordinates": [
          15.3752542,
          40.0008604
        ]
      },
      "properties": {
        "id": 7835040839,
        "osm_type": "node",
        "name": "La Scogliera",
        "tourism": "hotel",
        "phone": "+39 0974 932019",
        "website": "https://www.lascoglierahotel.it/",
        "check_date": "2024-10-13"
      }
    },
    {
      "type": "Feature",
      "geometry": {
        "type": "Point",
        "coordinates": [
          15.3753856,
          40.0009729
        ]
      },
      "properties": {
        "id": 7835040840,
        "osm_type": "node",
        "name": "Hotel Riccio",
        "tourism": "hotel",
        "phone": "+39 0974 932309",
        "website": "https://www.albergoriccio.it/",
        "check_date": "2024-10-13"
      }
    },
    {
      "type": "Feature",
      "geometry": {
        "type": "Point",
        "coordinates": [
          14.2839325,
          41.230478
        ]
      },
      "properties": {
        "id": 7843823082,
        "osm_type": "node",
        "name": "Villa Rosa",
        "tourism": "guest_house"
      }
    },
    {
      "type": "Feature",
      "geometry": {
        "type": "Point",
        "coordinates": [
          14.9772376,
          40.4492329
        ]
      },
      "properties": {
        "id": 7916342852,
        "osm_type": "node",
        "name": "Hotel Ariston Paestum",
        "tourism": "hotel"
      }
    },
    {
      "type": "Feature",
      "geometry": {
        "type": "Point",
        "coordinates": [
          14.2638,
          40.8495315
        ]
      },
      "properties": {
        "id": 7923624886,
        "osm_type": "node",
        "name": "Casa Fiorito",
        "tourism": "apartment"
      }
    },
    {
      "type": "Feature",
      "geometry": {
        "type": "Point",
        "coordinates": [
          14.2776839,
          41.0730038
        ]
      },
      "properties": {
        "id": 7923965725,
        "osm_type": "node",
        "name": "B&B Alle Corti",
        "tourism": "guest_house"
      }
    },
    {
      "type": "Feature",
      "geometry": {
        "type": "Point",
        "coordinates": [
          14.5833122,
          41.1745231
        ]
      },
      "properties": {
        "id": 7926568361,
        "osm_type": "node",
        "name": "Rifugio Vitulano",
        "tourism": "alpine_hut"
      }
    },
    {
      "type": "Feature",
      "geometry": {
        "type": "Point",
        "coordinates": [
          14.2420273,
          40.9880606
        ]
      },
      "properties": {
        "id": 7931893848,
        "osm_type": "node",
        "name": "Inn Naples Airport",
        "tourism": "hotel",
        "phone": "+39 081 008 0000",
        "website": "https://www.pinewood-hotels.com/inn-naples-airport-english"
      }
    },
    {
      "type": "Feature",
      "geometry": {
        "type": "Point",
        "coordinates": [
          14.2530869,
          40.9950571
        ]
      },
      "properties": {
        "id": 7931893849,
        "osm_type": "node",
        "name": "George TLA Apartments",
        "tourism": "motel"
      }
    },
    {
      "type": "Feature",
      "geometry": {
        "type": "Point",
        "coordinates": [
          14.4811757,
          40.6275037
        ]
      },
      "properties": {
        "id": 7980106113,
        "osm_type": "node",
        "name": "Pensione Maria Luisa",
        "tourism": "hotel"
      }
    },
    {
      "type": "Feature",
      "geometry": {
        "type": "Point",
        "coordinates": [
          14.5493428,
          41.2736076
        ]
      },
      "properties": {
        "id": 8003529353,
        "osm_type": "node",
        "tourism": "hotel"
      }
    },
    {
      "type": "Feature",
      "geometry": {
        "type": "Point",
        "coordinates": [
          14.3625817,
          40.7889557
        ]
      },
      "properties": {
        "id": 8062005026,
        "osm_type": "node",
        "name": "Hotel Poseidon",
        "tourism": "hotel",
        "phone": "+39 081 881 1949",
        "website": "https://www.hotel-poseidon.it/"
      }
    },
    {
      "type": "Feature",
      "geometry": {
        "type": "Point",
        "coordinates": [
          14.3300583,
          41.0722013
        ]
      },
      "properties": {
        "id": 8062363591,
        "osm_type": "node",
        "name": "Artistic Charming House",
        "tourism": "hotel",
        "website": "https://www.artisticcharminghouse.com/"
      }
    },
    {
      "type": "Feature",
      "geometry": {
        "type": "Point",
        "coordinates": [
          14.3309922,
          41.0727566
        ]
      },
      "properties": {
        "id": 8062363593,
        "osm_type": "node",
        "name": "Al Centro Luxury Home",
        "tourism": "hotel",
        "phone": "+393802116155",
        "website": "https://www.alcentroluxuryhome.it/"
      }
    },
    {
      "type": "Feature",
      "geometry": {
        "type": "Point",
        "coordinates": [
          15.0092447,
          40.4929762
        ]
      },
      "properties": {
        "id": 8091763544,
        "osm_type": "node",
        "name": "Silarus B&B",
        "tourism": "guest_house",
        "website": "https://www.silaruspaestum.it/"
      }
    },
    {
      "type": "Feature",
      "geometry": {
        "type": "Point",
        "coordinates": [
          14.6439788,
          40.6636677
        ]
      },
      "properties": {
        "id": 8120321342,
        "osm_type": "node",
        "name": "Minihotel Iris",
        "tourism": "guest_house",
        "phone": "+39 089 852007",
        "website": "https://www.minihoteliris.it/"
      }
    },
    {
      "type": "Feature",
      "geometry": {
        "type": "Point",
        "coordinates": [
          14.5264806,
          41.2132377
        ]
      },
      "properties": {
        "id": 8164009697,
        "osm_type": "node",
        "name": "Albergo D'Onofrio",
        "tourism": "hotel"
      }
    },
    {
      "type": "Feature",
      "geometry": {
        "type": "Point",
        "coordinates": [
          14.7286226,
          40.6717211
        ]
      },
      "properties": {
        "id": 8192021561,
        "osm_type": "node",
        "name": "B&B Vietri Centro",
        "tourism": "guest_house",
        "website": "http://www.bbvietricentro.it/"
      }
    },
    {
      "type": "Feature",
      "geometry": {
        "type": "Point",
        "coordinates": [
          14.7617505,
          41.0765553
        ]
      },
      "properties": {
        "id": 8219409127,
        "osm_type": "node",
        "name": "La Bella Dormiente",
        "tourism": "apartment",
        "phone": "+393396491305",
        "website": "http://www.labelladormiente.it/"
      }
    },
    {
      "type": "Feature",
      "geometry": {
        "type": "Point",
        "coordinates": [
          14.0734116,
          40.8349282
        ]
      },
      "properties": {
        "id": 8242399308,
        "osm_type": "node",
        "name": "Hotel da Raffelina",
        "tourism": "hotel"
      }
    },
    {
      "type": "Feature",
      "geometry": {
        "type": "Point",
        "coordinates": [
          14.1446276,
          40.9291966
        ]
      },
      "properties": {
        "id": 8253031474,
        "osm_type": "node",
        "tourism": "hotel"
      }
    },
    {
      "type": "Feature",
      "geometry": {
        "type": "Point",
        "coordinates": [
          14.1472295,
          40.9291082
        ]
      },
      "properties": {
        "id": 8253031475,
        "osm_type": "node",
        "tourism": "hotel"
      }
    },
    {
      "type": "Feature",
      "geometry": {
        "type": "Point",
        "coordinates": [
          14.0735551,
          40.8114907
        ]
      },
      "properties": {
        "id": 8279185206,
        "osm_type": "node",
        "name": "Agriturismo Fondi di Baia",
        "tourism": "motel"
      }
    },
    {
      "type": "Feature",
      "geometry": {
        "type": "Point",
        "coordinates": [
          14.4257694,
          40.6627453
        ]
      },
      "properties": {
        "id": 8289236061,
        "osm_type": "node",
        "name": "La Casa del Professore",
        "tourism": "hotel"
      }
    },
    {
      "type": "Feature",
      "geometry": {
        "type": "Point",
        "coordinates": [
          14.5066933,
          41.0873574
        ]
      },
      "properties": {
        "id": 8339762258,
        "osm_type": "node",
        "name": "Le Rocce",
        "tourism": "guest_house",
        "phone": "+393283722280",
        "website": "https://lerocce.eu"
      }
    },
    {
      "type": "Feature",
      "geometry": {
        "type": "Point",
        "coordinates": [
          14.6826521,
          41.1595774
        ]
      },
      "properties": {
        "id": 8340056476,
        "osm_type": "node",
        "name": "Agriturismo CapoLana",
        "tourism": "guest_house"
      }
    },
    {
      "type": "Feature",
      "geometry": {
        "type": "Point",
        "coordinates": [
          14.6400738,
          40.6493361
        ]
      },
      "properties": {
        "id": 8367884768,
        "osm_type": "node",
        "name": "Hotel De Rosa",
        "tourism": "hotel",
        "check_date": "2025-07-22"
      }
    },
    {
      "type": "Feature",
      "geometry": {
        "type": "Point",
        "coordinates": [
          15.2440748,
          40.6369094
        ]
      },
      "properties": {
        "id": 8399113061,
        "osm_type": "node",
        "name": "B&B dadilò",
        "tourism": "guest_house"
      }
    },
    {
      "type": "Feature",
      "geometry": {
        "type": "Point",
        "coordinates": [
          14.4854862,
          41.2461966
        ]
      },
      "properties": {
        "id": 8421513561,
        "osm_type": "node",
        "name": "Agriturismo La Fattoria B&B",
        "tourism": "guest_house"
      }
    },
    {
      "type": "Feature",
      "geometry": {
        "type": "Point",
        "coordinates": [
          14.3725772,
          40.626304
        ]
      },
      "properties": {
        "id": 8424665829,
        "osm_type": "node",
        "name": "Boutique Hotel Sorrento Flats",
        "tourism": "hotel",
        "website": "https://www.sorrentoflats.com/"
      }
    },
    {
      "type": "Feature",
      "geometry": {
        "type": "Point",
        "coordinates": [
          14.419679,
          40.6140278
        ]
      },
      "properties": {
        "id": 8460203400,
        "osm_type": "node",
        "name": "Piccolo Paradiso",
        "tourism": "guest_house",
        "phone": "+393338078926;+393382402064",
        "website": "http://agriturismosorrento.com"
      }
    },
    {
      "type": "Feature",
      "geometry": {
        "type": "Point",
        "coordinates": [
          14.621351,
          41.2221604
        ]
      },
      "properties": {
        "id": 8517971279,
        "osm_type": "node",
        "name": "Azienda Agrituristica La Vecchia Trainella",
        "tourism": "guest_house"
      }
    },
    {
      "type": "Feature",
      "geometry": {
        "type": "Point",
        "coordinates": [
          14.6237541,
          41.2198065
        ]
      },
      "properties": {
        "id": 8517971280,
        "osm_type": "node",
        "name": "Tenuta Jumara",
        "tourism": "guest_house"
      }
    },
    {
      "type": "Feature",
      "geometry": {
        "type": "Point",
        "coordinates": [
          14.6262613,
          41.2208182
        ]
      },
      "properties": {
        "id": 8517971281,
        "osm_type": "node",
        "name": "B&b A Casa di Papà",
        "tourism": "guest_house"
      }
    },
    {
      "type": "Feature",
      "geometry": {
        "type": "Point",
        "coordinates": [
          14.6263002,
          41.2191783
        ]
      },
      "properties": {
        "id": 8517971282,
        "osm_type": "node",
        "name": "Az. Agrituristica/Cantine/B&B Tenuta Jumara",
        "tourism": "guest_house"
      }
    },
    {
      "type": "Feature",
      "geometry": {
        "type": "Point",
        "coordinates": [
          14.7658797,
          40.6770825
        ]
      },
      "properties": {
        "id": 8534563617,
        "osm_type": "node",
        "name": "Hotel Montestella 1914",
        "tourism": "hotel",
        "phone": "+39 089 225122",
        "website": "https://montestella1914.it/",
        "check_date": "2025-01-15"
      }
    },
    {
      "type": "Feature",
      "geometry": {
        "type": "Point",
        "coordinates": [
          14.2901083,
          41.0741033
        ]
      },
      "properties": {
        "id": 8578787017,
        "osm_type": "node",
        "name": "Villa D'Errico Events and B&B",
        "tourism": "hotel"
      }
    },
    {
      "type": "Feature",
      "geometry": {
        "type": "Point",
        "coordinates": [
          14.2911074,
          41.0715487
        ]
      },
      "properties": {
        "id": 8578787024,
        "osm_type": "node",
        "name": "B&B Da Giovanni",
        "tourism": "guest_house"
      }
    },
    {
      "type": "Feature",
      "geometry": {
        "type": "Point",
        "coordinates": [
          14.7394565,
          41.2133625
        ]
      },
      "properties": {
        "id": 8580913379,
        "osm_type": "node",
        "name": "Masseria Frangiosa",
        "tourism": "guest_house",
        "phone": "+390824874557",
        "website": "https://www.masseriafrangiosa.it"
      }
    },
    {
      "type": "Feature",
      "geometry": {
        "type": "Point",
        "coordinates": [
          14.5589396,
          41.2857277
        ]
      },
      "properties": {
        "id": 8632474453,
        "osm_type": "node",
        "name": "Albergo Ristorante Maracaibo",
        "tourism": "hotel"
      }
    },
    {
      "type": "Feature",
      "geometry": {
        "type": "Point",
        "coordinates": [
          14.5580775,
          41.2853662
        ]
      },
      "properties": {
        "id": 8632474484,
        "osm_type": "node",
        "name": "B&B ex \"Frantoio Giordano\"",
        "tourism": "guest_house"
      }
    },
    {
      "type": "Feature",
      "geometry": {
        "type": "Point",
        "coordinates": [
          14.5639958,
          41.2832938
        ]
      },
      "properties": {
        "id": 8632474489,
        "osm_type": "node",
        "name": "Albergo 'A Capuana",
        "tourism": "hotel",
        "phone": "+390824861002"
      }
    },
    {
      "type": "Feature",
      "geometry": {
        "type": "Point",
        "coordinates": [
          14.5435919,
          41.0690632
        ]
      },
      "properties": {
        "id": 8710499758,
        "osm_type": "node",
        "name": "Villa Verde Eventi e Ricevimenti",
        "tourism": "hotel"
      }
    },
    {
      "type": "Feature",
      "geometry": {
        "type": "Point",
        "coordinates": [
          14.0464672,
          40.8762396
        ]
      },
      "properties": {
        "id": 8735939439,
        "osm_type": "node",
        "name": "Ideal Camping",
        "tourism": "camp_site"
      }
    },
    {
      "type": "Feature",
      "geometry": {
        "type": "Point",
        "coordinates": [
          14.993889,
          40.4450702
        ]
      },
      "properties": {
        "id": 8742081460,
        "osm_type": "node",
        "name": "Casa del Geco",
        "tourism": "guest_house",
        "website": "https://www.casadelgeco.it/"
      }
    },
    {
      "type": "Feature",
      "geometry": {
        "type": "Point",
        "coordinates": [
          14.9398933,
          40.269858
        ]
      },
      "properties": {
        "id": 8749981577,
        "osm_type": "node",
        "name": "La Magnolia B&B",
        "tourism": "guest_house"
      }
    },
    {
      "type": "Feature",
      "geometry": {
        "type": "Point",
        "coordinates": [
          14.0476885,
          40.8204794
        ]
      },
      "properties": {
        "id": 8755273961,
        "osm_type": "node",
        "name": "Parco del Gavitello",
        "tourism": "apartment"
      }
    },
    {
      "type": "Feature",
      "geometry": {
        "type": "Point",
        "coordinates": [
          14.262234,
          40.854732
        ]
      },
      "properties": {
        "id": 8781304721,
        "osm_type": "node",
        "name": "B&B Caracciolo 109",
        "tourism": "guest_house"
      }
    },
    {
      "type": "Feature",
      "geometry": {
        "type": "Point",
        "coordinates": [
          14.9662662,
          41.3826897
        ]
      },
      "properties": {
        "id": 8785664774,
        "osm_type": "node",
        "name": "Regio Tratturo",
        "tourism": "guest_house",
        "phone": "+39 389 9857542",
        "website": "https://www.ilregiotratturo.it/"
      }
    },
    {
      "type": "Feature",
      "geometry": {
        "type": "Point",
        "coordinates": [
          14.9890601,
          41.2328717
        ]
      },
      "properties": {
        "id": 8785664792,
        "osm_type": "node",
        "name": "Fattoria del Tratturo",
        "tourism": "guest_house",
        "phone": "+39 0825 849540",
        "website": "https://fattoriadeltratturo.it/"
      }
    },
    {
      "type": "Feature",
      "geometry": {
        "type": "Point",
        "coordinates": [
          14.9981709,
          41.2400376
        ]
      },
      "properties": {
        "id": 8785664794,
        "osm_type": "node",
        "name": "Oasi Masseria Sant'Elia",
        "tourism": "guest_house",
        "phone": "+39 0825 849111",
        "website": "http://www.agrisantelia.it/"
      }
    },
    {
      "type": "Feature",
      "geometry": {
        "type": "Point",
        "coordinates": [
          14.4483422,
          41.1470067
        ]
      },
      "properties": {
        "id": 8792405676,
        "osm_type": "node",
        "name": "Tenute del Gheppio",
        "tourism": "guest_house",
        "phone": "+390824906057",
        "website": "https://tenutedelgheppio.com"
      }
    },
    {
      "type": "Feature",
      "geometry": {
        "type": "Point",
        "coordinates": [
          15.3584826,
          40.004154
        ]
      },
      "properties": {
        "id": 8818573879,
        "osm_type": "node",
        "name": "Il Mirto residence",
        "tourism": "hotel"
      }
    },
    {
      "type": "Feature",
      "geometry": {
        "type": "Point",
        "coordinates": [
          14.8608625,
          41.2095764
        ]
      },
      "properties": {
        "id": 8837201346,
        "osm_type": "node",
        "name": "Affittacamere La Corte",
        "tourism": "apartment"
      }
    },
    {
      "type": "Feature",
      "geometry": {
        "type": "Point",
        "coordinates": [
          14.8700539,
          41.2053512
        ]
      },
      "properties": {
        "id": 8848593555,
        "osm_type": "node",
        "name": "HURZ - Giardino Sannita",
        "tourism": "hotel",
        "phone": "+390824991884",
        "website": "https://www.hurz.it",
        "check_date": "2026-04-26"
      }
    },
    {
      "type": "Feature",
      "geometry": {
        "type": "Point",
        "coordinates": [
          14.7331529,
          41.2873827
        ]
      },
      "properties": {
        "id": 8857217322,
        "osm_type": "node",
        "name": "La Casa Di Zia Nina",
        "tourism": "guest_house"
      }
    },
    {
      "type": "Feature",
      "geometry": {
        "type": "Point",
        "coordinates": [
          14.7335357,
          41.2873879
        ]
      },
      "properties": {
        "id": 8857217323,
        "osm_type": "node",
        "name": "Albergo \"Diffuso\" Campolattaro",
        "tourism": "hotel",
        "phone": "+393403801107"
      }
    },
    {
      "type": "Feature",
      "geometry": {
        "type": "Point",
        "coordinates": [
          14.2540381,
          40.8480379
        ]
      },
      "properties": {
        "id": 8865187679,
        "osm_type": "node",
        "name": "Santa Chiara Boutique Hotel",
        "tourism": "hotel",
        "phone": "+39 081 552 70 77",
        "website": "https://www.santachiarahotel.com/",
        "check_date": "2025-11-09"
      }
    },
    {
      "type": "Feature",
      "geometry": {
        "type": "Point",
        "coordinates": [
          14.105415,
          41.3084453
        ]
      },
      "properties": {
        "id": 8872698732,
        "osm_type": "node",
        "name": "Golden Residence",
        "tourism": "hotel",
        "phone": "+393356932849"
      }
    },
    {
      "type": "Feature",
      "geometry": {
        "type": "Point",
        "coordinates": [
          14.2916124,
          40.9170776
        ]
      },
      "properties": {
        "id": 8891989553,
        "osm_type": "node",
        "name": "Hotel Business",
        "tourism": "hotel",
        "website": "http://hotel.hotelbusinesscafe.it/"
      }
    },
    {
      "type": "Feature",
      "geometry": {
        "type": "Point",
        "coordinates": [
          14.2692032,
          40.8557885
        ]
      },
      "properties": {
        "id": 8900459141,
        "osm_type": "node",
        "name": "B&b Elia",
        "tourism": "hotel"
      }
    },
    {
      "type": "Feature",
      "geometry": {
        "type": "Point",
        "coordinates": [
          14.2674502,
          40.851802
        ]
      },
      "properties": {
        "id": 8906202762,
        "osm_type": "node",
        "name": "UnaHotels Napoli",
        "tourism": "hotel",
        "phone": "+39 081 563 6901",
        "website": "https://www.gruppouna.it/unahotels/unahotels-napoli",
        "check_date": "2025-07-19"
      }
    },
    {
      "type": "Feature",
      "geometry": {
        "type": "Point",
        "coordinates": [
          14.270282,
          40.8532097
        ]
      },
      "properties": {
        "id": 8907592689,
        "osm_type": "node",
        "name": "Hotel Sayonara",
        "tourism": "hotel"
      }
    },
    {
      "type": "Feature",
      "geometry": {
        "type": "Point",
        "coordinates": [
          14.5808135,
          40.6249641
        ]
      },
      "properties": {
        "id": 8938769322,
        "osm_type": "node",
        "name": "L'Antico Borgo dei Limoni",
        "tourism": "apartment",
        "contact:phone": "+39 089 831633",
        "website": "https://www.anticoborgodeilimoni.com/"
      }
    },
    {
      "type": "Feature",
      "geometry": {
        "type": "Point",
        "coordinates": [
          15.3693805,
          40.0011311
        ]
      },
      "properties": {
        "id": 8972355695,
        "osm_type": "node",
        "name": "Residence Torre delle Viole",
        "tourism": "guest_house"
      }
    },
    {
      "type": "Feature",
      "geometry": {
        "type": "Point",
        "coordinates": [
          15.3644657,
          40.0034209
        ]
      },
      "properties": {
        "id": 8972355698,
        "osm_type": "node",
        "name": "Park Hotel Cilento",
        "tourism": "hotel"
      }
    },
    {
      "type": "Feature",
      "geometry": {
        "type": "Point",
        "coordinates": [
          15.3479932,
          40.0929191
        ]
      },
      "properties": {
        "id": 8972379185,
        "osm_type": "node",
        "name": "Hotel Borgo Antico",
        "tourism": "hotel"
      }
    },
    {
      "type": "Feature",
      "geometry": {
        "type": "Point",
        "coordinates": [
          15.3743693,
          40.0016976
        ]
      },
      "properties": {
        "id": 8972379211,
        "osm_type": "node",
        "name": "Antica Dimora Donna Filomena",
        "tourism": "guest_house"
      }
    },
    {
      "type": "Feature",
      "geometry": {
        "type": "Point",
        "coordinates": [
          15.3689392,
          40.000103
        ]
      },
      "properties": {
        "id": 8972379220,
        "osm_type": "node",
        "name": "Family Residence Macinelle",
        "tourism": "guest_house"
      }
    },
    {
      "type": "Feature",
      "geometry": {
        "type": "Point",
        "coordinates": [
          15.3710528,
          39.997768
        ]
      },
      "properties": {
        "id": 8972379221,
        "osm_type": "node",
        "name": "Case Vacanza Seamoon",
        "tourism": "guest_house"
      }
    },
    {
      "type": "Feature",
      "geometry": {
        "type": "Point",
        "coordinates": [
          15.3710695,
          39.9973072
        ]
      },
      "properties": {
        "id": 8972379222,
        "osm_type": "node",
        "name": "La Punta",
        "tourism": "guest_house"
      }
    },
    {
      "type": "Feature",
      "geometry": {
        "type": "Point",
        "coordinates": [
          15.3511528,
          40.0051613
        ]
      },
      "properties": {
        "id": 8972395336,
        "osm_type": "node",
        "name": "Condominio Baia Dello Smeraldo",
        "tourism": "guest_house"
      }
    },
    {
      "type": "Feature",
      "geometry": {
        "type": "Point",
        "coordinates": [
          14.372653,
          40.6047266
        ]
      },
      "properties": {
        "id": 8974532351,
        "osm_type": "node",
        "name": "Hotel Villa Fernanda",
        "tourism": "hotel"
      }
    },
    {
      "type": "Feature",
      "geometry": {
        "type": "Point",
        "coordinates": [
          14.3477452,
          40.586396
        ]
      },
      "properties": {
        "id": 8977635613,
        "osm_type": "node",
        "name": "Olga's Residence",
        "tourism": "hotel"
      }
    },
    {
      "type": "Feature",
      "geometry": {
        "type": "Point",
        "coordinates": [
          14.3482371,
          40.5856966
        ]
      },
      "properties": {
        "id": 8977672645,
        "osm_type": "node",
        "name": "Villarena Relais",
        "tourism": "hotel",
        "website": "https://www.villarena.it"
      }
    },
    {
      "type": "Feature",
      "geometry": {
        "type": "Point",
        "coordinates": [
          14.3544178,
          40.5864886
        ]
      },
      "properties": {
        "id": 8977678087,
        "osm_type": "node",
        "name": "Villa Beatrice",
        "tourism": "guest_house"
      }
    },
    {
      "type": "Feature",
      "geometry": {
        "type": "Point",
        "coordinates": [
          14.3554387,
          40.5856288
        ]
      },
      "properties": {
        "id": 8987796301,
        "osm_type": "node",
        "name": "Relais Vittoria",
        "tourism": "hotel"
      }
    },
    {
      "type": "Feature",
      "geometry": {
        "type": "Point",
        "coordinates": [
          14.353775,
          40.5827447
        ]
      },
      "properties": {
        "id": 8989777488,
        "osm_type": "node",
        "name": "Villaggio Nettuno",
        "tourism": "camp_site",
        "tents": "yes",
        "phone": "+39 081 808 1051",
        "website": "https://www.villaggionettuno.it/"
      }
    },
    {
      "type": "Feature",
      "geometry": {
        "type": "Point",
        "coordinates": [
          14.3573394,
          40.5835449
        ]
      },
      "properties": {
        "id": 8989810902,
        "osm_type": "node",
        "name": "La Certosa",
        "tourism": "hotel",
        "phone": "+39 081 808 1245",
        "website": "https://www.hotelcertosa.com/"
      }
    },
    {
      "type": "Feature",
      "geometry": {
        "type": "Point",
        "coordinates": [
          14.3634673,
          40.5917522
        ]
      },
      "properties": {
        "id": 9004481917,
        "osm_type": "node",
        "name": "Neranya",
        "tourism": "guest_house"
      }
    },
    {
      "type": "Feature",
      "geometry": {
        "type": "Point",
        "coordinates": [
          14.5328262,
          41.2179569
        ]
      },
      "properties": {
        "id": 9029193774,
        "osm_type": "node",
        "name": "Bed & Breakfast Magico Riposo Telese Terme",
        "tourism": "guest_house",
        "website": "http://www.dormireincampania.it"
      }
    },
    {
      "type": "Feature",
      "geometry": {
        "type": "Point",
        "coordinates": [
          14.352622,
          40.6107337
        ]
      },
      "properties": {
        "id": 9070731598,
        "osm_type": "node",
        "name": "Terrazza Iride",
        "tourism": "guest_house",
        "phone": "+39 081 808 9634"
      }
    },
    {
      "type": "Feature",
      "geometry": {
        "type": "Point",
        "coordinates": [
          14.3506145,
          40.6088274
        ]
      },
      "properties": {
        "id": 9071039246,
        "osm_type": "node",
        "name": "La Lobra Dépandance",
        "tourism": "guest_house",
        "phone": "+39 081 878 9073",
        "check_date": "2026-01-05"
      }
    },
    {
      "type": "Feature",
      "geometry": {
        "type": "Point",
        "coordinates": [
          14.3525574,
          40.610286
        ]
      },
      "properties": {
        "id": 9071039262,
        "osm_type": "node",
        "name": "Relais Il Chiostro",
        "tourism": "guest_house",
        "phone": "+393336553101",
        "website": "https://www.relaisilchiostro.it/"
      }
    },
    {
      "type": "Feature",
      "geometry": {
        "type": "Point",
        "coordinates": [
          15.1233776,
          40.1777181
        ]
      },
      "properties": {
        "id": 9074014506,
        "osm_type": "node",
        "name": "Hotel Europa",
        "tourism": "hotel"
      }
    },
    {
      "type": "Feature",
      "geometry": {
        "type": "Point",
        "coordinates": [
          15.1290443,
          40.1756347
        ]
      },
      "properties": {
        "id": 9080998205,
        "osm_type": "node",
        "name": "Stella Maris",
        "tourism": "hotel"
      }
    },
    {
      "type": "Feature",
      "geometry": {
        "type": "Point",
        "coordinates": [
          15.1131573,
          40.177277
        ]
      },
      "properties": {
        "id": 9084444953,
        "osm_type": "node",
        "name": "Pensione Zio Attilio",
        "tourism": "hotel"
      }
    },
    {
      "type": "Feature",
      "geometry": {
        "type": "Point",
        "coordinates": [
          15.1002451,
          40.1740473
        ]
      },
      "properties": {
        "id": 9084463415,
        "osm_type": "node",
        "name": "Villa Cleria",
        "tourism": "apartment"
      }
    },
    {
      "type": "Feature",
      "geometry": {
        "type": "Point",
        "coordinates": [
          15.0591707,
          40.1901729
        ]
      },
      "properties": {
        "id": 9084468540,
        "osm_type": "node",
        "name": "Casa Vacanze Zahir",
        "tourism": "apartment"
      }
    },
    {
      "type": "Feature",
      "geometry": {
        "type": "Point",
        "coordinates": [
          14.2561736,
          40.849172
        ]
      },
      "properties": {
        "id": 9087609771,
        "osm_type": "node",
        "name": "Palazzo D'Auria",
        "tourism": "apartment",
        "phone": "+39 0815510039"
      }
    },
    {
      "type": "Feature",
      "geometry": {
        "type": "Point",
        "coordinates": [
          14.3643047,
          40.6224594
        ]
      },
      "properties": {
        "id": 9100381317,
        "osm_type": "node",
        "name": "Villa Parisi",
        "tourism": "guest_house"
      }
    },
    {
      "type": "Feature",
      "geometry": {
        "type": "Point",
        "coordinates": [
          15.2544765,
          40.1951951
        ]
      },
      "properties": {
        "id": 9111667059,
        "osm_type": "node",
        "name": "CerasUno",
        "tourism": "chalet"
      }
    },
    {
      "type": "Feature",
      "geometry": {
        "type": "Point",
        "coordinates": [
          15.0036991,
          40.4179914
        ]
      },
      "properties": {
        "id": 9127214149,
        "osm_type": "node",
        "name": "B&B Casa Franco",
        "tourism": "guest_house",
        "phone": "+393338382334"
      }
    },
    {
      "type": "Feature",
      "geometry": {
        "type": "Point",
        "coordinates": [
          15.2927729,
          40.1322614
        ]
      },
      "properties": {
        "id": 9127565641,
        "osm_type": "node",
        "name": "La Casa degli Angeli",
        "tourism": "guest_house",
        "phone": "+39 335 879 7077"
      }
    },
    {
      "type": "Feature",
      "geometry": {
        "type": "Point",
        "coordinates": [
          14.5033817,
          41.091451
        ]
      },
      "properties": {
        "id": 9129873919,
        "osm_type": "node",
        "name": "La Suite degli Angeli",
        "tourism": "apartment"
      }
    },
    {
      "type": "Feature",
      "geometry": {
        "type": "Point",
        "coordinates": [
          14.4057746,
          40.905581
        ]
      },
      "properties": {
        "id": 9133489693,
        "osm_type": "node",
        "name": "Hotel Fortuna",
        "tourism": "hotel"
      }
    },
    {
      "type": "Feature",
      "geometry": {
        "type": "Point",
        "coordinates": [
          15.0066306,
          40.4240644
        ]
      },
      "properties": {
        "id": 9146410084,
        "osm_type": "node",
        "name": "Annina Home",
        "tourism": "guest_house"
      }
    },
    {
      "type": "Feature",
      "geometry": {
        "type": "Point",
        "coordinates": [
          15.2783747,
          40.0291291
        ]
      },
      "properties": {
        "id": 9195123775,
        "osm_type": "node",
        "name": "Antica Torre del Porto",
        "tourism": "apartment",
        "phone": "+393494008364",
        "website": "http://www.latorredelporto.it/"
      }
    },
    {
      "type": "Feature",
      "geometry": {
        "type": "Point",
        "coordinates": [
          15.2786749,
          40.0290388
        ]
      },
      "properties": {
        "id": 9195132571,
        "osm_type": "node",
        "name": "Hotel La Torre",
        "tourism": "hotel"
      }
    },
    {
      "type": "Feature",
      "geometry": {
        "type": "Point",
        "coordinates": [
          14.3150979,
          41.0729115
        ]
      },
      "properties": {
        "id": 9202702685,
        "osm_type": "node",
        "name": "Hotel Regina",
        "tourism": "hotel",
        "phone": "+390823467966",
        "website": "http://www.hotelreginacaserta.it"
      }
    },
    {
      "type": "Feature",
      "geometry": {
        "type": "Point",
        "coordinates": [
          14.3404754,
          41.0642193
        ]
      },
      "properties": {
        "id": 9209477406,
        "osm_type": "node",
        "name": "Cleo's Room",
        "tourism": "guest_house",
        "opening_hours": "PH,Mo-Su 09:00-19:00",
        "phone": "+39 389 257 9241",
        "website": "https://cleos-room.business.site/"
      }
    },
    {
      "type": "Feature",
      "geometry": {
        "type": "Point",
        "coordinates": [
          14.3351891,
          41.0719815
        ]
      },
      "properties": {
        "id": 9216478527,
        "osm_type": "node",
        "name": "I Borbone",
        "tourism": "guest_house",
        "phone": "+393339861776",
        "website": "https://www.booking.com/hotel/it/i-borbone.it.html?aid=334359"
      }
    },
    {
      "type": "Feature",
      "geometry": {
        "type": "Point",
        "coordinates": [
          15.0068281,
          40.4215302
        ]
      },
      "properties": {
        "id": 9223732839,
        "osm_type": "node",
        "name": "Hotel delle Rose",
        "tourism": "hotel",
        "phone": "+3908281890778",
        "website": "http://www.hotelristorantedellerose.com/",
        "check_date": "2025-11-06"
      }
    },
    {
      "type": "Feature",
      "geometry": {
        "type": "Point",
        "coordinates": [
          14.6490967,
          40.644249
        ]
      },
      "properties": {
        "id": 9261913325,
        "osm_type": "node",
        "name": "Residence Due Torri",
        "tourism": "hotel",
        "phone": "+39 089 851 191",
        "website": "https://residenceduetorri.it/en/the-residence/"
      }
    },
    {
      "type": "Feature",
      "geometry": {
        "type": "Point",
        "coordinates": [
          14.412273,
          40.9005231
        ]
      },
      "properties": {
        "id": 9312934811,
        "osm_type": "node",
        "name": "Victoria",
        "tourism": "hotel"
      }
    },
    {
      "type": "Feature",
      "geometry": {
        "type": "Point",
        "coordinates": [
          14.4476682,
          40.9257921
        ]
      },
      "properties": {
        "id": 9316014313,
        "osm_type": "node",
        "name": "Elio",
        "tourism": "hotel"
      }
    },
    {
      "type": "Feature",
      "geometry": {
        "type": "Point",
        "coordinates": [
          14.3400421,
          40.8637513
        ]
      },
      "properties": {
        "id": 9332924116,
        "osm_type": "node",
        "name": "Vesuvius",
        "tourism": "guest_house"
      }
    },
    {
      "type": "Feature",
      "geometry": {
        "type": "Point",
        "coordinates": [
          14.0839322,
          40.8296565
        ]
      },
      "properties": {
        "id": 9346811954,
        "osm_type": "node",
        "name": "Sibilla Residence",
        "tourism": "hotel"
      }
    },
    {
      "type": "Feature",
      "geometry": {
        "type": "Point",
        "coordinates": [
          15.2165036,
          40.6438347
        ]
      },
      "properties": {
        "id": 9351285258,
        "osm_type": "node",
        "name": "Il Casale dei Lauri",
        "tourism": "guest_house",
        "phone": "+390828791510",
        "website": "https://www.facebook.com/ilcasaledeilauri/"
      }
    },
    {
      "type": "Feature",
      "geometry": {
        "type": "Point",
        "coordinates": [
          14.4067068,
          40.9128308
        ]
      },
      "properties": {
        "id": 9353716874,
        "osm_type": "node",
        "name": "La Nebula Caffè",
        "tourism": "chalet"
      }
    },
    {
      "type": "Feature",
      "geometry": {
        "type": "Point",
        "coordinates": [
          14.2241213,
          40.8331152
        ]
      },
      "properties": {
        "id": 9380517503,
        "osm_type": "node",
        "name": "Salotto Mergellina",
        "tourism": "apartment",
        "opening_hours": "Mo-Su 10:00-22:00"
      }
    },
    {
      "type": "Feature",
      "geometry": {
        "type": "Point",
        "coordinates": [
          14.4299393,
          40.8896635
        ]
      },
      "properties": {
        "id": 9389397435,
        "osm_type": "node",
        "name": "Hotel Cenacolo",
        "tourism": "hotel"
      }
    },
    {
      "type": "Feature",
      "geometry": {
        "type": "Point",
        "coordinates": [
          14.526148,
          40.6210064
        ]
      },
      "properties": {
        "id": 9392773715,
        "osm_type": "node",
        "name": "Dea dela Fortuna",
        "tourism": "guest_house"
      }
    },
    {
      "type": "Feature",
      "geometry": {
        "type": "Point",
        "coordinates": [
          14.5046643,
          40.6290085
        ]
      },
      "properties": {
        "id": 9392780738,
        "osm_type": "node",
        "name": "Villa Antica Macina",
        "tourism": "guest_house"
      }
    },
    {
      "type": "Feature",
      "geometry": {
        "type": "Point",
        "coordinates": [
          14.5054481,
          40.629245
        ]
      },
      "properties": {
        "id": 9392786626,
        "osm_type": "node",
        "name": "Villa Mario",
        "tourism": "guest_house"
      }
    },
    {
      "type": "Feature",
      "geometry": {
        "type": "Point",
        "coordinates": [
          14.5051853,
          40.6293903
        ]
      },
      "properties": {
        "id": 9392793967,
        "osm_type": "node",
        "name": "Villa Pina",
        "tourism": "guest_house"
      }
    },
    {
      "type": "Feature",
      "geometry": {
        "type": "Point",
        "coordinates": [
          14.5031861,
          40.6286674
        ]
      },
      "properties": {
        "id": 9392810215,
        "osm_type": "node",
        "name": "Villa La Quercia",
        "tourism": "guest_house"
      }
    },
    {
      "type": "Feature",
      "geometry": {
        "type": "Point",
        "coordinates": [
          14.5135599,
          40.9328914
        ]
      },
      "properties": {
        "id": 9399489855,
        "osm_type": "node",
        "name": "Crisan",
        "tourism": "guest_house",
        "phone": "+39 081 19189754;+39 320 0534534",
        "website": "https://crisanbb.it"
      }
    },
    {
      "type": "Feature",
      "geometry": {
        "type": "Point",
        "coordinates": [
          14.2495832,
          40.8473928
        ]
      },
      "properties": {
        "id": 9402063017,
        "osm_type": "node",
        "name": "Toledo H",
        "tourism": "hotel"
      }
    },
    {
      "type": "Feature",
      "geometry": {
        "type": "Point",
        "coordinates": [
          14.456497,
          40.9272119
        ]
      },
      "properties": {
        "id": 9406321696,
        "osm_type": "node",
        "name": "Corte Catalana",
        "tourism": "guest_house",
        "phone": "+39 081 885 2254",
        "website": "https://www.cortecatalana.it/"
      }
    },
    {
      "type": "Feature",
      "geometry": {
        "type": "Point",
        "coordinates": [
          14.5263011,
          40.9329947
        ]
      },
      "properties": {
        "id": 9407637703,
        "osm_type": "node",
        "name": "Hotel I Gigli",
        "tourism": "hotel"
      }
    },
    {
      "type": "Feature",
      "geometry": {
        "type": "Point",
        "coordinates": [
          15.0886224,
          40.7862642
        ]
      },
      "properties": {
        "id": 9444304896,
        "osm_type": "node",
        "name": "Rifugio Amatucci",
        "tourism": "alpine_hut"
      }
    },
    {
      "type": "Feature",
      "geometry": {
        "type": "Point",
        "coordinates": [
          15.4638678,
          40.0606625
        ]
      },
      "properties": {
        "id": 9447910036,
        "osm_type": "node",
        "name": "Verdeblu House",
        "tourism": "hotel",
        "phone": "+39 0974 983464",
        "website": "https://www.verdebluhouse.it/"
      }
    },
    {
      "type": "Feature",
      "geometry": {
        "type": "Point",
        "coordinates": [
          14.2581334,
          40.8386026
        ]
      },
      "properties": {
        "id": 9454059348,
        "osm_type": "node",
        "name": "Smart Hotel Napoli",
        "tourism": "hotel",
        "phone": "+39 081 180 60364",
        "website": "https://www.smarthotelnapoli.com/"
      }
    },
    {
      "type": "Feature",
      "geometry": {
        "type": "Point",
        "coordinates": [
          14.2193999,
          40.8316563
        ]
      },
      "properties": {
        "id": 9454061889,
        "osm_type": "node",
        "name": "Metro 900",
        "tourism": "hotel",
        "phone": "+39 081 240 42 84",
        "website": "https://www.metro900hotel.com/"
      }
    },
    {
      "type": "Feature",
      "geometry": {
        "type": "Point",
        "coordinates": [
          14.5925907,
          40.7561623
        ]
      },
      "properties": {
        "id": 9460721237,
        "osm_type": "node",
        "name": "Bed & Breakfast Villa Michela",
        "tourism": "guest_house",
        "phone": "+39 335 126 7387",
        "website": "http://www.bebvillamichela.com/"
      }
    },
    {
      "type": "Feature",
      "geometry": {
        "type": "Point",
        "coordinates": [
          14.6268419,
          40.6511132
        ]
      },
      "properties": {
        "id": 9486942813,
        "osm_type": "node",
        "name": "Minori Palace",
        "tourism": "hotel"
      }
    },
    {
      "type": "Feature",
      "geometry": {
        "type": "Point",
        "coordinates": [
          14.2738258,
          40.8546164
        ]
      },
      "properties": {
        "id": 9517018849,
        "osm_type": "node",
        "tourism": "guest_house"
      }
    },
    {
      "type": "Feature",
      "geometry": {
        "type": "Point",
        "coordinates": [
          14.2076404,
          40.5559649
        ]
      },
      "properties": {
        "id": 9534202461,
        "osm_type": "node",
        "name": "Hotel Al Mulino",
        "tourism": "hotel",
        "phone": "+390818382084",
        "website": "https://www.mulino-capri.com/"
      }
    },
    {
      "type": "Feature",
      "geometry": {
        "type": "Point",
        "coordinates": [
          14.4876265,
          40.6287732
        ]
      },
      "properties": {
        "id": 9548012517,
        "osm_type": "node",
        "name": "Le Sirenuse",
        "tourism": "hotel",
        "phone": "+39 089 875066",
        "website": "https://sirenuse.it/"
      }
    },
    {
      "type": "Feature",
      "geometry": {
        "type": "Point",
        "coordinates": [
          14.3471615,
          40.6127384
        ]
      },
      "properties": {
        "id": 9575870353,
        "osm_type": "node",
        "name": "Villa Giannina",
        "tourism": "guest_house"
      }
    },
    {
      "type": "Feature",
      "geometry": {
        "type": "Point",
        "coordinates": [
          14.2599924,
          40.8514768
        ]
      },
      "properties": {
        "id": 9611107790,
        "osm_type": "node",
        "name": "Il tempio dei Mannesi",
        "tourism": "apartment"
      }
    },
    {
      "type": "Feature",
      "geometry": {
        "type": "Point",
        "coordinates": [
          14.9953531,
          40.3537265
        ]
      },
      "properties": {
        "id": 9654491809,
        "osm_type": "node",
        "name": "100 passi dal mare",
        "tourism": "guest_house",
        "phone": "+39 3281951471",
        "website": "https://www.100passidalmare.it"
      }
    },
    {
      "type": "Feature",
      "geometry": {
        "type": "Point",
        "coordinates": [
          14.3723936,
          40.6267149
        ]
      },
      "properties": {
        "id": 9655886323,
        "osm_type": "node",
        "name": "Sorrento Flower Rooms",
        "tourism": "apartment",
        "phone": "+393392847240",
        "website": "https://www.sorrentoflowerrooms.com/"
      }
    },
    {
      "type": "Feature",
      "geometry": {
        "type": "Point",
        "coordinates": [
          14.9880446,
          40.3512319
        ]
      },
      "properties": {
        "id": 9656368519,
        "osm_type": "node",
        "name": "La Via del Porto Affittacamere",
        "tourism": "apartment"
      }
    },
    {
      "type": "Feature",
      "geometry": {
        "type": "Point",
        "coordinates": [
          14.988945,
          40.3507022
        ]
      },
      "properties": {
        "id": 9656368525,
        "osm_type": "node",
        "name": "I Baronetti",
        "tourism": "guest_house"
      }
    },
    {
      "type": "Feature",
      "geometry": {
        "type": "Point",
        "coordinates": [
          14.9765004,
          40.44554
        ]
      },
      "properties": {
        "id": 9668073378,
        "osm_type": "node",
        "name": "Hotel Village Marina",
        "tourism": "hotel"
      }
    },
    {
      "type": "Feature",
      "geometry": {
        "type": "Point",
        "coordinates": [
          14.9761101,
          40.4471991
        ]
      },
      "properties": {
        "id": 9668073379,
        "osm_type": "node",
        "name": "Hotel Cristallo Paestum",
        "tourism": "hotel"
      }
    },
    {
      "type": "Feature",
      "geometry": {
        "type": "Point",
        "coordinates": [
          14.9772933,
          40.447443
        ]
      },
      "properties": {
        "id": 9668073380,
        "osm_type": "node",
        "name": "Hotel Delfa",
        "tourism": "hotel"
      }
    },
    {
      "type": "Feature",
      "geometry": {
        "type": "Point",
        "coordinates": [
          14.9788553,
          40.4477642
        ]
      },
      "properties": {
        "id": 9668073381,
        "osm_type": "node",
        "name": "Meridiana Hotel",
        "tourism": "hotel"
      }
    },
    {
      "type": "Feature",
      "geometry": {
        "type": "Point",
        "coordinates": [
          14.9809513,
          40.4433315
        ]
      },
      "properties": {
        "id": 9668073382,
        "osm_type": "node",
        "name": "Hotel Casale 900",
        "tourism": "hotel"
      }
    },
    {
      "type": "Feature",
      "geometry": {
        "type": "Point",
        "coordinates": [
          14.9819805,
          40.4388161
        ]
      },
      "properties": {
        "id": 9668073384,
        "osm_type": "node",
        "name": "Clorinda Paestum Hotel",
        "tourism": "hotel"
      }
    },
    {
      "type": "Feature",
      "geometry": {
        "type": "Point",
        "coordinates": [
          14.9846426,
          40.4355224
        ]
      },
      "properties": {
        "id": 9668073385,
        "osm_type": "node",
        "name": "Grand Hotel Paestum",
        "tourism": "hotel"
      }
    },
    {
      "type": "Feature",
      "geometry": {
        "type": "Point",
        "coordinates": [
          14.2505571,
          40.8483026
        ]
      },
      "properties": {
        "id": 9671488236,
        "osm_type": "node",
        "name": "Foro Carolino S&B",
        "tourism": "guest_house",
        "phone": "+393338822206",
        "website": "https://www.forocarolino.com/"
      }
    },
    {
      "type": "Feature",
      "geometry": {
        "type": "Point",
        "coordinates": [
          14.3387656,
          40.8148633
        ]
      },
      "properties": {
        "id": 9685579612,
        "osm_type": "node",
        "name": "Hostel Fabric",
        "tourism": "hostel"
      }
    },
    {
      "type": "Feature",
      "geometry": {
        "type": "Point",
        "coordinates": [
          13.8801734,
          40.7031216
        ]
      },
      "properties": {
        "id": 9703396195,
        "osm_type": "node",
        "name": "Villa Bernardina",
        "tourism": "hotel"
      }
    },
    {
      "type": "Feature",
      "geometry": {
        "type": "Point",
        "coordinates": [
          13.879458,
          40.702026
        ]
      },
      "properties": {
        "id": 9703401533,
        "osm_type": "node",
        "name": "Hotel Residence Baia Sorgetto",
        "tourism": "hotel"
      }
    },
    {
      "type": "Feature",
      "geometry": {
        "type": "Point",
        "coordinates": [
          13.8787385,
          40.7003685
        ]
      },
      "properties": {
        "id": 9703421329,
        "osm_type": "node",
        "name": "Villa Fumerie B&B",
        "tourism": "hotel"
      }
    },
    {
      "type": "Feature",
      "geometry": {
        "type": "Point",
        "coordinates": [
          14.3739125,
          40.6123785
        ]
      },
      "properties": {
        "id": 9705555842,
        "osm_type": "node",
        "name": "Hotel Hermitage",
        "tourism": "hotel"
      }
    },
    {
      "type": "Feature",
      "geometry": {
        "type": "Point",
        "coordinates": [
          15.5006214,
          40.0619358
        ]
      },
      "properties": {
        "id": 9712029039,
        "osm_type": "node",
        "name": "Hotel il Villaggio, Cylentios,",
        "tourism": "hotel"
      }
    },
    {
      "type": "Feature",
      "geometry": {
        "type": "Point",
        "coordinates": [
          14.5204842,
          41.2968416
        ]
      },
      "properties": {
        "id": 9737691680,
        "osm_type": "node",
        "tourism": "alpine_hut"
      }
    },
    {
      "type": "Feature",
      "geometry": {
        "type": "Point",
        "coordinates": [
          14.3400389,
          40.5983684
        ]
      },
      "properties": {
        "id": 9739945582,
        "osm_type": "node",
        "name": "Villa Sun & Relax",
        "tourism": "guest_house"
      }
    },
    {
      "type": "Feature",
      "geometry": {
        "type": "Point",
        "coordinates": [
          14.3349762,
          40.5950629
        ]
      },
      "properties": {
        "id": 9739945690,
        "osm_type": "node",
        "name": "Villa Il Poggio",
        "tourism": "guest_house",
        "website": "https://www.affittovacanze.com/casa-vacanza/villa-il-poggio"
      }
    },
    {
      "type": "Feature",
      "geometry": {
        "type": "Point",
        "coordinates": [
          14.3349963,
          40.5967126
        ]
      },
      "properties": {
        "id": 9739945859,
        "osm_type": "node",
        "name": "Casa Tatano",
        "tourism": "guest_house",
        "website": "https://www.amorerentals.com/it/affitti/casa-massa-lubrense-amore-rentals-casa-tatano-4-camere-da-letto-3-bagni-con-piscina-privata-vista-mare-parcheggio-campania-263231.html"
      }
    },
    {
      "type": "Feature",
      "geometry": {
        "type": "Point",
        "coordinates": [
          14.3360605,
          40.5963827
        ]
      },
      "properties": {
        "id": 9739946175,
        "osm_type": "node",
        "name": "Casale La Torre",
        "tourism": "guest_house",
        "phone": "+39 081 19312378",
        "website": "https://www.casalelatorre.com/"
      }
    },
    {
      "type": "Feature",
      "geometry": {
        "type": "Point",
        "coordinates": [
          14.3374184,
          40.5970858
        ]
      },
      "properties": {
        "id": 9739946177,
        "osm_type": "node",
        "name": "Villa Solaria",
        "tourism": "guest_house",
        "phone": "+39 0813622226",
        "website": "http://www.villasolariamassalubrense.com/"
      }
    },
    {
      "type": "Feature",
      "geometry": {
        "type": "Point",
        "coordinates": [
          14.3439374,
          40.8157547
        ]
      },
      "properties": {
        "id": 9752190041,
        "osm_type": "node",
        "name": "B&B Family Room",
        "tourism": "guest_house",
        "phone": "+39 0817752079   3929093515"
      }
    },
    {
      "type": "Feature",
      "geometry": {
        "type": "Point",
        "coordinates": [
          14.2412932,
          40.8356144
        ]
      },
      "properties": {
        "id": 9752739317,
        "osm_type": "node",
        "name": "suite rodino 24",
        "tourism": "hotel"
      }
    },
    {
      "type": "Feature",
      "geometry": {
        "type": "Point",
        "coordinates": [
          14.9960165,
          40.2182902
        ]
      },
      "properties": {
        "id": 9758907205,
        "osm_type": "node",
        "name": "Villa Lembo",
        "tourism": "hotel",
        "phone": "+393382908455"
      }
    },
    {
      "type": "Feature",
      "geometry": {
        "type": "Point",
        "coordinates": [
          14.6020254,
          40.6340602
        ]
      },
      "properties": {
        "id": 9759790878,
        "osm_type": "node",
        "name": "Hotel Lidodimare",
        "tourism": "hotel",
        "check_date": "2026-03-23"
      }
    },
    {
      "type": "Feature",
      "geometry": {
        "type": "Point",
        "coordinates": [
          14.5373388,
          40.612199
        ]
      },
      "properties": {
        "id": 9764308096,
        "osm_type": "node",
        "name": "Hotel La Perla",
        "tourism": "hotel"
      }
    },
    {
      "type": "Feature",
      "geometry": {
        "type": "Point",
        "coordinates": [
          14.4885562,
          40.6285141
        ]
      },
      "properties": {
        "id": 9764373921,
        "osm_type": "node",
        "name": "Albergo California Positano",
        "tourism": "hotel",
        "phone": "+39 089875382"
      }
    },
    {
      "type": "Feature",
      "geometry": {
        "type": "Point",
        "coordinates": [
          14.3754849,
          40.6268251
        ]
      },
      "properties": {
        "id": 9764396567,
        "osm_type": "node",
        "name": "Hotel Palazzo Guardati",
        "tourism": "hotel"
      }
    },
    {
      "type": "Feature",
      "geometry": {
        "type": "Point",
        "coordinates": [
          14.3459903,
          40.6002246
        ]
      },
      "properties": {
        "id": 9766417346,
        "osm_type": "node",
        "name": "Villa Marzia",
        "tourism": "guest_house"
      }
    },
    {
      "type": "Feature",
      "geometry": {
        "type": "Point",
        "coordinates": [
          14.4724601,
          40.7547842
        ]
      },
      "properties": {
        "id": 9766812817,
        "osm_type": "node",
        "tourism": "guest_house"
      }
    },
    {
      "type": "Feature",
      "geometry": {
        "type": "Point",
        "coordinates": [
          14.4945088,
          40.7488234
        ]
      },
      "properties": {
        "id": 9774804217,
        "osm_type": "node",
        "name": "Hotel Del Sole",
        "tourism": "hotel"
      }
    },
    {
      "type": "Feature",
      "geometry": {
        "type": "Point",
        "coordinates": [
          14.4884536,
          40.6931328
        ]
      },
      "properties": {
        "id": 9776705425,
        "osm_type": "node",
        "name": "Hotel Villa Serena",
        "tourism": "hotel"
      }
    },
    {
      "type": "Feature",
      "geometry": {
        "type": "Point",
        "coordinates": [
          14.2702311,
          40.8533554
        ]
      },
      "properties": {
        "id": 9782448517,
        "osm_type": "node",
        "name": "Re Diego",
        "tourism": "guest_house"
      }
    },
    {
      "type": "Feature",
      "geometry": {
        "type": "Point",
        "coordinates": [
          14.2683162,
          40.8544067
        ]
      },
      "properties": {
        "id": 9784813834,
        "osm_type": "node",
        "name": "B&B Vico Milano 18",
        "tourism": "guest_house"
      }
    },
    {
      "type": "Feature",
      "geometry": {
        "type": "Point",
        "coordinates": [
          13.8733679,
          40.7474989
        ]
      },
      "properties": {
        "id": 9789160693,
        "osm_type": "node",
        "name": "Hotel Villa al Parco",
        "tourism": "hotel"
      }
    },
    {
      "type": "Feature",
      "geometry": {
        "type": "Point",
        "coordinates": [
          14.0319161,
          40.7613771
        ]
      },
      "properties": {
        "id": 9802697666,
        "osm_type": "node",
        "name": "La Corricella",
        "tourism": "hotel",
        "phone": "+39 081 896 7575",
        "website": "https://www.hotelcorricella.it/it.html"
      }
    },
    {
      "type": "Feature",
      "geometry": {
        "type": "Point",
        "coordinates": [
          14.4815101,
          40.827328
        ]
      },
      "properties": {
        "id": 9817932736,
        "osm_type": "node",
        "name": "Eco Camping Vesuvio",
        "tourism": "camp_site",
        "tents": "yes",
        "website": "https://www.vesuvioeco.it/"
      }
    },
    {
      "type": "Feature",
      "geometry": {
        "type": "Point",
        "coordinates": [
          14.9908639,
          40.3524089
        ]
      },
      "properties": {
        "id": 9819511691,
        "osm_type": "node",
        "name": "Villa Scotillo 1950",
        "tourism": "guest_house",
        "phone": "+39 0974 271629",
        "website": "http://www.villascotillo1950.it"
      }
    },
    {
      "type": "Feature",
      "geometry": {
        "type": "Point",
        "coordinates": [
          14.991758,
          40.3523926
        ]
      },
      "properties": {
        "id": 9819511692,
        "osm_type": "node",
        "name": "Villa Rosangela",
        "tourism": "apartment"
      }
    },
    {
      "type": "Feature",
      "geometry": {
        "type": "Point",
        "coordinates": [
          14.9913528,
          40.3532193
        ]
      },
      "properties": {
        "id": 9819511693,
        "osm_type": "node",
        "name": "B&B La Scala sul Mare",
        "tourism": "guest_house",
        "phone": "+39 3461817219",
        "website": "https://www.hotelscheck-in.com/bblascalasulmare/it/"
      }
    },
    {
      "type": "Feature",
      "geometry": {
        "type": "Point",
        "coordinates": [
          15.0002183,
          40.3594139
        ]
      },
      "properties": {
        "id": 9825055394,
        "osm_type": "node",
        "name": "Villa Maya - B&B, Casa Vacanze",
        "tourism": "apartment"
      }
    },
    {
      "type": "Feature",
      "geometry": {
        "type": "Point",
        "coordinates": [
          14.2709065,
          40.9785807
        ]
      },
      "properties": {
        "id": 9831035001,
        "osm_type": "node",
        "name": "Hotel Silverado",
        "tourism": "hotel",
        "opening_hours": "Mo-Su 12:00-12:00",
        "phone": "+393386354671"
      }
    },
    {
      "type": "Feature",
      "geometry": {
        "type": "Point",
        "coordinates": [
          14.0346211,
          40.7615043
        ]
      },
      "properties": {
        "id": 9833951653,
        "osm_type": "node",
        "name": "Terra Murata",
        "tourism": "guest_house",
        "website": "http://www.terramurata.it/"
      }
    },
    {
      "type": "Feature",
      "geometry": {
        "type": "Point",
        "coordinates": [
          15.2970531,
          40.0479711
        ]
      },
      "properties": {
        "id": 9835776084,
        "osm_type": "node",
        "name": "Villa Rosada",
        "tourism": "guest_house",
        "contact:phone": "+39 340 233 5692;+39 339 891 7160",
        "contact:website": "https://www.villarosada.net/"
      }
    },
    {
      "type": "Feature",
      "geometry": {
        "type": "Point",
        "coordinates": [
          14.3730006,
          40.6047741
        ]
      },
      "properties": {
        "id": 9853507755,
        "osm_type": "node",
        "name": "Hotel Sant'Agata",
        "tourism": "hotel"
      }
    },
    {
      "type": "Feature",
      "geometry": {
        "type": "Point",
        "coordinates": [
          14.2394194,
          40.8371909
        ]
      },
      "properties": {
        "id": 9858224147,
        "osm_type": "node",
        "name": "B&B delle Palme",
        "tourism": "guest_house",
        "phone": "+39 339 856 6866",
        "website": "https://www.bbdellepalme.it/",
        "check_date": "2022-06-30"
      }
    },
    {
      "type": "Feature",
      "geometry": {
        "type": "Point",
        "coordinates": [
          14.9970203,
          40.3311962
        ]
      },
      "properties": {
        "id": 9862740511,
        "osm_type": "node",
        "name": "La Frescura del Principe Dimora di Charme",
        "tourism": "guest_house",
        "phone": "+39 3456226407",
        "website": "https://www.lafrescuradelprincipe.it/"
      }
    },
    {
      "type": "Feature",
      "geometry": {
        "type": "Point",
        "coordinates": [
          14.9874888,
          40.3403133
        ]
      },
      "properties": {
        "id": 9893020593,
        "osm_type": "node",
        "name": "Trentova Camping Park",
        "tourism": "caravan_site",
        "tents": "yes",
        "phone": "+39 3393101925",
        "website": "https://www.trentovacampingpark.it/"
      }
    },
    {
      "type": "Feature",
      "geometry": {
        "type": "Point",
        "coordinates": [
          13.9555127,
          40.7359381
        ]
      },
      "properties": {
        "id": 9893543723,
        "osm_type": "node",
        "name": "Eugenio's Albergo",
        "tourism": "hotel"
      }
    },
    {
      "type": "Feature",
      "geometry": {
        "type": "Point",
        "coordinates": [
          14.3725266,
          40.6247028
        ]
      },
      "properties": {
        "id": 9895233313,
        "osm_type": "node",
        "name": "Hotel Mignon",
        "tourism": "hotel"
      }
    },
    {
      "type": "Feature",
      "geometry": {
        "type": "Point",
        "coordinates": [
          13.9547731,
          40.7352281
        ]
      },
      "properties": {
        "id": 9902092905,
        "osm_type": "node",
        "name": "Hotel Villa Panoramica",
        "tourism": "hotel"
      }
    },
    {
      "type": "Feature",
      "geometry": {
        "type": "Point",
        "coordinates": [
          13.9556583,
          40.7355033
        ]
      },
      "properties": {
        "id": 9902112994,
        "osm_type": "node",
        "name": "Hotel Eugenio",
        "tourism": "hotel"
      }
    },
    {
      "type": "Feature",
      "geometry": {
        "type": "Point",
        "coordinates": [
          13.9556199,
          40.735611
        ]
      },
      "properties": {
        "id": 9902122644,
        "osm_type": "node",
        "name": "Hotel Terme Mareblu",
        "tourism": "hotel"
      }
    },
    {
      "type": "Feature",
      "geometry": {
        "type": "Point",
        "coordinates": [
          13.9504149,
          40.7425424
        ]
      },
      "properties": {
        "id": 9902125113,
        "osm_type": "node",
        "name": "Aurum Hotels Grand Hotel Ischia Lido",
        "tourism": "hotel",
        "phone": "+39 081 1918 9238",
        "website": "https://www.aurumhotels.it/grand-hotel-ischia-lido-ischia-campania.html"
      }
    },
    {
      "type": "Feature",
      "geometry": {
        "type": "Point",
        "coordinates": [
          14.3760677,
          40.6253852
        ]
      },
      "properties": {
        "id": 9903830105,
        "osm_type": "node",
        "name": "Plaza",
        "tourism": "hotel"
      }
    },
    {
      "type": "Feature",
      "geometry": {
        "type": "Point",
        "coordinates": [
          14.3760301,
          40.6251811
        ]
      },
      "properties": {
        "id": 9903830106,
        "osm_type": "node",
        "name": "Antiche Mura",
        "tourism": "hotel"
      }
    },
    {
      "type": "Feature",
      "geometry": {
        "type": "Point",
        "coordinates": [
          14.5278328,
          40.6763191
        ]
      },
      "properties": {
        "id": 9909575417,
        "osm_type": "node",
        "name": "Il Giardino",
        "tourism": "hotel"
      }
    },
    {
      "type": "Feature",
      "geometry": {
        "type": "Point",
        "coordinates": [
          13.9481701,
          40.7387799
        ]
      },
      "properties": {
        "id": 9910528362,
        "osm_type": "node",
        "name": "Central Park Hotel Terme",
        "tourism": "hotel",
        "phone": "+39 081 993 517",
        "website": "https://www.centralparkhotel.it/"
      }
    },
    {
      "type": "Feature",
      "geometry": {
        "type": "Point",
        "coordinates": [
          14.3752858,
          40.6223213
        ]
      },
      "properties": {
        "id": 9914334338,
        "osm_type": "node",
        "name": "Hotel Leone",
        "tourism": "hotel"
      }
    },
    {
      "type": "Feature",
      "geometry": {
        "type": "Point",
        "coordinates": [
          13.9514795,
          40.7345905
        ]
      },
      "properties": {
        "id": 9915002385,
        "osm_type": "node",
        "name": "Atlantic Hotel",
        "tourism": "hotel",
        "phone": "+39 081 991 093",
        "website": "https://www.albergoatlantic.it/",
        "check_date": "2024-09-24"
      }
    },
    {
      "type": "Feature",
      "geometry": {
        "type": "Point",
        "coordinates": [
          13.9495777,
          40.7422931
        ]
      },
      "properties": {
        "id": 9916999934,
        "osm_type": "node",
        "name": "Hotel Ambasciatori",
        "tourism": "hotel",
        "phone": "+39 081 992933",
        "website": "http://www.albergoambasciatori.com/"
      }
    },
    {
      "type": "Feature",
      "geometry": {
        "type": "Point",
        "coordinates": [
          14.3775664,
          40.624605
        ]
      },
      "properties": {
        "id": 9918755404,
        "osm_type": "node",
        "name": "Grand Hotel Cesare Augusto",
        "tourism": "hotel"
      }
    },
    {
      "type": "Feature",
      "geometry": {
        "type": "Point",
        "coordinates": [
          13.9544551,
          40.7404865
        ]
      },
      "properties": {
        "id": 9926246367,
        "osm_type": "node",
        "name": "Grand Hotel Punta Molino",
        "tourism": "hotel"
      }
    },
    {
      "type": "Feature",
      "geometry": {
        "type": "Point",
        "coordinates": [
          13.9228602,
          40.7494743
        ]
      },
      "properties": {
        "id": 9926615582,
        "osm_type": "node",
        "name": "Hotel Bagnitiello",
        "tourism": "hotel"
      }
    },
    {
      "type": "Feature",
      "geometry": {
        "type": "Point",
        "coordinates": [
          13.9154466,
          40.7494122
        ]
      },
      "properties": {
        "id": 9926618401,
        "osm_type": "node",
        "name": "Stella Maris",
        "tourism": "hotel"
      }
    },
    {
      "type": "Feature",
      "geometry": {
        "type": "Point",
        "coordinates": [
          13.9180864,
          40.7501225
        ]
      },
      "properties": {
        "id": 9926647900,
        "osm_type": "node",
        "name": "Albergo Terme Italia",
        "tourism": "hotel",
        "phone": "+39 081 230 4012",
        "website": "https://www.albergotermeitalia.it/"
      }
    },
    {
      "type": "Feature",
      "geometry": {
        "type": "Point",
        "coordinates": [
          14.2253321,
          40.8311086
        ]
      },
      "properties": {
        "id": 9927465500,
        "osm_type": "node",
        "name": "50 Suite",
        "tourism": "hotel",
        "phone": "+39 081 18242000",
        "website": "https://www.50suite.it/"
      }
    },
    {
      "type": "Feature",
      "geometry": {
        "type": "Point",
        "coordinates": [
          14.3735692,
          40.6264122
        ]
      },
      "properties": {
        "id": 9929190252,
        "osm_type": "node",
        "name": "Astoria",
        "tourism": "hotel"
      }
    },
    {
      "type": "Feature",
      "geometry": {
        "type": "Point",
        "coordinates": [
          14.5455606,
          40.6250017
        ]
      },
      "properties": {
        "id": 9929237515,
        "osm_type": "node",
        "name": "Casa Belvedere",
        "tourism": "guest_house"
      }
    },
    {
      "type": "Feature",
      "geometry": {
        "type": "Point",
        "coordinates": [
          13.9454529,
          40.7370055
        ]
      },
      "properties": {
        "id": 9932988469,
        "osm_type": "node",
        "name": "Hotel Cleopatra",
        "tourism": "hotel"
      }
    },
    {
      "type": "Feature",
      "geometry": {
        "type": "Point",
        "coordinates": [
          14.3720135,
          40.6275746
        ]
      },
      "properties": {
        "id": 9933499278,
        "osm_type": "node",
        "name": "Imperial Hotel Tramontano",
        "tourism": "hotel"
      }
    },
    {
      "type": "Feature",
      "geometry": {
        "type": "Point",
        "coordinates": [
          14.3718432,
          40.6270107
        ]
      },
      "properties": {
        "id": 9933499619,
        "osm_type": "node",
        "name": "Grand Hotel La Favorita",
        "tourism": "hotel",
        "website": "https://www.hotellafavorita.com/",
        "check_date": "2025-12-11"
      }
    },
    {
      "type": "Feature",
      "geometry": {
        "type": "Point",
        "coordinates": [
          13.9339492,
          40.7421895
        ]
      },
      "properties": {
        "id": 9934159211,
        "osm_type": "node",
        "name": "Hotel Don Pedro",
        "tourism": "hotel"
      }
    },
    {
      "type": "Feature",
      "geometry": {
        "type": "Point",
        "coordinates": [
          13.9071901,
          40.7431354
        ]
      },
      "properties": {
        "id": 9934210347,
        "osm_type": "node",
        "name": "Elisabetta",
        "tourism": "hotel"
      }
    },
    {
      "type": "Feature",
      "geometry": {
        "type": "Point",
        "coordinates": [
          13.9070578,
          40.7434621
        ]
      },
      "properties": {
        "id": 9934213666,
        "osm_type": "node",
        "name": "Pensione Mazzella",
        "tourism": "hotel"
      }
    },
    {
      "type": "Feature",
      "geometry": {
        "type": "Point",
        "coordinates": [
          14.1189533,
          40.8233998
        ]
      },
      "properties": {
        "id": 9937330332,
        "osm_type": "node",
        "name": "B&B Vista Mare",
        "tourism": "guest_house",
        "check_date": "2022-11-12"
      }
    },
    {
      "type": "Feature",
      "geometry": {
        "type": "Point",
        "coordinates": [
          15.4742053,
          40.0788777
        ]
      },
      "properties": {
        "id": 9943317291,
        "osm_type": "node",
        "name": "Bel Tempio",
        "tourism": "hotel",
        "contact:phone": "+39 0974 980509",
        "contact:website": "https://www.beltempio.it"
      }
    },
    {
      "type": "Feature",
      "geometry": {
        "type": "Point",
        "coordinates": [
          14.4984561,
          40.6871076
        ]
      },
      "properties": {
        "id": 9949729706,
        "osm_type": "node",
        "name": "Villa Catie'",
        "tourism": "guest_house",
        "contact:website": "http://www.villacatie.it/"
      }
    },
    {
      "type": "Feature",
      "geometry": {
        "type": "Point",
        "coordinates": [
          14.2664053,
          40.853853
        ]
      },
      "properties": {
        "id": 9960954076,
        "osm_type": "node",
        "tourism": "hotel"
      }
    },
    {
      "type": "Feature",
      "geometry": {
        "type": "Point",
        "coordinates": [
          15.157904,
          40.1538729
        ]
      },
      "properties": {
        "id": 9962100546,
        "osm_type": "node",
        "name": "Casa Vacanze Villa delle Sirene",
        "tourism": "apartment",
        "opening_hours": "Mo-Sa 09:00-12:30,15:00-20:00; PH off",
        "contact:website": "https://villadellesirene.com/"
      }
    },
    {
      "type": "Feature",
      "geometry": {
        "type": "Point",
        "coordinates": [
          14.5240042,
          40.6105821
        ]
      },
      "properties": {
        "id": 9962513225,
        "osm_type": "node",
        "name": "Villa Bellavista hotel",
        "tourism": "hotel",
        "opening_hours": "24/7",
        "contact:phone": "+39 089 874054",
        "contact:website": "http://www.villabellavista.it/"
      }
    },
    {
      "type": "Feature",
      "geometry": {
        "type": "Point",
        "coordinates": [
          15.6072303,
          40.1424652
        ]
      },
      "properties": {
        "id": 9974587330,
        "osm_type": "node",
        "name": "Da Nicola e Lina",
        "tourism": "guest_house"
      }
    },
    {
      "type": "Feature",
      "geometry": {
        "type": "Point",
        "coordinates": [
          15.6068767,
          40.142295
        ]
      },
      "properties": {
        "id": 9974587331,
        "osm_type": "node",
        "name": "Ospitalità Don Carlo",
        "tourism": "guest_house",
        "phone": "+39 328 747 5127",
        "website": "http://www.ospitalitadoncarlo.it/"
      }
    },
    {
      "type": "Feature",
      "geometry": {
        "type": "Point",
        "coordinates": [
          15.6075428,
          40.1414732
        ]
      },
      "properties": {
        "id": 9983653855,
        "osm_type": "node",
        "name": "Borgo 2000",
        "tourism": "guest_house"
      }
    },
    {
      "type": "Feature",
      "geometry": {
        "type": "Point",
        "coordinates": [
          15.605869,
          40.1419353
        ]
      },
      "properties": {
        "id": 9983653856,
        "osm_type": "node",
        "name": "Torre Alta",
        "tourism": "guest_house"
      }
    },
    {
      "type": "Feature",
      "geometry": {
        "type": "Point",
        "coordinates": [
          15.6060454,
          40.1424948
        ]
      },
      "properties": {
        "id": 9983653857,
        "osm_type": "node",
        "name": "La Posada De Juan y Marisol",
        "tourism": "guest_house",
        "website": "http://www.laposadadejuanymarisol.com/"
      }
    },
    {
      "type": "Feature",
      "geometry": {
        "type": "Point",
        "coordinates": [
          14.3812755,
          40.6283086
        ]
      },
      "properties": {
        "id": 9983755701,
        "osm_type": "node",
        "name": "Hotel La Meridiana",
        "tourism": "hotel"
      }
    },
    {
      "type": "Feature",
      "geometry": {
        "type": "Point",
        "coordinates": [
          15.3801876,
          41.0059162
        ]
      },
      "properties": {
        "id": 9988856846,
        "osm_type": "node",
        "name": "Domus Romulea",
        "tourism": "hotel",
        "phone": "+39 0827 81611",
        "website": "https://www.domusromulea.it/"
      }
    },
    {
      "type": "Feature",
      "geometry": {
        "type": "Point",
        "coordinates": [
          13.9440888,
          40.7322439
        ]
      },
      "properties": {
        "id": 10006345336,
        "osm_type": "node",
        "name": "Villa Matilda",
        "tourism": "guest_house",
        "website": "https://www.villamatilda.it/"
      }
    },
    {
      "type": "Feature",
      "geometry": {
        "type": "Point",
        "coordinates": [
          14.3794352,
          40.6284448
        ]
      },
      "properties": {
        "id": 10006422174,
        "osm_type": "node",
        "name": "Grand Hotel Royal",
        "tourism": "hotel",
        "check_date": "2025-12-16"
      }
    },
    {
      "type": "Feature",
      "geometry": {
        "type": "Point",
        "coordinates": [
          14.3832372,
          40.6305024
        ]
      },
      "properties": {
        "id": 10007067496,
        "osm_type": "node",
        "name": "Grand Hotel Ambasciatori",
        "tourism": "hotel",
        "website": "https://www.ambasciatorisorrento.com/"
      }
    },
    {
      "type": "Feature",
      "geometry": {
        "type": "Point",
        "coordinates": [
          14.5360521,
          41.0323695
        ]
      },
      "properties": {
        "id": 10013620317,
        "osm_type": "node",
        "name": "B&B La Dimora dei Ciliegi",
        "tourism": "hotel"
      }
    },
    {
      "type": "Feature",
      "geometry": {
        "type": "Point",
        "coordinates": [
          14.4382879,
          41.0840616
        ]
      },
      "properties": {
        "id": 10014171184,
        "osm_type": "node",
        "name": "Giuseppe & Giuseppe B&B",
        "tourism": "guest_house",
        "phone": "+39 3663412215",
        "website": "https://www.booking.com/hotel/it/giuseppe-amp-giuseppe.html?aid=376372;label=it-5Srxg0e1twJI_ryrey2UnQS267778030993:pl:ta:p1:p22.389.000:ac:ap1t1:neg:fi:tiaud-294889295893:kwd-65526620:lp20533:li:dec:dm;sid=0c7be8913f46cbac0366e17b4cc1c397;frindrecv=1"
      }
    },
    {
      "type": "Feature",
      "geometry": {
        "type": "Point",
        "coordinates": [
          14.4492339,
          41.1004157
        ]
      },
      "properties": {
        "id": 10014171190,
        "osm_type": "node",
        "name": "Agriturismo Bed & Breakfast Gusto Nocciola",
        "tourism": "guest_house",
        "phone": "+39 3284142066"
      }
    },
    {
      "type": "Feature",
      "geometry": {
        "type": "Point",
        "coordinates": [
          14.0687962,
          40.8059515
        ]
      },
      "properties": {
        "id": 10014265512,
        "osm_type": "node",
        "name": "Villa Gervasio",
        "tourism": "hotel",
        "opening_hours": "24/7",
        "phone": "+390818687892",
        "website": "https://www.villagervasio.it/"
      }
    },
    {
      "type": "Feature",
      "geometry": {
        "type": "Point",
        "coordinates": [
          14.369446,
          40.8218628
        ]
      },
      "properties": {
        "id": 10016441017,
        "osm_type": "node",
        "name": "B&B Villa Nunzia",
        "tourism": "hotel"
      }
    },
    {
      "type": "Feature",
      "geometry": {
        "type": "Point",
        "coordinates": [
          14.4165791,
          40.6590724
        ]
      },
      "properties": {
        "id": 10037977511,
        "osm_type": "node",
        "name": "Le Axidie",
        "tourism": "hotel",
        "phone": "+39 0818028562",
        "website": "https://www.leaxidie.it/"
      }
    },
    {
      "type": "Feature",
      "geometry": {
        "type": "Point",
        "coordinates": [
          13.86549,
          40.7219136
        ]
      },
      "properties": {
        "id": 10047994717,
        "osm_type": "node",
        "name": "Costa Citara",
        "tourism": "hotel"
      }
    },
    {
      "type": "Feature",
      "geometry": {
        "type": "Point",
        "coordinates": [
          13.8663636,
          40.7209425
        ]
      },
      "properties": {
        "id": 10047995717,
        "osm_type": "node",
        "name": "Galidon",
        "tourism": "hotel"
      }
    },
    {
      "type": "Feature",
      "geometry": {
        "type": "Point",
        "coordinates": [
          13.8670911,
          40.7209593
        ]
      },
      "properties": {
        "id": 10048707663,
        "osm_type": "node",
        "name": "Villa Cimmentorosso",
        "tourism": "hotel"
      }
    },
    {
      "type": "Feature",
      "geometry": {
        "type": "Point",
        "coordinates": [
          13.8649877,
          40.7255511
        ]
      },
      "properties": {
        "id": 10049448817,
        "osm_type": "node",
        "name": "Villa Angela",
        "tourism": "hotel"
      }
    },
    {
      "type": "Feature",
      "geometry": {
        "type": "Point",
        "coordinates": [
          13.8643471,
          40.7237144
        ]
      },
      "properties": {
        "id": 10049458918,
        "osm_type": "node",
        "name": "Imperiale",
        "tourism": "hotel"
      }
    },
    {
      "type": "Feature",
      "geometry": {
        "type": "Point",
        "coordinates": [
          13.8656644,
          40.7190505
        ]
      },
      "properties": {
        "id": 10052038817,
        "osm_type": "node",
        "name": "Parco Maria",
        "tourism": "hotel"
      }
    },
    {
      "type": "Feature",
      "geometry": {
        "type": "Point",
        "coordinates": [
          14.9869699,
          40.3536867
        ]
      },
      "properties": {
        "id": 10052147905,
        "osm_type": "node",
        "name": "Flower Home",
        "tourism": "hotel",
        "website": "https://www.borgodeisaraceni.it/camere/flower-home/"
      }
    },
    {
      "type": "Feature",
      "geometry": {
        "type": "Point",
        "coordinates": [
          14.9866874,
          40.3536255
        ]
      },
      "properties": {
        "id": 10053102782,
        "osm_type": "node",
        "name": "Domus Imdomita",
        "tourism": "hotel",
        "website": "https://www.borgodeisaraceni.it/camere/domus-indomita/",
        "check_date": "2024-10-11"
      }
    },
    {
      "type": "Feature",
      "geometry": {
        "type": "Point",
        "coordinates": [
          15.1965818,
          40.1906224
        ]
      },
      "properties": {
        "id": 10053282252,
        "osm_type": "node",
        "name": "Agritourismo La Petrosa",
        "tourism": "hotel",
        "website": "https://www.lapetrosa.it/"
      }
    },
    {
      "type": "Feature",
      "geometry": {
        "type": "Point",
        "coordinates": [
          13.8786888,
          40.707204
        ]
      },
      "properties": {
        "id": 10054024617,
        "osm_type": "node",
        "name": "Mavemonti",
        "tourism": "hotel"
      }
    },
    {
      "type": "Feature",
      "geometry": {
        "type": "Point",
        "coordinates": [
          13.8802423,
          40.7040506
        ]
      },
      "properties": {
        "id": 10054038017,
        "osm_type": "node",
        "name": "Villa Natalina",
        "tourism": "hotel"
      }
    },
    {
      "type": "Feature",
      "geometry": {
        "type": "Point",
        "coordinates": [
          13.8799426,
          40.7005235
        ]
      },
      "properties": {
        "id": 10054039431,
        "osm_type": "node",
        "name": "Torre Sant Angelo",
        "tourism": "hotel"
      }
    },
    {
      "type": "Feature",
      "geometry": {
        "type": "Point",
        "coordinates": [
          13.8688508,
          40.7506808
        ]
      },
      "properties": {
        "id": 10056749320,
        "osm_type": "node",
        "name": "Santa Maria",
        "tourism": "hotel"
      }
    },
    {
      "type": "Feature",
      "geometry": {
        "type": "Point",
        "coordinates": [
          13.8664283,
          40.7465512
        ]
      },
      "properties": {
        "id": 10056749418,
        "osm_type": "node",
        "name": "La Scogliera",
        "tourism": "hotel"
      }
    },
    {
      "type": "Feature",
      "geometry": {
        "type": "Point",
        "coordinates": [
          13.8693454,
          40.7511794
        ]
      },
      "properties": {
        "id": 10056749618,
        "osm_type": "node",
        "name": "Zaro",
        "tourism": "hotel"
      }
    },
    {
      "type": "Feature",
      "geometry": {
        "type": "Point",
        "coordinates": [
          13.8665105,
          40.717627
        ]
      },
      "properties": {
        "id": 10057847917,
        "osm_type": "node",
        "name": "Mediterraneo",
        "tourism": "hotel"
      }
    },
    {
      "type": "Feature",
      "geometry": {
        "type": "Point",
        "coordinates": [
          14.2459863,
          40.5515633
        ]
      },
      "properties": {
        "id": 10061812118,
        "osm_type": "node",
        "name": "Esperia",
        "tourism": "hotel"
      }
    },
    {
      "type": "Feature",
      "geometry": {
        "type": "Point",
        "coordinates": [
          14.2230121,
          40.553347
        ]
      },
      "properties": {
        "id": 10061812318,
        "osm_type": "node",
        "tourism": "hostel"
      }
    },
    {
      "type": "Feature",
      "geometry": {
        "type": "Point",
        "coordinates": [
          14.2437181,
          40.5517586
        ]
      },
      "properties": {
        "id": 10063151218,
        "osm_type": "node",
        "name": "Capri Blue",
        "tourism": "apartment"
      }
    },
    {
      "type": "Feature",
      "geometry": {
        "type": "Point",
        "coordinates": [
          13.9540855,
          40.7311769
        ]
      },
      "properties": {
        "id": 10066495175,
        "osm_type": "node",
        "name": "Residence Aurora",
        "tourism": "apartment",
        "phone": "+39 340 385 4794",
        "website": "https://www.auroraischia.it/"
      }
    },
    {
      "type": "Feature",
      "geometry": {
        "type": "Point",
        "coordinates": [
          14.0374179,
          40.8983107
        ]
      },
      "properties": {
        "id": 10066957271,
        "osm_type": "node",
        "name": "Varca d'Oro Napoli Village",
        "tourism": "camp_site",
        "website": "https://www.varcadoronapolivillage.it/it/"
      }
    },
    {
      "type": "Feature",
      "geometry": {
        "type": "Point",
        "coordinates": [
          14.4899099,
          40.7447249
        ]
      },
      "properties": {
        "id": 10067141317,
        "osm_type": "node",
        "name": "B&B Green Garden",
        "tourism": "hotel"
      }
    },
    {
      "type": "Feature",
      "geometry": {
        "type": "Point",
        "coordinates": [
          14.2110054,
          40.5525749
        ]
      },
      "properties": {
        "id": 10089587153,
        "osm_type": "node",
        "name": "Capri love",
        "tourism": "apartment"
      }
    },
    {
      "type": "Feature",
      "geometry": {
        "type": "Point",
        "coordinates": [
          14.3843376,
          40.6276672
        ]
      },
      "properties": {
        "id": 10100721591,
        "osm_type": "node",
        "name": "Hotel Zi' Teresa",
        "tourism": "hotel",
        "phone": "+39 081 8784619",
        "website": "https://hotelziteresa.it/"
      }
    },
    {
      "type": "Feature",
      "geometry": {
        "type": "Point",
        "coordinates": [
          13.8864032,
          41.1143355
        ]
      },
      "properties": {
        "id": 10135756886,
        "osm_type": "node",
        "name": "La Favola",
        "tourism": "apartment",
        "phone": "+393279783880"
      }
    },
    {
      "type": "Feature",
      "geometry": {
        "type": "Point",
        "coordinates": [
          14.4062697,
          40.7882397
        ]
      },
      "properties": {
        "id": 10138472886,
        "osm_type": "node",
        "name": "Branditos",
        "tourism": "camp_site",
        "contact:phone": "+39 342 166 5174",
        "website": "https://www.airbnb.com/rooms/677280031865944776"
      }
    },
    {
      "type": "Feature",
      "geometry": {
        "type": "Point",
        "coordinates": [
          13.905707,
          40.7474895
        ]
      },
      "properties": {
        "id": 10146634936,
        "osm_type": "node",
        "name": "Hotel Pithaecusa",
        "tourism": "hotel"
      }
    },
    {
      "type": "Feature",
      "geometry": {
        "type": "Point",
        "coordinates": [
          14.3955955,
          40.6301039
        ]
      },
      "properties": {
        "id": 10171437929,
        "osm_type": "node",
        "name": "Hotel Club",
        "tourism": "hotel"
      }
    },
    {
      "type": "Feature",
      "geometry": {
        "type": "Point",
        "coordinates": [
          14.4981979,
          40.7487583
        ]
      },
      "properties": {
        "id": 10177587018,
        "osm_type": "node",
        "tourism": "apartment"
      }
    },
    {
      "type": "Feature",
      "geometry": {
        "type": "Point",
        "coordinates": [
          14.3878741,
          40.628511
        ]
      },
      "properties": {
        "id": 10178644678,
        "osm_type": "node",
        "name": "Hotel Central",
        "tourism": "hotel"
      }
    },
    {
      "type": "Feature",
      "geometry": {
        "type": "Point",
        "coordinates": [
          14.3837374,
          40.630969
        ]
      },
      "properties": {
        "id": 10188220403,
        "osm_type": "node",
        "name": "Grand Hotel Riviera",
        "tourism": "hotel",
        "website": "https://hotelriviera.com/"
      }
    },
    {
      "type": "Feature",
      "geometry": {
        "type": "Point",
        "coordinates": [
          14.2527594,
          40.8442141
        ]
      },
      "properties": {
        "id": 10201614498,
        "osm_type": "node",
        "name": "Tric Trac",
        "tourism": "hostel",
        "website": "https://www.trictrachostel.it/"
      }
    },
    {
      "type": "Feature",
      "geometry": {
        "type": "Point",
        "coordinates": [
          14.7694919,
          40.6770674
        ]
      },
      "properties": {
        "id": 10209045517,
        "osm_type": "node",
        "name": "B&B SalernoNow2",
        "tourism": "apartment",
        "opening_hours": "24/7",
        "phone": "+393387505185"
      }
    },
    {
      "type": "Feature",
      "geometry": {
        "type": "Point",
        "coordinates": [
          14.3889141,
          40.6320519
        ]
      },
      "properties": {
        "id": 10216575962,
        "osm_type": "node",
        "name": "Hotel La Residenza",
        "tourism": "hotel"
      }
    },
    {
      "type": "Feature",
      "geometry": {
        "type": "Point",
        "coordinates": [
          14.3907072,
          40.6330783
        ]
      },
      "properties": {
        "id": 10216620131,
        "osm_type": "node",
        "name": "Eliseo Park's",
        "tourism": "hotel"
      }
    },
    {
      "type": "Feature",
      "geometry": {
        "type": "Point",
        "coordinates": [
          14.3893097,
          40.6315776
        ]
      },
      "properties": {
        "id": 10216620331,
        "osm_type": "node",
        "name": "Hotel Isabella",
        "tourism": "hotel"
      }
    },
    {
      "type": "Feature",
      "geometry": {
        "type": "Point",
        "coordinates": [
          14.3896276,
          40.6311736
        ]
      },
      "properties": {
        "id": 10216620332,
        "osm_type": "node",
        "name": "Hotel La Pergola",
        "tourism": "hotel"
      }
    },
    {
      "type": "Feature",
      "geometry": {
        "type": "Point",
        "coordinates": [
          14.3894841,
          40.6313568
        ]
      },
      "properties": {
        "id": 10216620333,
        "osm_type": "node",
        "name": "Hotel Florida",
        "tourism": "hotel",
        "phone": "+39 081 8783844",
        "website": "https://www.hotelfloridasorrento.com/"
      }
    },
    {
      "type": "Feature",
      "geometry": {
        "type": "Point",
        "coordinates": [
          14.3906327,
          40.6323654
        ]
      },
      "properties": {
        "id": 10216620336,
        "osm_type": "node",
        "name": "Villa Vittoria",
        "tourism": "hotel",
        "phone": "+39 081 2185657",
        "website": "https://www.villavittoriasorrento.com/"
      }
    },
    {
      "type": "Feature",
      "geometry": {
        "type": "Point",
        "coordinates": [
          14.3904532,
          40.6346908
        ]
      },
      "properties": {
        "id": 10225272898,
        "osm_type": "node",
        "name": "Hotel Mediterraneo",
        "tourism": "hotel"
      }
    },
    {
      "type": "Feature",
      "geometry": {
        "type": "Point",
        "coordinates": [
          14.3918082,
          40.6363
        ]
      },
      "properties": {
        "id": 10225273095,
        "osm_type": "node",
        "name": "Villa Crawford",
        "tourism": "hotel",
        "phone": "+39 081 8073084",
        "website": "http://www.villacrawford.it/"
      }
    },
    {
      "type": "Feature",
      "geometry": {
        "type": "Point",
        "coordinates": [
          14.3832614,
          40.6269532
        ]
      },
      "properties": {
        "id": 10232782853,
        "osm_type": "node",
        "name": "Hotel Tourist",
        "tourism": "hotel"
      }
    },
    {
      "type": "Feature",
      "geometry": {
        "type": "Point",
        "coordinates": [
          14.4001697,
          40.6347927
        ]
      },
      "properties": {
        "id": 10295390465,
        "osm_type": "node",
        "name": "Seven Hostel",
        "tourism": "hostel",
        "website": "https://www.sevenhostel.com/"
      }
    },
    {
      "type": "Feature",
      "geometry": {
        "type": "Point",
        "coordinates": [
          14.3710164,
          41.0949453
        ]
      },
      "properties": {
        "id": 10315117378,
        "osm_type": "node",
        "tourism": "caravan_site",
        "opening_hours": "24/7",
        "phone": "+39 0823371290",
        "website": "http://www.oasisanrocco.it"
      }
    },
    {
      "type": "Feature",
      "geometry": {
        "type": "Point",
        "coordinates": [
          14.223415,
          40.5566588
        ]
      },
      "properties": {
        "id": 10539686909,
        "osm_type": "node",
        "name": "Il veliero B&B",
        "tourism": "guest_house"
      }
    },
    {
      "type": "Feature",
      "geometry": {
        "type": "Point",
        "coordinates": [
          14.4613821,
          40.7835633
        ]
      },
      "properties": {
        "id": 10559548076,
        "osm_type": "node",
        "name": "Vesuvio Inn Bed & Wine Experience",
        "tourism": "hotel",
        "phone": "+39 3668349231;+39 0818581117",
        "website": "https://www.sorrentinovini.com/"
      }
    },
    {
      "type": "Feature",
      "geometry": {
        "type": "Point",
        "coordinates": [
          14.4639901,
          40.80303
        ]
      },
      "properties": {
        "id": 10559764479,
        "osm_type": "node",
        "name": "Terra Di Fuoco agriturismo/camere",
        "tourism": "hotel",
        "phone": "+39 331 2218165",
        "website": "https://tenutaterradifuoco.com/"
      }
    },
    {
      "type": "Feature",
      "geometry": {
        "type": "Point",
        "coordinates": [
          14.3921502,
          40.6327745
        ]
      },
      "properties": {
        "id": 10565255123,
        "osm_type": "node",
        "name": "Hotel Caravel",
        "tourism": "hotel",
        "website": "https://www.hotelcaravel.com/"
      }
    },
    {
      "type": "Feature",
      "geometry": {
        "type": "Point",
        "coordinates": [
          14.7159799,
          40.6659382
        ]
      },
      "properties": {
        "id": 10567745118,
        "osm_type": "node",
        "name": "Villa delle Agavi",
        "tourism": "guest_house",
        "website": "https://villadelleagavi.altervista.org/index_A.html"
      }
    },
    {
      "type": "Feature",
      "geometry": {
        "type": "Point",
        "coordinates": [
          14.7161001,
          40.6662768
        ]
      },
      "properties": {
        "id": 10567745119,
        "osm_type": "node",
        "name": "Casa Nettuno",
        "tourism": "guest_house",
        "website": "https://villadelleagavi.altervista.org/casa_nettuno/index.html"
      }
    },
    {
      "type": "Feature",
      "geometry": {
        "type": "Point",
        "coordinates": [
          14.4731652,
          40.6360069
        ]
      },
      "properties": {
        "id": 10595866510,
        "osm_type": "node",
        "name": "Rifugio Del Cevere",
        "tourism": "guest_house",
        "phone": "+39 331 1894398"
      }
    },
    {
      "type": "Feature",
      "geometry": {
        "type": "Point",
        "coordinates": [
          14.334731,
          41.069135
        ]
      },
      "properties": {
        "id": 10601087750,
        "osm_type": "node",
        "name": "B&B Renella",
        "tourism": "guest_house"
      }
    },
    {
      "type": "Feature",
      "geometry": {
        "type": "Point",
        "coordinates": [
          14.0792411,
          40.8036896
        ]
      },
      "properties": {
        "id": 10607681722,
        "osm_type": "node",
        "name": "Dimora Augusta",
        "tourism": "guest_house",
        "website": "https://www.bacoli.it/dormire/case-vacanza/dimora-augusta.html"
      }
    },
    {
      "type": "Feature",
      "geometry": {
        "type": "Point",
        "coordinates": [
          14.4977174,
          41.0889275
        ]
      },
      "properties": {
        "id": 10764134852,
        "osm_type": "node",
        "name": "B&B Ai Confini del Sannio",
        "tourism": "guest_house",
        "phone": "+39 338 980 0448"
      }
    },
    {
      "type": "Feature",
      "geometry": {
        "type": "Point",
        "coordinates": [
          14.073786,
          40.7964668
        ]
      },
      "properties": {
        "id": 10771310187,
        "osm_type": "node",
        "name": "Borgo Blu",
        "tourism": "apartment",
        "phone": "+39 327 8515476",
        "website": "https://www.bacoli.it/dormire/case-vacanza/borgo-blu.html"
      }
    },
    {
      "type": "Feature",
      "geometry": {
        "type": "Point",
        "coordinates": [
          14.0787908,
          40.7963523
        ]
      },
      "properties": {
        "id": 10771829025,
        "osm_type": "node",
        "name": "Mohala B&B",
        "tourism": "guest_house",
        "website": "https://www.bacoli.it/dormire/bed-breakfast/mohala.html"
      }
    },
    {
      "type": "Feature",
      "geometry": {
        "type": "Point",
        "coordinates": [
          15.3394863,
          40.340633
        ]
      },
      "properties": {
        "id": 10775268102,
        "osm_type": "node",
        "name": "Case Vacanze Convento Laurino",
        "tourism": "guest_house"
      }
    },
    {
      "type": "Feature",
      "geometry": {
        "type": "Point",
        "coordinates": [
          14.0760796,
          40.7969695
        ]
      },
      "properties": {
        "id": 10780176442,
        "osm_type": "node",
        "name": "La Maison de Valérie",
        "tourism": "apartment",
        "phone": "+39 392 5138148"
      }
    },
    {
      "type": "Feature",
      "geometry": {
        "type": "Point",
        "coordinates": [
          14.3749921,
          40.6228565
        ]
      },
      "properties": {
        "id": 10780290605,
        "osm_type": "node",
        "name": "MelRose Sorrento",
        "tourism": "hotel",
        "phone": "+39 081 878 5811",
        "website": "http://melrosesorrento.it"
      }
    },
    {
      "type": "Feature",
      "geometry": {
        "type": "Point",
        "coordinates": [
          14.4981405,
          40.7488244
        ]
      },
      "properties": {
        "id": 10782432906,
        "osm_type": "node",
        "name": "V&V suite and breakfast",
        "tourism": "apartment"
      }
    },
    {
      "type": "Feature",
      "geometry": {
        "type": "Point",
        "coordinates": [
          14.3349021,
          40.6082593
        ]
      },
      "properties": {
        "id": 10788272185,
        "osm_type": "node",
        "name": "Sea Breeze",
        "tourism": "hotel",
        "phone": "+39 081 808 9199",
        "website": "http://www.seabreezeresidence.it/"
      }
    },
    {
      "type": "Feature",
      "geometry": {
        "type": "Point",
        "coordinates": [
          15.1473455,
          40.2992367
        ]
      },
      "properties": {
        "id": 10803946105,
        "osm_type": "node",
        "name": "appartamento Perito",
        "tourism": "guest_house",
        "phone": "+39 0974 998450"
      }
    },
    {
      "type": "Feature",
      "geometry": {
        "type": "Point",
        "coordinates": [
          14.474241,
          40.7364549
        ]
      },
      "properties": {
        "id": 10815894908,
        "osm_type": "node",
        "name": "B&B Petra Hercules",
        "tourism": "guest_house",
        "phone": "+39 340 581 5430",
        "check_date": "2023-04-16"
      }
    },
    {
      "type": "Feature",
      "geometry": {
        "type": "Point",
        "coordinates": [
          14.9982769,
          40.3549344
        ]
      },
      "properties": {
        "id": 10816200012,
        "osm_type": "node",
        "name": "San Marco Beach 3 casa vacanze",
        "tourism": "guest_house",
        "website": "https://airbnb.com/h/sanmarcobeach3"
      }
    },
    {
      "type": "Feature",
      "geometry": {
        "type": "Point",
        "coordinates": [
          14.999908,
          40.3590246
        ]
      },
      "properties": {
        "id": 10816200900,
        "osm_type": "node",
        "name": "San Marco Beach 1 casa vacanza",
        "tourism": "guest_house",
        "website": "https://airbnb.com/h/sanmarcobeach1"
      }
    },
    {
      "type": "Feature",
      "geometry": {
        "type": "Point",
        "coordinates": [
          14.9948624,
          40.3522983
        ]
      },
      "properties": {
        "id": 10816204243,
        "osm_type": "node",
        "name": "San Marco Beach 5 casa vacanza",
        "tourism": "guest_house",
        "website": "https://airbnb.com/h/sanmarcobeach1"
      }
    },
    {
      "type": "Feature",
      "geometry": {
        "type": "Point",
        "coordinates": [
          14.9982039,
          40.357339
        ]
      },
      "properties": {
        "id": 10816208671,
        "osm_type": "node",
        "name": "San Marco Beach 2 casa vacanza",
        "tourism": "guest_house"
      }
    },
    {
      "type": "Feature",
      "geometry": {
        "type": "Point",
        "coordinates": [
          14.9932177,
          40.3482341
        ]
      },
      "properties": {
        "id": 10816209337,
        "osm_type": "node",
        "name": "Zefiro casa vacanze",
        "tourism": "guest_house",
        "website": "https://www.booking.com/Share-E8aI5w",
        "contact:website": "https://airbnb.com/h/zefirocasavacanza"
      }
    },
    {
      "type": "Feature",
      "geometry": {
        "type": "Point",
        "coordinates": [
          14.9907482,
          40.3475573
        ]
      },
      "properties": {
        "id": 10816223446,
        "osm_type": "node",
        "name": "San Marco Beach 4 casa vacanza",
        "tourism": "guest_house"
      }
    },
    {
      "type": "Feature",
      "geometry": {
        "type": "Point",
        "coordinates": [
          14.5715372,
          40.7391084
        ]
      },
      "properties": {
        "id": 10844477390,
        "osm_type": "node",
        "name": "Scalinatella",
        "tourism": "hotel"
      }
    },
    {
      "type": "Feature",
      "geometry": {
        "type": "Point",
        "coordinates": [
          14.5619027,
          40.6250489
        ]
      },
      "properties": {
        "id": 10868027966,
        "osm_type": "node",
        "name": "Biwak",
        "tourism": "camp_site"
      }
    },
    {
      "type": "Feature",
      "geometry": {
        "type": "Point",
        "coordinates": [
          14.2507467,
          40.8493941
        ]
      },
      "properties": {
        "id": 10873647317,
        "osm_type": "node",
        "tourism": "guest_house",
        "check_date": "2025-10-11"
      }
    },
    {
      "type": "Feature",
      "geometry": {
        "type": "Point",
        "coordinates": [
          14.3450861,
          40.6094759
        ]
      },
      "properties": {
        "id": 10877671837,
        "osm_type": "node",
        "name": "La Primavera",
        "tourism": "hotel"
      }
    },
    {
      "type": "Feature",
      "geometry": {
        "type": "Point",
        "coordinates": [
          14.3705725,
          40.609928
        ]
      },
      "properties": {
        "id": 10884148743,
        "osm_type": "node",
        "tourism": "guest_house",
        "check_date": "2023-05-10"
      }
    },
    {
      "type": "Feature",
      "geometry": {
        "type": "Point",
        "coordinates": [
          14.3748932,
          41.3566406
        ]
      },
      "properties": {
        "id": 10893322089,
        "osm_type": "node",
        "name": "Albergo Penza",
        "tourism": "hotel",
        "check_date": "2023-05-13"
      }
    },
    {
      "type": "Feature",
      "geometry": {
        "type": "Point",
        "coordinates": [
          14.3882987,
          41.4240256
        ]
      },
      "properties": {
        "id": 10896463936,
        "osm_type": "node",
        "name": "La Baita",
        "tourism": "guest_house",
        "check_date": "2023-05-14"
      }
    },
    {
      "type": "Feature",
      "geometry": {
        "type": "Point",
        "coordinates": [
          14.3614815,
          41.4232779
        ]
      },
      "properties": {
        "id": 10902482879,
        "osm_type": "node",
        "name": "Chalet Vista Lago",
        "tourism": "guest_house",
        "phone": "+393345265043"
      }
    },
    {
      "type": "Feature",
      "geometry": {
        "type": "Point",
        "coordinates": [
          14.2667854,
          40.8502301
        ]
      },
      "properties": {
        "id": 10904984172,
        "osm_type": "node",
        "name": "La Maison Romantique",
        "tourism": "guest_house",
        "check_date": "2023-05-17"
      }
    },
    {
      "type": "Feature",
      "geometry": {
        "type": "Point",
        "coordinates": [
          14.2667634,
          40.8502294
        ]
      },
      "properties": {
        "id": 10904984173,
        "osm_type": "node",
        "name": "Le Mura Antiche",
        "tourism": "guest_house",
        "check_date": "2023-05-17"
      }
    },
    {
      "type": "Feature",
      "geometry": {
        "type": "Point",
        "coordinates": [
          14.2503861,
          40.8496371
        ]
      },
      "properties": {
        "id": 10905242126,
        "osm_type": "node",
        "name": "La Gemma b&b",
        "tourism": "guest_house",
        "contact:website": "https://www.lagemmabnb.it/"
      }
    },
    {
      "type": "Feature",
      "geometry": {
        "type": "Point",
        "coordinates": [
          14.3458868,
          40.6113737
        ]
      },
      "properties": {
        "id": 10931853011,
        "osm_type": "node",
        "name": "Central Park",
        "tourism": "hotel",
        "phone": "+39 0818789318",
        "website": "www.centralpark.it",
        "check_date": "2025-07-02"
      }
    },
    {
      "type": "Feature",
      "geometry": {
        "type": "Point",
        "coordinates": [
          14.2084683,
          40.5568146
        ]
      },
      "properties": {
        "id": 10958075705,
        "osm_type": "node",
        "name": "Villa",
        "tourism": "hotel",
        "website": "https://www.villaeva.com/it/m-index"
      }
    },
    {
      "type": "Feature",
      "geometry": {
        "type": "Point",
        "coordinates": [
          14.505176,
          40.7513906
        ]
      },
      "properties": {
        "id": 10958077706,
        "osm_type": "node",
        "name": "O'Sole Mio",
        "tourism": "hotel",
        "website": "https://osolemiopompei.it/"
      }
    },
    {
      "type": "Feature",
      "geometry": {
        "type": "Point",
        "coordinates": [
          14.4220548,
          40.6237118
        ]
      },
      "properties": {
        "id": 10960233279,
        "osm_type": "node",
        "name": "Agricampeggio Oasi Verde",
        "tourism": "camp_site",
        "phone": "+39 338 332 9830",
        "website": "https://www.oasiverdeagricampeggiosorrento.it"
      }
    },
    {
      "type": "Feature",
      "geometry": {
        "type": "Point",
        "coordinates": [
          14.3790292,
          40.6267308
        ]
      },
      "properties": {
        "id": 10967811405,
        "osm_type": "node",
        "name": "B&D Rooms",
        "tourism": "hotel",
        "phone": "+39 3500869651",
        "website": "https://sorrentobedrooms.com/"
      }
    },
    {
      "type": "Feature",
      "geometry": {
        "type": "Point",
        "coordinates": [
          14.626381,
          40.6502587
        ]
      },
      "properties": {
        "id": 10968916399,
        "osm_type": "node",
        "tourism": "hotel"
      }
    },
    {
      "type": "Feature",
      "geometry": {
        "type": "Point",
        "coordinates": [
          14.5165018,
          40.932007
        ]
      },
      "properties": {
        "id": 10984704105,
        "osm_type": "node",
        "name": "Radisson Hotel",
        "tourism": "hotel",
        "opening_hours": "Mo-Su 09:00-20:00",
        "phone": "+3908118340020",
        "website": "https://www.radissonhotels.com"
      }
    },
    {
      "type": "Feature",
      "geometry": {
        "type": "Point",
        "coordinates": [
          14.0163346,
          40.7684461
        ]
      },
      "properties": {
        "id": 10992028105,
        "osm_type": "node",
        "name": "Casa Sul Faro",
        "tourism": "hotel"
      }
    },
    {
      "type": "Feature",
      "geometry": {
        "type": "Point",
        "coordinates": [
          14.3405633,
          40.6119988
        ]
      },
      "properties": {
        "id": 10992096745,
        "osm_type": "node",
        "name": "Villa Fiorella Art Hotel",
        "tourism": "hotel"
      }
    },
    {
      "type": "Feature",
      "geometry": {
        "type": "Point",
        "coordinates": [
          14.3416509,
          40.6119255
        ]
      },
      "properties": {
        "id": 10992097113,
        "osm_type": "node",
        "name": "La Ciucciara",
        "tourism": "guest_house",
        "website": "https://www.laciucciara.com/"
      }
    },
    {
      "type": "Feature",
      "geometry": {
        "type": "Point",
        "coordinates": [
          15.6240881,
          40.0924907
        ]
      },
      "properties": {
        "id": 10996571689,
        "osm_type": "node",
        "name": "Driùs edodè",
        "tourism": "guest_house",
        "phone": "+393282040330",
        "website": "https://www.driusedode.com/"
      }
    },
    {
      "type": "Feature",
      "geometry": {
        "type": "Point",
        "coordinates": [
          14.4371729,
          41.4042883
        ]
      },
      "properties": {
        "id": 11014551828,
        "osm_type": "node",
        "name": "Agriturismo Falode",
        "tourism": "camp_site",
        "tents": "yes",
        "contact:phone": "+390823919233",
        "website": "http://www.falode.it/campeggio/"
      }
    },
    {
      "type": "Feature",
      "geometry": {
        "type": "Point",
        "coordinates": [
          14.4094612,
          40.6292316
        ]
      },
      "properties": {
        "id": 11022735076,
        "osm_type": "node",
        "name": "Il Palmento Relais",
        "tourism": "hotel",
        "phone": "+39 081 878 6423",
        "website": "https://www.ilpalmentorelais.it/"
      }
    },
    {
      "type": "Feature",
      "geometry": {
        "type": "Point",
        "coordinates": [
          14.3911766,
          40.6334783
        ]
      },
      "properties": {
        "id": 11042549127,
        "osm_type": "node",
        "name": "Hotel Crawford",
        "tourism": "hotel"
      }
    },
    {
      "type": "Feature",
      "geometry": {
        "type": "Point",
        "coordinates": [
          14.3908963,
          40.634121
        ]
      },
      "properties": {
        "id": 11042549130,
        "osm_type": "node",
        "name": "Villa Massa Maison",
        "tourism": "hotel"
      }
    },
    {
      "type": "Feature",
      "geometry": {
        "type": "Point",
        "coordinates": [
          14.2466412,
          40.8358675
        ]
      },
      "properties": {
        "id": 11047394000,
        "osm_type": "node",
        "name": "B&B Casa Aragonese",
        "tourism": "guest_house",
        "phone": "+39 081 764 7378",
        "website": "https://www.casaaragonese.it",
        "check_date": "2023-07-15"
      }
    },
    {
      "type": "Feature",
      "geometry": {
        "type": "Point",
        "coordinates": [
          14.246285,
          40.8355781
        ]
      },
      "properties": {
        "id": 11049277619,
        "osm_type": "node",
        "name": "B&B Piazza Plebiscito",
        "tourism": "guest_house",
        "check_date": "2023-07-16"
      }
    },
    {
      "type": "Feature",
      "geometry": {
        "type": "Point",
        "coordinates": [
          14.5042826,
          40.7365118
        ]
      },
      "properties": {
        "id": 11068698205,
        "osm_type": "node",
        "tourism": "hotel"
      }
    },
    {
      "type": "Feature",
      "geometry": {
        "type": "Point",
        "coordinates": [
          14.2731276,
          40.8506223
        ]
      },
      "properties": {
        "id": 11074773121,
        "osm_type": "node",
        "name": "Bernadette",
        "tourism": "guest_house"
      }
    },
    {
      "type": "Feature",
      "geometry": {
        "type": "Point",
        "coordinates": [
          14.0847925,
          40.7853819
        ]
      },
      "properties": {
        "id": 11093275931,
        "osm_type": "node",
        "name": "Venustas Park",
        "tourism": "hotel"
      }
    },
    {
      "type": "Feature",
      "geometry": {
        "type": "Point",
        "coordinates": [
          13.9839813,
          41.2886931
        ]
      },
      "properties": {
        "id": 11094268678,
        "osm_type": "node",
        "name": "Ristorante Albergo La Neviera",
        "tourism": "hotel",
        "phone": "+39 334 136 7342",
        "website": "https://www.laneviera.net"
      }
    },
    {
      "type": "Feature",
      "geometry": {
        "type": "Point",
        "coordinates": [
          13.9844855,
          41.2953582
        ]
      },
      "properties": {
        "id": 11094279993,
        "osm_type": "node",
        "name": "La Stalla",
        "tourism": "guest_house",
        "phone": "+39 333 141 5186"
      }
    },
    {
      "type": "Feature",
      "geometry": {
        "type": "Point",
        "coordinates": [
          13.982688,
          41.2880287
        ]
      },
      "properties": {
        "id": 11094398710,
        "osm_type": "node",
        "name": "Roccamonfina Palace Hotel",
        "tourism": "hotel",
        "phone": "+39 0823 920631",
        "website": "https://roccamonfinapalacehotel.com/"
      }
    },
    {
      "type": "Feature",
      "geometry": {
        "type": "Point",
        "coordinates": [
          14.2547302,
          40.8395896
        ]
      },
      "properties": {
        "id": 11098122181,
        "osm_type": "node",
        "name": "B&B Covo Degli Angioini",
        "tourism": "guest_house"
      }
    },
    {
      "type": "Feature",
      "geometry": {
        "type": "Point",
        "coordinates": [
          14.948546,
          40.3003372
        ]
      },
      "properties": {
        "id": 11107327773,
        "osm_type": "node",
        "name": "Campo dei Rocchi",
        "tourism": "caravan_site",
        "phone": "+39 331 4728859",
        "website": "https://www.campodeirocchi.it/"
      }
    },
    {
      "type": "Feature",
      "geometry": {
        "type": "Point",
        "coordinates": [
          14.488078,
          41.0918922
        ]
      },
      "properties": {
        "id": 11114513376,
        "osm_type": "node",
        "name": "Agriturismo Cinelli",
        "tourism": "guest_house"
      }
    },
    {
      "type": "Feature",
      "geometry": {
        "type": "Point",
        "coordinates": [
          14.3911833,
          40.6275542
        ]
      },
      "properties": {
        "id": 11126000865,
        "osm_type": "node",
        "name": "Villa Oriana Relais",
        "tourism": "hotel"
      }
    },
    {
      "type": "Feature",
      "geometry": {
        "type": "Point",
        "coordinates": [
          14.3933786,
          40.6273975
        ]
      },
      "properties": {
        "id": 11126000987,
        "osm_type": "node",
        "name": "Art Hotel Gran Paradiso",
        "tourism": "hotel",
        "phone": "+39 081 807 3700",
        "website": "https://arthotelgranparadiso.com/"
      }
    },
    {
      "type": "Feature",
      "geometry": {
        "type": "Point",
        "coordinates": [
          14.3926337,
          40.6283487
        ]
      },
      "properties": {
        "id": 11126001028,
        "osm_type": "node",
        "name": "M Suites Sorrento",
        "tourism": "guest_house",
        "phone": "+39 081 878 5086",
        "website": "https://msuitesorrento.com/"
      }
    },
    {
      "type": "Feature",
      "geometry": {
        "type": "Point",
        "coordinates": [
          14.3929119,
          40.6286464
        ]
      },
      "properties": {
        "id": 11126001061,
        "osm_type": "node",
        "name": "Hotel Cristina",
        "tourism": "hotel"
      }
    },
    {
      "type": "Feature",
      "geometry": {
        "type": "Point",
        "coordinates": [
          15.3440994,
          40.6191221
        ]
      },
      "properties": {
        "id": 11128829305,
        "osm_type": "node",
        "name": "Via dei Temponi 4 Contrada Caprignola, Buccino, 84021, Italia",
        "tourism": "apartment"
      }
    },
    {
      "type": "Feature",
      "geometry": {
        "type": "Point",
        "coordinates": [
          14.9601366,
          40.282831
        ]
      },
      "properties": {
        "id": 11128829747,
        "osm_type": "node",
        "name": "Casa Guidetta",
        "tourism": "guest_house"
      }
    },
    {
      "type": "Feature",
      "geometry": {
        "type": "Point",
        "coordinates": [
          14.9479951,
          40.2926583
        ]
      },
      "properties": {
        "id": 11132146150,
        "osm_type": "node",
        "name": "B&B Menen",
        "tourism": "guest_house"
      }
    },
    {
      "type": "Feature",
      "geometry": {
        "type": "Point",
        "coordinates": [
          13.9971227,
          41.288779
        ]
      },
      "properties": {
        "id": 11133985460,
        "osm_type": "node",
        "name": "L'archetto",
        "tourism": "guest_house",
        "website": "https://abnb.me/AatRGrYHUtb"
      }
    },
    {
      "type": "Feature",
      "geometry": {
        "type": "Point",
        "coordinates": [
          14.0716202,
          40.816462
        ]
      },
      "properties": {
        "id": 11140867045,
        "osm_type": "node",
        "name": "La Rada",
        "tourism": "guest_house",
        "website": "https://www.laradadibaia.com/"
      }
    },
    {
      "type": "Feature",
      "geometry": {
        "type": "Point",
        "coordinates": [
          14.3690442,
          40.6256814
        ]
      },
      "properties": {
        "id": 11141434003,
        "osm_type": "node",
        "name": "Casa Lucia",
        "tourism": "guest_house",
        "website": "https://www.casaluciasorrento.com/"
      }
    },
    {
      "type": "Feature",
      "geometry": {
        "type": "Point",
        "coordinates": [
          14.9481386,
          40.3108312
        ]
      },
      "properties": {
        "id": 11142389829,
        "osm_type": "node",
        "name": "Hotel ristorante Maria",
        "tourism": "hotel",
        "website": "https://www.hotelmaria.it/"
      }
    },
    {
      "type": "Feature",
      "geometry": {
        "type": "Point",
        "coordinates": [
          14.948899,
          40.3088411
        ]
      },
      "properties": {
        "id": 11142389838,
        "osm_type": "node",
        "name": "La Chiana",
        "tourism": "guest_house"
      }
    },
    {
      "type": "Feature",
      "geometry": {
        "type": "Point",
        "coordinates": [
          14.949019,
          40.3057101
        ]
      },
      "properties": {
        "id": 11142389853,
        "osm_type": "node",
        "name": "Hotel Residence Pompeo",
        "tourism": "hotel",
        "check_date": "2024-07-23"
      }
    },
    {
      "type": "Feature",
      "geometry": {
        "type": "Point",
        "coordinates": [
          14.4088812,
          40.6192352
        ]
      },
      "properties": {
        "id": 11144377406,
        "osm_type": "node",
        "name": "Gargiulo Resort",
        "tourism": "guest_house",
        "opening_hours": "24/7",
        "phone": "+39 081 1975 8346",
        "website": "https://www.gargiuloresort.com/en/"
      }
    },
    {
      "type": "Feature",
      "geometry": {
        "type": "Point",
        "coordinates": [
          14.9587501,
          40.2949864
        ]
      },
      "properties": {
        "id": 11146814112,
        "osm_type": "node",
        "name": "Villa Ilenia",
        "tourism": "guest_house"
      }
    },
    {
      "type": "Feature",
      "geometry": {
        "type": "Point",
        "coordinates": [
          14.4852033,
          41.0925567
        ]
      },
      "properties": {
        "id": 11148346184,
        "osm_type": "node",
        "name": "La Tenuta del Barone",
        "tourism": "guest_house",
        "phone": "+39 3392667170"
      }
    },
    {
      "type": "Feature",
      "geometry": {
        "type": "Point",
        "coordinates": [
          13.9762437,
          41.2787439
        ]
      },
      "properties": {
        "id": 11151081543,
        "osm_type": "node",
        "name": "Villa Rosa",
        "tourism": "hotel"
      }
    },
    {
      "type": "Feature",
      "geometry": {
        "type": "Point",
        "coordinates": [
          13.9869775,
          41.2906677
        ]
      },
      "properties": {
        "id": 11152950159,
        "osm_type": "node",
        "name": "Hotel Dei Boschi Scialone",
        "tourism": "hotel",
        "phone": "+39 3923959933",
        "website": "https://hoteldeiboschi.net"
      }
    },
    {
      "type": "Feature",
      "geometry": {
        "type": "Point",
        "coordinates": [
          14.2731178,
          40.8506287
        ]
      },
      "properties": {
        "id": 11158507015,
        "osm_type": "node",
        "name": "Leflole",
        "tourism": "guest_house"
      }
    },
    {
      "type": "Feature",
      "geometry": {
        "type": "Point",
        "coordinates": [
          14.2462497,
          40.8696667
        ]
      },
      "properties": {
        "id": 11166566353,
        "osm_type": "node",
        "name": "Parcheggio IPM",
        "tourism": "caravan_site"
      }
    },
    {
      "type": "Feature",
      "geometry": {
        "type": "Point",
        "coordinates": [
          14.3486015,
          40.8038156
        ]
      },
      "properties": {
        "id": 11169105998,
        "osm_type": "node",
        "name": "Parcheggio camper Ercolano",
        "tourism": "caravan_site"
      }
    },
    {
      "type": "Feature",
      "geometry": {
        "type": "Point",
        "coordinates": [
          14.3411101,
          41.0698408
        ]
      },
      "properties": {
        "id": 11180950067,
        "osm_type": "node",
        "name": "Caserta Deluxe",
        "tourism": "guest_house",
        "phone": "+39 347 756 8637",
        "website": "https://www.casertadeluxe.com"
      }
    },
    {
      "type": "Feature",
      "geometry": {
        "type": "Point",
        "coordinates": [
          14.9861589,
          40.3033031
        ]
      },
      "properties": {
        "id": 11183392647,
        "osm_type": "node",
        "name": "Hotel Eden",
        "tourism": "hotel"
      }
    },
    {
      "type": "Feature",
      "geometry": {
        "type": "Point",
        "coordinates": [
          13.9384799,
          40.7466524
        ]
      },
      "properties": {
        "id": 11196155693,
        "osm_type": "node",
        "name": "Ischia Blu Resort",
        "tourism": "hotel",
        "website": "https://www.ischiabluresort.com"
      }
    },
    {
      "type": "Feature",
      "geometry": {
        "type": "Point",
        "coordinates": [
          14.3747402,
          40.6224551
        ]
      },
      "properties": {
        "id": 11197474037,
        "osm_type": "node",
        "name": "Melrose",
        "tourism": "hotel",
        "phone": "+39 081 878 5811",
        "website": "http://melrosesorrento.it"
      }
    },
    {
      "type": "Feature",
      "geometry": {
        "type": "Point",
        "coordinates": [
          14.9503886,
          40.233487
        ]
      },
      "properties": {
        "id": 11200580203,
        "osm_type": "node",
        "name": "Hotel Sirena",
        "tourism": "hotel",
        "phone": "+39 0974 275285;+39 0974 963021",
        "website": "http://hotelristorantesirena.it/",
        "check_date": "2026-04-06"
      }
    },
    {
      "type": "Feature",
      "geometry": {
        "type": "Point",
        "coordinates": [
          14.9546376,
          40.2356182
        ]
      },
      "properties": {
        "id": 11200580205,
        "osm_type": "node",
        "name": "Villaggio Soleado",
        "tourism": "apartment"
      }
    },
    {
      "type": "Feature",
      "geometry": {
        "type": "Point",
        "coordinates": [
          14.9607906,
          40.242423
        ]
      },
      "properties": {
        "id": 11200580208,
        "osm_type": "node",
        "name": "B&B Arena vacanze",
        "tourism": "guest_house"
      }
    },
    {
      "type": "Feature",
      "geometry": {
        "type": "Point",
        "coordinates": [
          14.4874347,
          40.6292981
        ]
      },
      "properties": {
        "id": 11200953324,
        "osm_type": "node",
        "name": "Residence La Tavolozza",
        "tourism": "hotel",
        "opening_hours": "24/7",
        "contact:phone": "+39 089 875040",
        "contact:website": "http://www.latavolozzapositano.it/"
      }
    },
    {
      "type": "Feature",
      "geometry": {
        "type": "Point",
        "coordinates": [
          15.0153065,
          40.4955973
        ]
      },
      "properties": {
        "id": 11203455247,
        "osm_type": "node",
        "name": "B&B La Colomba",
        "tourism": "guest_house"
      }
    },
    {
      "type": "Feature",
      "geometry": {
        "type": "Point",
        "coordinates": [
          14.2707463,
          40.8513603
        ]
      },
      "properties": {
        "id": 11209494737,
        "osm_type": "node",
        "tourism": "hotel"
      }
    },
    {
      "type": "Feature",
      "geometry": {
        "type": "Point",
        "coordinates": [
          15.0489521,
          40.5805256
        ]
      },
      "properties": {
        "id": 11210521559,
        "osm_type": "node",
        "name": "Hotel Alcova",
        "tourism": "hotel"
      }
    },
    {
      "type": "Feature",
      "geometry": {
        "type": "Point",
        "coordinates": [
          14.9343031,
          40.267684
        ]
      },
      "properties": {
        "id": 11210540282,
        "osm_type": "node",
        "name": "Hotel Approdo",
        "tourism": "hotel"
      }
    },
    {
      "type": "Feature",
      "geometry": {
        "type": "Point",
        "coordinates": [
          14.9363496,
          40.2680319
        ]
      },
      "properties": {
        "id": 11210540287,
        "osm_type": "node",
        "name": "Affittacamere La Casa del Capitano",
        "tourism": "guest_house"
      }
    },
    {
      "type": "Feature",
      "geometry": {
        "type": "Point",
        "coordinates": [
          14.9521016,
          40.2780431
        ]
      },
      "properties": {
        "id": 11211819415,
        "osm_type": "node",
        "name": "Residenza Matarazzo",
        "tourism": "guest_house"
      }
    },
    {
      "type": "Feature",
      "geometry": {
        "type": "Point",
        "coordinates": [
          14.9505291,
          40.2786156
        ]
      },
      "properties": {
        "id": 11211819420,
        "osm_type": "node",
        "name": "Residenza Porta di Mare",
        "tourism": "guest_house"
      }
    },
    {
      "type": "Feature",
      "geometry": {
        "type": "Point",
        "coordinates": [
          14.9508966,
          40.2896764
        ]
      },
      "properties": {
        "id": 11211819461,
        "osm_type": "node",
        "name": "B&B Casa Lombardi",
        "tourism": "guest_house"
      }
    },
    {
      "type": "Feature",
      "geometry": {
        "type": "Point",
        "coordinates": [
          14.9466969,
          40.3114581
        ]
      },
      "properties": {
        "id": 11215002625,
        "osm_type": "node",
        "name": "Residence Perla bianca",
        "tourism": "apartment"
      }
    },
    {
      "type": "Feature",
      "geometry": {
        "type": "Point",
        "coordinates": [
          14.3551377,
          40.6290204
        ]
      },
      "properties": {
        "id": 11215709413,
        "osm_type": "node",
        "name": "Villa Kalimera",
        "tourism": "guest_house"
      }
    },
    {
      "type": "Feature",
      "geometry": {
        "type": "Point",
        "coordinates": [
          14.356098,
          40.6283843
        ]
      },
      "properties": {
        "id": 11215709454,
        "osm_type": "node",
        "name": "Hotel Spicy",
        "tourism": "hotel",
        "website": "https://www.hotelspicy.com/"
      }
    },
    {
      "type": "Feature",
      "geometry": {
        "type": "Point",
        "coordinates": [
          15.4932855,
          40.0545673
        ]
      },
      "properties": {
        "id": 11218586192,
        "osm_type": "node",
        "name": "Hotel Il Giardino",
        "tourism": "hotel",
        "phone": "+39 0974 986113"
      }
    },
    {
      "type": "Feature",
      "geometry": {
        "type": "Point",
        "coordinates": [
          14.9885595,
          40.5496378
        ]
      },
      "properties": {
        "id": 11223016303,
        "osm_type": "node",
        "name": "Hotel del Cilento",
        "tourism": "hotel"
      }
    },
    {
      "type": "Feature",
      "geometry": {
        "type": "Point",
        "coordinates": [
          14.2734397,
          40.8499611
        ]
      },
      "properties": {
        "id": 11228128883,
        "osm_type": "node",
        "name": "Rooms Mastrangelo",
        "tourism": "guest_house",
        "check_date": "2023-10-04"
      }
    },
    {
      "type": "Feature",
      "geometry": {
        "type": "Point",
        "coordinates": [
          14.3511283,
          40.8071797
        ]
      },
      "properties": {
        "id": 11232537535,
        "osm_type": "node",
        "name": "Il Castello",
        "tourism": "guest_house",
        "check_date": "2023-10-01"
      }
    },
    {
      "type": "Feature",
      "geometry": {
        "type": "Point",
        "coordinates": [
          14.3484418,
          40.8075947
        ]
      },
      "properties": {
        "id": 11232564347,
        "osm_type": "node",
        "tourism": "guest_house",
        "check_date": "2023-10-01"
      }
    },
    {
      "type": "Feature",
      "geometry": {
        "type": "Point",
        "coordinates": [
          14.35215,
          40.8075262
        ]
      },
      "properties": {
        "id": 11233064584,
        "osm_type": "node",
        "name": "Casa Partenope Villa Sofia",
        "tourism": "guest_house",
        "check_date": "2023-10-02"
      }
    },
    {
      "type": "Feature",
      "geometry": {
        "type": "Point",
        "coordinates": [
          14.4830205,
          40.6958495
        ]
      },
      "properties": {
        "id": 11233674346,
        "osm_type": "node",
        "name": "Desio",
        "tourism": "hotel",
        "check_date": "2023-10-02"
      }
    },
    {
      "type": "Feature",
      "geometry": {
        "type": "Point",
        "coordinates": [
          14.50324,
          40.6288325
        ]
      },
      "properties": {
        "id": 11235915570,
        "osm_type": "node",
        "name": "Villa degli Dei",
        "tourism": "guest_house",
        "phone": "+39 089 812 3510",
        "check_date": "2023-10-03"
      }
    },
    {
      "type": "Feature",
      "geometry": {
        "type": "Point",
        "coordinates": [
          14.4863713,
          40.6284903
        ]
      },
      "properties": {
        "id": 11235915580,
        "osm_type": "node",
        "name": "Villa Flavio Gioia",
        "tourism": "guest_house",
        "check_date": "2023-10-03"
      }
    },
    {
      "type": "Feature",
      "geometry": {
        "type": "Point",
        "coordinates": [
          14.6116887,
          40.649929
        ]
      },
      "properties": {
        "id": 11236480582,
        "osm_type": "node",
        "name": "Coro",
        "tourism": "hotel",
        "check_date": "2023-10-03"
      }
    },
    {
      "type": "Feature",
      "geometry": {
        "type": "Point",
        "coordinates": [
          15.6275398,
          40.0751418
        ]
      },
      "properties": {
        "id": 11236681227,
        "osm_type": "node",
        "name": "B&B la Rosa dei Venti",
        "tourism": "guest_house"
      }
    },
    {
      "type": "Feature",
      "geometry": {
        "type": "Point",
        "coordinates": [
          14.5409604,
          40.6298249
        ]
      },
      "properties": {
        "id": 11237739005,
        "osm_type": "node",
        "name": "Palazzo Mascolo",
        "tourism": "guest_house",
        "check_date": "2023-10-04"
      }
    },
    {
      "type": "Feature",
      "geometry": {
        "type": "Point",
        "coordinates": [
          14.5373716,
          40.6302195
        ]
      },
      "properties": {
        "id": 11237794510,
        "osm_type": "node",
        "name": "Il Covo Degli Dei",
        "tourism": "guest_house",
        "check_date": "2023-10-04"
      }
    },
    {
      "type": "Feature",
      "geometry": {
        "type": "Point",
        "coordinates": [
          14.5373507,
          40.6303887
        ]
      },
      "properties": {
        "id": 11237794511,
        "osm_type": "node",
        "name": "Olimpo Degli Dei",
        "tourism": "guest_house",
        "check_date": "2023-10-04"
      }
    },
    {
      "type": "Feature",
      "geometry": {
        "type": "Point",
        "coordinates": [
          14.5369765,
          40.631744
        ]
      },
      "properties": {
        "id": 11237794513,
        "osm_type": "node",
        "name": "Villa Mascolo",
        "tourism": "guest_house",
        "check_date": "2023-10-04"
      }
    },
    {
      "type": "Feature",
      "geometry": {
        "type": "Point",
        "coordinates": [
          14.5324169,
          40.6299254
        ]
      },
      "properties": {
        "id": 11237813646,
        "osm_type": "node",
        "name": "Valle Degli Dei",
        "tourism": "guest_house",
        "check_date": "2023-10-04"
      }
    },
    {
      "type": "Feature",
      "geometry": {
        "type": "Point",
        "coordinates": [
          14.5419831,
          40.6311059
        ]
      },
      "properties": {
        "id": 11238170896,
        "osm_type": "node",
        "name": "Principe Resort",
        "tourism": "hotel",
        "check_date": "2023-10-04"
      }
    },
    {
      "type": "Feature",
      "geometry": {
        "type": "Point",
        "coordinates": [
          14.2693501,
          40.8465076
        ]
      },
      "properties": {
        "id": 11238514527,
        "osm_type": "node",
        "name": "Le Torri Aragonesi",
        "tourism": "guest_house",
        "check_date": "2023-10-04"
      }
    },
    {
      "type": "Feature",
      "geometry": {
        "type": "Point",
        "coordinates": [
          14.3784728,
          41.0311769
        ]
      },
      "properties": {
        "id": 11245369346,
        "osm_type": "node",
        "name": "Affittacamere Tre Torri",
        "tourism": "apartment",
        "phone": "+3908231503267",
        "website": "https://www.affittacamere3torri.it"
      }
    },
    {
      "type": "Feature",
      "geometry": {
        "type": "Point",
        "coordinates": [
          14.8118173,
          40.6696704
        ]
      },
      "properties": {
        "id": 11248546357,
        "osm_type": "node",
        "name": "Casa Vacanze Villa Pellegrino",
        "tourism": "hotel"
      }
    },
    {
      "type": "Feature",
      "geometry": {
        "type": "Point",
        "coordinates": [
          15.3360398,
          40.3366047
        ]
      },
      "properties": {
        "id": 11249042387,
        "osm_type": "node",
        "name": "Casa Marotta",
        "tourism": "guest_house"
      }
    },
    {
      "type": "Feature",
      "geometry": {
        "type": "Point",
        "coordinates": [
          15.3363442,
          40.3360315
        ]
      },
      "properties": {
        "id": 11249042391,
        "osm_type": "node",
        "name": "Casa Durante",
        "tourism": "guest_house"
      }
    },
    {
      "type": "Feature",
      "geometry": {
        "type": "Point",
        "coordinates": [
          15.3369954,
          40.3354353
        ]
      },
      "properties": {
        "id": 11249042393,
        "osm_type": "node",
        "name": "Al Palazzo",
        "tourism": "guest_house"
      }
    },
    {
      "type": "Feature",
      "geometry": {
        "type": "Point",
        "coordinates": [
          15.3372537,
          40.3359557
        ]
      },
      "properties": {
        "id": 11249042398,
        "osm_type": "node",
        "name": "Piazza Laurino",
        "tourism": "guest_house"
      }
    },
    {
      "type": "Feature",
      "geometry": {
        "type": "Point",
        "coordinates": [
          15.0180289,
          40.4645132
        ]
      },
      "properties": {
        "id": 11261019914,
        "osm_type": "node",
        "name": "Hotel Perla",
        "tourism": "hotel"
      }
    },
    {
      "type": "Feature",
      "geometry": {
        "type": "Point",
        "coordinates": [
          15.0913455,
          40.3741889
        ]
      },
      "properties": {
        "id": 11264998438,
        "osm_type": "node",
        "name": "Verdevalle",
        "tourism": "guest_house",
        "phone": "+39 339 835 4345"
      }
    },
    {
      "type": "Feature",
      "geometry": {
        "type": "Point",
        "coordinates": [
          15.0122622,
          40.4097118
        ]
      },
      "properties": {
        "id": 11273249372,
        "osm_type": "node",
        "name": "Taverna dei Re",
        "tourism": "hotel"
      }
    },
    {
      "type": "Feature",
      "geometry": {
        "type": "Point",
        "coordinates": [
          14.362905,
          40.8061218
        ]
      },
      "properties": {
        "id": 11288171069,
        "osm_type": "node",
        "name": "Agricamping Stone Vesuvio",
        "tourism": "camp_site",
        "opening_hours": "24/7",
        "website": "http://www.agrisor.it"
      }
    },
    {
      "type": "Feature",
      "geometry": {
        "type": "Point",
        "coordinates": [
          14.9483786,
          41.0535399
        ]
      },
      "properties": {
        "id": 11288325294,
        "osm_type": "node",
        "name": "Da Renato",
        "tourism": "guest_house",
        "website": "https://guias-viajes.com/italy/calore/trattoria-da-renato/"
      }
    },
    {
      "type": "Feature",
      "geometry": {
        "type": "Point",
        "coordinates": [
          14.3737678,
          40.6270158
        ]
      },
      "properties": {
        "id": 11291040869,
        "osm_type": "node",
        "tourism": "hotel"
      }
    },
    {
      "type": "Feature",
      "geometry": {
        "type": "Point",
        "coordinates": [
          14.3737626,
          40.6265678
        ]
      },
      "properties": {
        "id": 11291040870,
        "osm_type": "node",
        "tourism": "hotel"
      }
    },
    {
      "type": "Feature",
      "geometry": {
        "type": "Point",
        "coordinates": [
          14.4274145,
          40.6255648
        ]
      },
      "properties": {
        "id": 11294980930,
        "osm_type": "node",
        "name": "Villa Osiria casa vacanze",
        "tourism": "apartment",
        "phone": "+39 347 7659902"
      }
    },
    {
      "type": "Feature",
      "geometry": {
        "type": "Point",
        "coordinates": [
          14.4866926,
          40.6298249
        ]
      },
      "properties": {
        "id": 11295260788,
        "osm_type": "node",
        "name": "Hotel Savoia",
        "tourism": "hotel",
        "phone": "+39 089 875003"
      }
    },
    {
      "type": "Feature",
      "geometry": {
        "type": "Point",
        "coordinates": [
          15.3385462,
          40.339392
        ]
      },
      "properties": {
        "id": 11327745254,
        "osm_type": "node",
        "name": "B&B La Taverna dei Colori",
        "tourism": "guest_house"
      }
    },
    {
      "type": "Feature",
      "geometry": {
        "type": "Point",
        "coordinates": [
          14.2553004,
          41.1103208
        ]
      },
      "properties": {
        "id": 11331351887,
        "osm_type": "node",
        "name": "La Masseria",
        "tourism": "guest_house",
        "website": "http://www.masseriadellacasa.it"
      }
    },
    {
      "type": "Feature",
      "geometry": {
        "type": "Point",
        "coordinates": [
          14.7725951,
          41.13298
        ]
      },
      "properties": {
        "id": 11364221257,
        "osm_type": "node",
        "name": "Hotel Antiche Terme",
        "tourism": "hotel"
      }
    },
    {
      "type": "Feature",
      "geometry": {
        "type": "Point",
        "coordinates": [
          14.4010873,
          40.62458
        ]
      },
      "properties": {
        "id": 11374335814,
        "osm_type": "node",
        "name": "Grand Hotel La Pace",
        "tourism": "hotel",
        "phone": "+39 081 8782644",
        "website": "https://ghlapace.com/"
      }
    },
    {
      "type": "Feature",
      "geometry": {
        "type": "Point",
        "coordinates": [
          15.0151453,
          41.0616294
        ]
      },
      "properties": {
        "id": 11383854723,
        "osm_type": "node",
        "name": "Hotel Il Bosco",
        "tourism": "hotel"
      }
    },
    {
      "type": "Feature",
      "geometry": {
        "type": "Point",
        "coordinates": [
          14.6021168,
          40.6340595
        ]
      },
      "properties": {
        "id": 11438223247,
        "osm_type": "node",
        "name": "Casa Zarino",
        "tourism": "guest_house",
        "phone": "+39 366 4387179",
        "website": "https://casazarino.it/"
      }
    },
    {
      "type": "Feature",
      "geometry": {
        "type": "Point",
        "coordinates": [
          14.2551891,
          40.8496942
        ]
      },
      "properties": {
        "id": 11452150869,
        "osm_type": "node",
        "name": "AirBnB San Severo",
        "tourism": "hostel"
      }
    },
    {
      "type": "Feature",
      "geometry": {
        "type": "Point",
        "coordinates": [
          15.0499668,
          40.4388631
        ]
      },
      "properties": {
        "id": 11468757223,
        "osm_type": "node",
        "name": "Prime Querce",
        "tourism": "guest_house"
      }
    },
    {
      "type": "Feature",
      "geometry": {
        "type": "Point",
        "coordinates": [
          14.2709666,
          40.8533611
        ]
      },
      "properties": {
        "id": 11473287548,
        "osm_type": "node",
        "name": "Top Floor Napoli",
        "tourism": "guest_house"
      }
    },
    {
      "type": "Feature",
      "geometry": {
        "type": "Point",
        "coordinates": [
          15.1470385,
          40.648807
        ]
      },
      "properties": {
        "id": 11477201898,
        "osm_type": "node",
        "name": "B&B Clio",
        "tourism": "guest_house",
        "phone": "+393313820542"
      }
    },
    {
      "type": "Feature",
      "geometry": {
        "type": "Point",
        "coordinates": [
          15.1270127,
          40.642201
        ]
      },
      "properties": {
        "id": 11477201910,
        "osm_type": "node",
        "name": "B&B Arcobaleno",
        "tourism": "guest_house",
        "phone": "+393381988918"
      }
    },
    {
      "type": "Feature",
      "geometry": {
        "type": "Point",
        "coordinates": [
          15.2300537,
          40.7066059
        ]
      },
      "properties": {
        "id": 11497592558,
        "osm_type": "node",
        "name": "La Tempa",
        "tourism": "guest_house",
        "phone": "+393385820766",
        "website": "http://www.agriturismolatempa.it/"
      }
    },
    {
      "type": "Feature",
      "geometry": {
        "type": "Point",
        "coordinates": [
          14.5687072,
          40.6278387
        ]
      },
      "properties": {
        "id": 11518721488,
        "osm_type": "node",
        "name": "La Baita Agriturismo",
        "tourism": "hotel",
        "phone": "+39 081 8025390"
      }
    },
    {
      "type": "Feature",
      "geometry": {
        "type": "Point",
        "coordinates": [
          14.6448689,
          40.703133
        ]
      },
      "properties": {
        "id": 11519504042,
        "osm_type": "node",
        "name": "B&B Fior Tramonti",
        "tourism": "guest_house",
        "phone": "+39 089 856229",
        "website": "https://www.fiortramonti.it/"
      }
    },
    {
      "type": "Feature",
      "geometry": {
        "type": "Point",
        "coordinates": [
          14.5765132,
          40.6189689
        ]
      },
      "properties": {
        "id": 11525140800,
        "osm_type": "node",
        "name": "Borgo Sant'Andrea",
        "tourism": "hotel",
        "phone": "+39 089 831148",
        "website": "https://borgosantandrea.it/it/sito-ufficiale/"
      }
    },
    {
      "type": "Feature",
      "geometry": {
        "type": "Point",
        "coordinates": [
          14.2164658,
          40.973751
        ]
      },
      "properties": {
        "id": 11559709940,
        "osm_type": "node",
        "name": "Hotel Artemide",
        "tourism": "hotel"
      }
    },
    {
      "type": "Feature",
      "geometry": {
        "type": "Point",
        "coordinates": [
          14.549613,
          40.7067025
        ]
      },
      "properties": {
        "id": 11564806066,
        "osm_type": "node",
        "name": "Paradiso Di Lettere Resort",
        "tourism": "hotel",
        "phone": "+39 0818021057",
        "website": "https://www.paradisodilettere.com/"
      }
    },
    {
      "type": "Feature",
      "geometry": {
        "type": "Point",
        "coordinates": [
          13.9535613,
          40.7361094
        ]
      },
      "properties": {
        "id": 11576376100,
        "osm_type": "node",
        "name": "Villa Durrueli",
        "tourism": "hotel",
        "phone": "+39 081 99 10 00",
        "website": "https://www.villadurrueli.it"
      }
    },
    {
      "type": "Feature",
      "geometry": {
        "type": "Point",
        "coordinates": [
          14.5039187,
          40.7748626
        ]
      },
      "properties": {
        "id": 11623208269,
        "osm_type": "node",
        "name": "Home Olympus Vesuvio",
        "tourism": "hotel",
        "website": "https://www.booking.com/hotel/it/home-olympus-vesuvio.html"
      }
    },
    {
      "type": "Feature",
      "geometry": {
        "type": "Point",
        "coordinates": [
          14.3523476,
          40.6240843
        ]
      },
      "properties": {
        "id": 11638058678,
        "osm_type": "node",
        "name": "La Solara",
        "tourism": "hotel",
        "phone": "+39 081 533 8000",
        "website": "https://lasolara.com"
      }
    },
    {
      "type": "Feature",
      "geometry": {
        "type": "Point",
        "coordinates": [
          14.3515255,
          40.6257791
        ]
      },
      "properties": {
        "id": 11638058872,
        "osm_type": "node",
        "name": "Villa Sabrina",
        "tourism": "hotel",
        "phone": "+39 081 533 9793",
        "website": "https://villasabrinasorrento.com"
      }
    },
    {
      "type": "Feature",
      "geometry": {
        "type": "Point",
        "coordinates": [
          14.3535163,
          40.6274184
        ]
      },
      "properties": {
        "id": 11650507947,
        "osm_type": "node",
        "name": "Hotel Dania",
        "tourism": "hotel"
      }
    },
    {
      "type": "Feature",
      "geometry": {
        "type": "Point",
        "coordinates": [
          14.3571199,
          40.627142
        ]
      },
      "properties": {
        "id": 11659633962,
        "osm_type": "node",
        "name": "Atlantic Palace",
        "tourism": "hotel",
        "phone": "+39 081 878 9666",
        "website": "https://www.gtoresorts.com/atlantic-palace/"
      }
    },
    {
      "type": "Feature",
      "geometry": {
        "type": "Point",
        "coordinates": [
          14.3584328,
          40.6260102
        ]
      },
      "properties": {
        "id": 11708226376,
        "osm_type": "node",
        "name": "Grand Hotel Vesuvio",
        "tourism": "hotel",
        "phone": "+39 081 878 2645",
        "website": "https://www.vesuviosorrento.com/"
      }
    },
    {
      "type": "Feature",
      "geometry": {
        "type": "Point",
        "coordinates": [
          15.0873936,
          40.1741585
        ]
      },
      "properties": {
        "id": 11750428608,
        "osm_type": "node",
        "tourism": "hotel"
      }
    },
    {
      "type": "Feature",
      "geometry": {
        "type": "Point",
        "coordinates": [
          15.0198448,
          40.1945637
        ]
      },
      "properties": {
        "id": 11750642063,
        "osm_type": "node",
        "name": "L'Iscamare",
        "tourism": "camp_site"
      }
    },
    {
      "type": "Feature",
      "geometry": {
        "type": "Point",
        "coordinates": [
          14.3688375,
          40.6266445
        ]
      },
      "properties": {
        "id": 11752337599,
        "osm_type": "node",
        "name": "Villa zsgora",
        "tourism": "hotel"
      }
    },
    {
      "type": "Feature",
      "geometry": {
        "type": "Point",
        "coordinates": [
          14.9606431,
          40.2438502
        ]
      },
      "properties": {
        "id": 11752485917,
        "osm_type": "node",
        "tourism": "apartment"
      }
    },
    {
      "type": "Feature",
      "geometry": {
        "type": "Point",
        "coordinates": [
          14.9855905,
          40.4254604
        ]
      },
      "properties": {
        "id": 11755022370,
        "osm_type": "node",
        "name": "Parco dei Principi",
        "tourism": "hotel"
      }
    },
    {
      "type": "Feature",
      "geometry": {
        "type": "Point",
        "coordinates": [
          14.141331,
          40.9334395
        ]
      },
      "properties": {
        "id": 11755419840,
        "osm_type": "node",
        "name": "L'incontro",
        "tourism": "hotel"
      }
    },
    {
      "type": "Feature",
      "geometry": {
        "type": "Point",
        "coordinates": [
          14.130939,
          40.9298834
        ]
      },
      "properties": {
        "id": 11755419847,
        "osm_type": "node",
        "name": "Hotel Trionfal",
        "tourism": "hotel"
      }
    },
    {
      "type": "Feature",
      "geometry": {
        "type": "Point",
        "coordinates": [
          14.1107569,
          40.9317081
        ]
      },
      "properties": {
        "id": 11755419851,
        "osm_type": "node",
        "name": "Hotel Giulia",
        "tourism": "hotel",
        "website": "https://www.hotel-giulia.it/"
      }
    },
    {
      "type": "Feature",
      "geometry": {
        "type": "Point",
        "coordinates": [
          14.1071198,
          40.9321204
        ]
      },
      "properties": {
        "id": 11755419852,
        "osm_type": "node",
        "name": "Hotel Mediterraneo",
        "tourism": "hotel",
        "website": "https://www.hotel-mediterraneo.it/"
      }
    },
    {
      "type": "Feature",
      "geometry": {
        "type": "Point",
        "coordinates": [
          14.0740928,
          40.9327256
        ]
      },
      "properties": {
        "id": 11755454371,
        "osm_type": "node",
        "name": "Orizzonte Hotel",
        "tourism": "hotel",
        "website": "https://www.orizzontehotel.it/"
      }
    },
    {
      "type": "Feature",
      "geometry": {
        "type": "Point",
        "coordinates": [
          14.0612098,
          40.9340581
        ]
      },
      "properties": {
        "id": 11755454407,
        "osm_type": "node",
        "name": "Hotel 2000",
        "tourism": "hotel"
      }
    },
    {
      "type": "Feature",
      "geometry": {
        "type": "Point",
        "coordinates": [
          13.9837547,
          41.0151323
        ]
      },
      "properties": {
        "id": 11755454452,
        "osm_type": "node",
        "name": "Motel Arizona",
        "tourism": "motel",
        "website": "https://www.arizonamotel.it/"
      }
    },
    {
      "type": "Feature",
      "geometry": {
        "type": "Point",
        "coordinates": [
          14.8583993,
          40.6091746
        ]
      },
      "properties": {
        "id": 11755566150,
        "osm_type": "node",
        "name": "Ancora",
        "tourism": "hotel"
      }
    },
    {
      "type": "Feature",
      "geometry": {
        "type": "Point",
        "coordinates": [
          14.8538863,
          40.6132806
        ]
      },
      "properties": {
        "id": 11757726416,
        "osm_type": "node",
        "name": "Gea",
        "tourism": "hotel"
      }
    },
    {
      "type": "Feature",
      "geometry": {
        "type": "Point",
        "coordinates": [
          14.8179945,
          40.6474435
        ]
      },
      "properties": {
        "id": 11757908510,
        "osm_type": "node",
        "name": "Mediterranea Hotel",
        "tourism": "hotel"
      }
    },
    {
      "type": "Feature",
      "geometry": {
        "type": "Point",
        "coordinates": [
          14.5170022,
          40.74122
        ]
      },
      "properties": {
        "id": 11759009602,
        "osm_type": "node",
        "name": "B&B La Ginestra",
        "tourism": "guest_house"
      }
    },
    {
      "type": "Feature",
      "geometry": {
        "type": "Point",
        "coordinates": [
          14.2582699,
          40.8542543
        ]
      },
      "properties": {
        "id": 11773114371,
        "osm_type": "node",
        "name": "Vesuvius Luxury Suites",
        "tourism": "hotel",
        "phone": "+39 380 476 6873"
      }
    },
    {
      "type": "Feature",
      "geometry": {
        "type": "Point",
        "coordinates": [
          15.0478788,
          40.6119606
        ]
      },
      "properties": {
        "id": 11775120491,
        "osm_type": "node",
        "tourism": "hotel"
      }
    },
    {
      "type": "Feature",
      "geometry": {
        "type": "Point",
        "coordinates": [
          14.5030566,
          40.6314112
        ]
      },
      "properties": {
        "id": 11786711092,
        "osm_type": "node",
        "name": "Villa Sofia",
        "tourism": "guest_house",
        "phone": "+39 089811695"
      }
    },
    {
      "type": "Feature",
      "geometry": {
        "type": "Point",
        "coordinates": [
          14.5042192,
          40.6846894
        ]
      },
      "properties": {
        "id": 11805392213,
        "osm_type": "node",
        "name": "B&B Buona Stella",
        "tourism": "guest_house",
        "phone": "+39 081 19026877",
        "website": "http://relaisbuonastella.it/"
      }
    },
    {
      "type": "Feature",
      "geometry": {
        "type": "Point",
        "coordinates": [
          14.2602866,
          40.8589043
        ]
      },
      "properties": {
        "id": 11808917968,
        "osm_type": "node",
        "name": "B&B Palazzina Avallone Hotel",
        "tourism": "hotel"
      }
    },
    {
      "type": "Feature",
      "geometry": {
        "type": "Point",
        "coordinates": [
          14.716371,
          40.6690688
        ]
      },
      "properties": {
        "id": 11812155699,
        "osm_type": "node",
        "name": "House of the Raising Sun",
        "tourism": "apartment"
      }
    },
    {
      "type": "Feature",
      "geometry": {
        "type": "Point",
        "coordinates": [
          14.7709319,
          41.139668
        ]
      },
      "properties": {
        "id": 11813598538,
        "osm_type": "node",
        "name": "Antum Hotel",
        "tourism": "hotel",
        "phone": "+39 082424111"
      }
    },
    {
      "type": "Feature",
      "geometry": {
        "type": "Point",
        "coordinates": [
          14.9793801,
          40.4319297
        ]
      },
      "properties": {
        "id": 11815185969,
        "osm_type": "node",
        "name": "Schu",
        "tourism": "hotel",
        "website": "https://www.hotelschuhmann.com/"
      }
    },
    {
      "type": "Feature",
      "geometry": {
        "type": "Point",
        "coordinates": [
          14.3751361,
          40.622901
        ]
      },
      "properties": {
        "id": 11815228469,
        "osm_type": "node",
        "name": "VHome B&B",
        "tourism": "hotel"
      }
    },
    {
      "type": "Feature",
      "geometry": {
        "type": "Point",
        "coordinates": [
          14.7180614,
          40.6667378
        ]
      },
      "properties": {
        "id": 11817056129,
        "osm_type": "node",
        "name": "Voce Del Mare",
        "tourism": "hotel",
        "phone": "+39 089 210080",
        "website": "https://www.vocedelmare.it/"
      }
    },
    {
      "type": "Feature",
      "geometry": {
        "type": "Point",
        "coordinates": [
          14.2704212,
          40.8510524
        ]
      },
      "properties": {
        "id": 11834726669,
        "osm_type": "node",
        "tourism": "hotel"
      }
    },
    {
      "type": "Feature",
      "geometry": {
        "type": "Point",
        "coordinates": [
          14.523999,
          40.6127494
        ]
      },
      "properties": {
        "id": 11837559601,
        "osm_type": "node",
        "name": "Villa Milù",
        "tourism": "hotel",
        "phone": "+39 3351250685",
        "website": "https://www.miluluxuryvilla.com/"
      }
    },
    {
      "type": "Feature",
      "geometry": {
        "type": "Point",
        "coordinates": [
          13.89255,
          40.6978981
        ]
      },
      "properties": {
        "id": 11844243784,
        "osm_type": "node",
        "name": "Hotel Villa Sirena",
        "tourism": "hotel",
        "phone": "+39081999717",
        "website": "https://www.villasirena.com/"
      }
    },
    {
      "type": "Feature",
      "geometry": {
        "type": "Point",
        "coordinates": [
          14.9577914,
          40.6111232
        ]
      },
      "properties": {
        "id": 11844355169,
        "osm_type": "node",
        "name": "Voltapensieri",
        "tourism": "apartment",
        "phone": "+39 3688171835",
        "website": "https://www.voltapensieri.it/"
      }
    },
    {
      "type": "Feature",
      "geometry": {
        "type": "Point",
        "coordinates": [
          14.3585019,
          40.6189081
        ]
      },
      "properties": {
        "id": 11847661226,
        "osm_type": "node",
        "name": "Relais La Torre",
        "tourism": "guest_house",
        "website": "https://www.latorresorrento.com/"
      }
    },
    {
      "type": "Feature",
      "geometry": {
        "type": "Point",
        "coordinates": [
          14.0959904,
          40.8353287
        ]
      },
      "properties": {
        "id": 11850562870,
        "osm_type": "node",
        "name": "Hotel Santa Marta",
        "tourism": "hotel"
      }
    },
    {
      "type": "Feature",
      "geometry": {
        "type": "Point",
        "coordinates": [
          14.2956722,
          41.0733057
        ]
      },
      "properties": {
        "id": 11866203480,
        "osm_type": "node",
        "name": "Tea Palace",
        "tourism": "hotel"
      }
    },
    {
      "type": "Feature",
      "geometry": {
        "type": "Point",
        "coordinates": [
          14.2467736,
          40.8455188
        ]
      },
      "properties": {
        "id": 11872422069,
        "osm_type": "node",
        "name": "Nap Hostel Spaccanapoli",
        "tourism": "hotel",
        "phone": "+390812778178;+393516553353;+393803526950",
        "website": "http://www.hostelnap.com/"
      }
    },
    {
      "type": "Feature",
      "geometry": {
        "type": "Point",
        "coordinates": [
          14.2637082,
          40.8493817
        ]
      },
      "properties": {
        "id": 11879205778,
        "osm_type": "node",
        "name": "Umberto I° Suite & Spa",
        "tourism": "apartment",
        "phone": "+39081986255",
        "website": "https://Umbertoprimonapoli.com"
      }
    },
    {
      "type": "Feature",
      "geometry": {
        "type": "Point",
        "coordinates": [
          14.4842064,
          40.7500628
        ]
      },
      "properties": {
        "id": 11881016970,
        "osm_type": "node",
        "tourism": "apartment"
      }
    },
    {
      "type": "Feature",
      "geometry": {
        "type": "Point",
        "coordinates": [
          14.4775526,
          40.7511443
        ]
      },
      "properties": {
        "id": 11887260993,
        "osm_type": "node",
        "name": "Villa Porpora",
        "tourism": "hotel"
      }
    },
    {
      "type": "Feature",
      "geometry": {
        "type": "Point",
        "coordinates": [
          14.2589412,
          40.8527696
        ]
      },
      "properties": {
        "id": 11898406369,
        "osm_type": "node",
        "name": "The Duomo House by House In Naples",
        "tourism": "hotel"
      }
    },
    {
      "type": "Feature",
      "geometry": {
        "type": "Point",
        "coordinates": [
          14.3582819,
          40.6059796
        ]
      },
      "properties": {
        "id": 11925268915,
        "osm_type": "node",
        "name": "Cynara Holiday House",
        "tourism": "guest_house",
        "website": "https://www.cynaraholidayhouse.it/"
      }
    },
    {
      "type": "Feature",
      "geometry": {
        "type": "Point",
        "coordinates": [
          15.3696934,
          40.0011815
        ]
      },
      "properties": {
        "id": 11925459447,
        "osm_type": "node",
        "name": "Fabiana",
        "tourism": "apartment",
        "phone": "+39 345 017 6307",
        "website": "https://fabiana.marinacamerota.it/"
      }
    },
    {
      "type": "Feature",
      "geometry": {
        "type": "Point",
        "coordinates": [
          15.3839571,
          40.0217911
        ]
      },
      "properties": {
        "id": 11925479953,
        "osm_type": "node",
        "name": "Vacanze Cilento",
        "tourism": "apartment",
        "phone": "+39 380 506 7393",
        "website": "https://vacanzecilento.lentiscosa.it"
      }
    },
    {
      "type": "Feature",
      "geometry": {
        "type": "Point",
        "coordinates": [
          15.3732048,
          39.9995402
        ]
      },
      "properties": {
        "id": 11925481946,
        "osm_type": "node",
        "name": "B&B Luca",
        "tourism": "guest_house",
        "phone": "+39 347 906 1763",
        "website": "https://www.bebluca.it"
      }
    },
    {
      "type": "Feature",
      "geometry": {
        "type": "Point",
        "coordinates": [
          14.5218021,
          40.6144553
        ]
      },
      "properties": {
        "id": 11927931655,
        "osm_type": "node",
        "name": "Casa Angelina",
        "tourism": "hotel",
        "phone": "+39 089 8131333",
        "website": "https://www.casangelina.com/",
        "check_date": "2025-08-29"
      }
    },
    {
      "type": "Feature",
      "geometry": {
        "type": "Point",
        "coordinates": [
          14.5755769,
          40.6283177
        ]
      },
      "properties": {
        "id": 11929192449,
        "osm_type": "node",
        "name": "Agriturismo Punta San Lazzaro",
        "tourism": "hotel"
      }
    },
    {
      "type": "Feature",
      "geometry": {
        "type": "Point",
        "coordinates": [
          13.9382476,
          40.7329138
        ]
      },
      "properties": {
        "id": 11939003588,
        "osm_type": "node",
        "name": "Relais Bijoux Bed and Breakfast - Isola d'Ischia",
        "tourism": "guest_house",
        "website": "https://www.booking.com/hotel/it/relais-bijoux-ischia.fr.html?aid=356931&label=metagha-link-MRFR-hotel-857415_dev-desktop_los-1_bw-0_dow-Tuesday_defdate-1_room-0_gstadt-2_rateid-eu_aud-0_gacid-6626063945_mcid-10_ppa-0_clrid-0_ad-1_gstkid-0_checkin-2024052"
      }
    },
    {
      "type": "Feature",
      "geometry": {
        "type": "Point",
        "coordinates": [
          14.4830811,
          40.6280566
        ]
      },
      "properties": {
        "id": 11940542028,
        "osm_type": "node",
        "name": "Punta Regina hotel",
        "tourism": "hotel",
        "phone": "+39 089 812020",
        "website": "https://www.puntaregina.com/"
      }
    },
    {
      "type": "Feature",
      "geometry": {
        "type": "Point",
        "coordinates": [
          14.7091265,
          40.6782917
        ]
      },
      "properties": {
        "id": 11957767066,
        "osm_type": "node",
        "name": "B&B Rosaria Amalfi Coast",
        "tourism": "guest_house",
        "check_date": "2024-06-05"
      }
    },
    {
      "type": "Feature",
      "geometry": {
        "type": "Point",
        "coordinates": [
          14.3511647,
          40.6048484
        ]
      },
      "properties": {
        "id": 11963622307,
        "osm_type": "node",
        "name": "Raggio di Sole",
        "tourism": "guest_house"
      }
    },
    {
      "type": "Feature",
      "geometry": {
        "type": "Point",
        "coordinates": [
          14.3880497,
          40.8178185
        ]
      },
      "properties": {
        "id": 12002372863,
        "osm_type": "node",
        "name": "Cratere Way Up",
        "tourism": "hotel",
        "phone": "+3908119966942",
        "website": "https://www.ilcratere.it/wayup"
      }
    },
    {
      "type": "Feature",
      "geometry": {
        "type": "Point",
        "coordinates": [
          15.114706,
          40.4768755
        ]
      },
      "properties": {
        "id": 12012465724,
        "osm_type": "node",
        "name": "La casa dell'ingegnere",
        "tourism": "apartment"
      }
    },
    {
      "type": "Feature",
      "geometry": {
        "type": "Point",
        "coordinates": [
          14.2876789,
          40.8490822
        ]
      },
      "properties": {
        "id": 12017307939,
        "osm_type": "node",
        "name": "Hotel Tiempo",
        "tourism": "hotel",
        "website": "https://www.hoteltiempo.it/"
      }
    },
    {
      "type": "Feature",
      "geometry": {
        "type": "Point",
        "coordinates": [
          14.3842985,
          40.8133398
        ]
      },
      "properties": {
        "id": 12028872095,
        "osm_type": "node",
        "name": "B&B Iolì Vesuvio",
        "tourism": "guest_house"
      }
    },
    {
      "type": "Feature",
      "geometry": {
        "type": "Point",
        "coordinates": [
          14.5283114,
          40.6201387
        ]
      },
      "properties": {
        "id": 12035604383,
        "osm_type": "node",
        "name": "Faro degli Dei glamping",
        "tourism": "camp_site",
        "website": "https://www.facebook.com/ilfarodeglidei/"
      }
    },
    {
      "type": "Feature",
      "geometry": {
        "type": "Point",
        "coordinates": [
          14.4801569,
          40.6283481
        ]
      },
      "properties": {
        "id": 12041614380,
        "osm_type": "node",
        "name": "Hotel Posa Posa",
        "tourism": "hotel",
        "phone": "+39 089 8122377",
        "website": "http://www.hotelposaposa.com/"
      }
    },
    {
      "type": "Feature",
      "geometry": {
        "type": "Point",
        "coordinates": [
          14.482383,
          40.6286856
        ]
      },
      "properties": {
        "id": 12041641345,
        "osm_type": "node",
        "name": "Hotel Pasitea",
        "tourism": "hotel",
        "phone": "+39 089 875500",
        "website": "https://www.hotelpasitea.it/"
      }
    },
    {
      "type": "Feature",
      "geometry": {
        "type": "Point",
        "coordinates": [
          14.4843007,
          40.62814
        ]
      },
      "properties": {
        "id": 12041652004,
        "osm_type": "node",
        "name": "Hotel Villa Franca",
        "tourism": "hotel",
        "phone": "+39 089 875655",
        "website": "https://www.villafrancahotel.it/"
      }
    },
    {
      "type": "Feature",
      "geometry": {
        "type": "Point",
        "coordinates": [
          14.4843644,
          40.627909
        ]
      },
      "properties": {
        "id": 12041658077,
        "osm_type": "node",
        "name": "Hotel Villa Magia",
        "tourism": "hotel",
        "phone": "+39 089 875584",
        "website": "https://www.villamagiapositano.com/"
      }
    },
    {
      "type": "Feature",
      "geometry": {
        "type": "Point",
        "coordinates": [
          14.4845541,
          40.6273944
        ]
      },
      "properties": {
        "id": 12041665219,
        "osm_type": "node",
        "name": "Hotel Montemare",
        "tourism": "hotel",
        "phone": "+39 089 875010",
        "website": "https://www.hotelmontemare.it/"
      }
    },
    {
      "type": "Feature",
      "geometry": {
        "type": "Point",
        "coordinates": [
          14.6104242,
          40.6477803
        ]
      },
      "properties": {
        "id": 12053260226,
        "osm_type": "node",
        "name": "Il Roseto B&B",
        "tourism": "hotel",
        "phone": "+39 089 858167",
        "website": "https://www.ilroseto.it/"
      }
    },
    {
      "type": "Feature",
      "geometry": {
        "type": "Point",
        "coordinates": [
          14.9511839,
          40.3055082
        ]
      },
      "properties": {
        "id": 12068665443,
        "osm_type": "node",
        "name": "Residence Gelsomino",
        "tourism": "apartment",
        "check_date": "2024-07-22"
      }
    },
    {
      "type": "Feature",
      "geometry": {
        "type": "Point",
        "coordinates": [
          14.9472732,
          40.2970679
        ]
      },
      "properties": {
        "id": 12072072203,
        "osm_type": "node",
        "name": "Costa D'oro",
        "tourism": "hotel",
        "check_date": "2024-07-24"
      }
    },
    {
      "type": "Feature",
      "geometry": {
        "type": "Point",
        "coordinates": [
          14.9499724,
          40.3030524
        ]
      },
      "properties": {
        "id": 12072072213,
        "osm_type": "node",
        "name": "Villa Silvia",
        "tourism": "guest_house",
        "check_date": "2024-07-24"
      }
    },
    {
      "type": "Feature",
      "geometry": {
        "type": "Point",
        "coordinates": [
          14.3578937,
          40.583598
        ]
      },
      "properties": {
        "id": 12074146950,
        "osm_type": "node",
        "name": "Mimì sul Mare",
        "tourism": "guest_house"
      }
    },
    {
      "type": "Feature",
      "geometry": {
        "type": "Point",
        "coordinates": [
          14.3560591,
          40.5838139
        ]
      },
      "properties": {
        "id": 12074147047,
        "osm_type": "node",
        "name": "Punta Campanella Resort & Spa",
        "tourism": "hotel"
      }
    },
    {
      "type": "Feature",
      "geometry": {
        "type": "Point",
        "coordinates": [
          14.356747,
          40.5835975
        ]
      },
      "properties": {
        "id": 12074147096,
        "osm_type": "node",
        "name": "Taverna del Capitano",
        "tourism": "hotel",
        "phone": "+39 081 808 1028",
        "website": "https://www.tavernadelcapitano.com/"
      }
    },
    {
      "type": "Feature",
      "geometry": {
        "type": "Point",
        "coordinates": [
          14.3556721,
          40.5832563
        ]
      },
      "properties": {
        "id": 12074147140,
        "osm_type": "node",
        "name": "Lo Scoglio",
        "tourism": "hotel",
        "phone": "+39 081 808 1026",
        "website": "https://www.hotelloscoglio.com/"
      }
    },
    {
      "type": "Feature",
      "geometry": {
        "type": "Point",
        "coordinates": [
          14.3616132,
          40.6176962
        ]
      },
      "properties": {
        "id": 12120721112,
        "osm_type": "node",
        "name": "Il Nido",
        "tourism": "hotel",
        "phone": "+39 081 878 2766",
        "website": "https://ilnido.it/"
      }
    },
    {
      "type": "Feature",
      "geometry": {
        "type": "Point",
        "coordinates": [
          14.3617393,
          40.6198253
        ]
      },
      "properties": {
        "id": 12120721449,
        "osm_type": "node",
        "name": "Villa La Limonaia",
        "tourism": "guest_house"
      }
    },
    {
      "type": "Feature",
      "geometry": {
        "type": "Point",
        "coordinates": [
          14.3642619,
          40.6190298
        ]
      },
      "properties": {
        "id": 12120722017,
        "osm_type": "node",
        "name": "Oasi Madre della Pace",
        "tourism": "guest_house",
        "phone": "+39 081 878 1924",
        "website": "https://www.oasimadredellapace.com/"
      }
    },
    {
      "type": "Feature",
      "geometry": {
        "type": "Point",
        "coordinates": [
          14.9893665,
          40.35231
        ]
      },
      "properties": {
        "id": 12165674509,
        "osm_type": "node",
        "name": "Casa Vittoria",
        "tourism": "hotel"
      }
    },
    {
      "type": "Feature",
      "geometry": {
        "type": "Point",
        "coordinates": [
          14.7002153,
          40.6498651
        ]
      },
      "properties": {
        "id": 12186411995,
        "osm_type": "node",
        "tourism": "guest_house",
        "check_date": "2024-09-19"
      }
    },
    {
      "type": "Feature",
      "geometry": {
        "type": "Point",
        "coordinates": [
          14.7004372,
          40.6484392
        ]
      },
      "properties": {
        "id": 12186532551,
        "osm_type": "node",
        "name": "Cetara centro",
        "tourism": "guest_house",
        "check_date": "2024-09-19"
      }
    },
    {
      "type": "Feature",
      "geometry": {
        "type": "Point",
        "coordinates": [
          14.951362,
          40.285529
        ]
      },
      "properties": {
        "id": 12186650358,
        "osm_type": "node",
        "name": "Garden Riviera hotel/ristorante",
        "tourism": "hotel",
        "phone": "+39 0974 961281",
        "website": "https://www.hotelgardenriviera.it/"
      }
    },
    {
      "type": "Feature",
      "geometry": {
        "type": "Point",
        "coordinates": [
          14.9887995,
          40.3510648
        ]
      },
      "properties": {
        "id": 12190081925,
        "osm_type": "node",
        "name": "Il corso",
        "tourism": "guest_house"
      }
    },
    {
      "type": "Feature",
      "geometry": {
        "type": "Point",
        "coordinates": [
          14.4967669,
          40.7464953
        ]
      },
      "properties": {
        "id": 12207648691,
        "osm_type": "node",
        "name": "Grand Hotel Royal",
        "tourism": "hotel"
      }
    },
    {
      "type": "Feature",
      "geometry": {
        "type": "Point",
        "coordinates": [
          14.8390854,
          41.1933215
        ]
      },
      "properties": {
        "id": 12208645745,
        "osm_type": "node",
        "name": "Il casale d'Ambrosio",
        "tourism": "guest_house",
        "contact:phone": "+39 082 4991213",
        "check_date": "2024-09-29"
      }
    },
    {
      "type": "Feature",
      "geometry": {
        "type": "Point",
        "coordinates": [
          14.2415079,
          40.8480363
        ]
      },
      "properties": {
        "id": 12222509596,
        "osm_type": "node",
        "name": "Palazzo Sant'Antonio",
        "tourism": "hotel",
        "contact:phone": "+39 0810152173",
        "website": "https://www.palazzosantantonionapoli.it/",
        "check_date": "2024-10-06"
      }
    },
    {
      "type": "Feature",
      "geometry": {
        "type": "Point",
        "coordinates": [
          14.2440679,
          40.8440163
        ]
      },
      "properties": {
        "id": 12227853704,
        "osm_type": "node",
        "name": "Pippo B&B",
        "tourism": "guest_house",
        "check_date": "2025-09-28"
      }
    },
    {
      "type": "Feature",
      "geometry": {
        "type": "Point",
        "coordinates": [
          14.2411527,
          40.848446
        ]
      },
      "properties": {
        "id": 12229628295,
        "osm_type": "node",
        "name": "Room 511",
        "tourism": "apartment",
        "check_date": "2024-10-06"
      }
    },
    {
      "type": "Feature",
      "geometry": {
        "type": "Point",
        "coordinates": [
          14.2428494,
          40.8385262
        ]
      },
      "properties": {
        "id": 12237518523,
        "osm_type": "node",
        "name": "Home 5.1",
        "tourism": "guest_house",
        "contact:phone": "+39 339 6698216",
        "website": "https://www.home51.it/"
      }
    },
    {
      "type": "Feature",
      "geometry": {
        "type": "Point",
        "coordinates": [
          14.9760424,
          40.4517969
        ]
      },
      "properties": {
        "id": 12243920537,
        "osm_type": "node",
        "name": "Royal Paestum",
        "tourism": "hotel",
        "check_date": "2024-10-11"
      }
    },
    {
      "type": "Feature",
      "geometry": {
        "type": "Point",
        "coordinates": [
          15.3722579,
          40.0001482
        ]
      },
      "properties": {
        "id": 12248185791,
        "osm_type": "node",
        "name": "B&B Slow Life",
        "tourism": "guest_house",
        "check_date": "2024-10-13"
      }
    },
    {
      "type": "Feature",
      "geometry": {
        "type": "Point",
        "coordinates": [
          14.7727268,
          40.6747504
        ]
      },
      "properties": {
        "id": 12252461720,
        "osm_type": "node",
        "name": "Hotel Bruman",
        "tourism": "hotel",
        "check_date": "2024-10-15"
      }
    },
    {
      "type": "Feature",
      "geometry": {
        "type": "Point",
        "coordinates": [
          14.5648564,
          40.6279842
        ]
      },
      "properties": {
        "id": 12262679871,
        "osm_type": "node",
        "name": "Risorgimento Hotel/Ristorante",
        "tourism": "hotel",
        "phone": "+39 081 8025072",
        "website": "http://www.hotelrisorgimento.it/"
      }
    },
    {
      "type": "Feature",
      "geometry": {
        "type": "Point",
        "coordinates": [
          13.8886409,
          40.7510341
        ]
      },
      "properties": {
        "id": 12271919899,
        "osm_type": "node",
        "name": "Hotel Terme Principe",
        "tourism": "hotel"
      }
    },
    {
      "type": "Feature",
      "geometry": {
        "type": "Point",
        "coordinates": [
          13.8703767,
          40.7516395
        ]
      },
      "properties": {
        "id": 12271922548,
        "osm_type": "node",
        "name": "Hotel Zaro",
        "tourism": "hotel"
      }
    },
    {
      "type": "Feature",
      "geometry": {
        "type": "Point",
        "coordinates": [
          13.8603689,
          40.735814
        ]
      },
      "properties": {
        "id": 12271937767,
        "osm_type": "node",
        "name": "White 1903",
        "tourism": "hotel",
        "contact:phone": "+39 333 6110916",
        "contact:website": "https://www.white1903.it/"
      }
    },
    {
      "type": "Feature",
      "geometry": {
        "type": "Point",
        "coordinates": [
          13.8643776,
          40.7321463
        ]
      },
      "properties": {
        "id": 12271964768,
        "osm_type": "node",
        "name": "Hotel Terme",
        "tourism": "hotel"
      }
    },
    {
      "type": "Feature",
      "geometry": {
        "type": "Point",
        "coordinates": [
          13.8851431,
          40.7537829
        ]
      },
      "properties": {
        "id": 12271973506,
        "osm_type": "node",
        "name": "La Reginella",
        "tourism": "hotel"
      }
    },
    {
      "type": "Feature",
      "geometry": {
        "type": "Point",
        "coordinates": [
          13.856011,
          40.7359569
        ]
      },
      "properties": {
        "id": 12271995619,
        "osm_type": "node",
        "name": "Hotel Nettuno",
        "tourism": "hotel"
      }
    },
    {
      "type": "Feature",
      "geometry": {
        "type": "Point",
        "coordinates": [
          13.8638162,
          40.7299795
        ]
      },
      "properties": {
        "id": 12271997442,
        "osm_type": "node",
        "name": "Villa Aida",
        "tourism": "chalet",
        "contact:phone": "+39 333 620 3239",
        "contact:website": "https://www.villaidaforio.it/"
      }
    },
    {
      "type": "Feature",
      "geometry": {
        "type": "Point",
        "coordinates": [
          13.8642816,
          40.7300668
        ]
      },
      "properties": {
        "id": 12271997505,
        "osm_type": "node",
        "name": "Residence Hotel Villa Tina",
        "tourism": "hotel",
        "contact:website": "http://www.residencevillatina.it/"
      }
    },
    {
      "type": "Feature",
      "geometry": {
        "type": "Point",
        "coordinates": [
          13.8571011,
          40.7363108
        ]
      },
      "properties": {
        "id": 12271998831,
        "osm_type": "node",
        "name": "Hotel Terme",
        "tourism": "hotel"
      }
    },
    {
      "type": "Feature",
      "geometry": {
        "type": "Point",
        "coordinates": [
          14.413199,
          40.640507
        ]
      },
      "properties": {
        "id": 12327163788,
        "osm_type": "node",
        "name": "B&B Casa delle camelie",
        "tourism": "guest_house",
        "contact:phone": "+39 339 864 2357",
        "check_date": "2024-11-09"
      }
    },
    {
      "type": "Feature",
      "geometry": {
        "type": "Point",
        "coordinates": [
          14.2633622,
          40.8477117
        ]
      },
      "properties": {
        "id": 12336688600,
        "osm_type": "node",
        "name": "La Casa napoletana",
        "tourism": "guest_house"
      }
    },
    {
      "type": "Feature",
      "geometry": {
        "type": "Point",
        "coordinates": [
          14.2489643,
          40.8568471
        ]
      },
      "properties": {
        "id": 12336729005,
        "osm_type": "node",
        "name": "Casa Mari",
        "tourism": "guest_house"
      }
    },
    {
      "type": "Feature",
      "geometry": {
        "type": "Point",
        "coordinates": [
          13.8931538,
          40.6977309
        ]
      },
      "properties": {
        "id": 12349570654,
        "osm_type": "node",
        "name": "Divina Seaside Suite",
        "tourism": "apartment",
        "phone": "+393924028767",
        "website": "divinasuiteischia.com"
      }
    },
    {
      "type": "Feature",
      "geometry": {
        "type": "Point",
        "coordinates": [
          14.7154389,
          40.666242
        ]
      },
      "properties": {
        "id": 12351268151,
        "osm_type": "node",
        "name": "B&B Casa Mammamia",
        "tourism": "guest_house",
        "phone": "+39 3337973131"
      }
    },
    {
      "type": "Feature",
      "geometry": {
        "type": "Point",
        "coordinates": [
          14.7092274,
          40.6689337
        ]
      },
      "properties": {
        "id": 12351329808,
        "osm_type": "node",
        "name": "IL Cavaliere dei Conti - Agriturismo",
        "tourism": "hotel",
        "phone": "+39 089 210791",
        "website": "http://ilcavalieredeiconti.it/"
      }
    },
    {
      "type": "Feature",
      "geometry": {
        "type": "Point",
        "coordinates": [
          14.7810858,
          41.1315651
        ]
      },
      "properties": {
        "id": 12369591685,
        "osm_type": "node",
        "name": "Albergo della Corte",
        "tourism": "hotel",
        "check_date": "2025-02-17"
      }
    },
    {
      "type": "Feature",
      "geometry": {
        "type": "Point",
        "coordinates": [
          14.6528894,
          40.6433031
        ]
      },
      "properties": {
        "id": 12378487803,
        "osm_type": "node",
        "name": "Villa Scarlato",
        "tourism": "guest_house",
        "website": "https://www.villascarlato.it/"
      }
    },
    {
      "type": "Feature",
      "geometry": {
        "type": "Point",
        "coordinates": [
          14.0829585,
          40.7868763
        ]
      },
      "properties": {
        "id": 12388277350,
        "osm_type": "node",
        "name": "Villa del Mare",
        "tourism": "hotel",
        "check_date": "2024-12-01"
      }
    },
    {
      "type": "Feature",
      "geometry": {
        "type": "Point",
        "coordinates": [
          14.266938,
          40.8534848
        ]
      },
      "properties": {
        "id": 12397496404,
        "osm_type": "node",
        "name": "NaCasa Guest House",
        "tourism": "guest_house"
      }
    },
    {
      "type": "Feature",
      "geometry": {
        "type": "Point",
        "coordinates": [
          14.2664392,
          40.8619665
        ]
      },
      "properties": {
        "id": 12397638201,
        "osm_type": "node",
        "name": "Carlo III Apartament",
        "tourism": "hotel",
        "phone": "+393489291805",
        "website": "https://www.airbnb.it/rooms/1228131104828878895?adults=1&children=0&enable_m3_private_room=true&infants=0&pets=0&search_mode=regular_search&check_in=2024-12-05&check_out=2024-12-10&source_impression_id=p3_1733398448_P378tQ4XiIXXPSzM&previous_page_section_"
      }
    },
    {
      "type": "Feature",
      "geometry": {
        "type": "Point",
        "coordinates": [
          14.2456348,
          40.8418162
        ]
      },
      "properties": {
        "id": 12441350011,
        "osm_type": "node",
        "name": "B&B Ruffo Nel Cuore di Napoli",
        "tourism": "guest_house"
      }
    },
    {
      "type": "Feature",
      "geometry": {
        "type": "Point",
        "coordinates": [
          15.221854,
          40.1153686
        ]
      },
      "properties": {
        "id": 12449728283,
        "osm_type": "node",
        "name": "Santo Mercurio Country House",
        "tourism": "guest_house",
        "phone": "+39 0974 973 889",
        "website": "https://www.santomercurio.com/"
      }
    },
    {
      "type": "Feature",
      "geometry": {
        "type": "Point",
        "coordinates": [
          14.2489435,
          40.8382319
        ]
      },
      "properties": {
        "id": 12455445942,
        "osm_type": "node",
        "name": "Hotel Matilde",
        "tourism": "hotel",
        "phone": "+39 081 425516",
        "website": "https://www.matildehotel.com/",
        "check_date": "2025-11-13"
      }
    },
    {
      "type": "Feature",
      "geometry": {
        "type": "Point",
        "coordinates": [
          15.011834,
          41.4043672
        ]
      },
      "properties": {
        "id": 12506578025,
        "osm_type": "node",
        "name": "B&B Pacifico",
        "tourism": "guest_house"
      }
    },
    {
      "type": "Feature",
      "geometry": {
        "type": "Point",
        "coordinates": [
          15.0138628,
          41.4082212
        ]
      },
      "properties": {
        "id": 12506578026,
        "osm_type": "node",
        "name": "Sbig Rooms",
        "tourism": "guest_house"
      }
    },
    {
      "type": "Feature",
      "geometry": {
        "type": "Point",
        "coordinates": [
          15.0189402,
          41.4137783
        ]
      },
      "properties": {
        "id": 12506578027,
        "osm_type": "node",
        "name": "B&B Latella",
        "tourism": "guest_house"
      }
    },
    {
      "type": "Feature",
      "geometry": {
        "type": "Point",
        "coordinates": [
          14.8768383,
          40.97136
        ]
      },
      "properties": {
        "id": 12507643422,
        "osm_type": "node",
        "name": "Bellavigna Country House",
        "tourism": "guest_house"
      }
    },
    {
      "type": "Feature",
      "geometry": {
        "type": "Point",
        "coordinates": [
          15.0812108,
          41.1516151
        ]
      },
      "properties": {
        "id": 12512446102,
        "osm_type": "node",
        "name": "Contedoro Living",
        "tourism": "apartment",
        "phone": "+390825824855",
        "website": "https://www.contedoroliving.it/"
      }
    },
    {
      "type": "Feature",
      "geometry": {
        "type": "Point",
        "coordinates": [
          14.2453091,
          40.8500094
        ]
      },
      "properties": {
        "id": 12532317291,
        "osm_type": "node",
        "name": "Hopestel Secret Garden",
        "tourism": "hostel",
        "opening_hours": "24/7",
        "website": "https://www.hopestel.it/",
        "check_date": "2025-10-19"
      }
    },
    {
      "type": "Feature",
      "geometry": {
        "type": "Point",
        "coordinates": [
          14.8221807,
          40.9157388
        ]
      },
      "properties": {
        "id": 12553902853,
        "osm_type": "node",
        "name": "Hotel Malaga",
        "tourism": "hotel"
      }
    },
    {
      "type": "Feature",
      "geometry": {
        "type": "Point",
        "coordinates": [
          14.6053795,
          40.64586
        ]
      },
      "properties": {
        "id": 12563487301,
        "osm_type": "node",
        "name": "Windows on Heaven B&B",
        "tourism": "guest_house",
        "phone": "+39 3206411864"
      }
    },
    {
      "type": "Feature",
      "geometry": {
        "type": "Point",
        "coordinates": [
          14.8757821,
          41.3080157
        ]
      },
      "properties": {
        "id": 12565930584,
        "osm_type": "node",
        "name": "AFFITTACAMERE La Roccia di Vicidomini",
        "tourism": "apartment",
        "contact:phone": "+39 328 163 7764",
        "website": "https://www.bbvicidomini.it"
      }
    },
    {
      "type": "Feature",
      "geometry": {
        "type": "Point",
        "coordinates": [
          14.7811268,
          41.1329066
        ]
      },
      "properties": {
        "id": 12596244601,
        "osm_type": "node",
        "name": "B&B Domus Traiani",
        "tourism": "hostel",
        "opening_hours": "24/7",
        "website": "https://www.domustraiani.it/"
      }
    },
    {
      "type": "Feature",
      "geometry": {
        "type": "Point",
        "coordinates": [
          14.5456173,
          40.6294794
        ]
      },
      "properties": {
        "id": 12623405445,
        "osm_type": "node",
        "name": "Rabbit restaurant & guest house",
        "tourism": "guest_house",
        "phone": "+39 081 8731340",
        "website": "https://www.rabbitagerola.it/"
      }
    },
    {
      "type": "Feature",
      "geometry": {
        "type": "Point",
        "coordinates": [
          13.9153647,
          40.7045432
        ]
      },
      "properties": {
        "id": 12641249894,
        "osm_type": "node",
        "name": "Casa Pesce",
        "tourism": "apartment"
      }
    },
    {
      "type": "Feature",
      "geometry": {
        "type": "Point",
        "coordinates": [
          13.9426704,
          40.7444203
        ]
      },
      "properties": {
        "id": 12706234984,
        "osm_type": "node",
        "name": "Casa Vacanze Riva Destra",
        "tourism": "guest_house",
        "contact:phone": "+39 081 424 4385"
      }
    },
    {
      "type": "Feature",
      "geometry": {
        "type": "Point",
        "coordinates": [
          13.9439854,
          40.7410855
        ]
      },
      "properties": {
        "id": 12706357364,
        "osm_type": "node",
        "name": "Bed & Breakfast La Brezza",
        "tourism": "guest_house"
      }
    },
    {
      "type": "Feature",
      "geometry": {
        "type": "Point",
        "coordinates": [
          15.2613605,
          40.8866958
        ]
      },
      "properties": {
        "id": 12707953498,
        "osm_type": "node",
        "name": "Happy Tour",
        "tourism": "hotel"
      }
    },
    {
      "type": "Feature",
      "geometry": {
        "type": "Point",
        "coordinates": [
          14.6149606,
          40.6518207
        ]
      },
      "properties": {
        "id": 12716629333,
        "osm_type": "node",
        "name": "La Dolce Vita",
        "tourism": "apartment"
      }
    },
    {
      "type": "Feature",
      "geometry": {
        "type": "Point",
        "coordinates": [
          14.533971,
          40.6286125
        ]
      },
      "properties": {
        "id": 12716670029,
        "osm_type": "node",
        "name": "Villa Italia",
        "tourism": "hotel",
        "phone": "+39 340 4720408"
      }
    },
    {
      "type": "Feature",
      "geometry": {
        "type": "Point",
        "coordinates": [
          14.2485371,
          40.8509872
        ]
      },
      "properties": {
        "id": 12718793572,
        "osm_type": "node",
        "name": "Palazzo Goyze",
        "tourism": "hotel",
        "phone": "+39 3762714254",
        "website": "https://www.palazzogoyze.com"
      }
    },
    {
      "type": "Feature",
      "geometry": {
        "type": "Point",
        "coordinates": [
          14.3659948,
          40.6207233
        ]
      },
      "properties": {
        "id": 12723533130,
        "osm_type": "node",
        "name": "Anna Belle",
        "tourism": "hotel",
        "phone": "+39 081 399 2643",
        "website": "https://www.annabelleagriresort.it/"
      }
    },
    {
      "type": "Feature",
      "geometry": {
        "type": "Point",
        "coordinates": [
          14.4880075,
          40.6284085
        ]
      },
      "properties": {
        "id": 12747323184,
        "osm_type": "node",
        "name": "L'Ancora - hotel",
        "tourism": "hotel",
        "phone": "+39 089 875318"
      }
    },
    {
      "type": "Feature",
      "geometry": {
        "type": "Point",
        "coordinates": [
          14.2701241,
          40.8503449
        ]
      },
      "properties": {
        "id": 12751900801,
        "osm_type": "node",
        "name": "Napoli Station B&B",
        "tourism": "guest_house"
      }
    },
    {
      "type": "Feature",
      "geometry": {
        "type": "Point",
        "coordinates": [
          14.4843299,
          40.7769195
        ]
      },
      "properties": {
        "id": 12752660059,
        "osm_type": "node",
        "name": "Residenze Vesuviane",
        "tourism": "apartment",
        "website": "https://www.residenzevesuviane.com/"
      }
    },
    {
      "type": "Feature",
      "geometry": {
        "type": "Point",
        "coordinates": [
          15.5598051,
          40.0764394
        ]
      },
      "properties": {
        "id": 12766628662,
        "osm_type": "node",
        "name": "Harmonia home",
        "tourism": "guest_house",
        "phone": "+39 0973 890038",
        "website": "https://www.harmoniahome.it/"
      }
    },
    {
      "type": "Feature",
      "geometry": {
        "type": "Point",
        "coordinates": [
          14.2490623,
          40.8617845
        ]
      },
      "properties": {
        "id": 12772215161,
        "osm_type": "node",
        "name": "Walk Rooms",
        "tourism": "apartment"
      }
    },
    {
      "type": "Feature",
      "geometry": {
        "type": "Point",
        "coordinates": [
          13.871211,
          40.7443812
        ]
      },
      "properties": {
        "id": 12774604326,
        "osm_type": "node",
        "name": "Hotel Parco delle Agavi",
        "tourism": "hotel",
        "phone": "+390815071433",
        "website": "https://www.hotelparcodelleagavi.com"
      }
    },
    {
      "type": "Feature",
      "geometry": {
        "type": "Point",
        "coordinates": [
          14.6259518,
          40.6502559
        ]
      },
      "properties": {
        "id": 12777863101,
        "osm_type": "node",
        "name": "Hotel Santa Lucia",
        "tourism": "hotel",
        "phone": "+39 089 877142",
        "website": "https://www.hotelsantalucia.it/"
      }
    },
    {
      "type": "Feature",
      "geometry": {
        "type": "Point",
        "coordinates": [
          14.5513679,
          40.6272628
        ]
      },
      "properties": {
        "id": 12785356531,
        "osm_type": "node",
        "name": "Acunto's Homes",
        "tourism": "apartment"
      }
    },
    {
      "type": "Feature",
      "geometry": {
        "type": "Point",
        "coordinates": [
          14.7713963,
          40.6750366
        ]
      },
      "properties": {
        "id": 12787603824,
        "osm_type": "node",
        "name": "Hotel Plaza",
        "tourism": "hotel"
      }
    },
    {
      "type": "Feature",
      "geometry": {
        "type": "Point",
        "coordinates": [
          14.6395518,
          40.6491868
        ]
      },
      "properties": {
        "id": 12797255254,
        "osm_type": "node",
        "name": "Albergo B&B Riviera",
        "tourism": "guest_house",
        "phone": "+39 0389 877885",
        "website": "https://www.rivierahotels.it/"
      }
    },
    {
      "type": "Feature",
      "geometry": {
        "type": "Point",
        "coordinates": [
          14.1524873,
          41.3506619
        ]
      },
      "properties": {
        "id": 12800916710,
        "osm_type": "node",
        "name": "La Ferrara Agriturismo",
        "tourism": "guest_house",
        "phone": "+393398877815"
      }
    },
    {
      "type": "Feature",
      "geometry": {
        "type": "Point",
        "coordinates": [
          14.5410234,
          40.6203353
        ]
      },
      "properties": {
        "id": 12802758216,
        "osm_type": "node",
        "name": "Agriturismo Sant'Alfonso",
        "tourism": "hotel",
        "phone": "+39 333 891 0563"
      }
    },
    {
      "type": "Feature",
      "geometry": {
        "type": "Point",
        "coordinates": [
          15.1589473,
          40.1999772
        ]
      },
      "properties": {
        "id": 12848508752,
        "osm_type": "node",
        "name": "Palazzo ReSilente",
        "tourism": "hostel",
        "phone": "+39 329 288 1337",
        "website": "https://palazzoresilente.com/it/"
      }
    },
    {
      "type": "Feature",
      "geometry": {
        "type": "Point",
        "coordinates": [
          14.7213286,
          40.6681641
        ]
      },
      "properties": {
        "id": 12856157452,
        "osm_type": "node",
        "name": "Amalfi Coast Casa Ida",
        "tourism": "apartment"
      }
    },
    {
      "type": "Feature",
      "geometry": {
        "type": "Point",
        "coordinates": [
          14.2480904,
          40.8427883
        ]
      },
      "properties": {
        "id": 12861304855,
        "osm_type": "node",
        "name": "B&B Rest a Napoli",
        "tourism": "hostel",
        "website": "https://restanapoli.it/"
      }
    },
    {
      "type": "Feature",
      "geometry": {
        "type": "Point",
        "coordinates": [
          14.6143186,
          40.74792
        ]
      },
      "properties": {
        "id": 12862861217,
        "osm_type": "node",
        "name": "B&B Le Ginestre",
        "tourism": "guest_house"
      }
    },
    {
      "type": "Feature",
      "geometry": {
        "type": "Point",
        "coordinates": [
          14.1226937,
          40.821131
        ]
      },
      "properties": {
        "id": 12866318149,
        "osm_type": "node",
        "name": "Artis Mare",
        "tourism": "guest_house",
        "website": "https://www.artismare.com/"
      }
    },
    {
      "type": "Feature",
      "geometry": {
        "type": "Point",
        "coordinates": [
          14.5464968,
          40.6263427
        ]
      },
      "properties": {
        "id": 12871964898,
        "osm_type": "node",
        "name": "Divina Costiera B&B",
        "tourism": "guest_house",
        "phone": "+39 081 873 1966",
        "website": "https://www.divina-costiera.it/"
      }
    },
    {
      "type": "Feature",
      "geometry": {
        "type": "Point",
        "coordinates": [
          14.2177285,
          40.55496
        ]
      },
      "properties": {
        "id": 12876220362,
        "osm_type": "node",
        "name": "Le Cantinelle",
        "tourism": "hotel"
      }
    },
    {
      "type": "Feature",
      "geometry": {
        "type": "Point",
        "coordinates": [
          14.5371571,
          40.6397031
        ]
      },
      "properties": {
        "id": 12878611994,
        "osm_type": "node",
        "name": "Terramia",
        "tourism": "apartment"
      }
    },
    {
      "type": "Feature",
      "geometry": {
        "type": "Point",
        "coordinates": [
          14.5223493,
          40.6139902
        ]
      },
      "properties": {
        "id": 12883258067,
        "osm_type": "node",
        "name": "Hotel Smeraldo",
        "tourism": "hotel",
        "phone": "+39 089874002",
        "check_date": "2025-08-29"
      }
    },
    {
      "type": "Feature",
      "geometry": {
        "type": "Point",
        "coordinates": [
          14.6107881,
          40.7430327
        ]
      },
      "properties": {
        "id": 12883866035,
        "osm_type": "node",
        "name": "Domus Monasteire",
        "tourism": "guest_house",
        "phone": "+39 3293105464",
        "website": "https://www.domusbnb.com/"
      }
    },
    {
      "type": "Feature",
      "geometry": {
        "type": "Point",
        "coordinates": [
          14.5292404,
          40.7020129
        ]
      },
      "properties": {
        "id": 12884051354,
        "osm_type": "node",
        "name": "La Vigna del Vento",
        "tourism": "apartment"
      }
    },
    {
      "type": "Feature",
      "geometry": {
        "type": "Point",
        "coordinates": [
          14.9035453,
          40.5586163
        ]
      },
      "properties": {
        "id": 12884467272,
        "osm_type": "node",
        "name": "EraOra Village",
        "tourism": "hotel",
        "phone": "+3908281990752",
        "website": "https://www.eraorahotelvillage.it/"
      }
    },
    {
      "type": "Feature",
      "geometry": {
        "type": "Point",
        "coordinates": [
          15.6201503,
          40.1505025
        ]
      },
      "properties": {
        "id": 12889195001,
        "osm_type": "node",
        "name": "Rosalinda Borgo Experience",
        "tourism": "guest_house",
        "phone": "+393420058883;+393398369036"
      }
    },
    {
      "type": "Feature",
      "geometry": {
        "type": "Point",
        "coordinates": [
          15.5527059,
          40.244363
        ]
      },
      "properties": {
        "id": 12896121002,
        "osm_type": "node",
        "name": "Bed and Breakfast Champagne",
        "tourism": "guest_house"
      }
    },
    {
      "type": "Feature",
      "geometry": {
        "type": "Point",
        "coordinates": [
          14.4744035,
          40.7487771
        ]
      },
      "properties": {
        "id": 12903226501,
        "osm_type": "node",
        "name": "Garden Green da Virna",
        "tourism": "guest_house",
        "phone": "+39 324 548 8885"
      }
    },
    {
      "type": "Feature",
      "geometry": {
        "type": "Point",
        "coordinates": [
          14.6153482,
          40.741827
        ]
      },
      "properties": {
        "id": 12903537152,
        "osm_type": "node",
        "name": "Brain Rooms & Suite",
        "tourism": "guest_house",
        "phone": "+39 3773430755",
        "website": "https://www.brainres.it/"
      }
    },
    {
      "type": "Feature",
      "geometry": {
        "type": "Point",
        "coordinates": [
          15.5382958,
          40.1654732
        ]
      },
      "properties": {
        "id": 12906025906,
        "osm_type": "node",
        "name": "B&B Il Perale",
        "tourism": "hotel",
        "phone": "+393202656536"
      }
    },
    {
      "type": "Feature",
      "geometry": {
        "type": "Point",
        "coordinates": [
          14.6137869,
          40.7423472
        ]
      },
      "properties": {
        "id": 12908159865,
        "osm_type": "node",
        "name": "Bed and Breakfast Sant'Anna",
        "tourism": "guest_house",
        "phone": "+39 0813939497"
      }
    },
    {
      "type": "Feature",
      "geometry": {
        "type": "Point",
        "coordinates": [
          14.3489897,
          40.799721
        ]
      },
      "properties": {
        "id": 12911305315,
        "osm_type": "node",
        "name": "Villa Migliorini",
        "tourism": "guest_house",
        "phone": "+39 348 222 76 65",
        "website": "https://villamigliorini.it/"
      }
    },
    {
      "type": "Feature",
      "geometry": {
        "type": "Point",
        "coordinates": [
          14.3300678,
          41.0729292
        ]
      },
      "properties": {
        "id": 12915208301,
        "osm_type": "node",
        "name": "B&B Vanvitelli Home",
        "tourism": "guest_house",
        "phone": "+39 339 641 3544"
      }
    },
    {
      "type": "Feature",
      "geometry": {
        "type": "Point",
        "coordinates": [
          14.5022058,
          41.0893916
        ]
      },
      "properties": {
        "id": 12917673625,
        "osm_type": "node",
        "name": "Bellevue Apartments",
        "tourism": "apartment",
        "phone": "+39 376 208 4490",
        "website": "https://www.bellevueapartments.it/"
      }
    },
    {
      "type": "Feature",
      "geometry": {
        "type": "Point",
        "coordinates": [
          14.1279331,
          40.8555995
        ]
      },
      "properties": {
        "id": 12977525315,
        "osm_type": "node",
        "name": "Agriturismo San Martino",
        "tourism": "hotel",
        "phone": "+39 081 526 4455"
      }
    },
    {
      "type": "Feature",
      "geometry": {
        "type": "Point",
        "coordinates": [
          14.3763818,
          40.8148148
        ]
      },
      "properties": {
        "id": 12980281058,
        "osm_type": "node",
        "name": "B&B Incanto",
        "tourism": "hotel",
        "website": "https://www.instagram.com/incantobnb/"
      }
    },
    {
      "type": "Feature",
      "geometry": {
        "type": "Point",
        "coordinates": [
          14.2542705,
          40.8416337
        ]
      },
      "properties": {
        "id": 12997425301,
        "osm_type": "node",
        "name": "Suite dei catalani",
        "tourism": "hotel"
      }
    },
    {
      "type": "Feature",
      "geometry": {
        "type": "Point",
        "coordinates": [
          14.5440226,
          41.234539
        ]
      },
      "properties": {
        "id": 13000988317,
        "osm_type": "node",
        "tourism": "caravan_site"
      }
    },
    {
      "type": "Feature",
      "geometry": {
        "type": "Point",
        "coordinates": [
          14.9797551,
          40.436133
        ]
      },
      "properties": {
        "id": 13001265064,
        "osm_type": "node",
        "name": "Oleandri Family Resort",
        "tourism": "hotel",
        "phone": "+390828851876",
        "website": "https://www.oleandriresort.com/"
      }
    },
    {
      "type": "Feature",
      "geometry": {
        "type": "Point",
        "coordinates": [
          14.7797557,
          40.7821295
        ]
      },
      "properties": {
        "id": 13015465482,
        "osm_type": "node",
        "name": "Tenuta Oliva Eventi",
        "tourism": "guest_house",
        "website": "https://www.tenutaoliva.it/"
      }
    },
    {
      "type": "Feature",
      "geometry": {
        "type": "Point",
        "coordinates": [
          15.1959735,
          40.2524082
        ]
      },
      "properties": {
        "id": 13015512301,
        "osm_type": "node",
        "name": "Agriturismo Salella",
        "tourism": "guest_house",
        "phone": "+39 0974 67099",
        "website": "https://agriturismosalella.com/"
      }
    },
    {
      "type": "Feature",
      "geometry": {
        "type": "Point",
        "coordinates": [
          14.249574,
          40.8469873
        ]
      },
      "properties": {
        "id": 13042872201,
        "osm_type": "node",
        "name": "Palazzo Doria d'Angri",
        "tourism": "hotel",
        "phone": "+39 328 131 3934",
        "website": "https://www.palazzodoriadangri.it/"
      }
    },
    {
      "type": "Feature",
      "geometry": {
        "type": "Point",
        "coordinates": [
          14.9497054,
          40.9818809
        ]
      },
      "properties": {
        "id": 13045143545,
        "osm_type": "node",
        "name": "B&B Alle Carceri Dei Filangieri",
        "tourism": "hotel",
        "phone": "+39 3663707326"
      }
    },
    {
      "type": "Feature",
      "geometry": {
        "type": "Point",
        "coordinates": [
          14.6052222,
          40.6498674
        ]
      },
      "properties": {
        "id": 13052310801,
        "osm_type": "node",
        "name": "Hotel Zi' Ntonio",
        "tourism": "hotel",
        "phone": "+39 089 858128",
        "website": "https://zintoniohotel.it/"
      }
    },
    {
      "type": "Feature",
      "geometry": {
        "type": "Point",
        "coordinates": [
          14.2079762,
          40.8351147
        ]
      },
      "properties": {
        "id": 13059242187,
        "osm_type": "node",
        "name": "Terrazza Caravaggio",
        "tourism": "guest_house",
        "website": "https://www.terrazzacaravaggio.eu/"
      }
    },
    {
      "type": "Feature",
      "geometry": {
        "type": "Point",
        "coordinates": [
          14.4968967,
          40.626508
        ]
      },
      "properties": {
        "id": 13075697659,
        "osm_type": "node",
        "name": "Treville hotel",
        "tourism": "hotel",
        "phone": "+39 0898122401",
        "website": "https://www.villatreville.com/"
      }
    },
    {
      "type": "Feature",
      "geometry": {
        "type": "Point",
        "coordinates": [
          14.4760604,
          40.9084101
        ]
      },
      "properties": {
        "id": 13094787569,
        "osm_type": "node",
        "name": "Manto",
        "tourism": "guest_house"
      }
    },
    {
      "type": "Feature",
      "geometry": {
        "type": "Point",
        "coordinates": [
          14.5363098,
          40.6114305
        ]
      },
      "properties": {
        "id": 13104138369,
        "osm_type": "node",
        "name": "Torre Saracena",
        "tourism": "hotel",
        "check_date": "2025-08-28"
      }
    },
    {
      "type": "Feature",
      "geometry": {
        "type": "Point",
        "coordinates": [
          14.4789164,
          40.6264079
        ]
      },
      "properties": {
        "id": 13106647757,
        "osm_type": "node",
        "name": "Hotel Le Agavi",
        "tourism": "hotel"
      }
    },
    {
      "type": "Feature",
      "geometry": {
        "type": "Point",
        "coordinates": [
          14.4797462,
          40.6246233
        ]
      },
      "properties": {
        "id": 13107848616,
        "osm_type": "node",
        "name": "Torre Clavel",
        "tourism": "hotel"
      }
    },
    {
      "type": "Feature",
      "geometry": {
        "type": "Point",
        "coordinates": [
          14.4798014,
          40.6270096
        ]
      },
      "properties": {
        "id": 13107936013,
        "osm_type": "node",
        "name": "Villa Briganti B&B",
        "tourism": "hotel"
      }
    },
    {
      "type": "Feature",
      "geometry": {
        "type": "Point",
        "coordinates": [
          14.4796924,
          40.6271769
        ]
      },
      "properties": {
        "id": 13107936014,
        "osm_type": "node",
        "name": "Villa Anfitrite",
        "tourism": "hotel"
      }
    },
    {
      "type": "Feature",
      "geometry": {
        "type": "Point",
        "coordinates": [
          14.4802773,
          40.6273743
        ]
      },
      "properties": {
        "id": 13107936015,
        "osm_type": "node",
        "name": "La Casa di Peppe",
        "tourism": "hotel"
      }
    },
    {
      "type": "Feature",
      "geometry": {
        "type": "Point",
        "coordinates": [
          14.4802687,
          40.6277259
        ]
      },
      "properties": {
        "id": 13107936029,
        "osm_type": "node",
        "name": "Villa Paradiso",
        "tourism": "hotel"
      }
    },
    {
      "type": "Feature",
      "geometry": {
        "type": "Point",
        "coordinates": [
          14.4805001,
          40.6276737
        ]
      },
      "properties": {
        "id": 13107936030,
        "osm_type": "node",
        "name": "Casa del Fico",
        "tourism": "hotel"
      }
    },
    {
      "type": "Feature",
      "geometry": {
        "type": "Point",
        "coordinates": [
          14.6140383,
          40.6470006
        ]
      },
      "properties": {
        "id": 13121243540,
        "osm_type": "node",
        "name": "La Terrazza di Giuliana B&B",
        "tourism": "guest_house",
        "phone": "+39 089857530",
        "website": "https://www.lagiuliana.com/"
      }
    },
    {
      "type": "Feature",
      "geometry": {
        "type": "Point",
        "coordinates": [
          14.7613436,
          40.6774748
        ]
      },
      "properties": {
        "id": 13135256001,
        "osm_type": "node",
        "name": "Casa Maria in Centro",
        "tourism": "guest_house"
      }
    },
    {
      "type": "Feature",
      "geometry": {
        "type": "Point",
        "coordinates": [
          15.2789829,
          40.0685057
        ]
      },
      "properties": {
        "id": 13136835114,
        "osm_type": "node",
        "name": "B&B Antica Dimora Palinuro",
        "tourism": "guest_house",
        "phone": "+39 389 159 6940"
      }
    },
    {
      "type": "Feature",
      "geometry": {
        "type": "Point",
        "coordinates": [
          15.5487093,
          40.4562491
        ]
      },
      "properties": {
        "id": 13143195964,
        "osm_type": "node",
        "name": "Villa Torre Antica",
        "tourism": "hotel",
        "phone": "+390975 779016"
      }
    },
    {
      "type": "Feature",
      "geometry": {
        "type": "Point",
        "coordinates": [
          15.5338177,
          40.4737138
        ]
      },
      "properties": {
        "id": 13144215275,
        "osm_type": "node",
        "name": "Residence Atena",
        "tourism": "hotel"
      }
    },
    {
      "type": "Feature",
      "geometry": {
        "type": "Point",
        "coordinates": [
          15.4907924,
          40.5214272
        ]
      },
      "properties": {
        "id": 13159649390,
        "osm_type": "node",
        "name": "Tenuta de Maffutiis",
        "tourism": "guest_house"
      }
    },
    {
      "type": "Feature",
      "geometry": {
        "type": "Point",
        "coordinates": [
          14.2496696,
          40.8540436
        ]
      },
      "properties": {
        "id": 13162281254,
        "osm_type": "node",
        "name": "SuperOtium",
        "tourism": "hotel",
        "website": "https://www.superotium.it/"
      }
    },
    {
      "type": "Feature",
      "geometry": {
        "type": "Point",
        "coordinates": [
          13.8280247,
          41.1740087
        ]
      },
      "properties": {
        "id": 13173861767,
        "osm_type": "node",
        "name": "Cumeja Beach Club & Hotel",
        "tourism": "hotel",
        "website": "https://cumeja.it/"
      }
    },
    {
      "type": "Feature",
      "geometry": {
        "type": "Point",
        "coordinates": [
          15.6059007,
          40.154472
        ]
      },
      "properties": {
        "id": 13175036844,
        "osm_type": "node",
        "name": "Casa Tempa dei Grui",
        "tourism": "guest_house",
        "website": "https://www.tempadeigrui.it/en/contacts/"
      }
    },
    {
      "type": "Feature",
      "geometry": {
        "type": "Point",
        "coordinates": [
          14.3753232,
          40.6042035
        ]
      },
      "properties": {
        "id": 13176423465,
        "osm_type": "node",
        "name": "Hotel Montana",
        "tourism": "hotel",
        "phone": "+39 081 8780126",
        "website": "http://montanahotel.it/"
      }
    },
    {
      "type": "Feature",
      "geometry": {
        "type": "Point",
        "coordinates": [
          14.2485957,
          40.8456791
        ]
      },
      "properties": {
        "id": 13178955478,
        "osm_type": "node",
        "name": "Maria Marì",
        "tourism": "guest_house",
        "contact:phone": "+39 081 5522943",
        "contact:website": "https://www.bbnapolimaria.com/"
      }
    },
    {
      "type": "Feature",
      "geometry": {
        "type": "Point",
        "coordinates": [
          14.2458189,
          40.837942
        ]
      },
      "properties": {
        "id": 13178985321,
        "osm_type": "node",
        "name": "La Romantique",
        "tourism": "guest_house",
        "contact:website": "https://www.stayinnaples.it/"
      }
    },
    {
      "type": "Feature",
      "geometry": {
        "type": "Point",
        "coordinates": [
          14.6294968,
          40.6544726
        ]
      },
      "properties": {
        "id": 13179063698,
        "osm_type": "node",
        "name": "Agriturismo il Campanile",
        "tourism": "camp_site",
        "tents": "yes",
        "contact:phone": "+39 339 2640656",
        "contact:website": "https://www.agriturismoilcampanile.com/"
      }
    },
    {
      "type": "Feature",
      "geometry": {
        "type": "Point",
        "coordinates": [
          14.3748068,
          40.6085823
        ]
      },
      "properties": {
        "id": 13230166642,
        "osm_type": "node",
        "name": "Hotel Iaccarino",
        "tourism": "hotel",
        "phone": "+39 081 878 0012"
      }
    },
    {
      "type": "Feature",
      "geometry": {
        "type": "Point",
        "coordinates": [
          14.3684241,
          40.6107708
        ]
      },
      "properties": {
        "id": 13240488549,
        "osm_type": "node",
        "name": "O' Sole Mio hotel",
        "tourism": "hotel",
        "phone": "+39 0818780005",
        "website": "https://www.osolemiohotel.com/"
      }
    },
    {
      "type": "Feature",
      "geometry": {
        "type": "Point",
        "coordinates": [
          14.3701721,
          40.611039
        ]
      },
      "properties": {
        "id": 13240492542,
        "osm_type": "node",
        "name": "Oasi Olimpia Relais",
        "tourism": "hotel",
        "phone": "+39 0818080560",
        "website": "https://www.oasiolimpiarelais.it/"
      }
    },
    {
      "type": "Feature",
      "geometry": {
        "type": "Point",
        "coordinates": [
          14.7556368,
          40.6800129
        ]
      },
      "properties": {
        "id": 13247505601,
        "osm_type": "node",
        "name": "Casa Maria",
        "tourism": "guest_house",
        "phone": "+393474714098"
      }
    },
    {
      "type": "Feature",
      "geometry": {
        "type": "Point",
        "coordinates": [
          14.248817,
          40.8392945
        ]
      },
      "properties": {
        "id": 13247958620,
        "osm_type": "node",
        "name": "Napoli Centro",
        "tourism": "guest_house",
        "contact:phone": "+39 081 17562606",
        "contact:website": "https://www.napolicentrobeb.it/it"
      }
    },
    {
      "type": "Feature",
      "geometry": {
        "type": "Point",
        "coordinates": [
          14.2483462,
          40.8398708
        ]
      },
      "properties": {
        "id": 13247958621,
        "osm_type": "node",
        "name": "Toledo 289 Holiday",
        "tourism": "guest_house"
      }
    },
    {
      "type": "Feature",
      "geometry": {
        "type": "Point",
        "coordinates": [
          15.157492,
          40.1840343
        ]
      },
      "properties": {
        "id": 13249853023,
        "osm_type": "node",
        "name": "Anna dei Sapori",
        "tourism": "guest_house"
      }
    },
    {
      "type": "Feature",
      "geometry": {
        "type": "Point",
        "coordinates": [
          14.9534181,
          40.2788966
        ]
      },
      "properties": {
        "id": 13249874487,
        "osm_type": "node",
        "name": "Palazzo Gentilcore",
        "tourism": "hotel"
      }
    },
    {
      "type": "Feature",
      "geometry": {
        "type": "Point",
        "coordinates": [
          14.9931282,
          40.2183671
        ]
      },
      "properties": {
        "id": 13249874613,
        "osm_type": "node",
        "name": "Ristorante Paisà Cibo e Ospitalità",
        "tourism": "guest_house"
      }
    },
    {
      "type": "Feature",
      "geometry": {
        "type": "Point",
        "coordinates": [
          15.0545474,
          40.3217382
        ]
      },
      "properties": {
        "id": 13249881665,
        "osm_type": "node",
        "name": "La Suscella B&B",
        "tourism": "guest_house"
      }
    },
    {
      "type": "Feature",
      "geometry": {
        "type": "Point",
        "coordinates": [
          14.1891707,
          41.2730298
        ]
      },
      "properties": {
        "id": 13277667001,
        "osm_type": "node",
        "tourism": "chalet"
      }
    },
    {
      "type": "Feature",
      "geometry": {
        "type": "Point",
        "coordinates": [
          14.5418308,
          40.6225811
        ]
      },
      "properties": {
        "id": 13282838915,
        "osm_type": "node",
        "name": "The Cliff - Luxury Apartments",
        "tourism": "apartment",
        "check_date": "2025-11-05"
      }
    },
    {
      "type": "Feature",
      "geometry": {
        "type": "Point",
        "coordinates": [
          14.2533465,
          40.8427721
        ]
      },
      "properties": {
        "id": 13290801871,
        "osm_type": "node",
        "name": "Maison du La Rua",
        "tourism": "guest_house",
        "check_date": "2025-11-09"
      }
    },
    {
      "type": "Feature",
      "geometry": {
        "type": "Point",
        "coordinates": [
          14.4176818,
          40.6592766
        ]
      },
      "properties": {
        "id": 13296558556,
        "osm_type": "node",
        "name": "Albergo Le Ancore",
        "tourism": "hotel",
        "check_date": "2025-11-11"
      }
    },
    {
      "type": "Feature",
      "geometry": {
        "type": "Point",
        "coordinates": [
          14.4251937,
          40.6549489
        ]
      },
      "properties": {
        "id": 13299177905,
        "osm_type": "node",
        "name": "La Tuja Relais du parc",
        "tourism": "hotel",
        "contact:website": "https://www.latujarelaisduparc.com/"
      }
    },
    {
      "type": "Feature",
      "geometry": {
        "type": "Point",
        "coordinates": [
          14.3808204,
          40.8540745
        ]
      },
      "properties": {
        "id": 13301905195,
        "osm_type": "node",
        "name": "Casa Al Vino sul Vesuvio",
        "tourism": "apartment"
      }
    },
    {
      "type": "Feature",
      "geometry": {
        "type": "Point",
        "coordinates": [
          14.478161,
          40.6697819
        ]
      },
      "properties": {
        "id": 13307193572,
        "osm_type": "node",
        "name": "Pensione dei Fiori",
        "tourism": "hotel",
        "contact:phone": "+39 339 776 8358",
        "contact:website": "https://pensioneristorantedeifiori.weebly.com/index.html",
        "check_date": "2025-11-15"
      }
    },
    {
      "type": "Feature",
      "geometry": {
        "type": "Point",
        "coordinates": [
          14.2596322,
          40.845667
        ]
      },
      "properties": {
        "id": 13325804802,
        "osm_type": "node",
        "name": "La cornucopia",
        "tourism": "guest_house",
        "check_date": "2025-11-23"
      }
    },
    {
      "type": "Feature",
      "geometry": {
        "type": "Point",
        "coordinates": [
          14.2476443,
          40.834909
        ]
      },
      "properties": {
        "id": 13326636533,
        "osm_type": "node",
        "name": "Cupola Reale",
        "tourism": "guest_house"
      }
    },
    {
      "type": "Feature",
      "geometry": {
        "type": "Point",
        "coordinates": [
          15.0237089,
          40.4604544
        ]
      },
      "properties": {
        "id": 13338382485,
        "osm_type": "node",
        "name": "B&B Il giardino dei Pini",
        "tourism": "guest_house",
        "phone": "+393518171382",
        "website": "https://ilgiardinodeipini.it/"
      }
    },
    {
      "type": "Feature",
      "geometry": {
        "type": "Point",
        "coordinates": [
          14.6402418,
          40.6494318
        ]
      },
      "properties": {
        "id": 13346199573,
        "osm_type": "node",
        "name": "Sapore di Mare Holidays",
        "tourism": "apartment",
        "phone": "+393601001325"
      }
    },
    {
      "type": "Feature",
      "geometry": {
        "type": "Point",
        "coordinates": [
          14.4960011,
          40.7556933
        ]
      },
      "properties": {
        "id": 13362014391,
        "osm_type": "node",
        "name": "La Maison Pompeiana",
        "tourism": "hotel"
      }
    },
    {
      "type": "Feature",
      "geometry": {
        "type": "Point",
        "coordinates": [
          14.5014007,
          40.7507924
        ]
      },
      "properties": {
        "id": 13363889837,
        "osm_type": "node",
        "name": "Hotel Palma Pompei",
        "tourism": "hotel"
      }
    },
    {
      "type": "Feature",
      "geometry": {
        "type": "Point",
        "coordinates": [
          14.6334323,
          40.6934041
        ]
      },
      "properties": {
        "id": 13372564690,
        "osm_type": "node",
        "name": "il Giardino di Letizia B&B Restaurant",
        "tourism": "guest_house",
        "phone": "+39 348 1668652"
      }
    },
    {
      "type": "Feature",
      "geometry": {
        "type": "Point",
        "coordinates": [
          14.252049,
          40.8441886
        ]
      },
      "properties": {
        "id": 13376756489,
        "osm_type": "node",
        "name": "B&B Monteoliveto",
        "tourism": "guest_house"
      }
    },
    {
      "type": "Feature",
      "geometry": {
        "type": "Point",
        "coordinates": [
          14.267395,
          40.854335
        ]
      },
      "properties": {
        "id": 13377659901,
        "osm_type": "node",
        "name": "The Station Napoli B&B",
        "tourism": "guest_house",
        "phone": "+39 340 291 8970",
        "website": "https://www.thestationapoli.com/"
      }
    },
    {
      "type": "Feature",
      "geometry": {
        "type": "Point",
        "coordinates": [
          14.4759984,
          40.6625757
        ]
      },
      "properties": {
        "id": 13378191703,
        "osm_type": "node",
        "name": "Pensione Ristorante dei Fiori",
        "tourism": "guest_house",
        "phone": "+39 339 776 8358",
        "website": "https://pensioneristorantedeifiori.weebly.com/"
      }
    },
    {
      "type": "Feature",
      "geometry": {
        "type": "Point",
        "coordinates": [
          14.4768801,
          40.6654314
        ]
      },
      "properties": {
        "id": 13390486701,
        "osm_type": "node",
        "name": "Hotel Ristorante Cinciallegra",
        "tourism": "hotel",
        "phone": "+39 331 892 2449"
      }
    },
    {
      "type": "Feature",
      "geometry": {
        "type": "Point",
        "coordinates": [
          15.5059791,
          40.0698628
        ]
      },
      "properties": {
        "id": 13392996954,
        "osm_type": "node",
        "name": "Reginella Sosta Camper",
        "tourism": "caravan_site"
      }
    },
    {
      "type": "Feature",
      "geometry": {
        "type": "Point",
        "coordinates": [
          14.2541444,
          40.8558039
        ]
      },
      "properties": {
        "id": 13426208362,
        "osm_type": "node",
        "name": "I tesori di Napoli",
        "tourism": "guest_house"
      }
    },
    {
      "type": "Feature",
      "geometry": {
        "type": "Point",
        "coordinates": [
          14.2231809,
          40.8311925
        ]
      },
      "properties": {
        "id": 13472284759,
        "osm_type": "node",
        "name": "B&B Mirlinum Casa Vacanze a Napoli",
        "tourism": "guest_house"
      }
    },
    {
      "type": "Feature",
      "geometry": {
        "type": "Point",
        "coordinates": [
          14.9527328,
          40.834795
        ]
      },
      "properties": {
        "id": 13474093384,
        "osm_type": "node",
        "name": "Rifugio degli Uccelli",
        "tourism": "alpine_hut"
      }
    },
    {
      "type": "Feature",
      "geometry": {
        "type": "Point",
        "coordinates": [
          15.0423059,
          40.8537097
        ]
      },
      "properties": {
        "id": 13474126441,
        "osm_type": "node",
        "name": "Pericle agriturismo",
        "tourism": "hotel",
        "phone": "+39 379 2848655",
        "website": "https://www.agriturismopericle.it/"
      }
    },
    {
      "type": "Feature",
      "geometry": {
        "type": "Point",
        "coordinates": [
          14.7644649,
          40.7812561
        ]
      },
      "properties": {
        "id": 13479545415,
        "osm_type": "node",
        "name": "Spazio 83",
        "tourism": "guest_house"
      }
    },
    {
      "type": "Feature",
      "geometry": {
        "type": "Point",
        "coordinates": [
          14.7602577,
          40.784337
        ]
      },
      "properties": {
        "id": 13571012115,
        "osm_type": "node",
        "name": "Il Piccolo Principe",
        "tourism": "guest_house"
      }
    },
    {
      "type": "Feature",
      "geometry": {
        "type": "Point",
        "coordinates": [
          14.2554101,
          40.8480377
        ]
      },
      "properties": {
        "id": 13580341603,
        "osm_type": "node",
        "name": "Casa Hosteno",
        "tourism": "hotel",
        "website": "https://www.casahosteno.it/"
      }
    },
    {
      "type": "Feature",
      "geometry": {
        "type": "Point",
        "coordinates": [
          14.7476574,
          40.6780199
        ]
      },
      "properties": {
        "id": 13580360301,
        "osm_type": "node",
        "name": "B&B Blu Infinito",
        "tourism": "hotel"
      }
    },
    {
      "type": "Feature",
      "geometry": {
        "type": "Point",
        "coordinates": [
          14.795809,
          40.6614757
        ]
      },
      "properties": {
        "id": 13612284470,
        "osm_type": "node",
        "name": "Hotel Polo Nautico",
        "tourism": "hotel"
      }
    },
    {
      "type": "Feature",
      "geometry": {
        "type": "Point",
        "coordinates": [
          14.7833823,
          40.7513879
        ]
      },
      "properties": {
        "id": 13647763893,
        "osm_type": "node",
        "name": "TerrAmare Suites - Baronissi",
        "tourism": "apartment",
        "phone": "+393532179936",
        "website": "https://www.terramaresuites.it"
      }
    },
    {
      "type": "Feature",
      "geometry": {
        "type": "Point",
        "coordinates": [
          14.4064739,
          40.6168788
        ]
      },
      "properties": {
        "id": 13648203848,
        "osm_type": "node",
        "name": "Casa Mazzola",
        "tourism": "guest_house",
        "phone": "+39 081 807 3772",
        "website": "http://www.casamazzola.it/"
      }
    },
    {
      "type": "Feature",
      "geometry": {
        "type": "Point",
        "coordinates": [
          14.407699,
          40.6162603
        ]
      },
      "properties": {
        "id": 13648203981,
        "osm_type": "node",
        "name": "Villa degli Ulivi",
        "tourism": "guest_house",
        "website": "https://www.hotels-italiano.com/appartamento-villa-degli-ulivi/"
      }
    },
    {
      "type": "Feature",
      "geometry": {
        "type": "Point",
        "coordinates": [
          14.4108097,
          40.6165795
        ]
      },
      "properties": {
        "id": 13648204071,
        "osm_type": "node",
        "name": "Villa Flore",
        "tourism": "guest_house",
        "contact:phone": "+39 06 56556836",
        "contact:website": "https://villaflore.it"
      }
    },
    {
      "type": "Feature",
      "geometry": {
        "type": "Point",
        "coordinates": [
          14.3670061,
          40.6227929
        ]
      },
      "properties": {
        "id": 13649394910,
        "osm_type": "node",
        "name": "Grand Hotel President",
        "tourism": "hotel",
        "website": "https://www.ghpresident.com/"
      }
    },
    {
      "type": "Feature",
      "geometry": {
        "type": "Point",
        "coordinates": [
          14.2568022,
          41.2187749
        ]
      },
      "properties": {
        "id": 13652608693,
        "osm_type": "node",
        "name": "B&B Casa Scirocco",
        "tourism": "guest_house"
      }
    },
    {
      "type": "Feature",
      "geometry": {
        "type": "Point",
        "coordinates": [
          14.2622223,
          41.0836241
        ]
      },
      "properties": {
        "id": 13676407885,
        "osm_type": "node",
        "name": "Gli Ozi di Capua",
        "tourism": "guest_house",
        "phone": "375 8110658 - 328 8245655"
      }
    },
    {
      "type": "Feature",
      "geometry": {
        "type": "Point",
        "coordinates": [
          13.9551727,
          40.7383262
        ]
      },
      "properties": {
        "id": 13682115506,
        "osm_type": "node",
        "name": "Beach House Ischia",
        "tourism": "chalet",
        "phone": "00447799345808",
        "website": "https://www.ischiahomestays.com"
      }
    },
    {
      "type": "Feature",
      "geometry": {
        "type": "Point",
        "coordinates": [
          13.9551238,
          40.7381864
        ]
      },
      "properties": {
        "id": 13682122518,
        "osm_type": "node",
        "name": "Casa al Mulino",
        "tourism": "apartment",
        "phone": "0044 7799345808",
        "website": "https://www.ischiahomestys.com"
      }
    },
    {
      "type": "Feature",
      "geometry": {
        "type": "Point",
        "coordinates": [
          15.001542,
          40.4060856
        ]
      },
      "properties": {
        "id": 13732859508,
        "osm_type": "node",
        "name": "Villa Anna",
        "tourism": "guest_house"
      }
    },
    {
      "type": "Feature",
      "geometry": {
        "type": "Point",
        "coordinates": [
          14.7764361,
          41.1267108
        ]
      },
      "properties": {
        "id": 13748051522,
        "osm_type": "node",
        "name": "Boutique House",
        "tourism": "apartment"
      }
    },
    {
      "type": "Feature",
      "geometry": {
        "type": "Point",
        "coordinates": [
          15.1869923,
          40.1593893
        ]
      },
      "properties": {
        "id": 13755559723,
        "osm_type": "node",
        "name": "Elios Country Village",
        "tourism": "guest_house"
      }
    },
    {
      "type": "Feature",
      "geometry": {
        "type": "Point",
        "coordinates": [
          14.9461659,
          40.2841948
        ]
      },
      "properties": {
        "id": 56658464,
        "osm_type": "way",
        "name": "Palazzo Belmonte",
        "tourism": "hotel"
      }
    },
    {
      "type": "Feature",
      "geometry": {
        "type": "Point",
        "coordinates": [
          14.9463324,
          40.2818907
        ]
      },
      "properties": {
        "id": 56658483,
        "osm_type": "way",
        "name": "Grand Hotel Santa Maria",
        "tourism": "hotel",
        "phone": "+39 0974 961001",
        "website": "http://www.ghsm.it/"
      }
    },
    {
      "type": "Feature",
      "geometry": {
        "type": "Point",
        "coordinates": [
          15.4664454,
          40.9882093
        ]
      },
      "properties": {
        "id": 70881454,
        "osm_type": "way",
        "name": "Gronki Hotel",
        "tourism": "hotel"
      }
    },
    {
      "type": "Feature",
      "geometry": {
        "type": "Point",
        "coordinates": [
          15.4297317,
          40.9051264
        ]
      },
      "properties": {
        "id": 75538538,
        "osm_type": "way",
        "name": "Hotel Ambasciatori",
        "tourism": "hotel"
      }
    },
    {
      "type": "Feature",
      "geometry": {
        "type": "Point",
        "coordinates": [
          14.4838967,
          40.7463903
        ]
      },
      "properties": {
        "id": 76016569,
        "osm_type": "way",
        "name": "Spartacus",
        "tourism": "camp_site",
        "tents": "yes",
        "phone": "+39 081 8624078",
        "website": "https://www.campingspartacus.it/",
        "check_date": "2026-04-17"
      }
    },
    {
      "type": "Feature",
      "geometry": {
        "type": "Point",
        "coordinates": [
          14.2175302,
          40.8313479
        ]
      },
      "properties": {
        "id": 76652072,
        "osm_type": "way",
        "name": "AIG Mergellina",
        "tourism": "hostel",
        "phone": "+39 081 761 2346"
      }
    },
    {
      "type": "Feature",
      "geometry": {
        "type": "Point",
        "coordinates": [
          14.7055138,
          40.7031344
        ]
      },
      "properties": {
        "id": 77806583,
        "osm_type": "way",
        "name": "Hotel Victoria",
        "tourism": "hotel"
      }
    },
    {
      "type": "Feature",
      "geometry": {
        "type": "Point",
        "coordinates": [
          14.7016512,
          40.7137492
        ]
      },
      "properties": {
        "id": 78164485,
        "osm_type": "way",
        "name": "Holiday Inn Cava de' Tirreni",
        "tourism": "hotel",
        "phone": "+39 089 213 2401",
        "website": "https://www.hisalernocavadetirreni.com/"
      }
    },
    {
      "type": "Feature",
      "geometry": {
        "type": "Point",
        "coordinates": [
          15.3839417,
          40.5003084
        ]
      },
      "properties": {
        "id": 85526780,
        "osm_type": "way",
        "name": "Casone Aresta",
        "tourism": "alpine_hut"
      }
    },
    {
      "type": "Feature",
      "geometry": {
        "type": "Point",
        "coordinates": [
          14.4790552,
          40.750664
        ]
      },
      "properties": {
        "id": 95164034,
        "osm_type": "way",
        "tourism": "hotel",
        "website": "https://www.villadeimisteri.it/"
      }
    },
    {
      "type": "Feature",
      "geometry": {
        "type": "Point",
        "coordinates": [
          14.4800394,
          40.7499017
        ]
      },
      "properties": {
        "id": 95164035,
        "osm_type": "way",
        "name": "Zeus",
        "tourism": "camp_site",
        "tents": "yes",
        "phone": "+390818615320",
        "website": "http://www.campingzeus.it/"
      }
    },
    {
      "type": "Feature",
      "geometry": {
        "type": "Point",
        "coordinates": [
          14.7761237,
          40.9168643
        ]
      },
      "properties": {
        "id": 95704971,
        "osm_type": "way",
        "name": "Hotel de la Ville",
        "tourism": "hotel"
      }
    },
    {
      "type": "Feature",
      "geometry": {
        "type": "Point",
        "coordinates": [
          14.7922734,
          40.9181437
        ]
      },
      "properties": {
        "id": 95707986,
        "osm_type": "way",
        "name": "Viva Hotel",
        "tourism": "hotel"
      }
    },
    {
      "type": "Feature",
      "geometry": {
        "type": "Point",
        "coordinates": [
          15.2517177,
          40.6897087
        ]
      },
      "properties": {
        "id": 107484124,
        "osm_type": "way",
        "name": "Term Capasso",
        "tourism": "hotel"
      }
    },
    {
      "type": "Feature",
      "geometry": {
        "type": "Point",
        "coordinates": [
          14.4954363,
          40.7463107
        ]
      },
      "properties": {
        "id": 113687255,
        "osm_type": "way",
        "name": "B&b Villa Ettore",
        "tourism": "guest_house"
      }
    },
    {
      "type": "Feature",
      "geometry": {
        "type": "Point",
        "coordinates": [
          14.6894039,
          40.6394501
        ]
      },
      "properties": {
        "id": 118063124,
        "osm_type": "way",
        "name": "Limoneto Di Ercole",
        "tourism": "guest_house"
      }
    },
    {
      "type": "Feature",
      "geometry": {
        "type": "Point",
        "coordinates": [
          15.3712302,
          40.4980553
        ]
      },
      "properties": {
        "id": 119314574,
        "osm_type": "way",
        "name": "Casone Ausineto",
        "tourism": "alpine_hut"
      }
    },
    {
      "type": "Feature",
      "geometry": {
        "type": "Point",
        "coordinates": [
          14.653537,
          40.9903072
        ]
      },
      "properties": {
        "id": 125067736,
        "osm_type": "way",
        "name": "Rifugio Lauro",
        "tourism": "alpine_hut"
      }
    },
    {
      "type": "Feature",
      "geometry": {
        "type": "Point",
        "coordinates": [
          13.8052061,
          41.1944849
        ]
      },
      "properties": {
        "id": 128068929,
        "osm_type": "way",
        "name": "Giulivo Hotel",
        "tourism": "hotel"
      }
    },
    {
      "type": "Feature",
      "geometry": {
        "type": "Point",
        "coordinates": [
          13.8000473,
          41.1972516
        ]
      },
      "properties": {
        "id": 128068933,
        "osm_type": "way",
        "name": "Domizia Palace Hotel",
        "tourism": "hotel"
      }
    },
    {
      "type": "Feature",
      "geometry": {
        "type": "Point",
        "coordinates": [
          13.8026979,
          41.1969084
        ]
      },
      "properties": {
        "id": 128068936,
        "osm_type": "way",
        "name": "Park Hotel",
        "tourism": "hotel"
      }
    },
    {
      "type": "Feature",
      "geometry": {
        "type": "Point",
        "coordinates": [
          13.7889907,
          41.2069292
        ]
      },
      "properties": {
        "id": 132120446,
        "osm_type": "way",
        "name": "Camping Villaggio Baia Domizia",
        "tourism": "camp_site",
        "opening_hours": "May 19-Sep 18",
        "tents": "yes",
        "contact:phone": "+39 0823 930126",
        "website": "https://www.baiadomizia.it/"
      }
    },
    {
      "type": "Feature",
      "geometry": {
        "type": "Point",
        "coordinates": [
          14.1498455,
          40.8209546
        ]
      },
      "properties": {
        "id": 135586011,
        "osm_type": "way",
        "name": "Mini Hotel",
        "tourism": "hotel",
        "phone": "+39 081 5263223",
        "website": "https://www.minihotelnapoli.it/"
      }
    },
    {
      "type": "Feature",
      "geometry": {
        "type": "Point",
        "coordinates": [
          14.3676875,
          40.6249922
        ]
      },
      "properties": {
        "id": 135712268,
        "osm_type": "way",
        "name": "Ulysse",
        "tourism": "caravan_site",
        "opening_hours": "24/7"
      }
    },
    {
      "type": "Feature",
      "geometry": {
        "type": "Point",
        "coordinates": [
          14.9447308,
          40.4795128
        ]
      },
      "properties": {
        "id": 148190574,
        "osm_type": "way",
        "name": "Camping Villaggio Victoria",
        "tourism": "camp_site",
        "tents": "yes",
        "contact:phone": "+39 339 621 7772",
        "website": "http://www.campingvillaggiovictoria.it/"
      }
    },
    {
      "type": "Feature",
      "geometry": {
        "type": "Point",
        "coordinates": [
          14.9457152,
          40.4921203
        ]
      },
      "properties": {
        "id": 148190577,
        "osm_type": "way",
        "name": "Paestum",
        "tourism": "camp_site",
        "tents": "yes"
      }
    },
    {
      "type": "Feature",
      "geometry": {
        "type": "Point",
        "coordinates": [
          14.8924201,
          40.5695018
        ]
      },
      "properties": {
        "id": 148258415,
        "osm_type": "way",
        "name": "Baia dei delfini",
        "tourism": "camp_site",
        "tents": "yes",
        "contact:phone": "+39 3357376462",
        "website": "https://www.baiadeidelfinibattipaglia.com/campeggio-e-sosta-camper"
      }
    },
    {
      "type": "Feature",
      "geometry": {
        "type": "Point",
        "coordinates": [
          14.8997941,
          40.559618
        ]
      },
      "properties": {
        "id": 148258418,
        "osm_type": "way",
        "name": "Central Camping",
        "tourism": "camp_site",
        "tents": "yes",
        "contact:phone": "+39 0828 624007",
        "website": "http://www.centralcamping.it/"
      }
    },
    {
      "type": "Feature",
      "geometry": {
        "type": "Point",
        "coordinates": [
          14.90693,
          40.5503513
        ]
      },
      "properties": {
        "id": 148258425,
        "osm_type": "way",
        "name": "Camping Rising Sun",
        "tourism": "camp_site",
        "tents": "yes",
        "contact:phone": "+39 0828624138"
      }
    },
    {
      "type": "Feature",
      "geometry": {
        "type": "Point",
        "coordinates": [
          15.1173095,
          40.6700583
        ]
      },
      "properties": {
        "id": 148288525,
        "osm_type": "way",
        "name": "Il Brigante",
        "tourism": "camp_site",
        "tents": "yes"
      }
    },
    {
      "type": "Feature",
      "geometry": {
        "type": "Point",
        "coordinates": [
          15.3774049,
          40.0009234
        ]
      },
      "properties": {
        "id": 149628308,
        "osm_type": "way",
        "name": "Playa El Flamingo",
        "tourism": "caravan_site",
        "opening_hours": "24/7"
      }
    },
    {
      "type": "Feature",
      "geometry": {
        "type": "Point",
        "coordinates": [
          14.5990353,
          40.633306
        ]
      },
      "properties": {
        "id": 151687219,
        "osm_type": "way",
        "name": "La Bussola",
        "tourism": "hotel",
        "check_date": "2025-02-14"
      }
    },
    {
      "type": "Feature",
      "geometry": {
        "type": "Point",
        "coordinates": [
          14.7044094,
          40.6494547
        ]
      },
      "properties": {
        "id": 157602476,
        "osm_type": "way",
        "name": "Hotel Cetus",
        "tourism": "hotel"
      }
    },
    {
      "type": "Feature",
      "geometry": {
        "type": "Point",
        "coordinates": [
          14.9415584,
          40.4986471
        ]
      },
      "properties": {
        "id": 159256089,
        "osm_type": "way",
        "name": "Agricampeggio Casina Rossa",
        "tourism": "camp_site",
        "tents": "yes",
        "contact:phone": "+39 0828 1898384",
        "website": "https://www.casina-rossa.it"
      }
    },
    {
      "type": "Feature",
      "geometry": {
        "type": "Point",
        "coordinates": [
          15.215665,
          40.1154587
        ]
      },
      "properties": {
        "id": 160524029,
        "osm_type": "way",
        "tourism": "chalet"
      }
    },
    {
      "type": "Feature",
      "geometry": {
        "type": "Point",
        "coordinates": [
          15.2170514,
          40.1152439
        ]
      },
      "properties": {
        "id": 160524035,
        "osm_type": "way",
        "tourism": "chalet"
      }
    },
    {
      "type": "Feature",
      "geometry": {
        "type": "Point",
        "coordinates": [
          15.21713,
          40.1146656
        ]
      },
      "properties": {
        "id": 160524049,
        "osm_type": "way",
        "tourism": "chalet"
      }
    },
    {
      "type": "Feature",
      "geometry": {
        "type": "Point",
        "coordinates": [
          14.2478089,
          41.0872862
        ]
      },
      "properties": {
        "id": 160570599,
        "osm_type": "way",
        "tourism": "caravan_site"
      }
    },
    {
      "type": "Feature",
      "geometry": {
        "type": "Point",
        "coordinates": [
          15.5205429,
          40.0739205
        ]
      },
      "properties": {
        "id": 160954511,
        "osm_type": "way",
        "name": "Hotel Pixunte",
        "tourism": "hotel",
        "phone": "+39 0974 984018"
      }
    },
    {
      "type": "Feature",
      "geometry": {
        "type": "Point",
        "coordinates": [
          15.6266774,
          40.0749634
        ]
      },
      "properties": {
        "id": 161935511,
        "osm_type": "way",
        "name": "Vittoria",
        "tourism": "hotel",
        "phone": "+39 0973 391001"
      }
    },
    {
      "type": "Feature",
      "geometry": {
        "type": "Point",
        "coordinates": [
          15.408428,
          40.1677071
        ]
      },
      "properties": {
        "id": 162128831,
        "osm_type": "way",
        "name": "Casa Natura",
        "tourism": "hotel"
      }
    },
    {
      "type": "Feature",
      "geometry": {
        "type": "Point",
        "coordinates": [
          15.6329646,
          40.0745199
        ]
      },
      "properties": {
        "id": 162675342,
        "osm_type": "way",
        "name": "Hotel del Sole al Plebiscito",
        "tourism": "hotel",
        "phone": "+39 0973 603970",
        "website": "www.hotelsoleplebiscito.com"
      }
    },
    {
      "type": "Feature",
      "geometry": {
        "type": "Point",
        "coordinates": [
          15.4171417,
          40.0741202
        ]
      },
      "properties": {
        "id": 163057792,
        "osm_type": "way",
        "name": "Rifugio Tozzo del Moio",
        "tourism": "alpine_hut"
      }
    },
    {
      "type": "Feature",
      "geometry": {
        "type": "Point",
        "coordinates": [
          14.9846955,
          40.5869205
        ]
      },
      "properties": {
        "id": 165769574,
        "osm_type": "way",
        "name": "Hotel San Luca - Centro Congressi",
        "tourism": "hotel"
      }
    },
    {
      "type": "Feature",
      "geometry": {
        "type": "Point",
        "coordinates": [
          15.0350931,
          40.458142
        ]
      },
      "properties": {
        "id": 170820700,
        "osm_type": "way",
        "name": "Agriturismo Masseria Feudo",
        "tourism": "hotel"
      }
    },
    {
      "type": "Feature",
      "geometry": {
        "type": "Point",
        "coordinates": [
          15.2057214,
          40.4912535
        ]
      },
      "properties": {
        "id": 170951369,
        "osm_type": "way",
        "name": "Agricampeggio Pugliese",
        "tourism": "camp_site",
        "tents": "yes",
        "contact:phone": "+39 338 3345465",
        "contact:website": "https://www.areapicnicpugliese.it/"
      }
    },
    {
      "type": "Feature",
      "geometry": {
        "type": "Point",
        "coordinates": [
          15.205671,
          40.4927646
        ]
      },
      "properties": {
        "id": 170951393,
        "osm_type": "way",
        "name": "Area pic nic Ischia di Pietra tonda",
        "tourism": "camp_site",
        "tents": "yes",
        "contact:phone": "+39 331 968 7865"
      }
    },
    {
      "type": "Feature",
      "geometry": {
        "type": "Point",
        "coordinates": [
          14.4985826,
          41.1423789
        ]
      },
      "properties": {
        "id": 182081891,
        "osm_type": "way",
        "tourism": "guest_house"
      }
    },
    {
      "type": "Feature",
      "geometry": {
        "type": "Point",
        "coordinates": [
          15.3196721,
          40.0304665
        ]
      },
      "properties": {
        "id": 186029521,
        "osm_type": "way",
        "name": "Camping Pineta",
        "tourism": "camp_site",
        "tents": "yes"
      }
    },
    {
      "type": "Feature",
      "geometry": {
        "type": "Point",
        "coordinates": [
          15.2851162,
          40.0476704
        ]
      },
      "properties": {
        "id": 186050231,
        "osm_type": "way",
        "name": "Camping Saline",
        "tourism": "camp_site",
        "tents": "yes",
        "phone": "+39 347 3432204",
        "website": "https://www.campingsaline.it/"
      }
    },
    {
      "type": "Feature",
      "geometry": {
        "type": "Point",
        "coordinates": [
          15.3859272,
          40.0175172
        ]
      },
      "properties": {
        "id": 186165521,
        "osm_type": "way",
        "name": "B&B Santa Rosalia",
        "tourism": "hotel"
      }
    },
    {
      "type": "Feature",
      "geometry": {
        "type": "Point",
        "coordinates": [
          14.2445872,
          40.549283
        ]
      },
      "properties": {
        "id": 193761177,
        "osm_type": "way",
        "name": "Grand Hotel Quisisana",
        "tourism": "hotel"
      }
    },
    {
      "type": "Feature",
      "geometry": {
        "type": "Point",
        "coordinates": [
          14.3879074,
          40.8228264
        ]
      },
      "properties": {
        "id": 199120169,
        "osm_type": "way",
        "name": "Park Hotel Vesuvio",
        "tourism": "hotel"
      }
    },
    {
      "type": "Feature",
      "geometry": {
        "type": "Point",
        "coordinates": [
          14.3878699,
          40.8391334
        ]
      },
      "properties": {
        "id": 199231516,
        "osm_type": "way",
        "name": "Agriturismo il Cavaliere",
        "tourism": "guest_house",
        "website": "http://www.agrodelcavaliere.com/"
      }
    },
    {
      "type": "Feature",
      "geometry": {
        "type": "Point",
        "coordinates": [
          15.0972722,
          41.0299901
        ]
      },
      "properties": {
        "id": 202423092,
        "osm_type": "way",
        "name": "La Ginestra",
        "tourism": "motel"
      }
    },
    {
      "type": "Feature",
      "geometry": {
        "type": "Point",
        "coordinates": [
          15.1566481,
          41.0839445
        ]
      },
      "properties": {
        "id": 202427981,
        "osm_type": "way",
        "name": "Agriturismo Petrillo",
        "tourism": "guest_house"
      }
    },
    {
      "type": "Feature",
      "geometry": {
        "type": "Point",
        "coordinates": [
          15.1092547,
          41.0309945
        ]
      },
      "properties": {
        "id": 202709972,
        "osm_type": "way",
        "name": "Casa Reale",
        "tourism": "hotel"
      }
    },
    {
      "type": "Feature",
      "geometry": {
        "type": "Point",
        "coordinates": [
          15.0680977,
          41.0461389
        ]
      },
      "properties": {
        "id": 202975467,
        "osm_type": "way",
        "name": "Villa S.Andrea",
        "tourism": "hotel"
      }
    },
    {
      "type": "Feature",
      "geometry": {
        "type": "Point",
        "coordinates": [
          15.080919,
          41.1354738
        ]
      },
      "properties": {
        "id": 203374753,
        "osm_type": "way",
        "tourism": "hotel"
      }
    },
    {
      "type": "Feature",
      "geometry": {
        "type": "Point",
        "coordinates": [
          15.0818051,
          41.1169293
        ]
      },
      "properties": {
        "id": 203375233,
        "osm_type": "way",
        "name": "Incontro",
        "tourism": "hotel"
      }
    },
    {
      "type": "Feature",
      "geometry": {
        "type": "Point",
        "coordinates": [
          15.1607351,
          41.1127632
        ]
      },
      "properties": {
        "id": 203375898,
        "osm_type": "way",
        "name": "Belvedere",
        "tourism": "hotel"
      }
    },
    {
      "type": "Feature",
      "geometry": {
        "type": "Point",
        "coordinates": [
          14.4941695,
          40.63892
        ]
      },
      "properties": {
        "id": 204217454,
        "osm_type": "way",
        "name": "Caserma Forestale",
        "tourism": "alpine_hut"
      }
    },
    {
      "type": "Feature",
      "geometry": {
        "type": "Point",
        "coordinates": [
          15.2544043,
          40.0890538
        ]
      },
      "properties": {
        "id": 206574084,
        "osm_type": "way",
        "name": "Agriturismo San Carlo",
        "tourism": "guest_house",
        "website": "https://agriturismo-sancarlo.it/"
      }
    },
    {
      "type": "Feature",
      "geometry": {
        "type": "Point",
        "coordinates": [
          15.2950132,
          40.1079189
        ]
      },
      "properties": {
        "id": 206891603,
        "osm_type": "way",
        "name": "Agriturismo Il Forno Antico",
        "tourism": "hotel"
      }
    },
    {
      "type": "Feature",
      "geometry": {
        "type": "Point",
        "coordinates": [
          15.2371575,
          40.107013
        ]
      },
      "properties": {
        "id": 206891609,
        "osm_type": "way",
        "name": "La Locanda del Fiume",
        "tourism": "guest_house",
        "phone": "+39 0974 973876",
        "website": "http://www.amachina.it/"
      }
    },
    {
      "type": "Feature",
      "geometry": {
        "type": "Point",
        "coordinates": [
          15.2989286,
          40.1147048
        ]
      },
      "properties": {
        "id": 206893525,
        "osm_type": "way",
        "name": "Agriturismo Prisco",
        "tourism": "hotel"
      }
    },
    {
      "type": "Feature",
      "geometry": {
        "type": "Point",
        "coordinates": [
          15.2902248,
          40.2239292
        ]
      },
      "properties": {
        "id": 207301398,
        "osm_type": "way",
        "name": "Hotel Gelbison",
        "tourism": "hotel"
      }
    },
    {
      "type": "Feature",
      "geometry": {
        "type": "Point",
        "coordinates": [
          15.4564784,
          40.0720148
        ]
      },
      "properties": {
        "id": 207442166,
        "osm_type": "way",
        "name": "La Locanda di Romeo",
        "tourism": "hotel"
      }
    },
    {
      "type": "Feature",
      "geometry": {
        "type": "Point",
        "coordinates": [
          14.2557319,
          40.8406787
        ]
      },
      "properties": {
        "id": 207466774,
        "osm_type": "way",
        "name": "Hotel Romeo",
        "tourism": "hotel"
      }
    },
    {
      "type": "Feature",
      "geometry": {
        "type": "Point",
        "coordinates": [
          15.2228904,
          40.1677001
        ]
      },
      "properties": {
        "id": 207776792,
        "osm_type": "way",
        "name": "Agriturismo La Favate",
        "tourism": "hotel"
      }
    },
    {
      "type": "Feature",
      "geometry": {
        "type": "Point",
        "coordinates": [
          15.543266,
          40.17304
        ]
      },
      "properties": {
        "id": 207959056,
        "osm_type": "way",
        "name": "Hotel Cavaliere",
        "tourism": "hotel"
      }
    },
    {
      "type": "Feature",
      "geometry": {
        "type": "Point",
        "coordinates": [
          15.5431103,
          40.1726884
        ]
      },
      "properties": {
        "id": 207970906,
        "osm_type": "way",
        "name": "Albergo La Sosta",
        "tourism": "hotel"
      }
    },
    {
      "type": "Feature",
      "geometry": {
        "type": "Point",
        "coordinates": [
          14.3345657,
          41.094527
        ]
      },
      "properties": {
        "id": 208610145,
        "osm_type": "way",
        "name": "Hotel Ristorante Novecento",
        "tourism": "hotel"
      }
    },
    {
      "type": "Feature",
      "geometry": {
        "type": "Point",
        "coordinates": [
          15.3104489,
          40.0340164
        ]
      },
      "properties": {
        "id": 208676103,
        "osm_type": "way",
        "name": "River Sea",
        "tourism": "camp_site",
        "tents": "yes",
        "phone": "+39 0974 931931;+39 350 0154857",
        "website": "https://www.riversea.it/"
      }
    },
    {
      "type": "Feature",
      "geometry": {
        "type": "Point",
        "coordinates": [
          15.3145862,
          40.0344182
        ]
      },
      "properties": {
        "id": 208676106,
        "osm_type": "way",
        "name": "Le Ninfe del Mare",
        "tourism": "camp_site",
        "tents": "yes",
        "phone": "+39 388 8099456",
        "website": "https://www.ninfedelmare.eu/"
      }
    },
    {
      "type": "Feature",
      "geometry": {
        "type": "Point",
        "coordinates": [
          15.4155162,
          40.2070717
        ]
      },
      "properties": {
        "id": 209080549,
        "osm_type": "way",
        "name": "Da Cono",
        "tourism": "hotel"
      }
    },
    {
      "type": "Feature",
      "geometry": {
        "type": "Point",
        "coordinates": [
          15.4260733,
          40.2108288
        ]
      },
      "properties": {
        "id": 209081400,
        "osm_type": "way",
        "name": "La Torretta",
        "tourism": "hotel"
      }
    },
    {
      "type": "Feature",
      "geometry": {
        "type": "Point",
        "coordinates": [
          15.4566487,
          40.1707078
        ]
      },
      "properties": {
        "id": 209081838,
        "osm_type": "way",
        "name": "Il Centauro",
        "tourism": "hotel"
      }
    },
    {
      "type": "Feature",
      "geometry": {
        "type": "Point",
        "coordinates": [
          15.6120225,
          40.0731059
        ]
      },
      "properties": {
        "id": 209353968,
        "osm_type": "way",
        "name": "Elayon Club Residence",
        "tourism": "camp_site",
        "tents": "yes",
        "phone": "+39 0973 603646",
        "website": "www.elayonclub.it/"
      }
    },
    {
      "type": "Feature",
      "geometry": {
        "type": "Point",
        "coordinates": [
          15.4671142,
          40.0817686
        ]
      },
      "properties": {
        "id": 210176381,
        "osm_type": "way",
        "name": "Il refugio del contadino",
        "tourism": "hotel"
      }
    },
    {
      "type": "Feature",
      "geometry": {
        "type": "Point",
        "coordinates": [
          14.5298013,
          40.609853
        ]
      },
      "properties": {
        "id": 211499378,
        "osm_type": "way",
        "name": "Hotel Margherita",
        "tourism": "hotel",
        "website": "https://www.hotelmargherita.info/"
      }
    },
    {
      "type": "Feature",
      "geometry": {
        "type": "Point",
        "coordinates": [
          15.4069996,
          40.2624153
        ]
      },
      "properties": {
        "id": 212649735,
        "osm_type": "way",
        "name": "Tempa del Fico",
        "tourism": "guest_house"
      }
    },
    {
      "type": "Feature",
      "geometry": {
        "type": "Point",
        "coordinates": [
          15.5813643,
          40.1193837
        ]
      },
      "properties": {
        "id": 212780321,
        "osm_type": "way",
        "name": "Casale il Sughero",
        "tourism": "guest_house",
        "website": "https://www.casaleilsughero.com/"
      }
    },
    {
      "type": "Feature",
      "geometry": {
        "type": "Point",
        "coordinates": [
          14.271466,
          40.85163
        ]
      },
      "properties": {
        "id": 213472017,
        "osm_type": "way",
        "name": "Starhotel Terminus",
        "tourism": "hotel"
      }
    },
    {
      "type": "Feature",
      "geometry": {
        "type": "Point",
        "coordinates": [
          15.5238248,
          40.1361969
        ]
      },
      "properties": {
        "id": 214010448,
        "osm_type": "way",
        "name": "Hotel del Parco",
        "tourism": "hotel"
      }
    },
    {
      "type": "Feature",
      "geometry": {
        "type": "Point",
        "coordinates": [
          15.5236142,
          40.1359435
        ]
      },
      "properties": {
        "id": 214010449,
        "osm_type": "way",
        "name": "Locanda Il Salice",
        "tourism": "guest_house"
      }
    },
    {
      "type": "Feature",
      "geometry": {
        "type": "Point",
        "coordinates": [
          15.3017709,
          40.5291967
        ]
      },
      "properties": {
        "id": 216390042,
        "osm_type": "way",
        "tourism": "alpine_hut"
      }
    },
    {
      "type": "Feature",
      "geometry": {
        "type": "Point",
        "coordinates": [
          15.3018468,
          40.5290677
        ]
      },
      "properties": {
        "id": 216390048,
        "osm_type": "way",
        "tourism": "alpine_hut"
      }
    },
    {
      "type": "Feature",
      "geometry": {
        "type": "Point",
        "coordinates": [
          14.2640318,
          40.846312
        ]
      },
      "properties": {
        "id": 216502131,
        "osm_type": "way",
        "name": "Salgar",
        "tourism": "hotel",
        "website": "https://www.h2c.it/ita/h2c_napoli/home.htm"
      }
    },
    {
      "type": "Feature",
      "geometry": {
        "type": "Point",
        "coordinates": [
          14.9419285,
          40.4987842
        ]
      },
      "properties": {
        "id": 217149390,
        "osm_type": "way",
        "name": "Casina Rossa",
        "tourism": "chalet",
        "website": "www.casina-rossa.it"
      }
    },
    {
      "type": "Feature",
      "geometry": {
        "type": "Point",
        "coordinates": [
          14.3342622,
          41.095984
        ]
      },
      "properties": {
        "id": 219077446,
        "osm_type": "way",
        "name": "Manouche Osteria B&B",
        "tourism": "guest_house",
        "phone": "+39 0823 303638",
        "website": "https://www.locandamanouche.it"
      }
    },
    {
      "type": "Feature",
      "geometry": {
        "type": "Point",
        "coordinates": [
          15.224535,
          40.1191798
        ]
      },
      "properties": {
        "id": 220002696,
        "osm_type": "way",
        "name": "Agriturismo Principe di Vallescura",
        "tourism": "guest_house"
      }
    },
    {
      "type": "Feature",
      "geometry": {
        "type": "Point",
        "coordinates": [
          15.1020436,
          40.8021512
        ]
      },
      "properties": {
        "id": 220715250,
        "osm_type": "way",
        "name": "Sosta per Camper",
        "tourism": "caravan_site"
      }
    },
    {
      "type": "Feature",
      "geometry": {
        "type": "Point",
        "coordinates": [
          15.2729273,
          40.2305381
        ]
      },
      "properties": {
        "id": 222164156,
        "osm_type": "way",
        "name": "Hotel Mimì",
        "tourism": "hotel",
        "phone": "+39 0974 4214"
      }
    },
    {
      "type": "Feature",
      "geometry": {
        "type": "Point",
        "coordinates": [
          14.2789485,
          40.8747787
        ]
      },
      "properties": {
        "id": 223707746,
        "osm_type": "way",
        "name": "Millennium Gold Hotel",
        "tourism": "hotel",
        "website": "http://www.milleniumgoldhotel.it/",
        "check_date": "2024-07-27"
      }
    },
    {
      "type": "Feature",
      "geometry": {
        "type": "Point",
        "coordinates": [
          14.3536458,
          40.8162461
        ]
      },
      "properties": {
        "id": 224165493,
        "osm_type": "way",
        "name": "Villa San Gennariello",
        "tourism": "guest_house"
      }
    },
    {
      "type": "Feature",
      "geometry": {
        "type": "Point",
        "coordinates": [
          14.3516958,
          40.8030687
        ]
      },
      "properties": {
        "id": 224165495,
        "osm_type": "way",
        "name": "Golden Mile",
        "tourism": "guest_house"
      }
    },
    {
      "type": "Feature",
      "geometry": {
        "type": "Point",
        "coordinates": [
          14.3470347,
          40.8086008
        ]
      },
      "properties": {
        "id": 224165499,
        "osm_type": "way",
        "name": "I Papiri",
        "tourism": "hotel"
      }
    },
    {
      "type": "Feature",
      "geometry": {
        "type": "Point",
        "coordinates": [
          14.3496083,
          40.80582
        ]
      },
      "properties": {
        "id": 224165500,
        "osm_type": "way",
        "name": "Hotel Ercolano",
        "tourism": "hotel"
      }
    },
    {
      "type": "Feature",
      "geometry": {
        "type": "Point",
        "coordinates": [
          14.1845265,
          40.8208269
        ]
      },
      "properties": {
        "id": 225292366,
        "osm_type": "way",
        "name": "Hotel JFK",
        "tourism": "hotel"
      }
    },
    {
      "type": "Feature",
      "geometry": {
        "type": "Point",
        "coordinates": [
          14.1720895,
          40.8159137
        ]
      },
      "properties": {
        "id": 225413217,
        "osm_type": "way",
        "name": "Hotel Villa Medici",
        "tourism": "hotel"
      }
    },
    {
      "type": "Feature",
      "geometry": {
        "type": "Point",
        "coordinates": [
          14.1802278,
          40.8263101
        ]
      },
      "properties": {
        "id": 226097418,
        "osm_type": "way",
        "name": "San Paolo",
        "tourism": "hotel"
      }
    },
    {
      "type": "Feature",
      "geometry": {
        "type": "Point",
        "coordinates": [
          14.1693431,
          40.8238561
        ]
      },
      "properties": {
        "id": 226357930,
        "osm_type": "way",
        "name": "Hotel Best Western San Germano",
        "tourism": "hotel"
      }
    },
    {
      "type": "Feature",
      "geometry": {
        "type": "Point",
        "coordinates": [
          14.1713518,
          40.8243283
        ]
      },
      "properties": {
        "id": 226358062,
        "osm_type": "way",
        "name": "Hotel Montespina Park",
        "tourism": "hotel"
      }
    },
    {
      "type": "Feature",
      "geometry": {
        "type": "Point",
        "coordinates": [
          14.174774,
          40.8196059
        ]
      },
      "properties": {
        "id": 227659730,
        "osm_type": "way",
        "name": "Hotel Villa Maria",
        "tourism": "hotel"
      }
    },
    {
      "type": "Feature",
      "geometry": {
        "type": "Point",
        "coordinates": [
          15.1109728,
          40.506874
        ]
      },
      "properties": {
        "id": 228251859,
        "osm_type": "way",
        "name": "Agriturismo Mammarella",
        "tourism": "guest_house",
        "phone": "+39 0828 788274",
        "website": "http://www.damammarella.it/"
      }
    },
    {
      "type": "Feature",
      "geometry": {
        "type": "Point",
        "coordinates": [
          14.199655,
          40.8267189
        ]
      },
      "properties": {
        "id": 228600711,
        "osm_type": "way",
        "name": "Hotel Serius",
        "tourism": "hotel"
      }
    },
    {
      "type": "Feature",
      "geometry": {
        "type": "Point",
        "coordinates": [
          14.19884,
          40.8249733
        ]
      },
      "properties": {
        "id": 228604561,
        "osm_type": "way",
        "name": "Leopardi",
        "tourism": "hotel"
      }
    },
    {
      "type": "Feature",
      "geometry": {
        "type": "Point",
        "coordinates": [
          14.1855995,
          40.8208239
        ]
      },
      "properties": {
        "id": 228959449,
        "osm_type": "way",
        "name": "Clara Domus By DomusExtra",
        "tourism": "apartment",
        "phone": "+393784076924",
        "website": "https://clara-domus-by-domusextra.dreaminginrome.com/"
      }
    },
    {
      "type": "Feature",
      "geometry": {
        "type": "Point",
        "coordinates": [
          15.248933,
          40.2297179
        ]
      },
      "properties": {
        "id": 229227361,
        "osm_type": "way",
        "name": "Villa Vincenza",
        "tourism": "guest_house",
        "phone": "+39 347 364 7151",
        "website": "https://www.villavincenza.it/"
      }
    },
    {
      "type": "Feature",
      "geometry": {
        "type": "Point",
        "coordinates": [
          14.35286,
          40.792828
        ]
      },
      "properties": {
        "id": 229326411,
        "osm_type": "way",
        "name": "Puntaquattroventi",
        "tourism": "hotel",
        "phone": "+39 081 777 3041",
        "website": "https://www.hotelpuntaquattroventi.it/"
      }
    },
    {
      "type": "Feature",
      "geometry": {
        "type": "Point",
        "coordinates": [
          13.8563161,
          41.1412097
        ]
      },
      "properties": {
        "id": 229651246,
        "osm_type": "way",
        "name": "Hotel Sinuessa Terme",
        "tourism": "hotel"
      }
    },
    {
      "type": "Feature",
      "geometry": {
        "type": "Point",
        "coordinates": [
          14.6190698,
          40.718255
        ]
      },
      "properties": {
        "id": 231428756,
        "osm_type": "way",
        "name": "Hotel Torre Orsini",
        "tourism": "hotel",
        "contact:phone": "+39 089 856024",
        "contact:website": "http://www.torreorsini.it/"
      }
    },
    {
      "type": "Feature",
      "geometry": {
        "type": "Point",
        "coordinates": [
          14.8160993,
          40.6491549
        ]
      },
      "properties": {
        "id": 231517892,
        "osm_type": "way",
        "name": "Novotel Salerno Est Arechi hotel",
        "tourism": "hotel",
        "phone": "+39 089 9957111",
        "website": "https://www.accorhotels.com/"
      }
    },
    {
      "type": "Feature",
      "geometry": {
        "type": "Point",
        "coordinates": [
          14.67632,
          40.9975186
        ]
      },
      "properties": {
        "id": 234073659,
        "osm_type": "way",
        "name": "Rifugio Mafariello",
        "tourism": "alpine_hut"
      }
    },
    {
      "type": "Feature",
      "geometry": {
        "type": "Point",
        "coordinates": [
          13.8681324,
          40.7496207
        ]
      },
      "properties": {
        "id": 234445620,
        "osm_type": "way",
        "tourism": "hotel"
      }
    },
    {
      "type": "Feature",
      "geometry": {
        "type": "Point",
        "coordinates": [
          13.868524,
          40.7501322
        ]
      },
      "properties": {
        "id": 234445621,
        "osm_type": "way",
        "tourism": "hotel"
      }
    },
    {
      "type": "Feature",
      "geometry": {
        "type": "Point",
        "coordinates": [
          13.8683374,
          40.7494098
        ]
      },
      "properties": {
        "id": 234445627,
        "osm_type": "way",
        "name": "Hotel Terme Tritone",
        "tourism": "hotel"
      }
    },
    {
      "type": "Feature",
      "geometry": {
        "type": "Point",
        "coordinates": [
          14.6036816,
          40.646858
        ]
      },
      "properties": {
        "id": 237087827,
        "osm_type": "way",
        "name": "Casa Falcone B&B",
        "tourism": "guest_house"
      }
    },
    {
      "type": "Feature",
      "geometry": {
        "type": "Point",
        "coordinates": [
          14.0411902,
          40.9016362
        ]
      },
      "properties": {
        "id": 237586978,
        "osm_type": "way",
        "name": "La Costiera",
        "tourism": "hotel"
      }
    },
    {
      "type": "Feature",
      "geometry": {
        "type": "Point",
        "coordinates": [
          13.9130518,
          40.7010169
        ]
      },
      "properties": {
        "id": 239344817,
        "osm_type": "way",
        "name": "Hotel Parco Smeraldo Terme",
        "tourism": "hotel"
      }
    },
    {
      "type": "Feature",
      "geometry": {
        "type": "Point",
        "coordinates": [
          13.9509423,
          40.7420209
        ]
      },
      "properties": {
        "id": 239564780,
        "osm_type": "way",
        "name": "Alexander",
        "tourism": "hotel",
        "check_date": "2024-07-30"
      }
    },
    {
      "type": "Feature",
      "geometry": {
        "type": "Point",
        "coordinates": [
          14.1378296,
          40.8289752
        ]
      },
      "properties": {
        "id": 239974860,
        "osm_type": "way",
        "name": "Campeggio Internazionale Vulcano Solfatara",
        "tourism": "camp_site",
        "tents": "yes",
        "phone": "+39 0815267413",
        "website": "https://www.solfatara.it/campeggio-internazionale-vulcano-solfatara/"
      }
    },
    {
      "type": "Feature",
      "geometry": {
        "type": "Point",
        "coordinates": [
          14.079494,
          40.7928407
        ]
      },
      "properties": {
        "id": 240230349,
        "osm_type": "way",
        "name": "Albergo Miseno",
        "tourism": "hotel"
      }
    },
    {
      "type": "Feature",
      "geometry": {
        "type": "Point",
        "coordinates": [
          14.2540857,
          40.8402973
        ]
      },
      "properties": {
        "id": 240526292,
        "osm_type": "way",
        "name": "Hotel Mercure Angioino",
        "tourism": "hotel",
        "check_date": "2025-11-09"
      }
    },
    {
      "type": "Feature",
      "geometry": {
        "type": "Point",
        "coordinates": [
          15.3707804,
          40.0000658
        ]
      },
      "properties": {
        "id": 241076565,
        "osm_type": "way",
        "name": "Albergo Delfino",
        "tourism": "hotel"
      }
    },
    {
      "type": "Feature",
      "geometry": {
        "type": "Point",
        "coordinates": [
          15.3627229,
          40.0073624
        ]
      },
      "properties": {
        "id": 241249963,
        "osm_type": "way",
        "name": "Il Nido delle Gazze",
        "tourism": "chalet",
        "phone": "+39 333 600 6413"
      }
    },
    {
      "type": "Feature",
      "geometry": {
        "type": "Point",
        "coordinates": [
          15.3819393,
          40.0048929
        ]
      },
      "properties": {
        "id": 241423940,
        "osm_type": "way",
        "name": "Marea Retreat",
        "tourism": "guest_house"
      }
    },
    {
      "type": "Feature",
      "geometry": {
        "type": "Point",
        "coordinates": [
          15.3644061,
          40.0023803
        ]
      },
      "properties": {
        "id": 241500253,
        "osm_type": "way",
        "name": "delle Sirene Villaggio Residence",
        "tourism": "hotel",
        "website": "https://dellesirene.com/"
      }
    },
    {
      "type": "Feature",
      "geometry": {
        "type": "Point",
        "coordinates": [
          14.3622499,
          40.6234621
        ]
      },
      "properties": {
        "id": 242627227,
        "osm_type": "way",
        "name": "Aminta",
        "tourism": "hotel"
      }
    },
    {
      "type": "Feature",
      "geometry": {
        "type": "Point",
        "coordinates": [
          14.5313529,
          40.6108146
        ]
      },
      "properties": {
        "id": 242627883,
        "osm_type": "way",
        "name": "Holiday",
        "tourism": "hotel"
      }
    },
    {
      "type": "Feature",
      "geometry": {
        "type": "Point",
        "coordinates": [
          13.888004,
          40.7517549
        ]
      },
      "properties": {
        "id": 242698469,
        "osm_type": "way",
        "name": "Grand Hotel Terme di Augusto",
        "tourism": "hotel",
        "website": "https://www.termediaugusto.it/"
      }
    },
    {
      "type": "Feature",
      "geometry": {
        "type": "Point",
        "coordinates": [
          13.9526753,
          40.7359344
        ]
      },
      "properties": {
        "id": 242698542,
        "osm_type": "way",
        "tourism": "hotel"
      }
    },
    {
      "type": "Feature",
      "geometry": {
        "type": "Point",
        "coordinates": [
          15.2907947,
          40.0262759
        ]
      },
      "properties": {
        "id": 242944139,
        "osm_type": "way",
        "name": "King's Residence",
        "tourism": "hotel"
      }
    },
    {
      "type": "Feature",
      "geometry": {
        "type": "Point",
        "coordinates": [
          13.9512551,
          40.7384131
        ]
      },
      "properties": {
        "id": 243971979,
        "osm_type": "way",
        "name": "San Giovanni",
        "tourism": "hotel"
      }
    },
    {
      "type": "Feature",
      "geometry": {
        "type": "Point",
        "coordinates": [
          13.9517468,
          40.7422096
        ]
      },
      "properties": {
        "id": 243971980,
        "osm_type": "way",
        "name": "Parco Aurora",
        "tourism": "hotel",
        "check_date": "2024-07-30"
      }
    },
    {
      "type": "Feature",
      "geometry": {
        "type": "Point",
        "coordinates": [
          13.8801406,
          40.7538134
        ]
      },
      "properties": {
        "id": 245594623,
        "osm_type": "way",
        "name": "Albergo Terme San Lorenzo",
        "tourism": "hotel"
      }
    },
    {
      "type": "Feature",
      "geometry": {
        "type": "Point",
        "coordinates": [
          13.8563193,
          40.7354366
        ]
      },
      "properties": {
        "id": 247458280,
        "osm_type": "way",
        "name": "Villa Mafalda",
        "tourism": "hotel",
        "website": "http://www.pensionevillamafalda.it/index.php/it/"
      }
    },
    {
      "type": "Feature",
      "geometry": {
        "type": "Point",
        "coordinates": [
          13.8553799,
          40.7341206
        ]
      },
      "properties": {
        "id": 247458843,
        "osm_type": "way",
        "name": "Royal Sunset",
        "tourism": "hotel",
        "website": "https://www.royalsunsetischia.it/"
      }
    },
    {
      "type": "Feature",
      "geometry": {
        "type": "Point",
        "coordinates": [
          14.2526597,
          40.8411632
        ]
      },
      "properties": {
        "id": 248001879,
        "osm_type": "way",
        "name": "Hotel Palazzo Turchini",
        "tourism": "hotel",
        "phone": "+39 081 5510606",
        "website": "https://www.palazzoturchini.it/"
      }
    },
    {
      "type": "Feature",
      "geometry": {
        "type": "Point",
        "coordinates": [
          14.250513,
          40.8410504
        ]
      },
      "properties": {
        "id": 248307839,
        "osm_type": "way",
        "name": "Renaissance Hotel Mediterraneo",
        "tourism": "hotel",
        "phone": "+39 081 7970001",
        "website": "http://www.mediterraneonapoli.com"
      }
    },
    {
      "type": "Feature",
      "geometry": {
        "type": "Point",
        "coordinates": [
          14.2502232,
          40.842483
        ]
      },
      "properties": {
        "id": 248339338,
        "osm_type": "way",
        "name": "Grand Hotel Oriente",
        "tourism": "hotel",
        "phone": "+39 081 5512133",
        "website": "https://grandhoteloriente.it/"
      }
    },
    {
      "type": "Feature",
      "geometry": {
        "type": "Point",
        "coordinates": [
          14.2392173,
          41.101611
        ]
      },
      "properties": {
        "id": 249196720,
        "osm_type": "way",
        "name": "Agriturismo La Colombaia",
        "tourism": "hotel",
        "phone": "+39 08 23 96 82 62",
        "website": "http://www.lacolombaia.it/prove/agriturismo.html"
      }
    },
    {
      "type": "Feature",
      "geometry": {
        "type": "Point",
        "coordinates": [
          14.2578376,
          40.8449486
        ]
      },
      "properties": {
        "id": 252778258,
        "osm_type": "way",
        "name": "Hotel Naples",
        "tourism": "hotel",
        "website": "https://hotelnaples.hotelsnaples.net",
        "check_date": "2025-11-23"
      }
    },
    {
      "type": "Feature",
      "geometry": {
        "type": "Point",
        "coordinates": [
          14.2632644,
          40.8467654
        ]
      },
      "properties": {
        "id": 253227317,
        "osm_type": "way",
        "name": "Hotel Sant'Eligio",
        "tourism": "hotel"
      }
    },
    {
      "type": "Feature",
      "geometry": {
        "type": "Point",
        "coordinates": [
          14.1845471,
          40.819691
        ]
      },
      "properties": {
        "id": 255928551,
        "osm_type": "way",
        "name": "Hotel Cristina",
        "tourism": "hotel"
      }
    },
    {
      "type": "Feature",
      "geometry": {
        "type": "Point",
        "coordinates": [
          14.6902497,
          40.9660276
        ]
      },
      "properties": {
        "id": 258646301,
        "osm_type": "way",
        "name": "Rifugio Fonte San Giovanni",
        "tourism": "alpine_hut"
      }
    },
    {
      "type": "Feature",
      "geometry": {
        "type": "Point",
        "coordinates": [
          14.7117461,
          40.9443924
        ]
      },
      "properties": {
        "id": 259319817,
        "osm_type": "way",
        "name": "Rifugio",
        "tourism": "alpine_hut"
      }
    },
    {
      "type": "Feature",
      "geometry": {
        "type": "Point",
        "coordinates": [
          14.2646356,
          40.8490431
        ]
      },
      "properties": {
        "id": 259969142,
        "osm_type": "way",
        "name": "Hotel Suite Ares",
        "tourism": "hotel",
        "check_date": "2024-11-13"
      }
    },
    {
      "type": "Feature",
      "geometry": {
        "type": "Point",
        "coordinates": [
          14.2648779,
          40.8476801
        ]
      },
      "properties": {
        "id": 260317119,
        "osm_type": "way",
        "name": "Hotel Fly",
        "tourism": "hotel"
      }
    },
    {
      "type": "Feature",
      "geometry": {
        "type": "Point",
        "coordinates": [
          14.2674809,
          40.8506823
        ]
      },
      "properties": {
        "id": 260318925,
        "osm_type": "way",
        "name": "Casablanca",
        "tourism": "hotel"
      }
    },
    {
      "type": "Feature",
      "geometry": {
        "type": "Point",
        "coordinates": [
          15.0418175,
          40.267407
        ]
      },
      "properties": {
        "id": 260350706,
        "osm_type": "way",
        "tourism": "hotel"
      }
    },
    {
      "type": "Feature",
      "geometry": {
        "type": "Point",
        "coordinates": [
          14.2666088,
          40.8494692
        ]
      },
      "properties": {
        "id": 260432235,
        "osm_type": "way",
        "name": "Hotel Alloggio del Conte",
        "tourism": "hotel"
      }
    },
    {
      "type": "Feature",
      "geometry": {
        "type": "Point",
        "coordinates": [
          15.1631721,
          40.1453153
        ]
      },
      "properties": {
        "id": 260795774,
        "osm_type": "way",
        "tourism": "caravan_site"
      }
    },
    {
      "type": "Feature",
      "geometry": {
        "type": "Point",
        "coordinates": [
          14.2540606,
          40.8471859
        ]
      },
      "properties": {
        "id": 262931638,
        "osm_type": "way",
        "name": "Ecumano",
        "tourism": "hotel"
      }
    },
    {
      "type": "Feature",
      "geometry": {
        "type": "Point",
        "coordinates": [
          14.2534263,
          40.8434702
        ]
      },
      "properties": {
        "id": 262944658,
        "osm_type": "way",
        "name": "Hotel Airone",
        "tourism": "hotel"
      }
    },
    {
      "type": "Feature",
      "geometry": {
        "type": "Point",
        "coordinates": [
          14.4213237,
          41.4012487
        ]
      },
      "properties": {
        "id": 263993746,
        "osm_type": "way",
        "name": "Hotel Miralago",
        "tourism": "hotel"
      }
    },
    {
      "type": "Feature",
      "geometry": {
        "type": "Point",
        "coordinates": [
          14.4213322,
          41.4007886
        ]
      },
      "properties": {
        "id": 263993747,
        "osm_type": "way",
        "name": "Rifugio le Janare",
        "tourism": "guest_house",
        "website": "https://rifugiolejanare.it/web/"
      }
    },
    {
      "type": "Feature",
      "geometry": {
        "type": "Point",
        "coordinates": [
          13.8922009,
          40.7517615
        ]
      },
      "properties": {
        "id": 264021004,
        "osm_type": "way",
        "tourism": "hotel"
      }
    },
    {
      "type": "Feature",
      "geometry": {
        "type": "Point",
        "coordinates": [
          14.2550316,
          40.844592
        ]
      },
      "properties": {
        "id": 265976354,
        "osm_type": "way",
        "name": "Hotel Del Golfo",
        "tourism": "hotel"
      }
    },
    {
      "type": "Feature",
      "geometry": {
        "type": "Point",
        "coordinates": [
          15.0237616,
          40.1813061
        ]
      },
      "properties": {
        "id": 266698715,
        "osm_type": "way",
        "tourism": "hotel"
      }
    },
    {
      "type": "Feature",
      "geometry": {
        "type": "Point",
        "coordinates": [
          14.2589137,
          40.8489612
        ]
      },
      "properties": {
        "id": 267323554,
        "osm_type": "way",
        "name": "Palazzo Decumani",
        "tourism": "hotel"
      }
    },
    {
      "type": "Feature",
      "geometry": {
        "type": "Point",
        "coordinates": [
          15.0453345,
          40.2079623
        ]
      },
      "properties": {
        "id": 268374147,
        "osm_type": "way",
        "name": "Agriturismo Il Mulino",
        "tourism": "hotel",
        "website": "http://www.ilmulinoagriturismo.com"
      }
    },
    {
      "type": "Feature",
      "geometry": {
        "type": "Point",
        "coordinates": [
          13.9560924,
          40.7350891
        ]
      },
      "properties": {
        "id": 271455566,
        "osm_type": "way",
        "name": "Miramare e Castello",
        "tourism": "hotel"
      }
    },
    {
      "type": "Feature",
      "geometry": {
        "type": "Point",
        "coordinates": [
          13.9432018,
          40.7412075
        ]
      },
      "properties": {
        "id": 271791399,
        "osm_type": "way",
        "name": "Grand Hotel delle Terme Re Ferdinando",
        "tourism": "hotel",
        "phone": "+39 081 5070 111",
        "website": "https://www.hotelreferdinandoischia.it/"
      }
    },
    {
      "type": "Feature",
      "geometry": {
        "type": "Point",
        "coordinates": [
          13.8711374,
          41.4175569
        ]
      },
      "properties": {
        "id": 273711757,
        "osm_type": "way",
        "name": "Il Nibbio Reale",
        "tourism": "guest_house",
        "website": "https://www.ilnibbioreale.com/"
      }
    },
    {
      "type": "Feature",
      "geometry": {
        "type": "Point",
        "coordinates": [
          13.9461915,
          40.7356479
        ]
      },
      "properties": {
        "id": 273842615,
        "osm_type": "way",
        "name": "Isola Verde",
        "tourism": "hotel"
      }
    },
    {
      "type": "Feature",
      "geometry": {
        "type": "Point",
        "coordinates": [
          13.9431058,
          40.7424484
        ]
      },
      "properties": {
        "id": 273842621,
        "osm_type": "way",
        "name": "Villa Maria",
        "tourism": "hotel"
      }
    },
    {
      "type": "Feature",
      "geometry": {
        "type": "Point",
        "coordinates": [
          13.9450438,
          40.7412684
        ]
      },
      "properties": {
        "id": 273905486,
        "osm_type": "way",
        "name": "Hotel Rosetta",
        "tourism": "hotel"
      }
    },
    {
      "type": "Feature",
      "geometry": {
        "type": "Point",
        "coordinates": [
          13.9459364,
          40.7404911
        ]
      },
      "properties": {
        "id": 273989363,
        "osm_type": "way",
        "name": "Hotel Terme Felix",
        "tourism": "hotel",
        "phone": "+39 081 991 201",
        "website": "https://www.hotelfelix.it/"
      }
    },
    {
      "type": "Feature",
      "geometry": {
        "type": "Point",
        "coordinates": [
          15.0455777,
          40.320582
        ]
      },
      "properties": {
        "id": 275960052,
        "osm_type": "way",
        "name": "Torre Mangone",
        "tourism": "guest_house"
      }
    },
    {
      "type": "Feature",
      "geometry": {
        "type": "Point",
        "coordinates": [
          15.3725533,
          40.0027946
        ]
      },
      "properties": {
        "id": 277889545,
        "osm_type": "way",
        "name": "Residence Baia Infreschi",
        "tourism": "hotel"
      }
    },
    {
      "type": "Feature",
      "geometry": {
        "type": "Point",
        "coordinates": [
          14.7572816,
          40.6801691
        ]
      },
      "properties": {
        "id": 278278361,
        "osm_type": "way",
        "name": "Conservatorio Ave Gratia Plena Minor",
        "tourism": "hostel"
      }
    },
    {
      "type": "Feature",
      "geometry": {
        "type": "Point",
        "coordinates": [
          13.800619,
          41.1975664
        ]
      },
      "properties": {
        "id": 281842703,
        "osm_type": "way",
        "tourism": "hotel"
      }
    },
    {
      "type": "Feature",
      "geometry": {
        "type": "Point",
        "coordinates": [
          13.8972326,
          40.7508028
        ]
      },
      "properties": {
        "id": 286214591,
        "osm_type": "way",
        "name": "Hotel Antares Ischia",
        "tourism": "hotel",
        "website": "hotelantares.it"
      }
    },
    {
      "type": "Feature",
      "geometry": {
        "type": "Point",
        "coordinates": [
          15.0763602,
          40.4267416
        ]
      },
      "properties": {
        "id": 286838787,
        "osm_type": "way",
        "name": "Hotel e Casa di Riposo per Anziani Excelsior",
        "tourism": "hotel",
        "website": "https://www.residenzaexcelsior.it/"
      }
    },
    {
      "type": "Feature",
      "geometry": {
        "type": "Point",
        "coordinates": [
          13.9430882,
          40.7348031
        ]
      },
      "properties": {
        "id": 287698607,
        "osm_type": "way",
        "name": "Residence Macapà",
        "tourism": "hotel"
      }
    },
    {
      "type": "Feature",
      "geometry": {
        "type": "Point",
        "coordinates": [
          15.1175023,
          40.7476452
        ]
      },
      "properties": {
        "id": 292629055,
        "osm_type": "way",
        "name": "Casone del Gaudo",
        "tourism": "alpine_hut"
      }
    },
    {
      "type": "Feature",
      "geometry": {
        "type": "Point",
        "coordinates": [
          14.5251271,
          40.7138785
        ]
      },
      "properties": {
        "id": 294434479,
        "osm_type": "way",
        "tourism": "hotel"
      }
    },
    {
      "type": "Feature",
      "geometry": {
        "type": "Point",
        "coordinates": [
          15.6247182,
          40.1477668
        ]
      },
      "properties": {
        "id": 295017368,
        "osm_type": "way",
        "name": "Palazzo Gallotti",
        "tourism": "guest_house",
        "website": "http://www.palazzogallotti.it"
      }
    },
    {
      "type": "Feature",
      "geometry": {
        "type": "Point",
        "coordinates": [
          14.2637428,
          40.8506781
        ]
      },
      "properties": {
        "id": 295088643,
        "osm_type": "way",
        "name": "Agorà Mura Greche B&B",
        "tourism": "guest_house",
        "website": "https://www.facebook.com/pg/BB-Agor%C3%A0-Mura-Greche-268377017177778/"
      }
    },
    {
      "type": "Feature",
      "geometry": {
        "type": "Point",
        "coordinates": [
          14.2661553,
          40.8512974
        ]
      },
      "properties": {
        "id": 295362180,
        "osm_type": "way",
        "name": "Hotel San Pietro",
        "tourism": "hotel"
      }
    },
    {
      "type": "Feature",
      "geometry": {
        "type": "Point",
        "coordinates": [
          13.8647111,
          40.7200357
        ]
      },
      "properties": {
        "id": 297582955,
        "osm_type": "way",
        "name": "Villa \"Monte Citara\"",
        "tourism": "apartment",
        "contact:website": "http://www.ischia-fewo.com/"
      }
    },
    {
      "type": "Feature",
      "geometry": {
        "type": "Point",
        "coordinates": [
          15.0573575,
          40.6157941
        ]
      },
      "properties": {
        "id": 301961740,
        "osm_type": "way",
        "name": "Hotel Cristal",
        "tourism": "hotel"
      }
    },
    {
      "type": "Feature",
      "geometry": {
        "type": "Point",
        "coordinates": [
          15.0533207,
          40.6130476
        ]
      },
      "properties": {
        "id": 301961754,
        "osm_type": "way",
        "name": "Hotel Grazia",
        "tourism": "hotel"
      }
    },
    {
      "type": "Feature",
      "geometry": {
        "type": "Point",
        "coordinates": [
          14.8188552,
          41.1078864
        ]
      },
      "properties": {
        "id": 301975349,
        "osm_type": "way",
        "name": "Hotel De La Ville & Centro Congressi",
        "tourism": "hotel"
      }
    },
    {
      "type": "Feature",
      "geometry": {
        "type": "Point",
        "coordinates": [
          14.3696028,
          40.6272203
        ]
      },
      "properties": {
        "id": 301978864,
        "osm_type": "way",
        "name": "Hotel Regina",
        "tourism": "hotel",
        "website": "https://www.hotelreginasorrento.com/"
      }
    },
    {
      "type": "Feature",
      "geometry": {
        "type": "Point",
        "coordinates": [
          14.3702932,
          40.6274171
        ]
      },
      "properties": {
        "id": 301978865,
        "osm_type": "way",
        "name": "Hotel Bellevue Sirene",
        "tourism": "hotel",
        "website": "https://www.bellevue.it/"
      }
    },
    {
      "type": "Feature",
      "geometry": {
        "type": "Point",
        "coordinates": [
          14.3700888,
          40.6270236
        ]
      },
      "properties": {
        "id": 301978881,
        "osm_type": "way",
        "name": "Continental Hotel",
        "tourism": "hotel",
        "website": "https://www.continentalsorrento.com/"
      }
    },
    {
      "type": "Feature",
      "geometry": {
        "type": "Point",
        "coordinates": [
          14.3582203,
          40.6286863
        ]
      },
      "properties": {
        "id": 302370309,
        "osm_type": "way",
        "name": "Santa Fortunata",
        "tourism": "camp_site",
        "tents": "yes",
        "contact:website": "http://www.santafortunata.com"
      }
    },
    {
      "type": "Feature",
      "geometry": {
        "type": "Point",
        "coordinates": [
          14.0138466,
          40.7526737
        ]
      },
      "properties": {
        "id": 302508151,
        "osm_type": "way",
        "tourism": "hotel"
      }
    },
    {
      "type": "Feature",
      "geometry": {
        "type": "Point",
        "coordinates": [
          13.8931804,
          40.6974968
        ]
      },
      "properties": {
        "id": 302705034,
        "osm_type": "way",
        "tourism": "guest_house"
      }
    },
    {
      "type": "Feature",
      "geometry": {
        "type": "Point",
        "coordinates": [
          14.0123572,
          40.7596992
        ]
      },
      "properties": {
        "id": 302780013,
        "osm_type": "way",
        "name": "Le Grand Bleu",
        "tourism": "hotel"
      }
    },
    {
      "type": "Feature",
      "geometry": {
        "type": "Point",
        "coordinates": [
          14.8175318,
          41.0975249
        ]
      },
      "properties": {
        "id": 303650404,
        "osm_type": "way",
        "name": "U'Casino de Paola",
        "tourism": "hostel"
      }
    },
    {
      "type": "Feature",
      "geometry": {
        "type": "Point",
        "coordinates": [
          13.8852839,
          40.754414
        ]
      },
      "properties": {
        "id": 304176528,
        "osm_type": "way",
        "name": "L'Albergo Della Regina Isabella",
        "tourism": "hotel"
      }
    },
    {
      "type": "Feature",
      "geometry": {
        "type": "Point",
        "coordinates": [
          15.5379057,
          40.0749238
        ]
      },
      "properties": {
        "id": 304834797,
        "osm_type": "way",
        "name": "Camping & Villaggio turistico 3G",
        "tourism": "camp_site",
        "contact:phone": "+39 0973 323079",
        "contact:website": "https://www.camping3g.it/"
      }
    },
    {
      "type": "Feature",
      "geometry": {
        "type": "Point",
        "coordinates": [
          15.5044342,
          40.4447831
        ]
      },
      "properties": {
        "id": 305271053,
        "osm_type": "way",
        "name": "Hotel Tanagro",
        "tourism": "hotel"
      }
    },
    {
      "type": "Feature",
      "geometry": {
        "type": "Point",
        "coordinates": [
          14.5362705,
          41.2110095
        ]
      },
      "properties": {
        "id": 305391171,
        "osm_type": "way",
        "name": "Hotel del Lago",
        "tourism": "hotel",
        "website": "https://www.hoteldellago.biz/"
      }
    },
    {
      "type": "Feature",
      "geometry": {
        "type": "Point",
        "coordinates": [
          15.5750995,
          40.0793948
        ]
      },
      "properties": {
        "id": 305525050,
        "osm_type": "way",
        "name": "Europa Unita Camping Village",
        "tourism": "camp_site",
        "tents": "yes",
        "contact:phone": "+39 0973 365131",
        "contact:website": "https://www.europaunitasolemare.com/"
      }
    },
    {
      "type": "Feature",
      "geometry": {
        "type": "Point",
        "coordinates": [
          15.6014289,
          40.265636
        ]
      },
      "properties": {
        "id": 305672812,
        "osm_type": "way",
        "name": "Agriturismo Il Giardino dei Ciliegi",
        "tourism": "guest_house",
        "phone": "+39 346 2117477",
        "website": "http://ilgiardinodelciliegio.it"
      }
    },
    {
      "type": "Feature",
      "geometry": {
        "type": "Point",
        "coordinates": [
          14.3254401,
          41.0369403
        ]
      },
      "properties": {
        "id": 306150815,
        "osm_type": "way",
        "name": "Grand Hotel Vanvitelli",
        "tourism": "hotel",
        "phone": "+39 0823 217111",
        "website": "https://www.grandhotelvanvitelli.it/",
        "check_date": "2026-01-28"
      }
    },
    {
      "type": "Feature",
      "geometry": {
        "type": "Point",
        "coordinates": [
          14.6383406,
          40.7387089
        ]
      },
      "properties": {
        "id": 306180521,
        "osm_type": "way",
        "name": "Hotel Sole",
        "tourism": "hotel"
      }
    },
    {
      "type": "Feature",
      "geometry": {
        "type": "Point",
        "coordinates": [
          14.6266476,
          40.7346311
        ]
      },
      "properties": {
        "id": 306362142,
        "osm_type": "way",
        "tourism": "hotel"
      }
    },
    {
      "type": "Feature",
      "geometry": {
        "type": "Point",
        "coordinates": [
          13.9114552,
          40.7471438
        ]
      },
      "properties": {
        "id": 307155110,
        "osm_type": "way",
        "name": "ELMA Park Hotel Terme e Benessere",
        "tourism": "hotel"
      }
    },
    {
      "type": "Feature",
      "geometry": {
        "type": "Point",
        "coordinates": [
          13.9052935,
          40.7479126
        ]
      },
      "properties": {
        "id": 307156384,
        "osm_type": "way",
        "name": "Gran Paradiso",
        "tourism": "hotel"
      }
    },
    {
      "type": "Feature",
      "geometry": {
        "type": "Point",
        "coordinates": [
          13.8835696,
          40.7414908
        ]
      },
      "properties": {
        "id": 307256639,
        "osm_type": "way",
        "name": "Hotel Carlo Magno",
        "tourism": "hotel"
      }
    },
    {
      "type": "Feature",
      "geometry": {
        "type": "Point",
        "coordinates": [
          13.9198276,
          40.7504766
        ]
      },
      "properties": {
        "id": 307279633,
        "osm_type": "way",
        "name": "La madonnina",
        "tourism": "hotel",
        "phone": "+39 081 333 0170",
        "website": "https://www.hotellamadonnina.it/"
      }
    },
    {
      "type": "Feature",
      "geometry": {
        "type": "Point",
        "coordinates": [
          13.9312666,
          40.7453872
        ]
      },
      "properties": {
        "id": 307319288,
        "osm_type": "way",
        "name": "Hotel Le Querce",
        "tourism": "hotel",
        "phone": "+39 081 98 23 78",
        "website": "https://www.hotellequerce.it/"
      }
    },
    {
      "type": "Feature",
      "geometry": {
        "type": "Point",
        "coordinates": [
          13.9273869,
          40.7461025
        ]
      },
      "properties": {
        "id": 307319292,
        "osm_type": "way",
        "name": "Villa Marinella",
        "tourism": "guest_house",
        "website": "https://www.villamarinellaischia.it/"
      }
    },
    {
      "type": "Feature",
      "geometry": {
        "type": "Point",
        "coordinates": [
          13.9283228,
          40.7463432
        ]
      },
      "properties": {
        "id": 307319390,
        "osm_type": "way",
        "name": "Hotel Myage",
        "tourism": "hotel",
        "phone": "+39 081 277 7760",
        "website": "https://www.hotelmyage.it/"
      }
    },
    {
      "type": "Feature",
      "geometry": {
        "type": "Point",
        "coordinates": [
          13.9418357,
          40.7396437
        ]
      },
      "properties": {
        "id": 307319403,
        "osm_type": "way",
        "name": "Royal Terme",
        "tourism": "hotel"
      }
    },
    {
      "type": "Feature",
      "geometry": {
        "type": "Point",
        "coordinates": [
          13.9491368,
          40.7424983
        ]
      },
      "properties": {
        "id": 307327102,
        "osm_type": "way",
        "tourism": "hotel"
      }
    },
    {
      "type": "Feature",
      "geometry": {
        "type": "Point",
        "coordinates": [
          13.946747,
          40.7410768
        ]
      },
      "properties": {
        "id": 307327223,
        "osm_type": "way",
        "name": "Hotel La Villarosa",
        "tourism": "hotel",
        "check_date": "2026-04-25"
      }
    },
    {
      "type": "Feature",
      "geometry": {
        "type": "Point",
        "coordinates": [
          13.9459203,
          40.7414067
        ]
      },
      "properties": {
        "id": 307327226,
        "osm_type": "way",
        "name": "Wellness Hotel Flora",
        "tourism": "hotel",
        "phone": "+39 081 991 502",
        "website": "https://www.hotelischiawellnessflora.it/"
      }
    },
    {
      "type": "Feature",
      "geometry": {
        "type": "Point",
        "coordinates": [
          13.9489169,
          40.7414328
        ]
      },
      "properties": {
        "id": 307327299,
        "osm_type": "way",
        "name": "Hotel Floridiana Terme",
        "tourism": "hotel",
        "website": "https://www.hotelfloridianaischia.com/",
        "check_date": "2024-07-30"
      }
    },
    {
      "type": "Feature",
      "geometry": {
        "type": "Point",
        "coordinates": [
          13.9479197,
          40.7427493
        ]
      },
      "properties": {
        "id": 307327756,
        "osm_type": "way",
        "name": "Hotel Solemar",
        "tourism": "hotel",
        "website": "https://www.hotelsolemar.it/"
      }
    },
    {
      "type": "Feature",
      "geometry": {
        "type": "Point",
        "coordinates": [
          13.9482147,
          40.7426866
        ]
      },
      "properties": {
        "id": 307328119,
        "osm_type": "way",
        "name": "Hotel Rivamare",
        "tourism": "hotel",
        "phone": "+39 081 992121",
        "website": "https://www.rivamareischia.it/"
      }
    },
    {
      "type": "Feature",
      "geometry": {
        "type": "Point",
        "coordinates": [
          15.1368056,
          40.1692333
        ]
      },
      "properties": {
        "id": 308283051,
        "osm_type": "way",
        "name": "Donnarumma Hotel",
        "tourism": "hotel",
        "website": "https://donnarummahotel.it/"
      }
    },
    {
      "type": "Feature",
      "geometry": {
        "type": "Point",
        "coordinates": [
          14.2443146,
          40.8433106
        ]
      },
      "properties": {
        "id": 308702987,
        "osm_type": "way",
        "name": "Hotel San Francesco al Monte",
        "tourism": "hotel",
        "check_date": "2025-09-28"
      }
    },
    {
      "type": "Feature",
      "geometry": {
        "type": "Point",
        "coordinates": [
          14.5681006,
          40.7216172
        ]
      },
      "properties": {
        "id": 309092753,
        "osm_type": "way",
        "tourism": "alpine_hut",
        "website": "http://www.moscardiniangri.it"
      }
    },
    {
      "type": "Feature",
      "geometry": {
        "type": "Point",
        "coordinates": [
          13.8804599,
          40.703748
        ]
      },
      "properties": {
        "id": 311152039,
        "osm_type": "way",
        "name": "Hotel Castiglione Village and Spa",
        "tourism": "hotel"
      }
    },
    {
      "type": "Feature",
      "geometry": {
        "type": "Point",
        "coordinates": [
          13.8874773,
          40.7008912
        ]
      },
      "properties": {
        "id": 311163463,
        "osm_type": "way",
        "name": "Villa Bina Ischia",
        "tourism": "hotel",
        "phone": "+39 3511928500",
        "website": "https://www.villabinaischia.com/"
      }
    },
    {
      "type": "Feature",
      "geometry": {
        "type": "Point",
        "coordinates": [
          13.8862665,
          40.7020571
        ]
      },
      "properties": {
        "id": 311163493,
        "osm_type": "way",
        "name": "Hotel Margherita",
        "tourism": "hotel",
        "website": "www.hmargherita.it"
      }
    },
    {
      "type": "Feature",
      "geometry": {
        "type": "Point",
        "coordinates": [
          13.9503519,
          40.7390472
        ]
      },
      "properties": {
        "id": 311409196,
        "osm_type": "way",
        "name": "Hotel Regina Palace Terme",
        "tourism": "hotel",
        "phone": "+39 081991344",
        "website": "https://www.reginapalaceischia.it/"
      }
    },
    {
      "type": "Feature",
      "geometry": {
        "type": "Point",
        "coordinates": [
          13.9528723,
          40.7408379
        ]
      },
      "properties": {
        "id": 311409200,
        "osm_type": "way",
        "tourism": "hotel"
      }
    },
    {
      "type": "Feature",
      "geometry": {
        "type": "Point",
        "coordinates": [
          14.37601,
          41.3852475
        ]
      },
      "properties": {
        "id": 311878745,
        "osm_type": "way",
        "name": "Hotel MonteMiletto",
        "tourism": "hotel",
        "phone": "+39 0823 919009"
      }
    },
    {
      "type": "Feature",
      "geometry": {
        "type": "Point",
        "coordinates": [
          14.5858592,
          40.6656011
        ]
      },
      "properties": {
        "id": 311995147,
        "osm_type": "way",
        "name": "Santa Maria dei Monti",
        "tourism": "alpine_hut",
        "phone": "+39 089 842 1975",
        "website": "https://www.rifugiosantamaria.com"
      }
    },
    {
      "type": "Feature",
      "geometry": {
        "type": "Point",
        "coordinates": [
          14.4356906,
          40.6753937
        ]
      },
      "properties": {
        "id": 315303135,
        "osm_type": "way",
        "name": "Capo la Gala",
        "tourism": "hotel"
      }
    },
    {
      "type": "Feature",
      "geometry": {
        "type": "Point",
        "coordinates": [
          14.1710312,
          40.8269962
        ]
      },
      "properties": {
        "id": 318739377,
        "osm_type": "way",
        "name": "Hotel Terme di Agnano",
        "tourism": "hotel"
      }
    },
    {
      "type": "Feature",
      "geometry": {
        "type": "Point",
        "coordinates": [
          14.1750274,
          40.8372084
        ]
      },
      "properties": {
        "id": 320795813,
        "osm_type": "way",
        "name": "Kursaal",
        "tourism": "hotel"
      }
    },
    {
      "type": "Feature",
      "geometry": {
        "type": "Point",
        "coordinates": [
          14.2667212,
          40.8527562
        ]
      },
      "properties": {
        "id": 320851170,
        "osm_type": "way",
        "name": "San Giorgio",
        "tourism": "hotel"
      }
    },
    {
      "type": "Feature",
      "geometry": {
        "type": "Point",
        "coordinates": [
          14.2705686,
          40.85059
        ]
      },
      "properties": {
        "id": 321275809,
        "osm_type": "way",
        "name": "Hotel Ibis Style",
        "tourism": "hotel",
        "opening_hours": "24/7",
        "phone": "+39 081 690 8111",
        "website": "https://all.accor.com/hotel/3243/index.it.shtml",
        "check_date": "2025-10-31"
      }
    },
    {
      "type": "Feature",
      "geometry": {
        "type": "Point",
        "coordinates": [
          14.2719166,
          40.8511736
        ]
      },
      "properties": {
        "id": 321522992,
        "osm_type": "way",
        "name": "Hotel D'Anna",
        "tourism": "hotel"
      }
    },
    {
      "type": "Feature",
      "geometry": {
        "type": "Point",
        "coordinates": [
          14.268565,
          40.8541779
        ]
      },
      "properties": {
        "id": 327676827,
        "osm_type": "way",
        "name": "Hotel Best Western Plaza",
        "tourism": "hotel",
        "check_date": "2025-08-27"
      }
    },
    {
      "type": "Feature",
      "geometry": {
        "type": "Point",
        "coordinates": [
          14.2746185,
          40.8502813
        ]
      },
      "properties": {
        "id": 329344899,
        "osm_type": "way",
        "name": "Hotel Ramada Naples",
        "tourism": "hotel"
      }
    },
    {
      "type": "Feature",
      "geometry": {
        "type": "Point",
        "coordinates": [
          14.4757014,
          41.4149398
        ]
      },
      "properties": {
        "id": 329470188,
        "osm_type": "way",
        "name": "Rifugio Ecocampus Valle di Santa Maria",
        "tourism": "alpine_hut",
        "phone": "+39 3687398441"
      }
    },
    {
      "type": "Feature",
      "geometry": {
        "type": "Point",
        "coordinates": [
          14.4693466,
          41.4126707
        ]
      },
      "properties": {
        "id": 329475501,
        "osm_type": "way",
        "name": "Rifugio M. Orso. Cai",
        "tourism": "alpine_hut"
      }
    },
    {
      "type": "Feature",
      "geometry": {
        "type": "Point",
        "coordinates": [
          14.4599903,
          41.4215116
        ]
      },
      "properties": {
        "id": 329912742,
        "osm_type": "way",
        "name": "Rifugio Vallatari",
        "tourism": "alpine_hut"
      }
    },
    {
      "type": "Feature",
      "geometry": {
        "type": "Point",
        "coordinates": [
          14.2656385,
          40.8618873
        ]
      },
      "properties": {
        "id": 330085803,
        "osm_type": "way",
        "name": "Hotel Ferdinando II",
        "tourism": "hotel",
        "check_date": "2024-11-17"
      }
    },
    {
      "type": "Feature",
      "geometry": {
        "type": "Point",
        "coordinates": [
          14.5716147,
          40.6259185
        ]
      },
      "properties": {
        "id": 330999704,
        "osm_type": "way",
        "tourism": "hostel"
      }
    },
    {
      "type": "Feature",
      "geometry": {
        "type": "Point",
        "coordinates": [
          14.5916382,
          40.7329043
        ]
      },
      "properties": {
        "id": 331039733,
        "osm_type": "way",
        "name": "Luna Rossa",
        "tourism": "motel"
      }
    },
    {
      "type": "Feature",
      "geometry": {
        "type": "Point",
        "coordinates": [
          14.5676332,
          40.6230751
        ]
      },
      "properties": {
        "id": 331073744,
        "osm_type": "way",
        "tourism": "hotel"
      }
    },
    {
      "type": "Feature",
      "geometry": {
        "type": "Point",
        "coordinates": [
          14.5668715,
          40.6232204
        ]
      },
      "properties": {
        "id": 331073745,
        "osm_type": "way",
        "tourism": "hotel"
      }
    },
    {
      "type": "Feature",
      "geometry": {
        "type": "Point",
        "coordinates": [
          14.5671464,
          40.6231837
        ]
      },
      "properties": {
        "id": 331073746,
        "osm_type": "way",
        "tourism": "hotel"
      }
    },
    {
      "type": "Feature",
      "geometry": {
        "type": "Point",
        "coordinates": [
          14.5663731,
          40.6246288
        ]
      },
      "properties": {
        "id": 331157263,
        "osm_type": "way",
        "name": "Beata Solitudo Campeggio",
        "tourism": "camp_site",
        "tents": "yes",
        "phone": "+390818025048",
        "website": "https://www.beatasolitudo.it"
      }
    },
    {
      "type": "Feature",
      "geometry": {
        "type": "Point",
        "coordinates": [
          14.5773798,
          40.6207967
        ]
      },
      "properties": {
        "id": 331157272,
        "osm_type": "way",
        "name": "Monastero",
        "tourism": "hotel"
      }
    },
    {
      "type": "Feature",
      "geometry": {
        "type": "Point",
        "coordinates": [
          14.27117,
          40.854438
        ]
      },
      "properties": {
        "id": 331706778,
        "osm_type": "way",
        "name": "Hotel Eden",
        "tourism": "hotel",
        "check_date": "2025-07-19"
      }
    },
    {
      "type": "Feature",
      "geometry": {
        "type": "Point",
        "coordinates": [
          14.2572934,
          40.8644575
        ]
      },
      "properties": {
        "id": 335877152,
        "osm_type": "way",
        "name": "La Torre di Ro'",
        "tourism": "guest_house",
        "phone": "+39 081 45 77 11",
        "website": "http://www.latorrediro.com/"
      }
    },
    {
      "type": "Feature",
      "geometry": {
        "type": "Point",
        "coordinates": [
          14.2481808,
          40.8301948
        ]
      },
      "properties": {
        "id": 337012555,
        "osm_type": "way",
        "name": "Grand Hotel Vesuvio",
        "tourism": "hotel"
      }
    },
    {
      "type": "Feature",
      "geometry": {
        "type": "Point",
        "coordinates": [
          14.2487304,
          40.8284381
        ]
      },
      "properties": {
        "id": 338172805,
        "osm_type": "way",
        "name": "Hotel Transatlantico",
        "tourism": "hotel"
      }
    },
    {
      "type": "Feature",
      "geometry": {
        "type": "Point",
        "coordinates": [
          14.6427535,
          40.6538003
        ]
      },
      "properties": {
        "id": 338800883,
        "osm_type": "way",
        "name": "Hotel San Pietro",
        "tourism": "hotel"
      }
    },
    {
      "type": "Feature",
      "geometry": {
        "type": "Point",
        "coordinates": [
          14.6389626,
          40.6491827
        ]
      },
      "properties": {
        "id": 338809241,
        "osm_type": "way",
        "name": "Hotel Panorama",
        "tourism": "hotel",
        "check_date": "2025-07-22"
      }
    },
    {
      "type": "Feature",
      "geometry": {
        "type": "Point",
        "coordinates": [
          14.6309271,
          40.649492
        ]
      },
      "properties": {
        "id": 343010324,
        "osm_type": "way",
        "name": "Casa San Michele",
        "tourism": "guest_house",
        "check_date": "2025-07-24"
      }
    },
    {
      "type": "Feature",
      "geometry": {
        "type": "Point",
        "coordinates": [
          14.8404625,
          41.377153
        ]
      },
      "properties": {
        "id": 343068391,
        "osm_type": "way",
        "tourism": "hotel"
      }
    },
    {
      "type": "Feature",
      "geometry": {
        "type": "Point",
        "coordinates": [
          14.2374356,
          40.835994
        ]
      },
      "properties": {
        "id": 343502865,
        "osm_type": "way",
        "name": "Hotel Majestic",
        "tourism": "hotel",
        "check_date": "2022-07-05"
      }
    },
    {
      "type": "Feature",
      "geometry": {
        "type": "Point",
        "coordinates": [
          14.4710363,
          40.6701553
        ]
      },
      "properties": {
        "id": 346771052,
        "osm_type": "way",
        "name": "Hotel Sant'Angelo",
        "tourism": "hotel",
        "phone": "+39 0818793042"
      }
    },
    {
      "type": "Feature",
      "geometry": {
        "type": "Point",
        "coordinates": [
          14.643575,
          40.6760034
        ]
      },
      "properties": {
        "id": 351196946,
        "osm_type": "way",
        "name": "Residence Pucara",
        "tourism": "hotel"
      }
    },
    {
      "type": "Feature",
      "geometry": {
        "type": "Point",
        "coordinates": [
          14.6447239,
          40.676988
        ]
      },
      "properties": {
        "id": 351198467,
        "osm_type": "way",
        "name": "Pietrarosa B&G",
        "tourism": "hotel"
      }
    },
    {
      "type": "Feature",
      "geometry": {
        "type": "Point",
        "coordinates": [
          14.5605389,
          41.0499526
        ]
      },
      "properties": {
        "id": 351927073,
        "osm_type": "way",
        "name": "My Place Hotel Residence",
        "tourism": "hotel",
        "phone": "+39 0823713074"
      }
    },
    {
      "type": "Feature",
      "geometry": {
        "type": "Point",
        "coordinates": [
          14.3622356,
          40.6268849
        ]
      },
      "properties": {
        "id": 358548548,
        "osm_type": "way",
        "name": "La Badia",
        "tourism": "hotel"
      }
    },
    {
      "type": "Feature",
      "geometry": {
        "type": "Point",
        "coordinates": [
          14.6261205,
          40.6497235
        ]
      },
      "properties": {
        "id": 359217518,
        "osm_type": "way",
        "name": "Hotel Caporal",
        "tourism": "hotel",
        "phone": "+39 089877408",
        "website": "www.hotelcaporal.com",
        "check_date": "2026-03-21"
      }
    },
    {
      "type": "Feature",
      "geometry": {
        "type": "Point",
        "coordinates": [
          15.6261995,
          40.0746388
        ]
      },
      "properties": {
        "id": 360948532,
        "osm_type": "way",
        "name": "Locanda Dei Trecento",
        "tourism": "hotel",
        "phone": "+39 0973 603160",
        "website": "https://www.locandadeitrecento.it/"
      }
    },
    {
      "type": "Feature",
      "geometry": {
        "type": "Point",
        "coordinates": [
          15.0033283,
          40.3630789
        ]
      },
      "properties": {
        "id": 361815158,
        "osm_type": "way",
        "name": "Ostello della Gioventù La Lanterna",
        "tourism": "hostel"
      }
    },
    {
      "type": "Feature",
      "geometry": {
        "type": "Point",
        "coordinates": [
          15.3351168,
          40.5204058
        ]
      },
      "properties": {
        "id": 362591684,
        "osm_type": "way",
        "name": "Casone Le Breccie",
        "tourism": "alpine_hut"
      }
    },
    {
      "type": "Feature",
      "geometry": {
        "type": "Point",
        "coordinates": [
          15.2875766,
          40.5292727
        ]
      },
      "properties": {
        "id": 362606459,
        "osm_type": "way",
        "name": "rifugio Rizzo",
        "tourism": "alpine_hut"
      }
    },
    {
      "type": "Feature",
      "geometry": {
        "type": "Point",
        "coordinates": [
          14.3321976,
          41.0758035
        ]
      },
      "properties": {
        "id": 367216181,
        "osm_type": "way",
        "name": "Hotel dei Cavalieri",
        "tourism": "hotel",
        "phone": "+390823355520",
        "website": "https://www.deicavaliericaserta.com/"
      }
    },
    {
      "type": "Feature",
      "geometry": {
        "type": "Point",
        "coordinates": [
          14.6125913,
          40.6593493
        ]
      },
      "properties": {
        "id": 367815982,
        "osm_type": "way",
        "name": "Monte Brusara",
        "tourism": "guest_house"
      }
    },
    {
      "type": "Feature",
      "geometry": {
        "type": "Point",
        "coordinates": [
          14.2817568,
          40.872909
        ]
      },
      "properties": {
        "id": 380467603,
        "osm_type": "way",
        "name": "Capodichino International Hotel",
        "tourism": "hotel",
        "contact:website": "http://www.hotelcapodichino.it/"
      }
    },
    {
      "type": "Feature",
      "geometry": {
        "type": "Point",
        "coordinates": [
          14.4355076,
          40.6483162
        ]
      },
      "properties": {
        "id": 392661468,
        "osm_type": "way",
        "name": "Villa Della Porta",
        "tourism": "hotel",
        "phone": "+39 081 802 8331",
        "website": "https://www.villadellaporta.it/"
      }
    },
    {
      "type": "Feature",
      "geometry": {
        "type": "Point",
        "coordinates": [
          13.8704716,
          40.7512685
        ]
      },
      "properties": {
        "id": 395738902,
        "osm_type": "way",
        "name": "Hotel Zaro",
        "tourism": "hotel",
        "contact:phone": "+39 081 987110",
        "website": "https://hotelzaroischia.it/"
      }
    },
    {
      "type": "Feature",
      "geometry": {
        "type": "Point",
        "coordinates": [
          14.4972533,
          40.7541631
        ]
      },
      "properties": {
        "id": 396568434,
        "osm_type": "way",
        "name": "Area di Sosta della Famiglia Ametrano",
        "tourism": "caravan_site",
        "phone": "+39 333 932 2467",
        "website": "https://www.facebook.com/sostaametrano/"
      }
    },
    {
      "type": "Feature",
      "geometry": {
        "type": "Point",
        "coordinates": [
          14.042936,
          40.9018362
        ]
      },
      "properties": {
        "id": 397760530,
        "osm_type": "way",
        "name": "Hotel Premiere",
        "tourism": "hotel",
        "phone": "+39 081 509 2816",
        "website": "https://www.hotelpremiere.it/"
      }
    },
    {
      "type": "Feature",
      "geometry": {
        "type": "Point",
        "coordinates": [
          14.4585426,
          40.7607541
        ]
      },
      "properties": {
        "id": 399995533,
        "osm_type": "way",
        "name": "Bed and Breakfast Villa Vitiello",
        "tourism": "guest_house"
      }
    },
    {
      "type": "Feature",
      "geometry": {
        "type": "Point",
        "coordinates": [
          14.633611,
          41.2694636
        ]
      },
      "properties": {
        "id": 400608414,
        "osm_type": "way",
        "tourism": "alpine_hut"
      }
    },
    {
      "type": "Feature",
      "geometry": {
        "type": "Point",
        "coordinates": [
          14.4742305,
          40.7521611
        ]
      },
      "properties": {
        "id": 400827801,
        "osm_type": "way",
        "name": "Pompeii Ruins Hotel Bed & Breakfast",
        "tourism": "hotel",
        "phone": "+39 081 861 8258",
        "website": "http://www.pompeiruinshotel.com/"
      }
    },
    {
      "type": "Feature",
      "geometry": {
        "type": "Point",
        "coordinates": [
          15.295795,
          40.2459022
        ]
      },
      "properties": {
        "id": 405740507,
        "osm_type": "way",
        "name": "Locanda La Diga",
        "tourism": "hotel",
        "website": "https://www.ladiga.it/"
      }
    },
    {
      "type": "Feature",
      "geometry": {
        "type": "Point",
        "coordinates": [
          14.1390658,
          40.8324577
        ]
      },
      "properties": {
        "id": 412687323,
        "osm_type": "way",
        "name": "Hotel Gli Dei",
        "tourism": "hotel",
        "phone": "+39 081 526 3191",
        "website": "https://www.hotelglidei.com/"
      }
    },
    {
      "type": "Feature",
      "geometry": {
        "type": "Point",
        "coordinates": [
          14.1489574,
          40.8325921
        ]
      },
      "properties": {
        "id": 413075772,
        "osm_type": "way",
        "name": "Villa Agnano Suites",
        "tourism": "hotel"
      }
    },
    {
      "type": "Feature",
      "geometry": {
        "type": "Point",
        "coordinates": [
          14.2269466,
          40.8422456
        ]
      },
      "properties": {
        "id": 413113750,
        "osm_type": "way",
        "name": "Villa Albina",
        "tourism": "hotel",
        "phone": "+39 081 5788340",
        "website": "www.villaalbina.it"
      }
    },
    {
      "type": "Feature",
      "geometry": {
        "type": "Point",
        "coordinates": [
          14.1507924,
          40.8303739
        ]
      },
      "properties": {
        "id": 413991661,
        "osm_type": "way",
        "name": "Tennis Hotel",
        "tourism": "hotel",
        "phone": "+39 081 570 9033",
        "website": "http://www.tennishotel.it/"
      }
    },
    {
      "type": "Feature",
      "geometry": {
        "type": "Point",
        "coordinates": [
          14.1546738,
          40.8274476
        ]
      },
      "properties": {
        "id": 414693629,
        "osm_type": "way",
        "name": "Suits & Residence Hotel",
        "tourism": "hotel",
        "phone": "+39 081 7620019",
        "website": "https://www.suitesresidencehotel.it/",
        "check_date": "2026-04-13"
      }
    },
    {
      "type": "Feature",
      "geometry": {
        "type": "Point",
        "coordinates": [
          14.1554407,
          40.8273707
        ]
      },
      "properties": {
        "id": 414700134,
        "osm_type": "way",
        "name": "American Hotel",
        "tourism": "hotel",
        "phone": "+39 081 570 6529",
        "website": "https://www.americanhotelnapoli.it/"
      }
    },
    {
      "type": "Feature",
      "geometry": {
        "type": "Point",
        "coordinates": [
          14.1533286,
          40.8215914
        ]
      },
      "properties": {
        "id": 414704027,
        "osm_type": "way",
        "name": "Azienda Vitivinicola Montespina Iovino Agriturismo",
        "tourism": "guest_house",
        "phone": "+39 081 520 6719",
        "website": "http://www.agriturismoiovino.it"
      }
    },
    {
      "type": "Feature",
      "geometry": {
        "type": "Point",
        "coordinates": [
          14.1435709,
          40.8186178
        ]
      },
      "properties": {
        "id": 415078497,
        "osm_type": "way",
        "name": "Hotel Ristorante Le Sirene",
        "tourism": "hotel",
        "phone": "+39 081 526 6566",
        "check_date": "2024-05-03"
      }
    },
    {
      "type": "Feature",
      "geometry": {
        "type": "Point",
        "coordinates": [
          14.2599552,
          40.8704575
        ]
      },
      "properties": {
        "id": 415318473,
        "osm_type": "way",
        "name": "Villetta Capodimonte",
        "tourism": "guest_house"
      }
    },
    {
      "type": "Feature",
      "geometry": {
        "type": "Point",
        "coordinates": [
          14.7528388,
          40.9241317
        ]
      },
      "properties": {
        "id": 415817947,
        "osm_type": "way",
        "name": "Green Park Hotel",
        "tourism": "hotel",
        "phone": "+39 0825 788961",
        "website": "https://www.greenpark-hotel.it/"
      }
    },
    {
      "type": "Feature",
      "geometry": {
        "type": "Point",
        "coordinates": [
          14.2174698,
          40.8262938
        ]
      },
      "properties": {
        "id": 416169028,
        "osm_type": "way",
        "name": "Hotel Paradiso",
        "tourism": "hotel"
      }
    },
    {
      "type": "Feature",
      "geometry": {
        "type": "Point",
        "coordinates": [
          14.1284246,
          40.8237502
        ]
      },
      "properties": {
        "id": 416456806,
        "osm_type": "way",
        "name": "Miramare Residence",
        "tourism": "hotel",
        "phone": "+39 081 303 6811",
        "website": "https://www.miramareresidence.com/"
      }
    },
    {
      "type": "Feature",
      "geometry": {
        "type": "Point",
        "coordinates": [
          14.7468436,
          40.7725697
        ]
      },
      "properties": {
        "id": 419293428,
        "osm_type": "way",
        "name": "San Severino",
        "tourism": "hotel"
      }
    },
    {
      "type": "Feature",
      "geometry": {
        "type": "Point",
        "coordinates": [
          14.610404,
          40.6468217
        ]
      },
      "properties": {
        "id": 423466492,
        "osm_type": "way",
        "name": "Villa Maria",
        "tourism": "hotel"
      }
    },
    {
      "type": "Feature",
      "geometry": {
        "type": "Point",
        "coordinates": [
          14.6111142,
          40.6474113
        ]
      },
      "properties": {
        "id": 423466531,
        "osm_type": "way",
        "name": "MIMI B&B",
        "tourism": "hotel"
      }
    },
    {
      "type": "Feature",
      "geometry": {
        "type": "Point",
        "coordinates": [
          14.6074577,
          40.6512538
        ]
      },
      "properties": {
        "id": 423479777,
        "osm_type": "way",
        "tourism": "guest_house"
      }
    },
    {
      "type": "Feature",
      "geometry": {
        "type": "Point",
        "coordinates": [
          14.6071655,
          40.650836
        ]
      },
      "properties": {
        "id": 423479780,
        "osm_type": "way",
        "tourism": "guest_house"
      }
    },
    {
      "type": "Feature",
      "geometry": {
        "type": "Point",
        "coordinates": [
          15.3076406,
          40.1614271
        ]
      },
      "properties": {
        "id": 424377361,
        "osm_type": "way",
        "name": "Sorelle De Luca",
        "tourism": "hotel",
        "phone": "+39 334 7280944"
      }
    },
    {
      "type": "Feature",
      "geometry": {
        "type": "Point",
        "coordinates": [
          14.7263496,
          40.6710879
        ]
      },
      "properties": {
        "id": 427681007,
        "osm_type": "way",
        "name": "Valle delle Najadi",
        "tourism": "apartment"
      }
    },
    {
      "type": "Feature",
      "geometry": {
        "type": "Point",
        "coordinates": [
          14.4981535,
          40.6996637
        ]
      },
      "properties": {
        "id": 428784712,
        "osm_type": "way",
        "name": "La Medusa Hotel",
        "tourism": "hotel",
        "phone": "+39 081 8723383",
        "website": "https://www.lamedusahotel.com/",
        "check_date": "2024-11-13"
      }
    },
    {
      "type": "Feature",
      "geometry": {
        "type": "Point",
        "coordinates": [
          14.9998022,
          40.3601819
        ]
      },
      "properties": {
        "id": 428874421,
        "osm_type": "way",
        "name": "Hotel Serenella",
        "tourism": "hotel",
        "website": "www.hotelserenella.it"
      }
    },
    {
      "type": "Feature",
      "geometry": {
        "type": "Point",
        "coordinates": [
          14.0611333,
          40.8222901
        ]
      },
      "properties": {
        "id": 429293090,
        "osm_type": "way",
        "name": "Hotel Villa Edelweiss",
        "tourism": "hotel",
        "phone": "+39 339 8083934"
      }
    },
    {
      "type": "Feature",
      "geometry": {
        "type": "Point",
        "coordinates": [
          15.1312316,
          40.1723564
        ]
      },
      "properties": {
        "id": 430370072,
        "osm_type": "way",
        "tourism": "caravan_site"
      }
    },
    {
      "type": "Feature",
      "geometry": {
        "type": "Point",
        "coordinates": [
          14.4810273,
          40.6274726
        ]
      },
      "properties": {
        "id": 430837054,
        "osm_type": "way",
        "name": "La Rosa Dei Venti",
        "tourism": "hotel"
      }
    },
    {
      "type": "Feature",
      "geometry": {
        "type": "Point",
        "coordinates": [
          14.9034175,
          40.5586445
        ]
      },
      "properties": {
        "id": 431692884,
        "osm_type": "way",
        "tourism": "hotel"
      }
    },
    {
      "type": "Feature",
      "geometry": {
        "type": "Point",
        "coordinates": [
          14.369534,
          40.6226037
        ]
      },
      "properties": {
        "id": 432870855,
        "osm_type": "way",
        "name": "Conca Park",
        "tourism": "hotel"
      }
    },
    {
      "type": "Feature",
      "geometry": {
        "type": "Point",
        "coordinates": [
          14.1596208,
          41.2391302
        ]
      },
      "properties": {
        "id": 436301981,
        "osm_type": "way",
        "name": "Albergo la Roccia",
        "tourism": "hotel",
        "phone": "+39 0823 889150"
      }
    },
    {
      "type": "Feature",
      "geometry": {
        "type": "Point",
        "coordinates": [
          14.9850424,
          40.4292263
        ]
      },
      "properties": {
        "id": 438466354,
        "osm_type": "way",
        "name": "Savoy Beach Hotel",
        "tourism": "hotel",
        "phone": "+39 0828 720100",
        "website": "https://www.savoybeachhotel.it/"
      }
    },
    {
      "type": "Feature",
      "geometry": {
        "type": "Point",
        "coordinates": [
          14.4167971,
          40.9593783
        ]
      },
      "properties": {
        "id": 442648798,
        "osm_type": "way",
        "name": "Agriturismo Al platano",
        "tourism": "guest_house"
      }
    },
    {
      "type": "Feature",
      "geometry": {
        "type": "Point",
        "coordinates": [
          14.7343481,
          40.6717416
        ]
      },
      "properties": {
        "id": 442709636,
        "osm_type": "way",
        "name": "Lloyd's Baia Hotel",
        "tourism": "hotel",
        "website": "https://www.lloydsbaiahotel.it/",
        "check_date": "2025-02-28"
      }
    },
    {
      "type": "Feature",
      "geometry": {
        "type": "Point",
        "coordinates": [
          14.4238744,
          40.7519512
        ]
      },
      "properties": {
        "id": 444804370,
        "osm_type": "way",
        "name": "Villa Balke",
        "tourism": "hotel",
        "phone": "+39 081 8471170",
        "website": "http://www.villabalke.it/"
      }
    },
    {
      "type": "Feature",
      "geometry": {
        "type": "Point",
        "coordinates": [
          14.4234616,
          40.7574724
        ]
      },
      "properties": {
        "id": 444946540,
        "osm_type": "way",
        "name": "Villa Lulu Camere",
        "tourism": "motel",
        "phone": "+39 342 122 3353",
        "website": "https://www.affittacamerevillalulu.it/"
      }
    },
    {
      "type": "Feature",
      "geometry": {
        "type": "Point",
        "coordinates": [
          14.4161482,
          40.7528101
        ]
      },
      "properties": {
        "id": 445038871,
        "osm_type": "way",
        "name": "Il Vecchio Frantoio",
        "tourism": "chalet"
      }
    },
    {
      "type": "Feature",
      "geometry": {
        "type": "Point",
        "coordinates": [
          13.86114,
          40.7370317
        ]
      },
      "properties": {
        "id": 445042200,
        "osm_type": "way",
        "name": "Villa Verde",
        "tourism": "hotel"
      }
    },
    {
      "type": "Feature",
      "geometry": {
        "type": "Point",
        "coordinates": [
          14.3886283,
          40.818433
        ]
      },
      "properties": {
        "id": 445310151,
        "osm_type": "way",
        "name": "Il Sentiero",
        "tourism": "hotel",
        "phone": "+39 081 7777851",
        "website": "http://www.ilsentieroalvesuvio.it/"
      }
    },
    {
      "type": "Feature",
      "geometry": {
        "type": "Point",
        "coordinates": [
          14.4259167,
          40.7660814
        ]
      },
      "properties": {
        "id": 445443974,
        "osm_type": "way",
        "name": "Villa Viuli",
        "tourism": "hotel"
      }
    },
    {
      "type": "Feature",
      "geometry": {
        "type": "Point",
        "coordinates": [
          14.4017971,
          40.7580558
        ]
      },
      "properties": {
        "id": 447526925,
        "osm_type": "way",
        "name": "Albergo Casa Rossa 1888",
        "tourism": "hotel",
        "phone": "+39 081 883 1549"
      }
    },
    {
      "type": "Feature",
      "geometry": {
        "type": "Point",
        "coordinates": [
          14.4017593,
          40.7583528
        ]
      },
      "properties": {
        "id": 447526926,
        "osm_type": "way",
        "name": "Coral Rooms",
        "tourism": "hotel"
      }
    },
    {
      "type": "Feature",
      "geometry": {
        "type": "Point",
        "coordinates": [
          14.3967497,
          40.75967
        ]
      },
      "properties": {
        "id": 449755031,
        "osm_type": "way",
        "name": "Hotel Holidays",
        "tourism": "hotel",
        "phone": "+39 081 883 2170",
        "website": "https://www.holidayshotel.it/"
      }
    },
    {
      "type": "Feature",
      "geometry": {
        "type": "Point",
        "coordinates": [
          13.97327,
          41.0078249
        ]
      },
      "properties": {
        "id": 450253028,
        "osm_type": "way",
        "name": "Hotel Plana Resort",
        "tourism": "hotel"
      }
    },
    {
      "type": "Feature",
      "geometry": {
        "type": "Point",
        "coordinates": [
          14.9354198,
          40.2679477
        ]
      },
      "properties": {
        "id": 450414498,
        "osm_type": "way",
        "name": "La Corallina",
        "tourism": "hotel"
      }
    },
    {
      "type": "Feature",
      "geometry": {
        "type": "Point",
        "coordinates": [
          14.4771209,
          40.7522666
        ]
      },
      "properties": {
        "id": 450417834,
        "osm_type": "way",
        "name": "Villa Diomede",
        "tourism": "hotel"
      }
    },
    {
      "type": "Feature",
      "geometry": {
        "type": "Point",
        "coordinates": [
          14.4767699,
          40.7522649
        ]
      },
      "properties": {
        "id": 450418241,
        "osm_type": "way",
        "name": "Villa Franca",
        "tourism": "hotel"
      }
    },
    {
      "type": "Feature",
      "geometry": {
        "type": "Point",
        "coordinates": [
          13.8586667,
          40.7291606
        ]
      },
      "properties": {
        "id": 455065595,
        "osm_type": "way",
        "name": "Albatros",
        "tourism": "hotel"
      }
    },
    {
      "type": "Feature",
      "geometry": {
        "type": "Point",
        "coordinates": [
          15.3869941,
          40.0014006
        ]
      },
      "properties": {
        "id": 462983178,
        "osm_type": "way",
        "name": "Villaggio Romano",
        "tourism": "camp_site",
        "tents": "yes",
        "contact:phone": "+39 0974 932 542;+39 0974 932 030",
        "contact:website": "https://www.villaggioromano.com/"
      }
    },
    {
      "type": "Feature",
      "geometry": {
        "type": "Point",
        "coordinates": [
          13.9490531,
          40.733602
        ]
      },
      "properties": {
        "id": 464890473,
        "osm_type": "way",
        "name": "San Valentino Terme",
        "tourism": "hotel"
      }
    },
    {
      "type": "Feature",
      "geometry": {
        "type": "Point",
        "coordinates": [
          15.3456927,
          40.4571669
        ]
      },
      "properties": {
        "id": 465267742,
        "osm_type": "way",
        "name": "\"Il Convento\"",
        "tourism": "hotel"
      }
    },
    {
      "type": "Feature",
      "geometry": {
        "type": "Point",
        "coordinates": [
          15.1034748,
          40.7993058
        ]
      },
      "properties": {
        "id": 472375159,
        "osm_type": "way",
        "name": "Hotel Grisone",
        "tourism": "hotel"
      }
    },
    {
      "type": "Feature",
      "geometry": {
        "type": "Point",
        "coordinates": [
          15.0981513,
          40.7884634
        ]
      },
      "properties": {
        "id": 472375177,
        "osm_type": "way",
        "name": "Rifugio Lacenò",
        "tourism": "alpine_hut"
      }
    },
    {
      "type": "Feature",
      "geometry": {
        "type": "Point",
        "coordinates": [
          14.7173793,
          40.9379228
        ]
      },
      "properties": {
        "id": 472583012,
        "osm_type": "way",
        "tourism": "alpine_hut"
      }
    },
    {
      "type": "Feature",
      "geometry": {
        "type": "Point",
        "coordinates": [
          15.1117382,
          40.8031562
        ]
      },
      "properties": {
        "id": 472677311,
        "osm_type": "way",
        "name": "Hotel Cervialto",
        "tourism": "hotel"
      }
    },
    {
      "type": "Feature",
      "geometry": {
        "type": "Point",
        "coordinates": [
          15.1138073,
          40.8029693
        ]
      },
      "properties": {
        "id": 472677312,
        "osm_type": "way",
        "name": "Hotel La Lucciola",
        "tourism": "hotel"
      }
    },
    {
      "type": "Feature",
      "geometry": {
        "type": "Point",
        "coordinates": [
          15.1107802,
          40.8081007
        ]
      },
      "properties": {
        "id": 472677319,
        "osm_type": "way",
        "name": "Il Casone",
        "tourism": "alpine_hut"
      }
    },
    {
      "type": "Feature",
      "geometry": {
        "type": "Point",
        "coordinates": [
          15.1157344,
          40.8076419
        ]
      },
      "properties": {
        "id": 472677320,
        "osm_type": "way",
        "name": "Taverna Capozzi",
        "tourism": "hotel"
      }
    },
    {
      "type": "Feature",
      "geometry": {
        "type": "Point",
        "coordinates": [
          15.1149687,
          40.812124
        ]
      },
      "properties": {
        "id": 472680627,
        "osm_type": "way",
        "name": "4 Camini",
        "tourism": "hotel"
      }
    },
    {
      "type": "Feature",
      "geometry": {
        "type": "Point",
        "coordinates": [
          14.3301855,
          41.0655266
        ]
      },
      "properties": {
        "id": 472818436,
        "osm_type": "way",
        "name": "Area sosta \"Feudo di San Martino\"",
        "tourism": "caravan_site",
        "phone": "+39 328 658 3968",
        "website": "https://www.sostacampercaserta.it/"
      }
    },
    {
      "type": "Feature",
      "geometry": {
        "type": "Point",
        "coordinates": [
          14.4806379,
          40.7608355
        ]
      },
      "properties": {
        "id": 473323119,
        "osm_type": "way",
        "name": "Villa Julia",
        "tourism": "hotel",
        "phone": "+39 081 858 47 70",
        "website": "http://www.villajuliapompei.com/"
      }
    },
    {
      "type": "Feature",
      "geometry": {
        "type": "Point",
        "coordinates": [
          14.4900374,
          40.6282119
        ]
      },
      "properties": {
        "id": 477202270,
        "osm_type": "way",
        "name": "Eden Roc",
        "tourism": "hotel",
        "phone": "+39 089 875844",
        "website": "https://www.edenroc.it/",
        "check_date": "2025-07-23"
      }
    },
    {
      "type": "Feature",
      "geometry": {
        "type": "Point",
        "coordinates": [
          14.6130433,
          40.6508375
        ]
      },
      "properties": {
        "id": 484295010,
        "osm_type": "way",
        "name": "Palazzo Avino",
        "tourism": "hotel",
        "website": "https://www.palazzoavino.com/"
      }
    },
    {
      "type": "Feature",
      "geometry": {
        "type": "Point",
        "coordinates": [
          14.2196185,
          40.555199
        ]
      },
      "properties": {
        "id": 485934270,
        "osm_type": "way",
        "name": "Villa Blu Capri",
        "tourism": "hotel"
      }
    },
    {
      "type": "Feature",
      "geometry": {
        "type": "Point",
        "coordinates": [
          15.611302,
          40.1168852
        ]
      },
      "properties": {
        "id": 487934415,
        "osm_type": "way",
        "name": "Masseria Agromusicale Cata Catascia",
        "tourism": "guest_house"
      }
    },
    {
      "type": "Feature",
      "geometry": {
        "type": "Point",
        "coordinates": [
          13.9489139,
          41.0035438
        ]
      },
      "properties": {
        "id": 489072347,
        "osm_type": "way",
        "name": "Beach House Scalzone",
        "tourism": "guest_house",
        "website": "https://www.booking.com/hotel/it/beach-house-scalzone.html"
      }
    },
    {
      "type": "Feature",
      "geometry": {
        "type": "Point",
        "coordinates": [
          15.4281023,
          40.3836302
        ]
      },
      "properties": {
        "id": 489349724,
        "osm_type": "way",
        "name": "Sacco - Rifugio Motola - soc. coop. ArcheoArte",
        "tourism": "alpine_hut"
      }
    },
    {
      "type": "Feature",
      "geometry": {
        "type": "Point",
        "coordinates": [
          15.4960049,
          40.2870332
        ]
      },
      "properties": {
        "id": 490688666,
        "osm_type": "way",
        "name": "Rifugio Cervati",
        "tourism": "alpine_hut"
      }
    },
    {
      "type": "Feature",
      "geometry": {
        "type": "Point",
        "coordinates": [
          15.5156672,
          40.1448408
        ]
      },
      "properties": {
        "id": 491534001,
        "osm_type": "way",
        "name": "Romantic Rooms",
        "tourism": "guest_house"
      }
    },
    {
      "type": "Feature",
      "geometry": {
        "type": "Point",
        "coordinates": [
          13.9588385,
          40.7233838
        ]
      },
      "properties": {
        "id": 491622822,
        "osm_type": "way",
        "name": "Da Maria",
        "tourism": "hotel",
        "phone": "+39 081 993 275",
        "website": "https://www.hoteldamaria.it/"
      }
    },
    {
      "type": "Feature",
      "geometry": {
        "type": "Point",
        "coordinates": [
          14.4262913,
          41.3558375
        ]
      },
      "properties": {
        "id": 491665513,
        "osm_type": "way",
        "name": "Rifugio Monte Ariola",
        "tourism": "alpine_hut"
      }
    },
    {
      "type": "Feature",
      "geometry": {
        "type": "Point",
        "coordinates": [
          14.3550613,
          40.7948707
        ]
      },
      "properties": {
        "id": 499035612,
        "osm_type": "way",
        "name": "Eco Hostel Florale",
        "tourism": "hostel",
        "website": "http://www.ecohostelfloreale.com"
      }
    },
    {
      "type": "Feature",
      "geometry": {
        "type": "Point",
        "coordinates": [
          15.6136247,
          40.2838984
        ]
      },
      "properties": {
        "id": 499515916,
        "osm_type": "way",
        "tourism": "alpine_hut"
      }
    },
    {
      "type": "Feature",
      "geometry": {
        "type": "Point",
        "coordinates": [
          14.3871728,
          41.4079268
        ]
      },
      "properties": {
        "id": 505585070,
        "osm_type": "way",
        "name": "Casa Vacanze \"Scarponi del Matese\"",
        "tourism": "chalet"
      }
    },
    {
      "type": "Feature",
      "geometry": {
        "type": "Point",
        "coordinates": [
          14.4337611,
          41.3856852
        ]
      },
      "properties": {
        "id": 505585093,
        "osm_type": "way",
        "name": "Rifugio Tassitello",
        "tourism": "alpine_hut"
      }
    },
    {
      "type": "Feature",
      "geometry": {
        "type": "Point",
        "coordinates": [
          14.3336031,
          41.2919741
        ]
      },
      "properties": {
        "id": 505632812,
        "osm_type": "way",
        "name": "Vernelle Country Resort",
        "tourism": "hotel",
        "phone": "+39 0823 787091",
        "website": "https://www.vernelle.it/"
      }
    },
    {
      "type": "Feature",
      "geometry": {
        "type": "Point",
        "coordinates": [
          14.5476996,
          40.6505887
        ]
      },
      "properties": {
        "id": 512845880,
        "osm_type": "way",
        "name": "Songbird B&B",
        "tourism": "guest_house",
        "website": "https://www.songbirdamalficoast.it/"
      }
    },
    {
      "type": "Feature",
      "geometry": {
        "type": "Point",
        "coordinates": [
          13.9122849,
          40.7015495
        ]
      },
      "properties": {
        "id": 517816130,
        "osm_type": "way",
        "name": "Hotel La Mandorla",
        "tourism": "hotel"
      }
    },
    {
      "type": "Feature",
      "geometry": {
        "type": "Point",
        "coordinates": [
          14.5396729,
          40.9217962
        ]
      },
      "properties": {
        "id": 521164125,
        "osm_type": "way",
        "name": "Pamaran",
        "tourism": "hotel"
      }
    },
    {
      "type": "Feature",
      "geometry": {
        "type": "Point",
        "coordinates": [
          14.5390735,
          40.9193379
        ]
      },
      "properties": {
        "id": 521164591,
        "osm_type": "way",
        "name": "Belsito",
        "tourism": "hotel",
        "phone": "+39 081 510 5024",
        "website": "https://hotelbelsitonola.it/"
      }
    },
    {
      "type": "Feature",
      "geometry": {
        "type": "Point",
        "coordinates": [
          14.992372,
          40.4152525
        ]
      },
      "properties": {
        "id": 523280434,
        "osm_type": "way",
        "name": "Villa Rosa e Ferdi",
        "tourism": "apartment",
        "website": "http://www.villarosaeferdi.it"
      }
    },
    {
      "type": "Feature",
      "geometry": {
        "type": "Point",
        "coordinates": [
          14.3549442,
          40.5830506
        ]
      },
      "properties": {
        "id": 523752944,
        "osm_type": "way",
        "name": "Belmare Beachfront Apartments",
        "tourism": "guest_house"
      }
    },
    {
      "type": "Feature",
      "geometry": {
        "type": "Point",
        "coordinates": [
          14.3390576,
          40.5926822
        ]
      },
      "properties": {
        "id": 523754310,
        "osm_type": "way",
        "name": "Gocce di Capri",
        "tourism": "hotel"
      }
    },
    {
      "type": "Feature",
      "geometry": {
        "type": "Point",
        "coordinates": [
          14.3238633,
          41.0419715
        ]
      },
      "properties": {
        "id": 525619113,
        "osm_type": "way",
        "name": "Novotel",
        "tourism": "hotel",
        "phone": "+39 0823 826553",
        "website": "https://all.accor.com/lien_externe.svlt?goto=fiche_hotel&code_hotel=8954&merchantid=seo-maps-IT-8954&sourceid=aw-cen&utm_medium=seo+maps&utm_source=google+Maps&utm_campaign=seo+maps&y_source=1_MTUzNjIzMTYtNzE1LWxvY2F0aW9uLndlYnNpdGU%3D"
      }
    },
    {
      "type": "Feature",
      "geometry": {
        "type": "Point",
        "coordinates": [
          14.3297592,
          41.0699873
        ]
      },
      "properties": {
        "id": 530608657,
        "osm_type": "way",
        "name": "Royal Caserta",
        "tourism": "hotel",
        "phone": "+39 0823 325222",
        "website": "https://www.royalcaserta.it/"
      }
    },
    {
      "type": "Feature",
      "geometry": {
        "type": "Point",
        "coordinates": [
          14.9944787,
          40.4462643
        ]
      },
      "properties": {
        "id": 532743770,
        "osm_type": "way",
        "name": "Azienda Agrituristica Seliano",
        "tourism": "hotel",
        "phone": "+39 0828723634",
        "website": "https://www.agriturismoseliano.it"
      }
    },
    {
      "type": "Feature",
      "geometry": {
        "type": "Point",
        "coordinates": [
          14.4981136,
          40.7487463
        ]
      },
      "properties": {
        "id": 534187734,
        "osm_type": "way",
        "name": "V&V Suite & Breakfast",
        "tourism": "guest_house"
      }
    },
    {
      "type": "Feature",
      "geometry": {
        "type": "Point",
        "coordinates": [
          15.5633743,
          40.471247
        ]
      },
      "properties": {
        "id": 536846038,
        "osm_type": "way",
        "name": "Country House Domus Otium",
        "tourism": "hotel",
        "website": "https://www.domusotium.it/"
      }
    },
    {
      "type": "Feature",
      "geometry": {
        "type": "Point",
        "coordinates": [
          15.4813959,
          40.3456114
        ]
      },
      "properties": {
        "id": 536862377,
        "osm_type": "way",
        "name": "Case Vacanze Terresane",
        "tourism": "apartment"
      }
    },
    {
      "type": "Feature",
      "geometry": {
        "type": "Point",
        "coordinates": [
          14.4292328,
          40.7781774
        ]
      },
      "properties": {
        "id": 542292877,
        "osm_type": "way",
        "name": "Palazzo Rosenthal",
        "tourism": "hotel",
        "phone": "+39 081 5370531",
        "website": "https://www.palazzorosenthal.com/"
      }
    },
    {
      "type": "Feature",
      "geometry": {
        "type": "Point",
        "coordinates": [
          15.5013198,
          40.0736427
        ]
      },
      "properties": {
        "id": 543914915,
        "osm_type": "way",
        "name": "Hotel Santa Lucia",
        "tourism": "hotel"
      }
    },
    {
      "type": "Feature",
      "geometry": {
        "type": "Point",
        "coordinates": [
          13.9449108,
          40.7423247
        ]
      },
      "properties": {
        "id": 545480447,
        "osm_type": "way",
        "name": "Hotel Terme Oriente",
        "tourism": "hotel",
        "website": "https://www.orientehotel.it/"
      }
    },
    {
      "type": "Feature",
      "geometry": {
        "type": "Point",
        "coordinates": [
          13.944842,
          40.7427014
        ]
      },
      "properties": {
        "id": 545480448,
        "osm_type": "way",
        "name": "Hotel Conte",
        "tourism": "hotel",
        "website": "https://www.hotelconte.it/"
      }
    },
    {
      "type": "Feature",
      "geometry": {
        "type": "Point",
        "coordinates": [
          15.5020847,
          40.5185839
        ]
      },
      "properties": {
        "id": 546309574,
        "osm_type": "way",
        "tourism": "hotel"
      }
    },
    {
      "type": "Feature",
      "geometry": {
        "type": "Point",
        "coordinates": [
          14.2879425,
          40.8495204
        ]
      },
      "properties": {
        "id": 549486859,
        "osm_type": "way",
        "tourism": "hotel"
      }
    },
    {
      "type": "Feature",
      "geometry": {
        "type": "Point",
        "coordinates": [
          14.4315026,
          40.6480577
        ]
      },
      "properties": {
        "id": 558068928,
        "osm_type": "way",
        "name": "B&B La casa dei Fiori",
        "tourism": "guest_house"
      }
    },
    {
      "type": "Feature",
      "geometry": {
        "type": "Point",
        "coordinates": [
          14.4323948,
          40.6467586
        ]
      },
      "properties": {
        "id": 558068932,
        "osm_type": "way",
        "name": "B&B Casale Le Noci",
        "tourism": "guest_house"
      }
    },
    {
      "type": "Feature",
      "geometry": {
        "type": "Point",
        "coordinates": [
          14.3422964,
          41.0566994
        ]
      },
      "properties": {
        "id": 559163565,
        "osm_type": "way",
        "name": "Golden Tulip Plaza Caserta",
        "tourism": "hotel"
      }
    },
    {
      "type": "Feature",
      "geometry": {
        "type": "Point",
        "coordinates": [
          14.564896,
          40.9465723
        ]
      },
      "properties": {
        "id": 560137305,
        "osm_type": "way",
        "name": "Hotel Maddaloni",
        "tourism": "hotel"
      }
    },
    {
      "type": "Feature",
      "geometry": {
        "type": "Point",
        "coordinates": [
          13.8585725,
          40.7375845
        ]
      },
      "properties": {
        "id": 561101849,
        "osm_type": "way",
        "name": "Hotel Villa Carolina",
        "tourism": "hotel"
      }
    },
    {
      "type": "Feature",
      "geometry": {
        "type": "Point",
        "coordinates": [
          15.4211723,
          40.1578914
        ]
      },
      "properties": {
        "id": 564101484,
        "osm_type": "way",
        "name": "Agriturismo I FASANI",
        "tourism": "hotel"
      }
    },
    {
      "type": "Feature",
      "geometry": {
        "type": "Point",
        "coordinates": [
          14.0683384,
          41.2540559
        ]
      },
      "properties": {
        "id": 572394419,
        "osm_type": "way",
        "name": "Villa Lonardo",
        "tourism": "guest_house"
      }
    },
    {
      "type": "Feature",
      "geometry": {
        "type": "Point",
        "coordinates": [
          15.3805121,
          40.4886075
        ]
      },
      "properties": {
        "id": 577080773,
        "osm_type": "way",
        "name": "Valle S. Maria",
        "tourism": "alpine_hut"
      }
    },
    {
      "type": "Feature",
      "geometry": {
        "type": "Point",
        "coordinates": [
          14.374072,
          40.6280989
        ]
      },
      "properties": {
        "id": 577821208,
        "osm_type": "way",
        "name": "Villa la Terrazza",
        "tourism": "hotel",
        "phone": "+39 081 878 2032",
        "website": "http://www.villalaterrazza.com/"
      }
    },
    {
      "type": "Feature",
      "geometry": {
        "type": "Point",
        "coordinates": [
          14.1118864,
          40.8424166
        ]
      },
      "properties": {
        "id": 580410635,
        "osm_type": "way",
        "name": "La Capannina",
        "tourism": "guest_house"
      }
    },
    {
      "type": "Feature",
      "geometry": {
        "type": "Point",
        "coordinates": [
          14.122116,
          40.8265797
        ]
      },
      "properties": {
        "id": 580768204,
        "osm_type": "way",
        "name": "Neronensis Relais and Spa",
        "tourism": "hotel",
        "check_date": "2024-05-03"
      }
    },
    {
      "type": "Feature",
      "geometry": {
        "type": "Point",
        "coordinates": [
          15.4006897,
          40.4743566
        ]
      },
      "properties": {
        "id": 588310647,
        "osm_type": "way",
        "name": "Rifugio Corcomone",
        "tourism": "alpine_hut"
      }
    },
    {
      "type": "Feature",
      "geometry": {
        "type": "Point",
        "coordinates": [
          14.2357908,
          40.846762
        ]
      },
      "properties": {
        "id": 590280625,
        "osm_type": "way",
        "tourism": "hotel"
      }
    },
    {
      "type": "Feature",
      "geometry": {
        "type": "Point",
        "coordinates": [
          14.9400598,
          40.2335359
        ]
      },
      "properties": {
        "id": 597511056,
        "osm_type": "way",
        "name": "Ristorante Albergo da Carmine",
        "tourism": "hotel",
        "phone": "+39 0974 963023",
        "website": "https://www.albergodacarmine.it/"
      }
    },
    {
      "type": "Feature",
      "geometry": {
        "type": "Point",
        "coordinates": [
          14.404364,
          40.9190257
        ]
      },
      "properties": {
        "id": 603644502,
        "osm_type": "way",
        "name": "Quadrifoglio",
        "tourism": "hotel",
        "phone": "+39 081 8844222",
        "website": "http://www.hotelquadrifoglio.eu/"
      }
    },
    {
      "type": "Feature",
      "geometry": {
        "type": "Point",
        "coordinates": [
          14.273621,
          41.1291065
        ]
      },
      "properties": {
        "id": 606719508,
        "osm_type": "way",
        "tourism": "alpine_hut"
      }
    },
    {
      "type": "Feature",
      "geometry": {
        "type": "Point",
        "coordinates": [
          14.3063276,
          40.8988995
        ]
      },
      "properties": {
        "id": 615298782,
        "osm_type": "way",
        "tourism": "motel"
      }
    },
    {
      "type": "Feature",
      "geometry": {
        "type": "Point",
        "coordinates": [
          14.1640855,
          40.8308325
        ]
      },
      "properties": {
        "id": 615881139,
        "osm_type": "way",
        "name": "La Piazza",
        "tourism": "hotel"
      }
    },
    {
      "type": "Feature",
      "geometry": {
        "type": "Point",
        "coordinates": [
          14.7894598,
          41.1312094
        ]
      },
      "properties": {
        "id": 617746496,
        "osm_type": "way",
        "name": "Area sosta Sannio camper club",
        "tourism": "caravan_site",
        "phone": "+393384990889",
        "website": "http://www.sanniocamperclub.it/"
      }
    },
    {
      "type": "Feature",
      "geometry": {
        "type": "Point",
        "coordinates": [
          14.2287482,
          40.8360179
        ]
      },
      "properties": {
        "id": 617817352,
        "osm_type": "way",
        "name": "Hotel Crispi",
        "tourism": "hotel"
      }
    },
    {
      "type": "Feature",
      "geometry": {
        "type": "Point",
        "coordinates": [
          14.4846109,
          40.7463076
        ]
      },
      "properties": {
        "id": 622818272,
        "osm_type": "way",
        "name": "Fortuna Village",
        "tourism": "camp_site",
        "tents": "yes",
        "phone": "+39081 850 84 39",
        "website": "http://www.fortunavillagepompei.it/"
      }
    },
    {
      "type": "Feature",
      "geometry": {
        "type": "Point",
        "coordinates": [
          14.4924431,
          40.7550638
        ]
      },
      "properties": {
        "id": 624137437,
        "osm_type": "way",
        "tourism": "hotel"
      }
    },
    {
      "type": "Feature",
      "geometry": {
        "type": "Point",
        "coordinates": [
          14.3301539,
          40.8972054
        ]
      },
      "properties": {
        "id": 630999589,
        "osm_type": "way",
        "name": "Hotel Clinton",
        "tourism": "hotel",
        "phone": "+39 081 250 8449"
      }
    },
    {
      "type": "Feature",
      "geometry": {
        "type": "Point",
        "coordinates": [
          13.9574459,
          41.0146555
        ]
      },
      "properties": {
        "id": 631595949,
        "osm_type": "way",
        "name": "Hotel Al Buschetto",
        "tourism": "hotel"
      }
    },
    {
      "type": "Feature",
      "geometry": {
        "type": "Point",
        "coordinates": [
          13.945283,
          40.7300281
        ]
      },
      "properties": {
        "id": 631633674,
        "osm_type": "way",
        "name": "Hotel Continental Terme",
        "tourism": "hotel"
      }
    },
    {
      "type": "Feature",
      "geometry": {
        "type": "Point",
        "coordinates": [
          15.4477783,
          40.465816
        ]
      },
      "properties": {
        "id": 641540962,
        "osm_type": "way",
        "name": "Casino Sierro",
        "tourism": "alpine_hut"
      }
    },
    {
      "type": "Feature",
      "geometry": {
        "type": "Point",
        "coordinates": [
          14.5742451,
          40.7352073
        ]
      },
      "properties": {
        "id": 647750070,
        "osm_type": "way",
        "name": "Palazzo Della Mura",
        "tourism": "apartment",
        "phone": "+39 081 961430",
        "website": "https://www.palazzodellamura.it/"
      }
    },
    {
      "type": "Feature",
      "geometry": {
        "type": "Point",
        "coordinates": [
          14.3607631,
          40.9111301
        ]
      },
      "properties": {
        "id": 651185369,
        "osm_type": "way",
        "name": "Rama Palace Hotel",
        "tourism": "hotel",
        "phone": "+39 081 884 7183",
        "website": "http://www.ramahotel.it"
      }
    },
    {
      "type": "Feature",
      "geometry": {
        "type": "Point",
        "coordinates": [
          14.9362354,
          41.2062741
        ]
      },
      "properties": {
        "id": 661598049,
        "osm_type": "way",
        "tourism": "motel"
      }
    },
    {
      "type": "Feature",
      "geometry": {
        "type": "Point",
        "coordinates": [
          14.7671029,
          40.6775396
        ]
      },
      "properties": {
        "id": 671123940,
        "osm_type": "way",
        "name": "Il Reticolo",
        "tourism": "guest_house",
        "website": "https://www.ilreticolobebsalerno.it/"
      }
    },
    {
      "type": "Feature",
      "geometry": {
        "type": "Point",
        "coordinates": [
          14.7762409,
          40.672618
        ]
      },
      "properties": {
        "id": 672093589,
        "osm_type": "way",
        "name": "Grand Hotel Salerno",
        "tourism": "hotel"
      }
    },
    {
      "type": "Feature",
      "geometry": {
        "type": "Point",
        "coordinates": [
          14.7888677,
          40.6661168
        ]
      },
      "properties": {
        "id": 672365757,
        "osm_type": "way",
        "name": "Area di sosta Lungomare Marconi",
        "tourism": "caravan_site",
        "website": "https://www.salernomobilita.it/index.php/servizi/aree-camper/"
      }
    },
    {
      "type": "Feature",
      "geometry": {
        "type": "Point",
        "coordinates": [
          14.4544929,
          40.7587695
        ]
      },
      "properties": {
        "id": 684570060,
        "osm_type": "way",
        "name": "Margherita Room",
        "tourism": "guest_house"
      }
    },
    {
      "type": "Feature",
      "geometry": {
        "type": "Point",
        "coordinates": [
          14.4542521,
          40.7580682
        ]
      },
      "properties": {
        "id": 684571953,
        "osm_type": "way",
        "name": "Oplontis Roof Terrace",
        "tourism": "guest_house"
      }
    },
    {
      "type": "Feature",
      "geometry": {
        "type": "Point",
        "coordinates": [
          15.5969172,
          40.0747485
        ]
      },
      "properties": {
        "id": 684910022,
        "osm_type": "way",
        "name": "Perla",
        "tourism": "hotel"
      }
    },
    {
      "type": "Feature",
      "geometry": {
        "type": "Point",
        "coordinates": [
          15.6016673,
          40.0752734
        ]
      },
      "properties": {
        "id": 684910023,
        "osm_type": "way",
        "name": "B&B Villa Comics",
        "tourism": "guest_house"
      }
    },
    {
      "type": "Feature",
      "geometry": {
        "type": "Point",
        "coordinates": [
          14.0418227,
          41.2500076
        ]
      },
      "properties": {
        "id": 688502271,
        "osm_type": "way",
        "tourism": "hotel"
      }
    },
    {
      "type": "Feature",
      "geometry": {
        "type": "Point",
        "coordinates": [
          13.9222876,
          41.2437844
        ]
      },
      "properties": {
        "id": 689227546,
        "osm_type": "way",
        "name": "Monte Ofelio",
        "tourism": "guest_house"
      }
    },
    {
      "type": "Feature",
      "geometry": {
        "type": "Point",
        "coordinates": [
          13.8611326,
          40.7374932
        ]
      },
      "properties": {
        "id": 696211129,
        "osm_type": "way",
        "tourism": "hotel"
      }
    },
    {
      "type": "Feature",
      "geometry": {
        "type": "Point",
        "coordinates": [
          13.8576228,
          40.7357381
        ]
      },
      "properties": {
        "id": 699385037,
        "osm_type": "way",
        "tourism": "hotel"
      }
    },
    {
      "type": "Feature",
      "geometry": {
        "type": "Point",
        "coordinates": [
          15.6317198,
          40.0717152
        ]
      },
      "properties": {
        "id": 701184888,
        "osm_type": "way",
        "name": "Poseidonia",
        "tourism": "hotel",
        "check_date": "2026-04-03"
      }
    },
    {
      "type": "Feature",
      "geometry": {
        "type": "Point",
        "coordinates": [
          13.9426896,
          40.7432709
        ]
      },
      "properties": {
        "id": 701341049,
        "osm_type": "way",
        "name": "Hotel Terme Aragona Palace",
        "tourism": "hotel",
        "phone": "+39 081 333 1229",
        "website": "https://www.hotelaragona.it/"
      }
    },
    {
      "type": "Feature",
      "geometry": {
        "type": "Point",
        "coordinates": [
          13.9464365,
          40.742648
        ]
      },
      "properties": {
        "id": 701900788,
        "osm_type": "way",
        "name": "Hotel Bristol",
        "tourism": "hotel"
      }
    },
    {
      "type": "Feature",
      "geometry": {
        "type": "Point",
        "coordinates": [
          13.9485865,
          40.7427204
        ]
      },
      "properties": {
        "id": 702260657,
        "osm_type": "way",
        "tourism": "hotel"
      }
    },
    {
      "type": "Feature",
      "geometry": {
        "type": "Point",
        "coordinates": [
          14.2113395,
          40.959203
        ]
      },
      "properties": {
        "id": 702795076,
        "osm_type": "way",
        "tourism": "hotel"
      }
    },
    {
      "type": "Feature",
      "geometry": {
        "type": "Point",
        "coordinates": [
          14.2106814,
          40.9590516
        ]
      },
      "properties": {
        "id": 702989128,
        "osm_type": "way",
        "name": "Hotel Max",
        "tourism": "hotel"
      }
    },
    {
      "type": "Feature",
      "geometry": {
        "type": "Point",
        "coordinates": [
          14.5746159,
          41.0072382
        ]
      },
      "properties": {
        "id": 704004837,
        "osm_type": "way",
        "tourism": "alpine_hut"
      }
    },
    {
      "type": "Feature",
      "geometry": {
        "type": "Point",
        "coordinates": [
          13.9465078,
          40.7416561
        ]
      },
      "properties": {
        "id": 705790224,
        "osm_type": "way",
        "name": "VIa Roma Suites",
        "tourism": "hotel",
        "phone": "+393929235924",
        "website": "https://www.viaromasuitesischia.it/en"
      }
    },
    {
      "type": "Feature",
      "geometry": {
        "type": "Point",
        "coordinates": [
          13.9472872,
          40.7408085
        ]
      },
      "properties": {
        "id": 705987789,
        "osm_type": "way",
        "name": "Hotel del Postiglione",
        "tourism": "hotel"
      }
    },
    {
      "type": "Feature",
      "geometry": {
        "type": "Point",
        "coordinates": [
          14.6997808,
          40.9282092
        ]
      },
      "properties": {
        "id": 706915406,
        "osm_type": "way",
        "tourism": "alpine_hut"
      }
    },
    {
      "type": "Feature",
      "geometry": {
        "type": "Point",
        "coordinates": [
          14.6974426,
          40.9818435
        ]
      },
      "properties": {
        "id": 709164036,
        "osm_type": "way",
        "name": "Rifugio Acqua delle Vene",
        "tourism": "alpine_hut"
      }
    },
    {
      "type": "Feature",
      "geometry": {
        "type": "Point",
        "coordinates": [
          14.7065937,
          40.9839992
        ]
      },
      "properties": {
        "id": 709164037,
        "osm_type": "way",
        "name": "Rifugio Toppo del Monaco",
        "tourism": "alpine_hut",
        "contact:phone": "+39 338 970 1983"
      }
    },
    {
      "type": "Feature",
      "geometry": {
        "type": "Point",
        "coordinates": [
          13.8537501,
          41.2657504
        ]
      },
      "properties": {
        "id": 710671793,
        "osm_type": "way",
        "name": "Masseria Casiello",
        "tourism": "guest_house"
      }
    },
    {
      "type": "Feature",
      "geometry": {
        "type": "Point",
        "coordinates": [
          14.9623905,
          40.2849245
        ]
      },
      "properties": {
        "id": 716680398,
        "osm_type": "way",
        "name": "Cilentissimo San Leo",
        "tourism": "chalet",
        "website": "https://cilentissimo.de/"
      }
    },
    {
      "type": "Feature",
      "geometry": {
        "type": "Point",
        "coordinates": [
          15.4867195,
          40.0453432
        ]
      },
      "properties": {
        "id": 719629639,
        "osm_type": "way",
        "name": "La Francesca Sud",
        "tourism": "camp_site",
        "tents": "no",
        "contact:phone": "+39 0974 986068; +39 02 657 5639",
        "contact:website": "https://lafrancescascario.it/"
      }
    },
    {
      "type": "Feature",
      "geometry": {
        "type": "Point",
        "coordinates": [
          15.0435404,
          40.7335577
        ]
      },
      "properties": {
        "id": 719939980,
        "osm_type": "way",
        "name": "Valle dei Pioppi",
        "tourism": "guest_house"
      }
    },
    {
      "type": "Feature",
      "geometry": {
        "type": "Point",
        "coordinates": [
          15.3493339,
          40.0089679
        ]
      },
      "properties": {
        "id": 726079332,
        "osm_type": "way",
        "name": "Villaggio Turistico La Fenosa",
        "tourism": "hotel",
        "website": "https://www.lafenosa.it"
      }
    },
    {
      "type": "Feature",
      "geometry": {
        "type": "Point",
        "coordinates": [
          14.44523,
          40.8772319
        ]
      },
      "properties": {
        "id": 729495145,
        "osm_type": "way",
        "name": "Quinson Hotel",
        "tourism": "guest_house"
      }
    },
    {
      "type": "Feature",
      "geometry": {
        "type": "Point",
        "coordinates": [
          14.4014936,
          40.8696183
        ]
      },
      "properties": {
        "id": 729497498,
        "osm_type": "way",
        "name": "dei Baroni",
        "tourism": "hotel"
      }
    },
    {
      "type": "Feature",
      "geometry": {
        "type": "Point",
        "coordinates": [
          14.3788917,
          40.8522644
        ]
      },
      "properties": {
        "id": 729502636,
        "osm_type": "way",
        "name": "B&B Privileged",
        "tourism": "guest_house"
      }
    },
    {
      "type": "Feature",
      "geometry": {
        "type": "Point",
        "coordinates": [
          14.431195,
          40.7770853
        ]
      },
      "properties": {
        "id": 729778791,
        "osm_type": "way",
        "name": "Villa Agostina",
        "tourism": "hotel",
        "phone": "+39 081 861 31 64",
        "website": "https://www.villagostina.it"
      }
    },
    {
      "type": "Feature",
      "geometry": {
        "type": "Point",
        "coordinates": [
          14.4849283,
          40.8192162
        ]
      },
      "properties": {
        "id": 729822231,
        "osm_type": "way",
        "name": "Villa Cortea Relais",
        "tourism": "hotel",
        "phone": "+39 0815292495"
      }
    },
    {
      "type": "Feature",
      "geometry": {
        "type": "Point",
        "coordinates": [
          14.4881258,
          40.7766416
        ]
      },
      "properties": {
        "id": 729827269,
        "osm_type": "way",
        "tourism": "hotel"
      }
    },
    {
      "type": "Feature",
      "geometry": {
        "type": "Point",
        "coordinates": [
          14.4884955,
          40.7761529
        ]
      },
      "properties": {
        "id": 729827311,
        "osm_type": "way",
        "name": "Hotel Imperiale",
        "tourism": "hotel",
        "website": "https://www.hotelimperiale.it/"
      }
    },
    {
      "type": "Feature",
      "geometry": {
        "type": "Point",
        "coordinates": [
          14.5092018,
          40.6726247
        ]
      },
      "properties": {
        "id": 734006753,
        "osm_type": "way",
        "name": "Hotel Ristorante Montuori",
        "tourism": "hotel"
      }
    },
    {
      "type": "Feature",
      "geometry": {
        "type": "Point",
        "coordinates": [
          14.5091741,
          40.6726408
        ]
      },
      "properties": {
        "id": 734007884,
        "osm_type": "way",
        "name": "Hotel Ristorante Montuori",
        "tourism": "hotel"
      }
    },
    {
      "type": "Feature",
      "geometry": {
        "type": "Point",
        "coordinates": [
          14.5321141,
          40.6793747
        ]
      },
      "properties": {
        "id": 734008581,
        "osm_type": "way",
        "name": "Hotel degli Ulivi",
        "tourism": "hotel"
      }
    },
    {
      "type": "Feature",
      "geometry": {
        "type": "Point",
        "coordinates": [
          14.372457,
          40.8246534
        ]
      },
      "properties": {
        "id": 734208775,
        "osm_type": "way",
        "name": "Divinus",
        "tourism": "guest_house"
      }
    },
    {
      "type": "Feature",
      "geometry": {
        "type": "Point",
        "coordinates": [
          14.3883453,
          40.8246227
        ]
      },
      "properties": {
        "id": 734209487,
        "osm_type": "way",
        "name": "B&B La Murena",
        "tourism": "hotel",
        "phone": "+39 081 777 9819",
        "website": "http://www.lamurena.it/"
      }
    },
    {
      "type": "Feature",
      "geometry": {
        "type": "Point",
        "coordinates": [
          14.3812171,
          40.819915
        ]
      },
      "properties": {
        "id": 734211167,
        "osm_type": "way",
        "name": "Le Fumarole",
        "tourism": "guest_house",
        "check_date": "2024-07-02"
      }
    },
    {
      "type": "Feature",
      "geometry": {
        "type": "Point",
        "coordinates": [
          14.3791504,
          40.8252506
        ]
      },
      "properties": {
        "id": 734211571,
        "osm_type": "way",
        "name": "Andris Hotel",
        "tourism": "hotel",
        "phone": "+39 081 739 6105"
      }
    },
    {
      "type": "Feature",
      "geometry": {
        "type": "Point",
        "coordinates": [
          14.5259986,
          40.713944
        ]
      },
      "properties": {
        "id": 734636529,
        "osm_type": "way",
        "tourism": "hotel"
      }
    },
    {
      "type": "Feature",
      "geometry": {
        "type": "Point",
        "coordinates": [
          14.5162085,
          40.7055027
        ]
      },
      "properties": {
        "id": 734638772,
        "osm_type": "way",
        "name": "Villa Le Zagare",
        "tourism": "hotel",
        "check_date": "2024-07-17"
      }
    },
    {
      "type": "Feature",
      "geometry": {
        "type": "Point",
        "coordinates": [
          14.4821403,
          40.7035136
        ]
      },
      "properties": {
        "id": 734892186,
        "osm_type": "way",
        "name": "Hotel Miramare Stabia",
        "tourism": "hotel"
      }
    },
    {
      "type": "Feature",
      "geometry": {
        "type": "Point",
        "coordinates": [
          14.4878449,
          40.6933512
        ]
      },
      "properties": {
        "id": 734893360,
        "osm_type": "way",
        "name": "Hotel Paradiso",
        "tourism": "hotel"
      }
    },
    {
      "type": "Feature",
      "geometry": {
        "type": "Point",
        "coordinates": [
          14.566839,
          40.6249781
        ]
      },
      "properties": {
        "id": 735365195,
        "osm_type": "way",
        "name": "Beata Solitudo",
        "tourism": "hostel"
      }
    },
    {
      "type": "Feature",
      "geometry": {
        "type": "Point",
        "coordinates": [
          14.5525488,
          40.6392888
        ]
      },
      "properties": {
        "id": 735366792,
        "osm_type": "way",
        "name": "Bio Agriturismo Tenuta Novecento",
        "tourism": "guest_house",
        "phone": "+39 320 97 39 346",
        "website": "https://www.tenutanovecento.com"
      }
    },
    {
      "type": "Feature",
      "geometry": {
        "type": "Point",
        "coordinates": [
          14.5352752,
          40.6274433
        ]
      },
      "properties": {
        "id": 735369557,
        "osm_type": "way",
        "name": "Casa Pendola",
        "tourism": "guest_house",
        "website": "http://www.casapendola.it/index.php#!Home.html"
      }
    },
    {
      "type": "Feature",
      "geometry": {
        "type": "Point",
        "coordinates": [
          14.0573878,
          40.7957378
        ]
      },
      "properties": {
        "id": 736685225,
        "osm_type": "way",
        "name": "Tyrrhenum Residence",
        "tourism": "guest_house"
      }
    },
    {
      "type": "Feature",
      "geometry": {
        "type": "Point",
        "coordinates": [
          14.0677225,
          40.7934724
        ]
      },
      "properties": {
        "id": 736688525,
        "osm_type": "way",
        "name": "Villa Oteri",
        "tourism": "hotel"
      }
    },
    {
      "type": "Feature",
      "geometry": {
        "type": "Point",
        "coordinates": [
          14.046355,
          40.8075965
        ]
      },
      "properties": {
        "id": 736688977,
        "osm_type": "way",
        "tourism": "guest_house",
        "website": "https://www.lavinum.it/"
      }
    },
    {
      "type": "Feature",
      "geometry": {
        "type": "Point",
        "coordinates": [
          14.0669113,
          40.7927335
        ]
      },
      "properties": {
        "id": 736689105,
        "osm_type": "way",
        "name": "Domus Fortunae B&B",
        "tourism": "guest_house",
        "website": "https://www.bacoli.it/dormire/bed-breakfast/domus-fortunae.html"
      }
    },
    {
      "type": "Feature",
      "geometry": {
        "type": "Point",
        "coordinates": [
          14.0465632,
          40.8050307
        ]
      },
      "properties": {
        "id": 736689630,
        "osm_type": "way",
        "name": "Al Chiar di Luna",
        "tourism": "hotel"
      }
    },
    {
      "type": "Feature",
      "geometry": {
        "type": "Point",
        "coordinates": [
          14.0413213,
          40.9006562
        ]
      },
      "properties": {
        "id": 736871667,
        "osm_type": "way",
        "name": "Hotel Bellavista",
        "tourism": "hotel"
      }
    },
    {
      "type": "Feature",
      "geometry": {
        "type": "Point",
        "coordinates": [
          14.0398343,
          40.9001978
        ]
      },
      "properties": {
        "id": 736872961,
        "osm_type": "way",
        "name": "Bella 'mbriana",
        "tourism": "hotel"
      }
    },
    {
      "type": "Feature",
      "geometry": {
        "type": "Point",
        "coordinates": [
          14.0471697,
          40.9348759
        ]
      },
      "properties": {
        "id": 736875584,
        "osm_type": "way",
        "name": "Hotel il Panfilo",
        "tourism": "hotel"
      }
    },
    {
      "type": "Feature",
      "geometry": {
        "type": "Point",
        "coordinates": [
          14.0841249,
          40.8527809
        ]
      },
      "properties": {
        "id": 736913880,
        "osm_type": "way",
        "name": "Agave",
        "tourism": "hotel"
      }
    },
    {
      "type": "Feature",
      "geometry": {
        "type": "Point",
        "coordinates": [
          14.0583132,
          40.8796182
        ]
      },
      "properties": {
        "id": 736913976,
        "osm_type": "way",
        "name": "Hotel Happy Days",
        "tourism": "hotel"
      }
    },
    {
      "type": "Feature",
      "geometry": {
        "type": "Point",
        "coordinates": [
          14.1222914,
          40.8613883
        ]
      },
      "properties": {
        "id": 736925107,
        "osm_type": "way",
        "tourism": "hotel"
      }
    },
    {
      "type": "Feature",
      "geometry": {
        "type": "Point",
        "coordinates": [
          14.0561409,
          40.8307644
        ]
      },
      "properties": {
        "id": 736933073,
        "osm_type": "way",
        "name": "La Kayanera",
        "tourism": "hotel"
      }
    },
    {
      "type": "Feature",
      "geometry": {
        "type": "Point",
        "coordinates": [
          14.0755933,
          40.8253293
        ]
      },
      "properties": {
        "id": 736934017,
        "osm_type": "way",
        "name": "Il Gabbiano",
        "tourism": "hotel",
        "website": "www.ilgabbianohotel.com/"
      }
    },
    {
      "type": "Feature",
      "geometry": {
        "type": "Point",
        "coordinates": [
          14.2004207,
          40.8681824
        ]
      },
      "properties": {
        "id": 737137023,
        "osm_type": "way",
        "name": "Ranch Palace Hotel",
        "tourism": "hotel",
        "phone": "+39 081 19571450",
        "website": "http://www.ranchpalacehotel.it"
      }
    },
    {
      "type": "Feature",
      "geometry": {
        "type": "Point",
        "coordinates": [
          14.2877755,
          40.8494272
        ]
      },
      "properties": {
        "id": 744993557,
        "osm_type": "way",
        "name": "Hotel Magri's",
        "tourism": "hotel",
        "website": "https://www.magrishotel.it/"
      }
    },
    {
      "type": "Feature",
      "geometry": {
        "type": "Point",
        "coordinates": [
          15.0810755,
          40.921367
        ]
      },
      "properties": {
        "id": 748684532,
        "osm_type": "way",
        "name": "Hotel Ristorante Pizzeria Bosco Girifalco",
        "tourism": "hotel"
      }
    },
    {
      "type": "Feature",
      "geometry": {
        "type": "Point",
        "coordinates": [
          14.3361916,
          40.60921
        ]
      },
      "properties": {
        "id": 749056567,
        "osm_type": "way",
        "name": "Hotel le Nereidi",
        "tourism": "hotel",
        "check_date": "2024-08-10"
      }
    },
    {
      "type": "Feature",
      "geometry": {
        "type": "Point",
        "coordinates": [
          14.3364325,
          40.6074825
        ]
      },
      "properties": {
        "id": 749056663,
        "osm_type": "way",
        "name": "Agriturismo La Lobra",
        "tourism": "guest_house",
        "phone": "+390815320105",
        "check_date": "2024-08-10"
      }
    },
    {
      "type": "Feature",
      "geometry": {
        "type": "Point",
        "coordinates": [
          14.3307062,
          40.6001394
        ]
      },
      "properties": {
        "id": 749057185,
        "osm_type": "way",
        "name": "Hotel Delfino",
        "tourism": "hotel",
        "phone": "+390818789261",
        "website": "https://www.hoteldelfino.com/"
      }
    },
    {
      "type": "Feature",
      "geometry": {
        "type": "Point",
        "coordinates": [
          14.3520496,
          40.6288874
        ]
      },
      "properties": {
        "id": 749092105,
        "osm_type": "way",
        "tourism": "hotel"
      }
    },
    {
      "type": "Feature",
      "geometry": {
        "type": "Point",
        "coordinates": [
          14.3632205,
          40.628269
        ]
      },
      "properties": {
        "id": 749092131,
        "osm_type": "way",
        "name": "Admiral Hotel Sorrento",
        "tourism": "hotel"
      }
    },
    {
      "type": "Feature",
      "geometry": {
        "type": "Point",
        "coordinates": [
          14.3445938,
          40.6230065
        ]
      },
      "properties": {
        "id": 749092556,
        "osm_type": "way",
        "name": "Hotel Villa Pina - Antico Francischiello",
        "tourism": "hotel"
      }
    },
    {
      "type": "Feature",
      "geometry": {
        "type": "Point",
        "coordinates": [
          14.3430634,
          40.618875
        ]
      },
      "properties": {
        "id": 749092858,
        "osm_type": "way",
        "name": "Conca Azzurra",
        "tourism": "hotel"
      }
    },
    {
      "type": "Feature",
      "geometry": {
        "type": "Point",
        "coordinates": [
          14.3465107,
          40.6183502
        ]
      },
      "properties": {
        "id": 749092943,
        "osm_type": "way",
        "name": "Hotel Bellavista Francischiello",
        "tourism": "hotel",
        "phone": "+390818789181",
        "website": "https://www.francischiello.it/"
      }
    },
    {
      "type": "Feature",
      "geometry": {
        "type": "Point",
        "coordinates": [
          14.3765895,
          40.6132724
        ]
      },
      "properties": {
        "id": 749093775,
        "osm_type": "way",
        "name": "Villa Pietraluna",
        "tourism": "guest_house"
      }
    },
    {
      "type": "Feature",
      "geometry": {
        "type": "Point",
        "coordinates": [
          14.3467144,
          40.5996927
        ]
      },
      "properties": {
        "id": 749096453,
        "osm_type": "way",
        "name": "Villa Lubra",
        "tourism": "guest_house"
      }
    },
    {
      "type": "Feature",
      "geometry": {
        "type": "Point",
        "coordinates": [
          14.3847589,
          40.6056368
        ]
      },
      "properties": {
        "id": 749102991,
        "osm_type": "way",
        "name": "Agriturismo le Tore",
        "tourism": "apartment"
      }
    },
    {
      "type": "Feature",
      "geometry": {
        "type": "Point",
        "coordinates": [
          14.4258935,
          40.6421807
        ]
      },
      "properties": {
        "id": 749278818,
        "osm_type": "way",
        "name": "Villa Giusso",
        "tourism": "hotel",
        "phone": "+39 081 8024847"
      }
    },
    {
      "type": "Feature",
      "geometry": {
        "type": "Point",
        "coordinates": [
          14.4007256,
          40.6368576
        ]
      },
      "properties": {
        "id": 749279519,
        "osm_type": "way",
        "name": "Domus San Vincenzio Pallotti",
        "tourism": "guest_house",
        "website": "https://www.domussanvincenzo.com/"
      }
    },
    {
      "type": "Feature",
      "geometry": {
        "type": "Point",
        "coordinates": [
          14.388179,
          40.633172
        ]
      },
      "properties": {
        "id": 749280389,
        "osm_type": "way",
        "name": "Hotel Parco dei Principi",
        "tourism": "hotel",
        "phone": "+39 081 8782858",
        "website": "https://www.royalgroup.it/parcodeiprincipi/"
      }
    },
    {
      "type": "Feature",
      "geometry": {
        "type": "Point",
        "coordinates": [
          14.3817562,
          40.6269898
        ]
      },
      "properties": {
        "id": 749282167,
        "osm_type": "way",
        "name": "Hotel Capri",
        "tourism": "hotel",
        "phone": "+39 081 878 12 51",
        "website": "https://www.albergocapri.it/",
        "check_date": "2024-11-11"
      }
    },
    {
      "type": "Feature",
      "geometry": {
        "type": "Point",
        "coordinates": [
          14.4317271,
          40.6195938
        ]
      },
      "properties": {
        "id": 749284153,
        "osm_type": "way",
        "name": "Castello Colonna",
        "tourism": "hotel"
      }
    },
    {
      "type": "Feature",
      "geometry": {
        "type": "Point",
        "coordinates": [
          14.4194139,
          40.6176356
        ]
      },
      "properties": {
        "id": 749284733,
        "osm_type": "way",
        "name": "TUI Blue Nastro Azurro",
        "tourism": "hotel",
        "contact:website": "https://www.tui.co.uk/destinations/europe/italy/neapolitan-riviera/piano-di-sorrento/hotels/tui-blue-nastro-azzurro.html"
      }
    },
    {
      "type": "Feature",
      "geometry": {
        "type": "Point",
        "coordinates": [
          14.4504245,
          40.6458326
        ]
      },
      "properties": {
        "id": 749509112,
        "osm_type": "way",
        "name": "Villa Cinque Resort",
        "tourism": "hotel"
      }
    },
    {
      "type": "Feature",
      "geometry": {
        "type": "Point",
        "coordinates": [
          14.4173079,
          40.6591519
        ]
      },
      "properties": {
        "id": 749594436,
        "osm_type": "way",
        "name": "Hotel & Resort Le Axidie",
        "tourism": "hotel"
      }
    },
    {
      "type": "Feature",
      "geometry": {
        "type": "Point",
        "coordinates": [
          14.4211851,
          40.6586198
        ]
      },
      "properties": {
        "id": 749594490,
        "osm_type": "way",
        "name": "Grand Hotel Angiolieri",
        "tourism": "hotel"
      }
    },
    {
      "type": "Feature",
      "geometry": {
        "type": "Point",
        "coordinates": [
          14.4352557,
          40.6495233
        ]
      },
      "properties": {
        "id": 749595425,
        "osm_type": "way",
        "name": "Salesiani",
        "tourism": "hotel"
      }
    },
    {
      "type": "Feature",
      "geometry": {
        "type": "Point",
        "coordinates": [
          14.4336335,
          40.647586
        ]
      },
      "properties": {
        "id": 749595538,
        "osm_type": "way",
        "name": "B&B Mariagrazia",
        "tourism": "guest_house"
      }
    },
    {
      "type": "Feature",
      "geometry": {
        "type": "Point",
        "coordinates": [
          15.0699153,
          40.8292974
        ]
      },
      "properties": {
        "id": 751043048,
        "osm_type": "way",
        "name": "Hotel Belvedere",
        "tourism": "hotel"
      }
    },
    {
      "type": "Feature",
      "geometry": {
        "type": "Point",
        "coordinates": [
          14.2233754,
          40.5586977
        ]
      },
      "properties": {
        "id": 751444825,
        "osm_type": "way",
        "name": "Caesar Augustus",
        "tourism": "hotel",
        "phone": "+39 081 8373395",
        "website": "https://www.caesar-augustus.com/"
      }
    },
    {
      "type": "Feature",
      "geometry": {
        "type": "Point",
        "coordinates": [
          14.2238172,
          40.5582454
        ]
      },
      "properties": {
        "id": 751444893,
        "osm_type": "way",
        "name": "San Michele",
        "tourism": "hotel",
        "phone": "+39 081 837 1427",
        "website": "https://sanmichele-capri.com/"
      }
    },
    {
      "type": "Feature",
      "geometry": {
        "type": "Point",
        "coordinates": [
          14.2197302,
          40.5556298
        ]
      },
      "properties": {
        "id": 751445527,
        "osm_type": "way",
        "name": "Biancamaria",
        "tourism": "hotel"
      }
    },
    {
      "type": "Feature",
      "geometry": {
        "type": "Point",
        "coordinates": [
          14.2493429,
          40.5517958
        ]
      },
      "properties": {
        "id": 752097401,
        "osm_type": "way",
        "name": "Villa Sarah",
        "tourism": "hotel",
        "phone": "+39 081 8377817",
        "website": "http://villasarah.it/"
      }
    },
    {
      "type": "Feature",
      "geometry": {
        "type": "Point",
        "coordinates": [
          14.2436421,
          40.5481085
        ]
      },
      "properties": {
        "id": 752097883,
        "osm_type": "way",
        "name": "La Tosca",
        "tourism": "hotel"
      }
    },
    {
      "type": "Feature",
      "geometry": {
        "type": "Point",
        "coordinates": [
          14.2430155,
          40.5477025
        ]
      },
      "properties": {
        "id": 752097938,
        "osm_type": "way",
        "name": "Villa Krupp",
        "tourism": "hotel"
      }
    },
    {
      "type": "Feature",
      "geometry": {
        "type": "Point",
        "coordinates": [
          14.2438601,
          40.5472312
        ]
      },
      "properties": {
        "id": 752097960,
        "osm_type": "way",
        "name": "Luna",
        "tourism": "hotel",
        "website": "https://www.lunahotel.com/en/index"
      }
    },
    {
      "type": "Feature",
      "geometry": {
        "type": "Point",
        "coordinates": [
          14.2505443,
          40.5452682
        ]
      },
      "properties": {
        "id": 752098025,
        "osm_type": "way",
        "name": "Hotel Punta Tragara",
        "tourism": "hotel",
        "website": "https://www.hoteltragara.com/en/"
      }
    },
    {
      "type": "Feature",
      "geometry": {
        "type": "Point",
        "coordinates": [
          14.4516025,
          40.6881726
        ]
      },
      "properties": {
        "id": 752849538,
        "osm_type": "way",
        "name": "Towers Hotel",
        "tourism": "hotel"
      }
    },
    {
      "type": "Feature",
      "geometry": {
        "type": "Point",
        "coordinates": [
          15.2412373,
          40.3748454
        ]
      },
      "properties": {
        "id": 753951103,
        "osm_type": "way",
        "name": "B&B IL RIFUGIO DEL CALORE",
        "tourism": "guest_house"
      }
    },
    {
      "type": "Feature",
      "geometry": {
        "type": "Point",
        "coordinates": [
          15.2316246,
          40.4034025
        ]
      },
      "properties": {
        "id": 753951104,
        "osm_type": "way",
        "name": "AGRITURISMO DIFESA DEL PRINCIPE",
        "tourism": "hotel"
      }
    },
    {
      "type": "Feature",
      "geometry": {
        "type": "Point",
        "coordinates": [
          15.2169724,
          40.2894749
        ]
      },
      "properties": {
        "id": 753991329,
        "osm_type": "way",
        "name": "B&B ENGIOI",
        "tourism": "hotel"
      }
    },
    {
      "type": "Feature",
      "geometry": {
        "type": "Point",
        "coordinates": [
          15.3390838,
          40.3404393
        ]
      },
      "properties": {
        "id": 754016941,
        "osm_type": "way",
        "name": "B&B ASTRALIS CIENTUM",
        "tourism": "guest_house"
      }
    },
    {
      "type": "Feature",
      "geometry": {
        "type": "Point",
        "coordinates": [
          15.3512393,
          40.3375027
        ]
      },
      "properties": {
        "id": 754018084,
        "osm_type": "way",
        "name": "CASA VACANZE LA TERRAZZA DI LAURINO",
        "tourism": "guest_house"
      }
    },
    {
      "type": "Feature",
      "geometry": {
        "type": "Point",
        "coordinates": [
          15.3472044,
          40.0067235
        ]
      },
      "properties": {
        "id": 757709644,
        "osm_type": "way",
        "name": "Villaggio Alberghiero Cala d'Arconte",
        "tourism": "hotel"
      }
    },
    {
      "type": "Feature",
      "geometry": {
        "type": "Point",
        "coordinates": [
          14.3594658,
          40.5849959
        ]
      },
      "properties": {
        "id": 758375860,
        "osm_type": "way",
        "name": "Villaggio Turistico Syrenuse",
        "tourism": "camp_site",
        "tents": "yes",
        "contact:phone": "+39 331 235 6116"
      }
    },
    {
      "type": "Feature",
      "geometry": {
        "type": "Point",
        "coordinates": [
          14.382014,
          40.6284008
        ]
      },
      "properties": {
        "id": 759819615,
        "osm_type": "way",
        "name": "Grand Hotel de La Ville",
        "tourism": "hotel",
        "phone": "+39 0818782144"
      }
    },
    {
      "type": "Feature",
      "geometry": {
        "type": "Point",
        "coordinates": [
          14.3334071,
          41.2699064
        ]
      },
      "properties": {
        "id": 777225511,
        "osm_type": "way",
        "name": "Agriturismo San Marco",
        "tourism": "guest_house",
        "phone": "+39 388 187 6074",
        "website": "www.sanmarco-agriturismo.it"
      }
    },
    {
      "type": "Feature",
      "geometry": {
        "type": "Point",
        "coordinates": [
          14.3495976,
          41.2844023
        ]
      },
      "properties": {
        "id": 777243220,
        "osm_type": "way",
        "name": "Bar - Reception",
        "tourism": "chalet",
        "phone": "+39 3881427101"
      }
    },
    {
      "type": "Feature",
      "geometry": {
        "type": "Point",
        "coordinates": [
          14.4960973,
          41.3803855
        ]
      },
      "properties": {
        "id": 777256933,
        "osm_type": "way",
        "name": "Sci Club Fondo Matese - UISP",
        "tourism": "alpine_hut",
        "phone": "+39 368 739 8441;+39 333 609 0588;+39 347 350 4810",
        "website": "https://scifondomatese.blogspot.com/"
      }
    },
    {
      "type": "Feature",
      "geometry": {
        "type": "Point",
        "coordinates": [
          14.3164541,
          41.0675552
        ]
      },
      "properties": {
        "id": 777286647,
        "osm_type": "way",
        "tourism": "hotel"
      }
    },
    {
      "type": "Feature",
      "geometry": {
        "type": "Point",
        "coordinates": [
          14.3164189,
          41.0677608
        ]
      },
      "properties": {
        "id": 777286648,
        "osm_type": "way",
        "name": "Plana",
        "tourism": "hotel"
      }
    },
    {
      "type": "Feature",
      "geometry": {
        "type": "Point",
        "coordinates": [
          15.4018951,
          40.0080933
        ]
      },
      "properties": {
        "id": 777683100,
        "osm_type": "way",
        "name": "Residence Baia della luna",
        "tourism": "hotel"
      }
    },
    {
      "type": "Feature",
      "geometry": {
        "type": "Point",
        "coordinates": [
          14.4964102,
          41.3800043
        ]
      },
      "properties": {
        "id": 778340247,
        "osm_type": "way",
        "tourism": "alpine_hut"
      }
    },
    {
      "type": "Feature",
      "geometry": {
        "type": "Point",
        "coordinates": [
          15.1635831,
          40.1597342
        ]
      },
      "properties": {
        "id": 779929571,
        "osm_type": "way",
        "name": "Le Terme di Velia",
        "tourism": "chalet",
        "website": "http://www.letermedivelia.it"
      }
    },
    {
      "type": "Feature",
      "geometry": {
        "type": "Point",
        "coordinates": [
          13.9050697,
          40.7457432
        ]
      },
      "properties": {
        "id": 781553198,
        "osm_type": "way",
        "name": "Suisse Thermal Village",
        "tourism": "hotel",
        "website": "https://www.aurumhotels.it/en/suisse-thermal-village-campania.html"
      }
    },
    {
      "type": "Feature",
      "geometry": {
        "type": "Point",
        "coordinates": [
          15.4470616,
          40.3719512
        ]
      },
      "properties": {
        "id": 783728770,
        "osm_type": "way",
        "name": "Rifugio Fontanelle",
        "tourism": "alpine_hut"
      }
    },
    {
      "type": "Feature",
      "geometry": {
        "type": "Point",
        "coordinates": [
          14.6389121,
          41.0682229
        ]
      },
      "properties": {
        "id": 801377016,
        "osm_type": "way",
        "name": "B&B Assteas",
        "tourism": "guest_house"
      }
    },
    {
      "type": "Feature",
      "geometry": {
        "type": "Point",
        "coordinates": [
          14.690965,
          41.1651924
        ]
      },
      "properties": {
        "id": 817815954,
        "osm_type": "way",
        "name": "Azienda Agricola San Michele",
        "tourism": "guest_house"
      }
    },
    {
      "type": "Feature",
      "geometry": {
        "type": "Point",
        "coordinates": [
          13.9112958,
          40.7019134
        ]
      },
      "properties": {
        "id": 822846409,
        "osm_type": "way",
        "name": "Hotel San Giorgio Terme",
        "tourism": "hotel",
        "website": "https://www.hotelsangiorgio.com/"
      }
    },
    {
      "type": "Feature",
      "geometry": {
        "type": "Point",
        "coordinates": [
          15.3618949,
          40.30082
        ]
      },
      "properties": {
        "id": 824116841,
        "osm_type": "way",
        "name": "Rifugio Il tesoro degli angeli",
        "tourism": "hostel"
      }
    },
    {
      "type": "Feature",
      "geometry": {
        "type": "Point",
        "coordinates": [
          14.6893782,
          41.184124
        ]
      },
      "properties": {
        "id": 827598137,
        "osm_type": "way",
        "name": "Cantine Iannella",
        "tourism": "guest_house"
      }
    },
    {
      "type": "Feature",
      "geometry": {
        "type": "Point",
        "coordinates": [
          14.058288,
          40.9153942
        ]
      },
      "properties": {
        "id": 829720611,
        "osm_type": "way",
        "name": "Hotel Agora",
        "tourism": "hotel"
      }
    },
    {
      "type": "Feature",
      "geometry": {
        "type": "Point",
        "coordinates": [
          15.0718839,
          40.5028085
        ]
      },
      "properties": {
        "id": 831166145,
        "osm_type": "way",
        "name": "Hotel Paradiso",
        "tourism": "hotel"
      }
    },
    {
      "type": "Feature",
      "geometry": {
        "type": "Point",
        "coordinates": [
          15.0719902,
          40.5027663
        ]
      },
      "properties": {
        "id": 831166147,
        "osm_type": "way",
        "name": "Hotel Paradiso",
        "tourism": "hotel"
      }
    },
    {
      "type": "Feature",
      "geometry": {
        "type": "Point",
        "coordinates": [
          14.4903516,
          41.2270424
        ]
      },
      "properties": {
        "id": 834376434,
        "osm_type": "way",
        "name": "Casale Di Palma",
        "tourism": "guest_house",
        "phone": "+39 338 760 0416"
      }
    },
    {
      "type": "Feature",
      "geometry": {
        "type": "Point",
        "coordinates": [
          15.369136,
          40.0020307
        ]
      },
      "properties": {
        "id": 839646359,
        "osm_type": "way",
        "name": "Area sosta attrezzata - El Colombiano",
        "tourism": "caravan_site"
      }
    },
    {
      "type": "Feature",
      "geometry": {
        "type": "Point",
        "coordinates": [
          15.3415369,
          40.3598052
        ]
      },
      "properties": {
        "id": 841174736,
        "osm_type": "way",
        "name": "Agriturismo I Sette Venti",
        "tourism": "hotel",
        "phone": "+39 0974 1848073;+39 3384009443",
        "website": "https://www.agriturismoi7venti.it/"
      }
    },
    {
      "type": "Feature",
      "geometry": {
        "type": "Point",
        "coordinates": [
          14.4557373,
          41.2660535
        ]
      },
      "properties": {
        "id": 843320508,
        "osm_type": "way",
        "name": "La Fiaccola",
        "tourism": "hotel"
      }
    },
    {
      "type": "Feature",
      "geometry": {
        "type": "Point",
        "coordinates": [
          14.4924768,
          41.3082655
        ]
      },
      "properties": {
        "id": 847130426,
        "osm_type": "way",
        "tourism": "alpine_hut"
      }
    },
    {
      "type": "Feature",
      "geometry": {
        "type": "Point",
        "coordinates": [
          14.5010518,
          40.6922677
        ]
      },
      "properties": {
        "id": 847232270,
        "osm_type": "way",
        "name": "Hotel Parco",
        "tourism": "hotel"
      }
    },
    {
      "type": "Feature",
      "geometry": {
        "type": "Point",
        "coordinates": [
          15.0208857,
          41.4252987
        ]
      },
      "properties": {
        "id": 854251673,
        "osm_type": "way",
        "name": "Hotel Michelangelo",
        "tourism": "motel"
      }
    },
    {
      "type": "Feature",
      "geometry": {
        "type": "Point",
        "coordinates": [
          14.5319271,
          40.6789422
        ]
      },
      "properties": {
        "id": 859430444,
        "osm_type": "way",
        "name": "Hotel Irene",
        "tourism": "hotel"
      }
    },
    {
      "type": "Feature",
      "geometry": {
        "type": "Point",
        "coordinates": [
          14.9413176,
          40.2727272
        ]
      },
      "properties": {
        "id": 863761135,
        "osm_type": "way",
        "tourism": "caravan_site"
      }
    },
    {
      "type": "Feature",
      "geometry": {
        "type": "Point",
        "coordinates": [
          14.4908051,
          41.1552846
        ]
      },
      "properties": {
        "id": 864505657,
        "osm_type": "way",
        "name": "Casa Lerario",
        "tourism": "guest_house"
      }
    },
    {
      "type": "Feature",
      "geometry": {
        "type": "Point",
        "coordinates": [
          14.6927329,
          40.6392749
        ]
      },
      "properties": {
        "id": 866308501,
        "osm_type": "way",
        "name": "Casa Vacanze Bouganvillea",
        "tourism": "guest_house"
      }
    },
    {
      "type": "Feature",
      "geometry": {
        "type": "Point",
        "coordinates": [
          15.3117531,
          40.0602781
        ]
      },
      "properties": {
        "id": 866363384,
        "osm_type": "way",
        "name": "Il Castello di San Sergio",
        "tourism": "guest_house",
        "phone": "+39 0974 933096",
        "website": "https://www.ilcastellodisansergio.com/"
      }
    },
    {
      "type": "Feature",
      "geometry": {
        "type": "Point",
        "coordinates": [
          13.9455455,
          41.4418321
        ]
      },
      "properties": {
        "id": 867664301,
        "osm_type": "way",
        "name": "Villa Pegaso Hotel Ristorante",
        "tourism": "motel"
      }
    },
    {
      "type": "Feature",
      "geometry": {
        "type": "Point",
        "coordinates": [
          15.251523,
          40.3101921
        ]
      },
      "properties": {
        "id": 871965047,
        "osm_type": "way",
        "name": "L'Aura",
        "tourism": "guest_house",
        "phone": "+39 3293789199"
      }
    },
    {
      "type": "Feature",
      "geometry": {
        "type": "Point",
        "coordinates": [
          15.2518824,
          40.3102116
        ]
      },
      "properties": {
        "id": 871965048,
        "osm_type": "way",
        "name": "Chiusa di Bianco",
        "tourism": "guest_house",
        "phone": "+39 3391274555;+39 3332516413",
        "website": "https://www.chiusadibianco.it/"
      }
    },
    {
      "type": "Feature",
      "geometry": {
        "type": "Point",
        "coordinates": [
          15.168745,
          40.2242952
        ]
      },
      "properties": {
        "id": 878376741,
        "osm_type": "way",
        "name": "Relais Siroto BnB",
        "tourism": "guest_house",
        "opening_hours": "Mo-Su 09:00-00:00",
        "phone": "+39 3332579064",
        "website": "www.holiday-Cilento.com"
      }
    },
    {
      "type": "Feature",
      "geometry": {
        "type": "Point",
        "coordinates": [
          15.6277358,
          40.0742956
        ]
      },
      "properties": {
        "id": 889204830,
        "osm_type": "way",
        "name": "Pisacane",
        "tourism": "hotel",
        "phone": "+39 0973 605074",
        "website": "https://www.hotelpisacane.it/intro.asp"
      }
    },
    {
      "type": "Feature",
      "geometry": {
        "type": "Point",
        "coordinates": [
          14.85073,
          40.6168713
        ]
      },
      "properties": {
        "id": 904177742,
        "osm_type": "way",
        "name": "Camping California",
        "tourism": "camp_site",
        "contact:phone": "+39 347 913 3447"
      }
    },
    {
      "type": "Feature",
      "geometry": {
        "type": "Point",
        "coordinates": [
          14.4503591,
          40.6880285
        ]
      },
      "properties": {
        "id": 904209161,
        "osm_type": "way",
        "name": "Towers Hotel",
        "tourism": "hotel"
      }
    },
    {
      "type": "Feature",
      "geometry": {
        "type": "Point",
        "coordinates": [
          14.2248421,
          41.0024693
        ]
      },
      "properties": {
        "id": 931918453,
        "osm_type": "way",
        "name": "Building Hotel Caserta",
        "tourism": "hotel",
        "phone": "+39 081 393 1775",
        "website": "https://www.buildinghotelcaserta.it/"
      }
    },
    {
      "type": "Feature",
      "geometry": {
        "type": "Point",
        "coordinates": [
          14.7300477,
          41.2968905
        ]
      },
      "properties": {
        "id": 938892591,
        "osm_type": "way",
        "name": "La Cartolina del Sannio",
        "tourism": "guest_house",
        "phone": "+393396514582"
      }
    },
    {
      "type": "Feature",
      "geometry": {
        "type": "Point",
        "coordinates": [
          14.8406274,
          41.377185
        ]
      },
      "properties": {
        "id": 941518329,
        "osm_type": "way",
        "name": "Ca' Del Re",
        "tourism": "hotel",
        "phone": "+39 0824 931533",
        "website": "https://www.cadelre.com/"
      }
    },
    {
      "type": "Feature",
      "geometry": {
        "type": "Point",
        "coordinates": [
          14.4615015,
          41.1224292
        ]
      },
      "properties": {
        "id": 945497443,
        "osm_type": "way",
        "name": "Tenuta Torre Gaia",
        "tourism": "hotel",
        "phone": "+390824906054",
        "website": "https://www.tenutatorregaia.it/"
      }
    },
    {
      "type": "Feature",
      "geometry": {
        "type": "Point",
        "coordinates": [
          14.4577519,
          41.1062872
        ]
      },
      "properties": {
        "id": 946029895,
        "osm_type": "way",
        "name": "Agriturismo Ali & Ristoro",
        "tourism": "guest_house",
        "phone": "+393286196942"
      }
    },
    {
      "type": "Feature",
      "geometry": {
        "type": "Point",
        "coordinates": [
          14.4524386,
          41.1080365
        ]
      },
      "properties": {
        "id": 946029896,
        "osm_type": "way",
        "name": "B&B Al Vecchio Casale",
        "tourism": "guest_house",
        "phone": "+393475172115"
      }
    },
    {
      "type": "Feature",
      "geometry": {
        "type": "Point",
        "coordinates": [
          14.9350064,
          40.2676301
        ]
      },
      "properties": {
        "id": 946405047,
        "osm_type": "way",
        "name": "Thalasso SPA",
        "tourism": "hotel"
      }
    },
    {
      "type": "Feature",
      "geometry": {
        "type": "Point",
        "coordinates": [
          14.9647948,
          40.2839748
        ]
      },
      "properties": {
        "id": 946419942,
        "osm_type": "way",
        "tourism": "hotel"
      }
    },
    {
      "type": "Feature",
      "geometry": {
        "type": "Point",
        "coordinates": [
          15.2722887,
          40.4027579
        ]
      },
      "properties": {
        "id": 957618790,
        "osm_type": "way",
        "name": "La Tana Del Moro",
        "tourism": "guest_house"
      }
    },
    {
      "type": "Feature",
      "geometry": {
        "type": "Point",
        "coordinates": [
          14.829125,
          40.9083464
        ]
      },
      "properties": {
        "id": 957831738,
        "osm_type": "way",
        "name": "Al Casale del Prete, B&B e Agriturismo",
        "tourism": "guest_house",
        "phone": "+39 391 318 2536"
      }
    },
    {
      "type": "Feature",
      "geometry": {
        "type": "Point",
        "coordinates": [
          14.0973266,
          41.3071601
        ]
      },
      "properties": {
        "id": 958885259,
        "osm_type": "way",
        "name": "Hotel Re Di Cuori",
        "tourism": "hotel",
        "phone": "+390823922676",
        "website": "https://www.hotelredicuori.it/"
      }
    },
    {
      "type": "Feature",
      "geometry": {
        "type": "Point",
        "coordinates": [
          14.1070377,
          41.3075002
        ]
      },
      "properties": {
        "id": 958885281,
        "osm_type": "way",
        "name": "Hotel Ascot",
        "tourism": "hotel",
        "phone": "+3908231830025",
        "website": "https://www.ascot-hotel.it"
      }
    },
    {
      "type": "Feature",
      "geometry": {
        "type": "Point",
        "coordinates": [
          14.8922914,
          40.8406487
        ]
      },
      "properties": {
        "id": 959818466,
        "osm_type": "way",
        "name": "Hotel Serino",
        "tourism": "hotel"
      }
    },
    {
      "type": "Feature",
      "geometry": {
        "type": "Point",
        "coordinates": [
          15.2592469,
          40.0855521
        ]
      },
      "properties": {
        "id": 964219301,
        "osm_type": "way",
        "name": "Costa del mito",
        "tourism": "camp_site",
        "tents": "yes",
        "phone": "+39 0974 355422",
        "website": "https://www.costadelmito.it/"
      }
    },
    {
      "type": "Feature",
      "geometry": {
        "type": "Point",
        "coordinates": [
          15.2344149,
          40.8161979
        ]
      },
      "properties": {
        "id": 967044860,
        "osm_type": "way",
        "name": "Hotel Centro Congressi San Gerardo",
        "tourism": "hotel"
      }
    },
    {
      "type": "Feature",
      "geometry": {
        "type": "Point",
        "coordinates": [
          15.3372985,
          40.8603987
        ]
      },
      "properties": {
        "id": 967613870,
        "osm_type": "way",
        "name": "Area sosta camper Conza della Campania",
        "tourism": "caravan_site"
      }
    },
    {
      "type": "Feature",
      "geometry": {
        "type": "Point",
        "coordinates": [
          14.2563707,
          41.135162
        ]
      },
      "properties": {
        "id": 969816349,
        "osm_type": "way",
        "name": "Hotel Miami",
        "tourism": "hotel"
      }
    },
    {
      "type": "Feature",
      "geometry": {
        "type": "Point",
        "coordinates": [
          14.2568328,
          41.1353187
        ]
      },
      "properties": {
        "id": 969817572,
        "osm_type": "way",
        "name": "Medea Resort Hotel & Ricevimenti",
        "tourism": "hotel",
        "phone": "+390823960647",
        "website": "https://www.medearesort.it/"
      }
    },
    {
      "type": "Feature",
      "geometry": {
        "type": "Point",
        "coordinates": [
          14.3536849,
          40.5828368
        ]
      },
      "properties": {
        "id": 970146642,
        "osm_type": "way",
        "name": "Villaggio Nettuno",
        "tourism": "camp_site",
        "tents": "yes",
        "phone": "+39 081 808 1051",
        "website": "https://www.villaggionettuno.it/"
      }
    },
    {
      "type": "Feature",
      "geometry": {
        "type": "Point",
        "coordinates": [
          14.8706416,
          40.5954273
        ]
      },
      "properties": {
        "id": 979561370,
        "osm_type": "way",
        "name": "Camping Lido di Salerno",
        "tourism": "camp_site",
        "phone": "+39 089 200 270",
        "website": "https://www.campingsalerno.it/"
      }
    },
    {
      "type": "Feature",
      "geometry": {
        "type": "Point",
        "coordinates": [
          15.0635433,
          40.1673942
        ]
      },
      "properties": {
        "id": 979874897,
        "osm_type": "way",
        "name": "Residence Torre La Punta",
        "tourism": "hotel"
      }
    },
    {
      "type": "Feature",
      "geometry": {
        "type": "Point",
        "coordinates": [
          14.9381082,
          40.2609852
        ]
      },
      "properties": {
        "id": 980938132,
        "osm_type": "way",
        "name": "Hotel Hermitage",
        "tourism": "hotel",
        "phone": "+39 0974 966618"
      }
    },
    {
      "type": "Feature",
      "geometry": {
        "type": "Point",
        "coordinates": [
          14.9904398,
          40.4131517
        ]
      },
      "properties": {
        "id": 984720488,
        "osm_type": "way",
        "name": "Villaggio Dei Pini",
        "tourism": "camp_site",
        "tents": "yes",
        "phone": "+39 0828 811030",
        "website": "https://www.campingvillaggiodeipini.com/"
      }
    },
    {
      "type": "Feature",
      "geometry": {
        "type": "Point",
        "coordinates": [
          14.4512285,
          40.91619
        ]
      },
      "properties": {
        "id": 987308959,
        "osm_type": "way",
        "name": "Base Scout Letizia",
        "tourism": "camp_site",
        "tents": "yes",
        "phone": "+39 338 780 6547"
      }
    },
    {
      "type": "Feature",
      "geometry": {
        "type": "Point",
        "coordinates": [
          15.0078135,
          40.4248628
        ]
      },
      "properties": {
        "id": 987371946,
        "osm_type": "way",
        "name": "Eolo Sosta Camper",
        "tourism": "camp_site",
        "tents": "no",
        "phone": "+39 333 42 51 850",
        "website": "https://www.eolosostacamperpaestum.com/"
      }
    },
    {
      "type": "Feature",
      "geometry": {
        "type": "Point",
        "coordinates": [
          14.3367202,
          40.6088327
        ]
      },
      "properties": {
        "id": 988958568,
        "osm_type": "way",
        "name": "Hotel Piccolo Paradiso",
        "tourism": "hotel",
        "phone": "+39 081 8789240",
        "website": "https://www.piccolo-paradiso.com/"
      }
    },
    {
      "type": "Feature",
      "geometry": {
        "type": "Point",
        "coordinates": [
          15.1287723,
          40.1859188
        ]
      },
      "properties": {
        "id": 997977627,
        "osm_type": "way",
        "name": "Agriturismo Zio Christoforo",
        "tourism": "guest_house",
        "phone": "+39 0974 907552",
        "contact:website": "http://www.agriturismoziocristoforo.com/"
      }
    },
    {
      "type": "Feature",
      "geometry": {
        "type": "Point",
        "coordinates": [
          15.1127723,
          40.19116
        ]
      },
      "properties": {
        "id": 998008722,
        "osm_type": "way",
        "name": "La voce del mare",
        "tourism": "guest_house",
        "phone": "+393200609457",
        "website": "www.agriturismolavocedelmare.com"
      }
    },
    {
      "type": "Feature",
      "geometry": {
        "type": "Point",
        "coordinates": [
          15.0626838,
          40.187765
        ]
      },
      "properties": {
        "id": 998008751,
        "osm_type": "way",
        "name": "Angelo Panoramico",
        "tourism": "hotel"
      }
    },
    {
      "type": "Feature",
      "geometry": {
        "type": "Point",
        "coordinates": [
          15.129431,
          40.1864702
        ]
      },
      "properties": {
        "id": 999973425,
        "osm_type": "way",
        "name": "Agriturismo Zio Christoforo",
        "tourism": "guest_house"
      }
    },
    {
      "type": "Feature",
      "geometry": {
        "type": "Point",
        "coordinates": [
          15.2958264,
          40.048083
        ]
      },
      "properties": {
        "id": 1010289466,
        "osm_type": "way",
        "name": "Camping Del Verde",
        "tourism": "camp_site",
        "tents": "yes",
        "phone": "+39 0974 931791",
        "website": "http://www.campingdelverde.it/"
      }
    },
    {
      "type": "Feature",
      "geometry": {
        "type": "Point",
        "coordinates": [
          14.4067163,
          40.9128408
        ]
      },
      "properties": {
        "id": 1013842958,
        "osm_type": "way",
        "tourism": "chalet"
      }
    },
    {
      "type": "Feature",
      "geometry": {
        "type": "Point",
        "coordinates": [
          14.3554733,
          40.6167636
        ]
      },
      "properties": {
        "id": 1023319131,
        "osm_type": "way",
        "name": "Villa Eliana",
        "tourism": "guest_house"
      }
    },
    {
      "type": "Feature",
      "geometry": {
        "type": "Point",
        "coordinates": [
          14.3518436,
          40.6165611
        ]
      },
      "properties": {
        "id": 1023319189,
        "osm_type": "way",
        "name": "a'Cerasella",
        "tourism": "guest_house"
      }
    },
    {
      "type": "Feature",
      "geometry": {
        "type": "Point",
        "coordinates": [
          14.351807,
          40.6180209
        ]
      },
      "properties": {
        "id": 1023319192,
        "osm_type": "way",
        "name": "Tenuta Montecorbo",
        "tourism": "apartment"
      }
    },
    {
      "type": "Feature",
      "geometry": {
        "type": "Point",
        "coordinates": [
          14.3266219,
          41.104248
        ]
      },
      "properties": {
        "id": 1025936170,
        "osm_type": "way",
        "name": "Oasi WWF",
        "tourism": "camp_site",
        "website": "laghiandaia.it"
      }
    },
    {
      "type": "Feature",
      "geometry": {
        "type": "Point",
        "coordinates": [
          14.3066181,
          41.1046407
        ]
      },
      "properties": {
        "id": 1025936177,
        "osm_type": "way",
        "name": "San Leucio Resort Caserta",
        "tourism": "hotel",
        "phone": "+390823301866"
      }
    },
    {
      "type": "Feature",
      "geometry": {
        "type": "Point",
        "coordinates": [
          14.3054933,
          41.1060959
        ]
      },
      "properties": {
        "id": 1025936180,
        "osm_type": "way",
        "name": "Hotel Belvedere",
        "tourism": "hotel",
        "phone": "+390823304925",
        "website": "https://www.hotelbelvederesanleucio.it/"
      }
    },
    {
      "type": "Feature",
      "geometry": {
        "type": "Point",
        "coordinates": [
          14.3456,
          40.6263482
        ]
      },
      "properties": {
        "id": 1030979493,
        "osm_type": "way",
        "name": "Hotel Baia di Puolo",
        "tourism": "hotel"
      }
    },
    {
      "type": "Feature",
      "geometry": {
        "type": "Point",
        "coordinates": [
          14.3440778,
          40.6247725
        ]
      },
      "properties": {
        "id": 1030979540,
        "osm_type": "way",
        "name": "Villa Lubrense",
        "tourism": "chalet"
      }
    },
    {
      "type": "Feature",
      "geometry": {
        "type": "Point",
        "coordinates": [
          14.3413166,
          40.6244851
        ]
      },
      "properties": {
        "id": 1030979627,
        "osm_type": "way",
        "name": "Villa Angelina",
        "tourism": "hotel"
      }
    },
    {
      "type": "Feature",
      "geometry": {
        "type": "Point",
        "coordinates": [
          14.3425166,
          40.6043499
        ]
      },
      "properties": {
        "id": 1032028171,
        "osm_type": "way",
        "name": "B&B Antonio Massa Lubrense",
        "tourism": "guest_house"
      }
    },
    {
      "type": "Feature",
      "geometry": {
        "type": "Point",
        "coordinates": [
          15.0038519,
          40.431989
        ]
      },
      "properties": {
        "id": 1033750846,
        "osm_type": "way",
        "name": "B&B La Chora di Paestum",
        "tourism": "guest_house",
        "website": "https://www.lachoradipaestum.it/"
      }
    },
    {
      "type": "Feature",
      "geometry": {
        "type": "Point",
        "coordinates": [
          14.355439,
          40.6044333
        ]
      },
      "properties": {
        "id": 1038363849,
        "osm_type": "way",
        "name": "Residence Freedom",
        "tourism": "guest_house"
      }
    },
    {
      "type": "Feature",
      "geometry": {
        "type": "Point",
        "coordinates": [
          14.7923138,
          40.6726684
        ]
      },
      "properties": {
        "id": 1040779412,
        "osm_type": "way",
        "name": "B&B Hotel Villa Vittoria",
        "tourism": "hotel"
      }
    },
    {
      "type": "Feature",
      "geometry": {
        "type": "Point",
        "coordinates": [
          14.9962452,
          40.3555695
        ]
      },
      "properties": {
        "id": 1042225260,
        "osm_type": "way",
        "name": "Hotel Mare",
        "tourism": "hotel",
        "phone": "+39 0974 823666"
      }
    },
    {
      "type": "Feature",
      "geometry": {
        "type": "Point",
        "coordinates": [
          15.0005438,
          40.3661979
        ]
      },
      "properties": {
        "id": 1051105559,
        "osm_type": "way",
        "name": "Hotel Residence la Darsena",
        "tourism": "hotel",
        "phone": "+39 0974 838071",
        "website": "https://www.ladarsenahotel.com/"
      }
    },
    {
      "type": "Feature",
      "geometry": {
        "type": "Point",
        "coordinates": [
          14.3236087,
          41.0457652
        ]
      },
      "properties": {
        "id": 1054173177,
        "osm_type": "way",
        "name": "Hotel Pisani",
        "tourism": "hotel",
        "phone": "+39 0823 421204"
      }
    },
    {
      "type": "Feature",
      "geometry": {
        "type": "Point",
        "coordinates": [
          14.3978178,
          41.0435072
        ]
      },
      "properties": {
        "id": 1062457503,
        "osm_type": "way",
        "tourism": "caravan_site"
      }
    },
    {
      "type": "Feature",
      "geometry": {
        "type": "Point",
        "coordinates": [
          15.1751533,
          40.550914
        ]
      },
      "properties": {
        "id": 1063403085,
        "osm_type": "way",
        "name": "Campeggio Area Picnic Sant'Agata",
        "tourism": "camp_site",
        "tents": "yes",
        "contact:phone": "+39 347 129 1468"
      }
    },
    {
      "type": "Feature",
      "geometry": {
        "type": "Point",
        "coordinates": [
          14.3013438,
          41.2174386
        ]
      },
      "properties": {
        "id": 1065800316,
        "osm_type": "way",
        "tourism": "guest_house"
      }
    },
    {
      "type": "Feature",
      "geometry": {
        "type": "Point",
        "coordinates": [
          14.6037566,
          40.6367934
        ]
      },
      "properties": {
        "id": 1069157099,
        "osm_type": "way",
        "name": "O'Lattariello",
        "tourism": "guest_house",
        "contact:website": "https://www.olattariello.com"
      }
    },
    {
      "type": "Feature",
      "geometry": {
        "type": "Point",
        "coordinates": [
          14.4758517,
          41.1663688
        ]
      },
      "properties": {
        "id": 1074816171,
        "osm_type": "way",
        "name": "La Pampa Relais",
        "tourism": "hotel"
      }
    },
    {
      "type": "Feature",
      "geometry": {
        "type": "Point",
        "coordinates": [
          15.3961536,
          40.6635801
        ]
      },
      "properties": {
        "id": 1077405298,
        "osm_type": "way",
        "tourism": "hotel"
      }
    },
    {
      "type": "Feature",
      "geometry": {
        "type": "Point",
        "coordinates": [
          15.309111,
          40.5558063
        ]
      },
      "properties": {
        "id": 1083969047,
        "osm_type": "way",
        "tourism": "guest_house"
      }
    },
    {
      "type": "Feature",
      "geometry": {
        "type": "Point",
        "coordinates": [
          14.0438357,
          40.8983492
        ]
      },
      "properties": {
        "id": 1090801492,
        "osm_type": "way",
        "name": "Residence Franto",
        "tourism": "hotel"
      }
    },
    {
      "type": "Feature",
      "geometry": {
        "type": "Point",
        "coordinates": [
          14.9751351,
          40.6011104
        ]
      },
      "properties": {
        "id": 1091106457,
        "osm_type": "way",
        "name": "Hotel Commercio",
        "tourism": "hotel"
      }
    },
    {
      "type": "Feature",
      "geometry": {
        "type": "Point",
        "coordinates": [
          13.931137,
          40.7250217
        ]
      },
      "properties": {
        "id": 1099619621,
        "osm_type": "way",
        "name": "Hotel Internazionale",
        "tourism": "hotel",
        "phone": "+39 081 901 315",
        "website": "https://www.hotelinternazionaleischia.it/"
      }
    },
    {
      "type": "Feature",
      "geometry": {
        "type": "Point",
        "coordinates": [
          14.0474807,
          40.9348706
        ]
      },
      "properties": {
        "id": 1099677775,
        "osm_type": "way",
        "name": "Hotel Stefany",
        "tourism": "hotel"
      }
    },
    {
      "type": "Feature",
      "geometry": {
        "type": "Point",
        "coordinates": [
          13.9322188,
          40.7457456
        ]
      },
      "properties": {
        "id": 1102549159,
        "osm_type": "way",
        "name": "Continental Mare Hotel & Spa",
        "tourism": "hotel",
        "phone": "+39 081 982 577",
        "website": "https://www.continentalmare.it/"
      }
    },
    {
      "type": "Feature",
      "geometry": {
        "type": "Point",
        "coordinates": [
          13.924078,
          40.7476392
        ]
      },
      "properties": {
        "id": 1102552154,
        "osm_type": "way",
        "name": "Villa 5 Pini",
        "tourism": "guest_house",
        "website": "https://www.bb5pini.it/"
      }
    },
    {
      "type": "Feature",
      "geometry": {
        "type": "Point",
        "coordinates": [
          14.9215725,
          40.8850959
        ]
      },
      "properties": {
        "id": 1127466016,
        "osm_type": "way",
        "name": "Area sosta Camper Volturara Irpina",
        "tourism": "caravan_site"
      }
    },
    {
      "type": "Feature",
      "geometry": {
        "type": "Point",
        "coordinates": [
          14.3963517,
          40.6318644
        ]
      },
      "properties": {
        "id": 1128300840,
        "osm_type": "way",
        "name": "Unconventional Sorrento Coast",
        "tourism": "hotel"
      }
    },
    {
      "type": "Feature",
      "geometry": {
        "type": "Point",
        "coordinates": [
          15.306985,
          40.0346337
        ]
      },
      "properties": {
        "id": 1158538284,
        "osm_type": "way",
        "name": "Arco Naturale Club",
        "tourism": "camp_site",
        "tents": "yes",
        "phone": "+39 0974931157",
        "website": "https://www.arconaturaleclub.it/"
      }
    },
    {
      "type": "Feature",
      "geometry": {
        "type": "Point",
        "coordinates": [
          15.30996,
          40.0361052
        ]
      },
      "properties": {
        "id": 1158538285,
        "osm_type": "way",
        "name": "Marbella Club",
        "tourism": "camp_site",
        "tents": "yes",
        "phone": "+39 0974 931003;+39 0974 931134",
        "website": "https://www.marbellaclub.it/"
      }
    },
    {
      "type": "Feature",
      "geometry": {
        "type": "Point",
        "coordinates": [
          15.3127194,
          40.0378027
        ]
      },
      "properties": {
        "id": 1158538286,
        "osm_type": "way",
        "name": "Campeggio Sosta Camper Palorcio",
        "tourism": "camp_site",
        "tents": "yes",
        "phone": "+39 349 8168319",
        "website": "http://www.sostacamperpalinuro.it/"
      }
    },
    {
      "type": "Feature",
      "geometry": {
        "type": "Point",
        "coordinates": [
          15.1861255,
          40.1289141
        ]
      },
      "properties": {
        "id": 1160432984,
        "osm_type": "way",
        "name": "Agriturismo la casa Vecchia",
        "tourism": "guest_house"
      }
    },
    {
      "type": "Feature",
      "geometry": {
        "type": "Point",
        "coordinates": [
          14.954936,
          41.0084581
        ]
      },
      "properties": {
        "id": 1165409775,
        "osm_type": "way",
        "name": "B&B",
        "tourism": "hotel"
      }
    },
    {
      "type": "Feature",
      "geometry": {
        "type": "Point",
        "coordinates": [
          14.9938802,
          40.4109443
        ]
      },
      "properties": {
        "id": 1197038617,
        "osm_type": "way",
        "name": "Camping Wild Paestum - Camper Park",
        "tourism": "camp_site",
        "phone": "+39 338 2068187",
        "website": "https://www.campingwildpaestum.com"
      }
    },
    {
      "type": "Feature",
      "geometry": {
        "type": "Point",
        "coordinates": [
          14.4188557,
          40.6312096
        ]
      },
      "properties": {
        "id": 1199757932,
        "osm_type": "way",
        "name": "Villaggio Fiori d'Arancio",
        "tourism": "camp_site",
        "tents": "no",
        "contact:phone": "+39 081 532 1827"
      }
    },
    {
      "type": "Feature",
      "geometry": {
        "type": "Point",
        "coordinates": [
          13.9390561,
          40.7469681
        ]
      },
      "properties": {
        "id": 1208041560,
        "osm_type": "way",
        "name": "Pagoda",
        "tourism": "hotel",
        "phone": "+39 081 507 4311",
        "website": "https://pagodahotel.it"
      }
    },
    {
      "type": "Feature",
      "geometry": {
        "type": "Point",
        "coordinates": [
          14.9373145,
          40.2674934
        ]
      },
      "properties": {
        "id": 1210089158,
        "osm_type": "way",
        "name": "Casa vacanze Stella Maris",
        "tourism": "apartment"
      }
    },
    {
      "type": "Feature",
      "geometry": {
        "type": "Point",
        "coordinates": [
          14.1232904,
          41.4721588
        ]
      },
      "properties": {
        "id": 1220685548,
        "osm_type": "way",
        "tourism": "chalet"
      }
    },
    {
      "type": "Feature",
      "geometry": {
        "type": "Point",
        "coordinates": [
          14.1252698,
          41.4724533
        ]
      },
      "properties": {
        "id": 1220685550,
        "osm_type": "way",
        "tourism": "chalet"
      }
    },
    {
      "type": "Feature",
      "geometry": {
        "type": "Point",
        "coordinates": [
          14.1260571,
          41.4766932
        ]
      },
      "properties": {
        "id": 1220685552,
        "osm_type": "way",
        "tourism": "chalet"
      }
    },
    {
      "type": "Feature",
      "geometry": {
        "type": "Point",
        "coordinates": [
          14.7515472,
          40.9028601
        ]
      },
      "properties": {
        "id": 1230603344,
        "osm_type": "way",
        "name": "Virginia Resort & Spa",
        "tourism": "hotel"
      }
    },
    {
      "type": "Feature",
      "geometry": {
        "type": "Point",
        "coordinates": [
          14.9744926,
          40.6987199
        ]
      },
      "properties": {
        "id": 1235820858,
        "osm_type": "way",
        "name": "Hotel Sica",
        "tourism": "hotel",
        "phone": "+39089808266",
        "website": "https://www.hotelsica.it/"
      }
    },
    {
      "type": "Feature",
      "geometry": {
        "type": "Point",
        "coordinates": [
          14.8696337,
          40.5967286
        ]
      },
      "properties": {
        "id": 1253189575,
        "osm_type": "way",
        "name": "Blu",
        "tourism": "hotel"
      }
    },
    {
      "type": "Feature",
      "geometry": {
        "type": "Point",
        "coordinates": [
          14.8695669,
          40.5981296
        ]
      },
      "properties": {
        "id": 1253189580,
        "osm_type": "way",
        "name": "Olimpico",
        "tourism": "hotel",
        "phone": "+39 089 203 004",
        "website": "https://www.hotelolimpico.it/"
      }
    },
    {
      "type": "Feature",
      "geometry": {
        "type": "Point",
        "coordinates": [
          14.8761149,
          40.5908058
        ]
      },
      "properties": {
        "id": 1253189581,
        "osm_type": "way",
        "name": "Quadrifoglio",
        "tourism": "hotel",
        "phone": "+39 089 200 300",
        "website": "https://quadrifoglio.eu/"
      }
    },
    {
      "type": "Feature",
      "geometry": {
        "type": "Point",
        "coordinates": [
          14.4692615,
          40.7474383
        ]
      },
      "properties": {
        "id": 1261876822,
        "osm_type": "way",
        "name": "Moxy Pompeii",
        "tourism": "hotel"
      }
    },
    {
      "type": "Feature",
      "geometry": {
        "type": "Point",
        "coordinates": [
          14.8692415,
          41.2079953
        ]
      },
      "properties": {
        "id": 1262951017,
        "osm_type": "way",
        "name": "La Vecchia Fattoria B&B",
        "tourism": "guest_house"
      }
    },
    {
      "type": "Feature",
      "geometry": {
        "type": "Point",
        "coordinates": [
          15.6132252,
          40.0727191
        ]
      },
      "properties": {
        "id": 1263854485,
        "osm_type": "way",
        "name": "Camping Residence Oliveto",
        "tourism": "camp_site",
        "opening_hours": "Mo-Su 09:00-13:00,16:30-20:30",
        "tents": "yes",
        "phone": "+39 0973 392751",
        "website": "http://www.campingoliveto.it"
      }
    },
    {
      "type": "Feature",
      "geometry": {
        "type": "Point",
        "coordinates": [
          14.9003961,
          40.5589028
        ]
      },
      "properties": {
        "id": 1265506175,
        "osm_type": "way",
        "name": "Maldive",
        "tourism": "camp_site",
        "tents": "yes",
        "contact:phone": "+39 0828 302637",
        "contact:website": "https://www.jetcamp.com/it/italia/camping-maldive-first-class/"
      }
    },
    {
      "type": "Feature",
      "geometry": {
        "type": "Point",
        "coordinates": [
          14.3999373,
          41.0561752
        ]
      },
      "properties": {
        "id": 1270650620,
        "osm_type": "way",
        "name": "Agriturismo Tenuta Carolino",
        "tourism": "guest_house"
      }
    },
    {
      "type": "Feature",
      "geometry": {
        "type": "Point",
        "coordinates": [
          14.7800796,
          41.1260686
        ]
      },
      "properties": {
        "id": 1272185309,
        "osm_type": "way",
        "name": "Hotel Il Molino",
        "tourism": "hotel"
      }
    },
    {
      "type": "Feature",
      "geometry": {
        "type": "Point",
        "coordinates": [
          14.7820414,
          41.1523591
        ]
      },
      "properties": {
        "id": 1272190028,
        "osm_type": "way",
        "name": "Hotel DG Garden",
        "tourism": "hotel",
        "phone": "+39 082425331"
      }
    },
    {
      "type": "Feature",
      "geometry": {
        "type": "Point",
        "coordinates": [
          14.9886022,
          40.2280778
        ]
      },
      "properties": {
        "id": 1277873096,
        "osm_type": "way",
        "tourism": "apartment"
      }
    },
    {
      "type": "Feature",
      "geometry": {
        "type": "Point",
        "coordinates": [
          14.2968275,
          41.0731696
        ]
      },
      "properties": {
        "id": 1278164958,
        "osm_type": "way",
        "name": "Hotel Reggia",
        "tourism": "hotel"
      }
    },
    {
      "type": "Feature",
      "geometry": {
        "type": "Point",
        "coordinates": [
          15.3015578,
          40.8778111
        ]
      },
      "properties": {
        "id": 1284856270,
        "osm_type": "way",
        "name": "Oasi WWF",
        "tourism": "chalet",
        "website": "https://www.oasiwwflagodiconza.org/"
      }
    },
    {
      "type": "Feature",
      "geometry": {
        "type": "Point",
        "coordinates": [
          15.1618144,
          40.445736
        ]
      },
      "properties": {
        "id": 1302940409,
        "osm_type": "way",
        "name": "Hotel Panorama",
        "tourism": "hotel"
      }
    },
    {
      "type": "Feature",
      "geometry": {
        "type": "Point",
        "coordinates": [
          15.3123204,
          40.0328964
        ]
      },
      "properties": {
        "id": 1306499893,
        "osm_type": "way",
        "name": "Campeggio Mingardo",
        "tourism": "camp_site",
        "tents": "yes",
        "contact:phone": "+39 329 578 2296; +39 320 116 8668",
        "contact:website": "https://www.campeggiomingardo.it/"
      }
    },
    {
      "type": "Feature",
      "geometry": {
        "type": "Point",
        "coordinates": [
          15.2861386,
          40.0453453
        ]
      },
      "properties": {
        "id": 1306503989,
        "osm_type": "way",
        "name": "Camping Amanti del mare",
        "tourism": "camp_site",
        "tents": "yes",
        "phone": "+39 0974 938370",
        "website": "http://www.amantidelmare.it"
      }
    },
    {
      "type": "Feature",
      "geometry": {
        "type": "Point",
        "coordinates": [
          14.4919284,
          40.7606541
        ]
      },
      "properties": {
        "id": 1307190883,
        "osm_type": "way",
        "name": "La Terrazza di Hermès",
        "tourism": "camp_site",
        "tents": "no",
        "phone": "+39 371 1443189",
        "website": "https://www.laterrazzadihermes.com/"
      }
    },
    {
      "type": "Feature",
      "geometry": {
        "type": "Point",
        "coordinates": [
          14.4914032,
          40.761233
        ]
      },
      "properties": {
        "id": 1307190886,
        "osm_type": "way",
        "name": "Agricamper La Giuliana",
        "tourism": "camp_site",
        "tents": "no",
        "phone": "+39 081 863 7634"
      }
    },
    {
      "type": "Feature",
      "geometry": {
        "type": "Point",
        "coordinates": [
          14.485234,
          40.7461739
        ]
      },
      "properties": {
        "id": 1307192615,
        "osm_type": "way",
        "name": "Camping Pompei",
        "tourism": "camp_site",
        "tents": "yes",
        "phone": "+39 081 8502772",
        "website": "http://www.campingpompei.it",
        "check_date": "2026-04-17"
      }
    },
    {
      "type": "Feature",
      "geometry": {
        "type": "Point",
        "coordinates": [
          14.9928317,
          40.4113436
        ]
      },
      "properties": {
        "id": 1308344805,
        "osm_type": "way",
        "name": "Camping La Giara",
        "tourism": "camp_site",
        "tents": "yes",
        "website": "https://www.campinglagiara.it/ita/index.php"
      }
    },
    {
      "type": "Feature",
      "geometry": {
        "type": "Point",
        "coordinates": [
          14.205573,
          40.8680218
        ]
      },
      "properties": {
        "id": 1314327045,
        "osm_type": "way",
        "name": "Area attrezzata sosta camper \"Parco dei Camaldoli\"",
        "tourism": "caravan_site",
        "website": "https://www.napolisostacamper.it/wp/"
      }
    },
    {
      "type": "Feature",
      "geometry": {
        "type": "Point",
        "coordinates": [
          14.4190129,
          40.6590133
        ]
      },
      "properties": {
        "id": 1314332916,
        "osm_type": "way",
        "name": "Camping Sant'Antonio",
        "tourism": "camp_site",
        "tents": "yes",
        "website": "http://www.campingsantantonio.it/"
      }
    },
    {
      "type": "Feature",
      "geometry": {
        "type": "Point",
        "coordinates": [
          14.3660728,
          40.6256146
        ]
      },
      "properties": {
        "id": 1314335811,
        "osm_type": "way",
        "name": "Nube d’Argento",
        "tourism": "camp_site",
        "tents": "yes",
        "phone": "+39 081 878 13 44",
        "website": "https://www.nubedargento.com/",
        "check_date": "2026-04-10"
      }
    },
    {
      "type": "Feature",
      "geometry": {
        "type": "Point",
        "coordinates": [
          14.9832846,
          40.4264728
        ]
      },
      "properties": {
        "id": 1314340038,
        "osm_type": "way",
        "name": "Camping Villaggio Ulisse",
        "tourism": "camp_site",
        "tents": "yes",
        "phone": "+39 0828 851095",
        "website": "https://www.campingulisse.com/en/index.asp"
      }
    },
    {
      "type": "Feature",
      "geometry": {
        "type": "Point",
        "coordinates": [
          14.9814384,
          40.4293315
        ]
      },
      "properties": {
        "id": 1314340039,
        "osm_type": "way",
        "name": "Camping Athena",
        "tourism": "camp_site",
        "tents": "yes",
        "website": "https://www.campingathena.com/"
      }
    },
    {
      "type": "Feature",
      "geometry": {
        "type": "Point",
        "coordinates": [
          14.5332687,
          41.2305396
        ]
      },
      "properties": {
        "id": 1321426922,
        "osm_type": "way",
        "name": "Grand Hotel Telese",
        "tourism": "hotel",
        "opening_hours": "24/7",
        "phone": "+39 0824940500",
        "website": "https://www.grandhoteltelese.it/"
      }
    },
    {
      "type": "Feature",
      "geometry": {
        "type": "Point",
        "coordinates": [
          14.9918004,
          40.4175259
        ]
      },
      "properties": {
        "id": 1323092612,
        "osm_type": "way",
        "name": "Camping Poseidonia",
        "tourism": "camp_site",
        "check_date": "2025-11-06"
      }
    },
    {
      "type": "Feature",
      "geometry": {
        "type": "Point",
        "coordinates": [
          14.9861433,
          40.4236068
        ]
      },
      "properties": {
        "id": 1323093489,
        "osm_type": "way",
        "name": "Mare Pineta",
        "tourism": "camp_site",
        "tents": "yes",
        "website": "https://marepinetacamping.it/"
      }
    },
    {
      "type": "Feature",
      "geometry": {
        "type": "Point",
        "coordinates": [
          13.8724918,
          40.7603486
        ]
      },
      "properties": {
        "id": 1324177310,
        "osm_type": "way",
        "name": "Mezzatorre",
        "tourism": "hotel",
        "contact:phone": "+39 081 986111",
        "contact:website": "https://www.mezzatorre.com/"
      }
    },
    {
      "type": "Feature",
      "geometry": {
        "type": "Point",
        "coordinates": [
          14.4881038,
          41.2947575
        ]
      },
      "properties": {
        "id": 1331467513,
        "osm_type": "way",
        "tourism": "alpine_hut"
      }
    },
    {
      "type": "Feature",
      "geometry": {
        "type": "Point",
        "coordinates": [
          14.9850063,
          40.4535567
        ]
      },
      "properties": {
        "id": 1331576116,
        "osm_type": "way",
        "name": "B&B Stella Marina Paestum",
        "tourism": "guest_house"
      }
    },
    {
      "type": "Feature",
      "geometry": {
        "type": "Point",
        "coordinates": [
          13.9415322,
          40.7326156
        ]
      },
      "properties": {
        "id": 1353658178,
        "osm_type": "way",
        "name": "Camping Paluba Ischia",
        "tourism": "camp_site",
        "tents": "yes",
        "contact:phone": "+39 081 984120",
        "contact:website": "http://www.ischiacampingpaluba.it/camping.html"
      }
    },
    {
      "type": "Feature",
      "geometry": {
        "type": "Point",
        "coordinates": [
          14.8315024,
          40.9238493
        ]
      },
      "properties": {
        "id": 1365333473,
        "osm_type": "way",
        "tourism": "hotel"
      }
    },
    {
      "type": "Feature",
      "geometry": {
        "type": "Point",
        "coordinates": [
          15.2429117,
          40.9322947
        ]
      },
      "properties": {
        "id": 1372449150,
        "osm_type": "way",
        "name": "Hotel Bella Morra",
        "tourism": "hotel"
      }
    },
    {
      "type": "Feature",
      "geometry": {
        "type": "Point",
        "coordinates": [
          14.158716,
          41.4503192
        ]
      },
      "properties": {
        "id": 1375980681,
        "osm_type": "way",
        "name": "B&B Da Nonna Pasqualina",
        "tourism": "hotel"
      }
    },
    {
      "type": "Feature",
      "geometry": {
        "type": "Point",
        "coordinates": [
          15.3061846,
          40.074884
        ]
      },
      "properties": {
        "id": 1384356242,
        "osm_type": "way",
        "name": "Papanonno - B&B ed Azienda Agricola",
        "tourism": "guest_house"
      }
    },
    {
      "type": "Feature",
      "geometry": {
        "type": "Point",
        "coordinates": [
          14.6190126,
          40.7478811
        ]
      },
      "properties": {
        "id": 1388253411,
        "osm_type": "way",
        "name": "Albergo S.Anna",
        "tourism": "hotel",
        "opening_hours": "24/7",
        "phone": "+39 081916252"
      }
    },
    {
      "type": "Feature",
      "geometry": {
        "type": "Point",
        "coordinates": [
          15.016767,
          41.0544861
        ]
      },
      "properties": {
        "id": 1391377304,
        "osm_type": "way",
        "name": "Hotel Ristorante Aeclanum",
        "tourism": "hotel"
      }
    },
    {
      "type": "Feature",
      "geometry": {
        "type": "Point",
        "coordinates": [
          14.9339115,
          40.2674176
        ]
      },
      "properties": {
        "id": 1411994267,
        "osm_type": "way",
        "tourism": "hotel"
      }
    },
    {
      "type": "Feature",
      "geometry": {
        "type": "Point",
        "coordinates": [
          15.1816781,
          40.2415192
        ]
      },
      "properties": {
        "id": 1416515977,
        "osm_type": "way",
        "name": "Agriturismo San Basilio",
        "tourism": "guest_house",
        "phone": "+393299144701",
        "website": "https://www.agriturismosanbasilio.it/"
      }
    },
    {
      "type": "Feature",
      "geometry": {
        "type": "Point",
        "coordinates": [
          15.1804374,
          40.5424695
        ]
      },
      "properties": {
        "id": 1421574959,
        "osm_type": "way",
        "name": "Il Calore Salerninano",
        "tourism": "camp_site",
        "tents": "yes",
        "phone": "+39 338 420 4582"
      }
    },
    {
      "type": "Feature",
      "geometry": {
        "type": "Point",
        "coordinates": [
          14.7853786,
          40.7547026
        ]
      },
      "properties": {
        "id": 1425826582,
        "osm_type": "way",
        "name": "Hotel dei Principati",
        "tourism": "hotel",
        "phone": "+39 089 956 6401"
      }
    },
    {
      "type": "Feature",
      "geometry": {
        "type": "Point",
        "coordinates": [
          14.4788746,
          40.6264875
        ]
      },
      "properties": {
        "id": 1425859481,
        "osm_type": "way",
        "tourism": "hotel"
      }
    },
    {
      "type": "Feature",
      "geometry": {
        "type": "Point",
        "coordinates": [
          15.5477027,
          40.4523194
        ]
      },
      "properties": {
        "id": 1429911768,
        "osm_type": "way",
        "name": "Acteon Palace Hotel",
        "tourism": "hotel"
      }
    },
    {
      "type": "Feature",
      "geometry": {
        "type": "Point",
        "coordinates": [
          14.8663557,
          41.4136941
        ]
      },
      "properties": {
        "id": 1432321748,
        "osm_type": "way",
        "name": "Agricampeggio Laghetto Basilone",
        "tourism": "camp_site",
        "tents": "yes",
        "contact:phone": "+39 339 3853955",
        "contact:website": "https://www.agricampeggiolaghettobasilone.it/"
      }
    },
    {
      "type": "Feature",
      "geometry": {
        "type": "Point",
        "coordinates": [
          15.4895762,
          40.4167984
        ]
      },
      "properties": {
        "id": 1435035697,
        "osm_type": "way",
        "name": "Agriturismo Albero del Miele",
        "tourism": "guest_house"
      }
    },
    {
      "type": "Feature",
      "geometry": {
        "type": "Point",
        "coordinates": [
          15.2064184,
          40.2849547
        ]
      },
      "properties": {
        "id": 1441515677,
        "osm_type": "way",
        "name": "Agriturismo Nonno Ninuccio",
        "tourism": "guest_house"
      }
    },
    {
      "type": "Feature",
      "geometry": {
        "type": "Point",
        "coordinates": [
          15.1574899,
          40.1840158
        ]
      },
      "properties": {
        "id": 1442610292,
        "osm_type": "way",
        "name": "Anna dei Sapori",
        "tourism": "guest_house"
      }
    },
    {
      "type": "Feature",
      "geometry": {
        "type": "Point",
        "coordinates": [
          14.9534251,
          40.2789216
        ]
      },
      "properties": {
        "id": 1442614215,
        "osm_type": "way",
        "tourism": "hotel"
      }
    },
    {
      "type": "Feature",
      "geometry": {
        "type": "Point",
        "coordinates": [
          15.0261429,
          40.1809129
        ]
      },
      "properties": {
        "id": 1442991869,
        "osm_type": "way",
        "name": "Plano de Laczarulo",
        "tourism": "guest_house"
      }
    },
    {
      "type": "Feature",
      "geometry": {
        "type": "Point",
        "coordinates": [
          14.3149347,
          41.2698287
        ]
      },
      "properties": {
        "id": 1450308181,
        "osm_type": "way",
        "name": "Don Ciccio Rest & Ride",
        "tourism": "camp_site",
        "tents": "yes",
        "contact:website": "https://www.donciccio.life/"
      }
    },
    {
      "type": "Feature",
      "geometry": {
        "type": "Point",
        "coordinates": [
          14.1257045,
          40.9064792
        ]
      },
      "properties": {
        "id": 1456561038,
        "osm_type": "way",
        "tourism": "caravan_site"
      }
    },
    {
      "type": "Feature",
      "geometry": {
        "type": "Point",
        "coordinates": [
          15.2882458,
          40.0414133
        ]
      },
      "properties": {
        "id": 1457689474,
        "osm_type": "way",
        "name": "Camping Maddalena",
        "tourism": "camp_site",
        "tents": "yes",
        "contact:phone": "+39 0974 938004",
        "contact:website": "https://www.villaggiomaddalena.it/"
      }
    },
    {
      "type": "Feature",
      "geometry": {
        "type": "Point",
        "coordinates": [
          15.3259813,
          40.0258395
        ]
      },
      "properties": {
        "id": 1457703740,
        "osm_type": "way",
        "name": "Camping Nessuno",
        "tourism": "camp_site",
        "tents": "yes",
        "contact:phone": "+39 0974 931457",
        "contact:website": "https://www.villaggionessuno.com/"
      }
    },
    {
      "type": "Feature",
      "geometry": {
        "type": "Point",
        "coordinates": [
          15.3265947,
          40.0239957
        ]
      },
      "properties": {
        "id": 1457703742,
        "osm_type": "way",
        "name": "Odissea",
        "tourism": "camp_site",
        "tents": "yes",
        "contact:phone": "+39 0974 192 6729",
        "contact:website": "https://www.odisseavillage.com/"
      }
    },
    {
      "type": "Feature",
      "geometry": {
        "type": "Point",
        "coordinates": [
          15.3854822,
          40.0018853
        ]
      },
      "properties": {
        "id": 1457713177,
        "osm_type": "way",
        "name": "Camping Lentiscella",
        "tourism": "camp_site",
        "tents": "yes",
        "contact:phone": "+39 349 530 1841",
        "contact:website": "https://www.campinglentiscella.com/"
      }
    },
    {
      "type": "Feature",
      "geometry": {
        "type": "Point",
        "coordinates": [
          15.3180149,
          40.5518708
        ]
      },
      "properties": {
        "id": 1457736165,
        "osm_type": "way",
        "name": "Di Palma Glamping",
        "tourism": "camp_site",
        "contact:phone": "+39 377 5749017",
        "contact:website": "https://www.glampingdipalma.it/"
      }
    },
    {
      "type": "Feature",
      "geometry": {
        "type": "Point",
        "coordinates": [
          15.5795939,
          40.079475
        ]
      },
      "properties": {
        "id": 1457740740,
        "osm_type": "way",
        "name": "Camping Acapulco",
        "tourism": "camp_site",
        "tents": "yes",
        "contact:phone": "+39 0973 365035;+39 339 2489233",
        "contact:website": "http://campingacapulco.it",
        "check_date": "2026-03-17"
      }
    },
    {
      "type": "Feature",
      "geometry": {
        "type": "Point",
        "coordinates": [
          14.3634276,
          40.8057113
        ]
      },
      "properties": {
        "id": 1457752477,
        "osm_type": "way",
        "name": "Agricamping Stone Vesuvio",
        "tourism": "camp_site",
        "opening_hours": "24/7",
        "contact:phone": "+39 349 534 3198",
        "website": "https://www.valledelvesuvio.it/agricampingstone/"
      }
    },
    {
      "type": "Feature",
      "geometry": {
        "type": "Point",
        "coordinates": [
          14.7275051,
          41.0075453
        ]
      },
      "properties": {
        "id": 1463218084,
        "osm_type": "way",
        "name": "Casa Vacanze",
        "tourism": "camp_site",
        "tents": "yes",
        "phone": "+393450642547"
      }
    },
    {
      "type": "Feature",
      "geometry": {
        "type": "Point",
        "coordinates": [
          14.8941828,
          40.5673731
        ]
      },
      "properties": {
        "id": 1474334095,
        "osm_type": "way",
        "name": "L'oasi del cigno",
        "tourism": "camp_site",
        "tents": "yes",
        "contact:phone": "+39 0828 624225"
      }
    },
    {
      "type": "Feature",
      "geometry": {
        "type": "Point",
        "coordinates": [
          14.9033159,
          40.5537169
        ]
      },
      "properties": {
        "id": 1474366148,
        "osm_type": "way",
        "name": "Camping Lido Mediterraneo",
        "tourism": "camp_site",
        "tents": "yes",
        "contact:phone": "+39 333 534 4830"
      }
    },
    {
      "type": "Feature",
      "geometry": {
        "type": "Point",
        "coordinates": [
          14.9443813,
          40.4809058
        ]
      },
      "properties": {
        "id": 1474378361,
        "osm_type": "way",
        "name": "Camping La Foce dei Tramonti",
        "tourism": "camp_site",
        "tents": "yes",
        "contact:phone": "+39 0828 861220;+39 333 5885453",
        "contact:website": "https://www.lafocedeitramonti.com/"
      }
    },
    {
      "type": "Feature",
      "geometry": {
        "type": "Point",
        "coordinates": [
          14.9702163,
          40.4464732
        ]
      },
      "properties": {
        "id": 1474382278,
        "osm_type": "way",
        "name": "Villaggio Nettuno",
        "tourism": "camp_site",
        "tents": "yes"
      }
    },
    {
      "type": "Feature",
      "geometry": {
        "type": "Point",
        "coordinates": [
          15.0012881,
          40.3886905
        ]
      },
      "properties": {
        "id": 1474386385,
        "osm_type": "way",
        "name": "Camping La Riva",
        "tourism": "camp_site",
        "tents": "yes",
        "contact:phone": "+39 0828 722533",
        "contact:website": "https://www.campinglariva.it/"
      }
    },
    {
      "type": "Feature",
      "geometry": {
        "type": "Point",
        "coordinates": [
          14.9056895,
          40.5536518
        ]
      },
      "properties": {
        "id": 1474647396,
        "osm_type": "way",
        "name": "Camperstop Lagomare",
        "tourism": "caravan_site",
        "contact:phone": "+39 0828 1733170;+39 392 1531563",
        "contact:website": "https://www.camperstoplagomare.it/"
      }
    },
    {
      "type": "Feature",
      "geometry": {
        "type": "Point",
        "coordinates": [
          14.8990201,
          40.5610624
        ]
      },
      "properties": {
        "id": 1474673031,
        "osm_type": "way",
        "name": "Miramare Beach Village",
        "tourism": "camp_site",
        "tents": "yes",
        "contact:phone": "+39 0828 624163"
      }
    },
    {
      "type": "Feature",
      "geometry": {
        "type": "Point",
        "coordinates": [
          14.8640042,
          40.6034567
        ]
      },
      "properties": {
        "id": 1474679792,
        "osm_type": "way",
        "name": "Camper Stop Italy",
        "tourism": "caravan_site",
        "contact:phone": "+39 333 923 1043",
        "website": "https://www.camperstopitaly.com"
      }
    },
    {
      "type": "Feature",
      "geometry": {
        "type": "Point",
        "coordinates": [
          14.8556754,
          40.6158023
        ]
      },
      "properties": {
        "id": 1474684933,
        "osm_type": "way",
        "name": "Camping Rubinya",
        "tourism": "camp_site",
        "opening_hours": "Mo-Su 08:00-12:00,13:30-20:00",
        "tents": "yes",
        "phone": "+39 089 521185"
      }
    },
    {
      "type": "Feature",
      "geometry": {
        "type": "Point",
        "coordinates": [
          14.695386,
          40.6997684
        ]
      },
      "properties": {
        "id": 1474687985,
        "osm_type": "way",
        "name": "Area Camper comunale",
        "tourism": "caravan_site"
      }
    },
    {
      "type": "Feature",
      "geometry": {
        "type": "Point",
        "coordinates": [
          14.4162388,
          40.6361365
        ]
      },
      "properties": {
        "id": 1474712890,
        "osm_type": "way",
        "name": "I Pini",
        "tourism": "camp_site",
        "tents": "yes",
        "contact:phone": "+39 081 878 6891",
        "contact:website": "https://campingipini.com/"
      }
    },
    {
      "type": "Feature",
      "geometry": {
        "type": "Point",
        "coordinates": [
          14.9643827,
          40.4611749
        ]
      },
      "properties": {
        "id": 1474779012,
        "osm_type": "way",
        "name": "Camping Desiderio",
        "tourism": "camp_site",
        "tents": "yes",
        "contact:phone": "+39 0828 851135",
        "contact:website": "https://www.campingdesiderio.com/"
      }
    },
    {
      "type": "Feature",
      "geometry": {
        "type": "Point",
        "coordinates": [
          15.6364019,
          40.1117023
        ]
      },
      "properties": {
        "id": 1478876245,
        "osm_type": "way",
        "name": "Sant'Antonio Hotel",
        "tourism": "hotel",
        "website": "https://www.santantoniohotel.it/"
      }
    },
    {
      "type": "Feature",
      "geometry": {
        "type": "Point",
        "coordinates": [
          15.019562,
          40.1947079
        ]
      },
      "properties": {
        "id": 1486850765,
        "osm_type": "way",
        "name": "L'Iscamare",
        "tourism": "camp_site"
      }
    },
    {
      "type": "Feature",
      "geometry": {
        "type": "Point",
        "coordinates": [
          15.1483963,
          40.1604782
        ]
      },
      "properties": {
        "id": 1486850766,
        "osm_type": "way",
        "name": "Alba",
        "tourism": "camp_site",
        "tents": "yes",
        "contact:phone": "+39 0974 972331",
        "contact:website": "https://www.albacamping.com/"
      }
    },
    {
      "type": "Feature",
      "geometry": {
        "type": "Point",
        "coordinates": [
          15.1496597,
          40.1593946
        ]
      },
      "properties": {
        "id": 1486850773,
        "osm_type": "way",
        "name": "Camping Torre di Velia",
        "tourism": "camp_site",
        "tents": "yes",
        "contact:phone": "+39 0974 971469",
        "contact:website": "https://www.torredivelia.it/"
      }
    },
    {
      "type": "Feature",
      "geometry": {
        "type": "Point",
        "coordinates": [
          14.9519806,
          40.2359877
        ]
      },
      "properties": {
        "id": 1486852268,
        "osm_type": "way",
        "name": "Camping Soleado",
        "tourism": "camp_site",
        "tents": "yes",
        "phone": "+39 0974 963094",
        "website": "https://soleado.info/"
      }
    },
    {
      "type": "Feature",
      "geometry": {
        "type": "Point",
        "coordinates": [
          14.9460673,
          40.281217
        ]
      },
      "properties": {
        "id": 1488693720,
        "osm_type": "way",
        "name": "Residenza Fontanelle Beach Resort",
        "tourism": "guest_house"
      }
    },
    {
      "type": "Feature",
      "geometry": {
        "type": "Point",
        "coordinates": [
          14.5988427,
          40.8121871
        ]
      },
      "properties": {
        "id": 1493724398,
        "osm_type": "way",
        "name": "Il Cavaliere Hotel Ristorante Pizzeria",
        "tourism": "hotel",
        "phone": "+39081966879",
        "website": "https://il-cavaliere-hotel-ristorante-pizzeria.bellaitaliatrips.top/"
      }
    },
    {
      "type": "Feature",
      "geometry": {
        "type": "Point",
        "coordinates": [
          14.7979432,
          40.7697138
        ]
      },
      "properties": {
        "id": 1498062148,
        "osm_type": "way",
        "name": "Hotel Ristorante Santa Caterina",
        "tourism": "hotel"
      }
    },
    {
      "type": "Feature",
      "geometry": {
        "type": "Point",
        "coordinates": [
          15.1886071,
          40.1330828
        ]
      },
      "properties": {
        "id": 1500667186,
        "osm_type": "way",
        "name": "Villa Serra d'Elci",
        "tourism": "guest_house"
      }
    },
    {
      "type": "Feature",
      "geometry": {
        "type": "Point",
        "coordinates": [
          14.5034586,
          40.7595593
        ]
      },
      "properties": {
        "id": 1501120617,
        "osm_type": "way",
        "name": "Agricampeggio Tenuta Lura",
        "tourism": "camp_site",
        "contact:phone": "+39 333 854 4791"
      }
    },
    {
      "type": "Feature",
      "geometry": {
        "type": "Point",
        "coordinates": [
          15.1637548,
          40.1488473
        ]
      },
      "properties": {
        "id": 1503321365,
        "osm_type": "way",
        "name": "MagicoMar Hotel",
        "tourism": "hotel"
      }
    },
    {
      "type": "Feature",
      "geometry": {
        "type": "Point",
        "coordinates": [
          14.6981169,
          41.3336844
        ]
      },
      "properties": {
        "id": 1504226538,
        "osm_type": "way",
        "name": "Agriturismo Mastrofrancesco",
        "tourism": "guest_house",
        "phone": "+39 328 6229999",
        "website": "https://www.mastrofrancesco.it/"
      }
    },
    {
      "type": "Feature",
      "geometry": {
        "type": "Point",
        "coordinates": [
          14.2491121,
          40.8301728
        ]
      },
      "properties": {
        "id": 1191265,
        "osm_type": "relation",
        "name": "Grand Hotel Santa Lucia",
        "tourism": "hotel"
      }
    },
    {
      "type": "Feature",
      "geometry": {
        "type": "Point",
        "coordinates": [
          14.124175,
          40.8232956
        ]
      },
      "properties": {
        "id": 2520785,
        "osm_type": "relation",
        "name": "Villa Avellino - de Gemmis",
        "tourism": "chalet"
      }
    },
    {
      "type": "Feature",
      "geometry": {
        "type": "Point",
        "coordinates": [
          14.1913152,
          40.8250097
        ]
      },
      "properties": {
        "id": 2998748,
        "osm_type": "relation",
        "name": "Hotel Palazzo Esedra",
        "tourism": "hotel"
      }
    },
    {
      "type": "Feature",
      "geometry": {
        "type": "Point",
        "coordinates": [
          14.0793264,
          40.8005864
        ]
      },
      "properties": {
        "id": 3240277,
        "osm_type": "relation",
        "name": "BAG",
        "tourism": "guest_house"
      }
    },
    {
      "type": "Feature",
      "geometry": {
        "type": "Point",
        "coordinates": [
          14.2515358,
          40.8502607
        ]
      },
      "properties": {
        "id": 3614610,
        "osm_type": "relation",
        "name": "Piazza Bellini",
        "tourism": "hotel"
      }
    },
    {
      "type": "Feature",
      "geometry": {
        "type": "Point",
        "coordinates": [
          14.2683107,
          40.8530775
        ]
      },
      "properties": {
        "id": 4537460,
        "osm_type": "relation",
        "name": "B&B Hotel Napoli",
        "tourism": "hotel",
        "phone": "+39 081 283122",
        "website": "https://www.hotel-bb.com/it/hotel/napoli.htm"
      }
    },
    {
      "type": "Feature",
      "geometry": {
        "type": "Point",
        "coordinates": [
          14.2472495,
          40.8302302
        ]
      },
      "properties": {
        "id": 4779351,
        "osm_type": "relation",
        "name": "Hotel Royal Continental",
        "tourism": "hotel"
      }
    },
    {
      "type": "Feature",
      "geometry": {
        "type": "Point",
        "coordinates": [
          14.6974939,
          41.2061461
        ]
      },
      "properties": {
        "id": 6554595,
        "osm_type": "relation",
        "name": "Hotel Lemi",
        "tourism": "hotel"
      }
    },
    {
      "type": "Feature",
      "geometry": {
        "type": "Point",
        "coordinates": [
          14.2520189,
          40.8424044
        ]
      },
      "properties": {
        "id": 8515958,
        "osm_type": "relation",
        "name": "Hotel NH Ambassador",
        "tourism": "hotel",
        "phone": "+39 081 4105111",
        "website": "https://www.nh-hotels.it/hotel/nh-napoli-ambassador"
      }
    },
    {
      "type": "Feature",
      "geometry": {
        "type": "Point",
        "coordinates": [
          14.342258,
          40.8084609
        ]
      },
      "properties": {
        "id": 10152698,
        "osm_type": "relation",
        "name": "Villa Signorini",
        "tourism": "hotel"
      }
    },
    {
      "type": "Feature",
      "geometry": {
        "type": "Point",
        "coordinates": [
          14.8221932,
          40.64193
        ]
      },
      "properties": {
        "id": 10181866,
        "osm_type": "relation",
        "name": "Saint Joseph",
        "tourism": "hotel",
        "contact:phone": "+39 089 335453"
      }
    }
  ]
}