{
  "type": "FeatureCollection",
  "features": [
    {
      "type": "Feature",
      "geometry": {
        "type": "Point",
        "coordinates": [
          -8.6359926,
          53.2100294
        ]
      },
      "properties": {
        "id": 280868068,
        "osm_type": "node",
        "name": "Meadow Court Hotel",
        "tourism": "hotel"
      }
    },
    {
      "type": "Feature",
      "geometry": {
        "type": "Point",
        "coordinates": [
          -9.0702631,
          53.2874983
        ]
      },
      "properties": {
        "id": 280886720,
        "osm_type": "node",
        "name": "Abbey House",
        "tourism": "guest_house"
      }
    },
    {
      "type": "Feature",
      "geometry": {
        "type": "Point",
        "coordinates": [
          -9.0696851,
          53.2869528
        ]
      },
      "properties": {
        "id": 280886757,
        "osm_type": "node",
        "name": "Corrib Haven",
        "tourism": "guest_house"
      }
    },
    {
      "type": "Feature",
      "geometry": {
        "type": "Point",
        "coordinates": [
          -8.8706961,
          53.0112782
        ]
      },
      "properties": {
        "id": 302373240,
        "osm_type": "node",
        "name": "Cashelview House B&B",
        "tourism": "guest_house"
      }
    },
    {
      "type": "Feature",
      "geometry": {
        "type": "Point",
        "coordinates": [
          -9.5475377,
          53.8002231
        ]
      },
      "properties": {
        "id": 304735271,
        "osm_type": "node",
        "name": "The Helm",
        "tourism": "hotel",
        "phone": "+353-98-26398",
        "website": "https://www.thehelm.ie/"
      }
    },
    {
      "type": "Feature",
      "geometry": {
        "type": "Point",
        "coordinates": [
          -10.1154865,
          53.5110379
        ]
      },
      "properties": {
        "id": 313949626,
        "osm_type": "node",
        "name": "Glebe House B&B",
        "tourism": "guest_house"
      }
    },
    {
      "type": "Feature",
      "geometry": {
        "type": "Point",
        "coordinates": [
          -9.0322191,
          53.2815902
        ]
      },
      "properties": {
        "id": 320858110,
        "osm_type": "node",
        "name": "The G",
        "tourism": "hotel",
        "phone": "+353 91 865 200",
        "website": "https://www.theghotel.ie/",
        "check_date": "2025-10-29"
      }
    },
    {
      "type": "Feature",
      "geometry": {
        "type": "Point",
        "coordinates": [
          -9.0431235,
          53.2739034
        ]
      },
      "properties": {
        "id": 399502498,
        "osm_type": "node",
        "name": "The Galmont Hotel",
        "tourism": "hotel",
        "phone": "+353 91 538 300"
      }
    },
    {
      "type": "Feature",
      "geometry": {
        "type": "Point",
        "coordinates": [
          -9.9191167,
          53.3958477
        ]
      },
      "properties": {
        "id": 410915062,
        "osm_type": "node",
        "name": "Eldon’s Hotel",
        "tourism": "hotel",
        "phone": "+353 852 082186",
        "website": "https://www.eldons.ie/"
      }
    },
    {
      "type": "Feature",
      "geometry": {
        "type": "Point",
        "coordinates": [
          -10.0299725,
          53.4857667
        ]
      },
      "properties": {
        "id": 410916653,
        "osm_type": "node",
        "name": "Quay House",
        "tourism": "hotel",
        "phone": "+3539521369",
        "website": "https://thequayhouse.com/"
      }
    },
    {
      "type": "Feature",
      "geometry": {
        "type": "Point",
        "coordinates": [
          -10.0244326,
          53.4882215
        ]
      },
      "properties": {
        "id": 410916655,
        "osm_type": "node",
        "name": "Seamist House B&B",
        "tourism": "guest_house",
        "phone": "+353 95 21441",
        "website": "https://www.seamisthouse.com/",
        "check_date": "2026-04-18"
      }
    },
    {
      "type": "Feature",
      "geometry": {
        "type": "Point",
        "coordinates": [
          -8.9122091,
          53.2730345
        ]
      },
      "properties": {
        "id": 440977778,
        "osm_type": "node",
        "name": "Coolibah House",
        "tourism": "guest_house",
        "phone": "+353 91 794996",
        "website": "http://www.coolibah.ie/"
      }
    },
    {
      "type": "Feature",
      "geometry": {
        "type": "Point",
        "coordinates": [
          -9.0474797,
          53.2741326
        ]
      },
      "properties": {
        "id": 450249853,
        "osm_type": "node",
        "name": "Galway City Hostel",
        "tourism": "hostel",
        "phone": "+353 91 535 878",
        "website": "https://galwaycityhostel.com/"
      }
    },
    {
      "type": "Feature",
      "geometry": {
        "type": "Point",
        "coordinates": [
          -9.0480172,
          53.2739344
        ]
      },
      "properties": {
        "id": 450250100,
        "osm_type": "node",
        "name": "The Hardiman",
        "tourism": "hotel",
        "phone": "+353 91 564 041",
        "website": "https://www.thehardiman.ie/"
      }
    },
    {
      "type": "Feature",
      "geometry": {
        "type": "Point",
        "coordinates": [
          -9.0484306,
          53.2727826
        ]
      },
      "properties": {
        "id": 600494648,
        "osm_type": "node",
        "name": "Claddagh Hostel",
        "tourism": "hostel"
      }
    },
    {
      "type": "Feature",
      "geometry": {
        "type": "Point",
        "coordinates": [
          -9.0463736,
          53.2749359
        ]
      },
      "properties": {
        "id": 600524710,
        "osm_type": "node",
        "name": "HYDE Hotel",
        "tourism": "hotel",
        "phone": "+353 91 564 111",
        "website": "https://www.hydehotel.ie/",
        "check_date": "2025-05-31"
      }
    },
    {
      "type": "Feature",
      "geometry": {
        "type": "Point",
        "coordinates": [
          -8.4489353,
          54.4669047
        ]
      },
      "properties": {
        "id": 634847958,
        "osm_type": "node",
        "tourism": "hotel"
      }
    },
    {
      "type": "Feature",
      "geometry": {
        "type": "Point",
        "coordinates": [
          -9.0469838,
          53.2745383
        ]
      },
      "properties": {
        "id": 639991711,
        "osm_type": "node",
        "name": "Park House Hotel",
        "tourism": "hotel",
        "phone": "+353 91 564 924",
        "website": "https://www.parkhousehotel.ie/"
      }
    },
    {
      "type": "Feature",
      "geometry": {
        "type": "Point",
        "coordinates": [
          -9.7692812,
          53.5927148
        ]
      },
      "properties": {
        "id": 659792335,
        "osm_type": "node",
        "name": "Killary Adventure Company",
        "tourism": "hostel"
      }
    },
    {
      "type": "Feature",
      "geometry": {
        "type": "Point",
        "coordinates": [
          -9.9480378,
          53.5536443
        ]
      },
      "properties": {
        "id": 659793142,
        "osm_type": "node",
        "name": "Cloverfox, Bar and Restaurant",
        "tourism": "hostel",
        "website": "http://www.bardsden.com/"
      }
    },
    {
      "type": "Feature",
      "geometry": {
        "type": "Point",
        "coordinates": [
          -9.9451428,
          53.5554755
        ]
      },
      "properties": {
        "id": 659793143,
        "osm_type": "node",
        "name": "Mountainside B&B",
        "tourism": "guest_house"
      }
    },
    {
      "type": "Feature",
      "geometry": {
        "type": "Point",
        "coordinates": [
          -8.4761271,
          54.2732257
        ]
      },
      "properties": {
        "id": 663564266,
        "osm_type": "node",
        "name": "Sligo City Hotel",
        "tourism": "hotel",
        "phone": "+353 71 9144000",
        "website": "http://sligocityhotel.com/"
      }
    },
    {
      "type": "Feature",
      "geometry": {
        "type": "Point",
        "coordinates": [
          -8.9580067,
          53.1394984
        ]
      },
      "properties": {
        "id": 699720917,
        "osm_type": "node",
        "name": "Conneely`s B&B",
        "tourism": "guest_house",
        "contact:phone": "+35391637206"
      }
    },
    {
      "type": "Feature",
      "geometry": {
        "type": "Point",
        "coordinates": [
          -9.7548592,
          53.6222523
        ]
      },
      "properties": {
        "id": 708681991,
        "osm_type": "node",
        "name": "Delphi Resort",
        "tourism": "hotel",
        "phone": "+353 95 42208",
        "website": "https://www.delphiadventureresort.com/"
      }
    },
    {
      "type": "Feature",
      "geometry": {
        "type": "Point",
        "coordinates": [
          -9.9771683,
          54.2182492
        ]
      },
      "properties": {
        "id": 713527101,
        "osm_type": "node",
        "name": "Broadhaven Bay Hotel",
        "tourism": "hotel",
        "website": "https://www.broadhavenbay.com/"
      }
    },
    {
      "type": "Feature",
      "geometry": {
        "type": "Point",
        "coordinates": [
          -9.2370995,
          53.8444839
        ]
      },
      "properties": {
        "id": 734514591,
        "osm_type": "node",
        "name": "Breaffy Woods Hotel",
        "tourism": "hotel"
      }
    },
    {
      "type": "Feature",
      "geometry": {
        "type": "Point",
        "coordinates": [
          -9.2392496,
          53.8437472
        ]
      },
      "properties": {
        "id": 734514609,
        "osm_type": "node",
        "name": "Breaffy House Hotel",
        "tourism": "hotel"
      }
    },
    {
      "type": "Feature",
      "geometry": {
        "type": "Point",
        "coordinates": [
          -9.0530073,
          53.2703138
        ]
      },
      "properties": {
        "id": 766679802,
        "osm_type": "node",
        "name": "The House Hotel",
        "tourism": "hotel",
        "phone": "+353 91 538 900",
        "website": "https://www.thehousehotel.ie/"
      }
    },
    {
      "type": "Feature",
      "geometry": {
        "type": "Point",
        "coordinates": [
          -9.1147604,
          53.9807854
        ]
      },
      "properties": {
        "id": 915231762,
        "osm_type": "node",
        "name": "Moy Hotel",
        "tourism": "hotel",
        "check_date": "2023-12-31"
      }
    },
    {
      "type": "Feature",
      "geometry": {
        "type": "Point",
        "coordinates": [
          -9.8387827,
          53.3264823
        ]
      },
      "properties": {
        "id": 919678089,
        "osm_type": "node",
        "name": "Carna Bay Hotel",
        "tourism": "hotel"
      }
    },
    {
      "type": "Feature",
      "geometry": {
        "type": "Point",
        "coordinates": [
          -9.2202264,
          53.467153
        ]
      },
      "properties": {
        "id": 993258373,
        "osm_type": "node",
        "name": "Greenfield Lodge",
        "tourism": "hotel",
        "phone": "+353 9335446"
      }
    },
    {
      "type": "Feature",
      "geometry": {
        "type": "Point",
        "coordinates": [
          -8.473705,
          54.273676
        ]
      },
      "properties": {
        "id": 1012183620,
        "osm_type": "node",
        "name": "The White House Hostel",
        "tourism": "hostel"
      }
    },
    {
      "type": "Feature",
      "geometry": {
        "type": "Point",
        "coordinates": [
          -9.2702345,
          53.5389302
        ]
      },
      "properties": {
        "id": 1122768717,
        "osm_type": "node",
        "name": "Michaeleen’s Manor B&B",
        "tourism": "guest_house",
        "phone": "+353-94-954-6089",
        "website": "https://www.michaeleensmanor.com",
        "check_date": "2026-03-05"
      }
    },
    {
      "type": "Feature",
      "geometry": {
        "type": "Point",
        "coordinates": [
          -9.2710164,
          53.5391787
        ]
      },
      "properties": {
        "id": 1122768718,
        "osm_type": "node",
        "name": "Cong Camping Caravan & Glamping Park",
        "tourism": "camp_site",
        "phone": "+353-94-954-6089",
        "website": "https://www.congcamping.com/",
        "check_date": "2026-03-05"
      }
    },
    {
      "type": "Feature",
      "geometry": {
        "type": "Point",
        "coordinates": [
          -8.2232393,
          53.3282499
        ]
      },
      "properties": {
        "id": 1165278540,
        "osm_type": "node",
        "name": "Haydens",
        "tourism": "hotel"
      }
    },
    {
      "type": "Feature",
      "geometry": {
        "type": "Point",
        "coordinates": [
          -8.2211166,
          53.3306084
        ]
      },
      "properties": {
        "id": 1165278758,
        "osm_type": "node",
        "name": "Gullane's",
        "tourism": "hotel",
        "website": "https://www.gullaneshotel.com/"
      }
    },
    {
      "type": "Feature",
      "geometry": {
        "type": "Point",
        "coordinates": [
          -8.1972024,
          53.3215071
        ]
      },
      "properties": {
        "id": 1165282466,
        "osm_type": "node",
        "name": "MoyCarn Lodge & Marina",
        "tourism": "hotel",
        "phone": "+353-90-9645050",
        "website": "https://www.moycarnlodge.ie/"
      }
    },
    {
      "type": "Feature",
      "geometry": {
        "type": "Point",
        "coordinates": [
          -7.9968736,
          53.4218322
        ]
      },
      "properties": {
        "id": 1203928102,
        "osm_type": "node",
        "name": "Athlone Springs Hotel",
        "tourism": "hotel",
        "phone": "+353 90 644 4444",
        "website": "https://www.athlonespringshotel.com/",
        "check_date": "2022-09-17"
      }
    },
    {
      "type": "Feature",
      "geometry": {
        "type": "Point",
        "coordinates": [
          -8.6264882,
          53.2569781
        ]
      },
      "properties": {
        "id": 1206846288,
        "osm_type": "node",
        "name": "Bookeen Hall",
        "tourism": "guest_house",
        "website": "https://www.bookeenhall.com/"
      }
    },
    {
      "type": "Feature",
      "geometry": {
        "type": "Point",
        "coordinates": [
          -9.2978874,
          53.8610337
        ]
      },
      "properties": {
        "id": 1216648460,
        "osm_type": "node",
        "name": "Carragh House",
        "tourism": "guest_house"
      }
    },
    {
      "type": "Feature",
      "geometry": {
        "type": "Point",
        "coordinates": [
          -8.5737461,
          53.1991342
        ]
      },
      "properties": {
        "id": 1257321340,
        "osm_type": "node",
        "tourism": "guest_house"
      }
    },
    {
      "type": "Feature",
      "geometry": {
        "type": "Point",
        "coordinates": [
          -8.5661883,
          53.1989484
        ]
      },
      "properties": {
        "id": 1257321399,
        "osm_type": "node",
        "name": "Loughrea Lodge",
        "tourism": "guest_house"
      }
    },
    {
      "type": "Feature",
      "geometry": {
        "type": "Point",
        "coordinates": [
          -8.8195375,
          53.0674713
        ]
      },
      "properties": {
        "id": 1315096657,
        "osm_type": "node",
        "name": "Sullivan's Royal Hotel",
        "tourism": "hotel",
        "phone": "+353 91 631257",
        "website": "https://www.irelandmidwest.com/sullivans/",
        "check_date": "2026-04-25"
      }
    },
    {
      "type": "Feature",
      "geometry": {
        "type": "Point",
        "coordinates": [
          -9.5253441,
          53.0679732
        ]
      },
      "properties": {
        "id": 1332808638,
        "osm_type": "node",
        "name": "Brú Radharc na Mara",
        "tourism": "hostel",
        "website": "https://www.bruhostelaran.com/"
      }
    },
    {
      "type": "Feature",
      "geometry": {
        "type": "Point",
        "coordinates": [
          -9.3364757,
          53.4257842
        ]
      },
      "properties": {
        "id": 1338126303,
        "osm_type": "node",
        "name": "Waterfall Lodge",
        "tourism": "guest_house",
        "check_date": "2025-07-29"
      }
    },
    {
      "type": "Feature",
      "geometry": {
        "type": "Point",
        "coordinates": [
          -7.8472195,
          53.8937667
        ]
      },
      "properties": {
        "id": 1376335993,
        "osm_type": "node",
        "name": "Lough Rynn Castle Estate & Gardens",
        "tourism": "hotel",
        "phone": "+353 71 9632700",
        "website": "https://www.loughrynn.ie/"
      }
    },
    {
      "type": "Feature",
      "geometry": {
        "type": "Point",
        "coordinates": [
          -10.0545125,
          53.996244
        ]
      },
      "properties": {
        "id": 1388510775,
        "osm_type": "node",
        "name": "Pure Magic",
        "tourism": "hotel",
        "website": "https://puremagic.ie/"
      }
    },
    {
      "type": "Feature",
      "geometry": {
        "type": "Point",
        "coordinates": [
          -10.0910846,
          53.4240879
        ]
      },
      "properties": {
        "id": 1403174850,
        "osm_type": "node",
        "name": "Teach an Easard",
        "tourism": "guest_house"
      }
    },
    {
      "type": "Feature",
      "geometry": {
        "type": "Point",
        "coordinates": [
          -10.0316713,
          53.4882687
        ]
      },
      "properties": {
        "id": 1407530041,
        "osm_type": "node",
        "name": "Abbeyglen Castle Hotel",
        "tourism": "hotel",
        "website": "https://www.abbeyglen.ie/"
      }
    },
    {
      "type": "Feature",
      "geometry": {
        "type": "Point",
        "coordinates": [
          -9.52413,
          53.8003964
        ]
      },
      "properties": {
        "id": 1407572045,
        "osm_type": "node",
        "name": "The Old Mill Holiday Hostel",
        "tourism": "hostel",
        "website": "http://www.oldmillhostel.com/"
      }
    },
    {
      "type": "Feature",
      "geometry": {
        "type": "Point",
        "coordinates": [
          -9.5148325,
          53.7981529
        ]
      },
      "properties": {
        "id": 1407572088,
        "osm_type": "node",
        "name": "Altamont B&B",
        "tourism": "guest_house"
      }
    },
    {
      "type": "Feature",
      "geometry": {
        "type": "Point",
        "coordinates": [
          -9.0505016,
          53.2767152
        ]
      },
      "properties": {
        "id": 1450473314,
        "osm_type": "node",
        "name": "The Dawson Hostel",
        "tourism": "hostel",
        "website": "https://galway.thedawsonhostel.ie/",
        "check_date": "2024-08-28"
      }
    },
    {
      "type": "Feature",
      "geometry": {
        "type": "Point",
        "coordinates": [
          -9.9639125,
          53.5886267
        ]
      },
      "properties": {
        "id": 1458782080,
        "osm_type": "node",
        "name": "Maol Reidh Hotel",
        "tourism": "hotel"
      }
    },
    {
      "type": "Feature",
      "geometry": {
        "type": "Point",
        "coordinates": [
          -9.054135,
          53.2711867
        ]
      },
      "properties": {
        "id": 1469413981,
        "osm_type": "node",
        "name": "The Snug Townhouse",
        "tourism": "hotel",
        "phone": "+353 91 477 100",
        "website": "https://www.thesnugtownhouse.ie/",
        "check_date": "2024-11-19"
      }
    },
    {
      "type": "Feature",
      "geometry": {
        "type": "Point",
        "coordinates": [
          -9.7824173,
          53.594813
        ]
      },
      "properties": {
        "id": 1489952341,
        "osm_type": "node",
        "name": "The Connemara Hostel",
        "tourism": "hostel",
        "phone": "+353 (0)95 42929",
        "website": "https://www.sleepzone.ie/"
      }
    },
    {
      "type": "Feature",
      "geometry": {
        "type": "Point",
        "coordinates": [
          -9.0628475,
          53.2751227
        ]
      },
      "properties": {
        "id": 1523136807,
        "osm_type": "node",
        "name": "Rosgal B&B",
        "tourism": "guest_house"
      }
    },
    {
      "type": "Feature",
      "geometry": {
        "type": "Point",
        "coordinates": [
          -9.3175001,
          54.0998417
        ]
      },
      "properties": {
        "id": 1525276971,
        "osm_type": "node",
        "name": "Dolphin Hotel",
        "tourism": "hotel"
      }
    },
    {
      "type": "Feature",
      "geometry": {
        "type": "Point",
        "coordinates": [
          -9.5497282,
          53.7996485
        ]
      },
      "properties": {
        "id": 1530746956,
        "osm_type": "node",
        "name": "Carlton Atlantic Coast",
        "tourism": "hotel"
      }
    },
    {
      "type": "Feature",
      "geometry": {
        "type": "Point",
        "coordinates": [
          -8.9307991,
          53.2759337
        ]
      },
      "properties": {
        "id": 1601881709,
        "osm_type": "node",
        "name": "Oranmore Lodge Hotel",
        "tourism": "hotel",
        "website": "https://www.oranmorelodge.ie"
      }
    },
    {
      "type": "Feature",
      "geometry": {
        "type": "Point",
        "coordinates": [
          -8.998254,
          53.7212412
        ]
      },
      "properties": {
        "id": 1604334112,
        "osm_type": "node",
        "name": "The Western Hotel",
        "tourism": "hotel"
      }
    },
    {
      "type": "Feature",
      "geometry": {
        "type": "Point",
        "coordinates": [
          -9.5465666,
          53.8860045
        ]
      },
      "properties": {
        "id": 1653651196,
        "osm_type": "node",
        "name": "Hotel Newport",
        "tourism": "hotel"
      }
    },
    {
      "type": "Feature",
      "geometry": {
        "type": "Point",
        "coordinates": [
          -7.9206027,
          53.7427129
        ]
      },
      "properties": {
        "id": 1659365975,
        "osm_type": "node",
        "name": "THe Lodge",
        "tourism": "guest_house"
      }
    },
    {
      "type": "Feature",
      "geometry": {
        "type": "Point",
        "coordinates": [
          -7.9186728,
          53.7421522
        ]
      },
      "properties": {
        "id": 1659365991,
        "osm_type": "node",
        "name": "Keenans",
        "tourism": "hotel"
      }
    },
    {
      "type": "Feature",
      "geometry": {
        "type": "Point",
        "coordinates": [
          -7.9195901,
          53.7422426
        ]
      },
      "properties": {
        "id": 1659365998,
        "osm_type": "node",
        "name": "Shannonside",
        "tourism": "guest_house"
      }
    },
    {
      "type": "Feature",
      "geometry": {
        "type": "Point",
        "coordinates": [
          -9.9322381,
          53.5968583
        ]
      },
      "properties": {
        "id": 1664493111,
        "osm_type": "node",
        "name": "Dolphin Watch Holiday House",
        "tourism": "guest_house"
      }
    },
    {
      "type": "Feature",
      "geometry": {
        "type": "Point",
        "coordinates": [
          -9.7170693,
          53.7748823
        ]
      },
      "properties": {
        "id": 1667818991,
        "osm_type": "node",
        "name": "Kilsallagh Cottage",
        "tourism": "guest_house"
      }
    },
    {
      "type": "Feature",
      "geometry": {
        "type": "Point",
        "coordinates": [
          -8.4809888,
          54.2727084
        ]
      },
      "properties": {
        "id": 1738672198,
        "osm_type": "node",
        "name": "Railway Hostel",
        "tourism": "hostel",
        "check_date": "2025-07-31"
      }
    },
    {
      "type": "Feature",
      "geometry": {
        "type": "Point",
        "coordinates": [
          -9.0508351,
          53.2745617
        ]
      },
      "properties": {
        "id": 1743423047,
        "osm_type": "node",
        "name": "The Imperial Hotel",
        "tourism": "hotel",
        "website": "https://www.imperialhotelgalway.ie/"
      }
    },
    {
      "type": "Feature",
      "geometry": {
        "type": "Point",
        "coordinates": [
          -9.0949883,
          54.2122257
        ]
      },
      "properties": {
        "id": 1766049822,
        "osm_type": "node",
        "name": "Ceol Na Mara",
        "tourism": "guest_house"
      }
    },
    {
      "type": "Feature",
      "geometry": {
        "type": "Point",
        "coordinates": [
          -9.0954941,
          54.2119558
        ]
      },
      "properties": {
        "id": 1766049830,
        "osm_type": "node",
        "name": "Point View",
        "tourism": "guest_house"
      }
    },
    {
      "type": "Feature",
      "geometry": {
        "type": "Point",
        "coordinates": [
          -9.0947171,
          54.2121931
        ]
      },
      "properties": {
        "id": 1766049831,
        "osm_type": "node",
        "name": "St. Martins",
        "tourism": "guest_house"
      }
    },
    {
      "type": "Feature",
      "geometry": {
        "type": "Point",
        "coordinates": [
          -9.3747931,
          54.2893233
        ]
      },
      "properties": {
        "id": 1789909113,
        "osm_type": "node",
        "name": "Donmar Cottage",
        "tourism": "hostel",
        "phone": "+353 86 8739963"
      }
    },
    {
      "type": "Feature",
      "geometry": {
        "type": "Point",
        "coordinates": [
          -9.7050303,
          53.5947272
        ]
      },
      "properties": {
        "id": 1789914265,
        "osm_type": "node",
        "name": "Leenane Hotel",
        "tourism": "hotel"
      }
    },
    {
      "type": "Feature",
      "geometry": {
        "type": "Point",
        "coordinates": [
          -9.1358418,
          54.1173514
        ]
      },
      "properties": {
        "id": 1793363046,
        "osm_type": "node",
        "name": "Twin Trees Hotel",
        "tourism": "hotel",
        "phone": "+353 (0) 96 21033",
        "website": "https://www.twintreeshotel.ie/"
      }
    },
    {
      "type": "Feature",
      "geometry": {
        "type": "Point",
        "coordinates": [
          -9.9745412,
          53.5487864
        ]
      },
      "properties": {
        "id": 1809912114,
        "osm_type": "node",
        "name": "Rosleague Manor Hotel",
        "tourism": "hotel",
        "website": "https://www.rosleague.com/",
        "check_date": "2023-08-19"
      }
    },
    {
      "type": "Feature",
      "geometry": {
        "type": "Point",
        "coordinates": [
          -10.0210119,
          53.4877427
        ]
      },
      "properties": {
        "id": 1809978641,
        "osm_type": "node",
        "name": "The Lamplight",
        "tourism": "guest_house"
      }
    },
    {
      "type": "Feature",
      "geometry": {
        "type": "Point",
        "coordinates": [
          -10.0206225,
          53.4887
        ]
      },
      "properties": {
        "id": 1809978645,
        "osm_type": "node",
        "name": "Kingstown House B&B",
        "tourism": "guest_house",
        "check_date": "2026-04-18"
      }
    },
    {
      "type": "Feature",
      "geometry": {
        "type": "Point",
        "coordinates": [
          -10.0196244,
          53.4874626
        ]
      },
      "properties": {
        "id": 1809978650,
        "osm_type": "node",
        "name": "Creeve House B&B",
        "tourism": "guest_house"
      }
    },
    {
      "type": "Feature",
      "geometry": {
        "type": "Point",
        "coordinates": [
          -10.0233154,
          53.4884848
        ]
      },
      "properties": {
        "id": 1809978653,
        "osm_type": "node",
        "name": "Alcock & Brown Hotel",
        "tourism": "hotel"
      }
    },
    {
      "type": "Feature",
      "geometry": {
        "type": "Point",
        "coordinates": [
          -10.0220441,
          53.4886027
        ]
      },
      "properties": {
        "id": 1809978660,
        "osm_type": "node",
        "name": "The Central B&B",
        "tourism": "guest_house",
        "check_date": "2025-07-30"
      }
    },
    {
      "type": "Feature",
      "geometry": {
        "type": "Point",
        "coordinates": [
          -10.0217051,
          53.4877077
        ]
      },
      "properties": {
        "id": 1809978661,
        "osm_type": "node",
        "name": "The Woodfield Hotel",
        "tourism": "hotel",
        "website": "https://woodfieldclifden.ie/",
        "check_date": "2026-04-18"
      }
    },
    {
      "type": "Feature",
      "geometry": {
        "type": "Point",
        "coordinates": [
          -10.0228075,
          53.4880763
        ]
      },
      "properties": {
        "id": 1809978665,
        "osm_type": "node",
        "name": "White Heather House B&B",
        "tourism": "guest_house"
      }
    },
    {
      "type": "Feature",
      "geometry": {
        "type": "Point",
        "coordinates": [
          -10.0192577,
          53.4874599
        ]
      },
      "properties": {
        "id": 1809984784,
        "osm_type": "node",
        "name": "Vaughan's B&B",
        "tourism": "guest_house"
      }
    },
    {
      "type": "Feature",
      "geometry": {
        "type": "Point",
        "coordinates": [
          -10.0205608,
          53.4888998
        ]
      },
      "properties": {
        "id": 1809984790,
        "osm_type": "node",
        "name": "Waterfall Lodge B&B",
        "tourism": "guest_house"
      }
    },
    {
      "type": "Feature",
      "geometry": {
        "type": "Point",
        "coordinates": [
          -10.0207941,
          53.488783
        ]
      },
      "properties": {
        "id": 1809984793,
        "osm_type": "node",
        "name": "Ben View House B&B",
        "tourism": "guest_house",
        "check_date": "2026-04-18"
      }
    },
    {
      "type": "Feature",
      "geometry": {
        "type": "Point",
        "coordinates": [
          -10.0734514,
          53.493592
        ]
      },
      "properties": {
        "id": 1838825868,
        "osm_type": "node",
        "name": "Clifden Bay Lodge B&B",
        "tourism": "guest_house",
        "phone": "+353 95 21795",
        "website": "http://www.clifdenbaylodge.com"
      }
    },
    {
      "type": "Feature",
      "geometry": {
        "type": "Point",
        "coordinates": [
          -9.0569884,
          53.2717847
        ]
      },
      "properties": {
        "id": 1865571864,
        "osm_type": "node",
        "name": "St. Martin's Bed and Breakfast",
        "tourism": "guest_house"
      }
    },
    {
      "type": "Feature",
      "geometry": {
        "type": "Point",
        "coordinates": [
          -9.8342067,
          53.564525
        ]
      },
      "properties": {
        "id": 1868763661,
        "osm_type": "node",
        "name": "Kylemore Pass Hotel",
        "tourism": "hotel",
        "phone": "+353 95 41141",
        "website": "https://www.kylemore-pass-hotel-connemara.com/",
        "check_date": "2025-07-30"
      }
    },
    {
      "type": "Feature",
      "geometry": {
        "type": "Point",
        "coordinates": [
          -9.0339089,
          53.2814033
        ]
      },
      "properties": {
        "id": 1874148714,
        "osm_type": "node",
        "name": "The Huntsman Inn",
        "tourism": "hotel",
        "phone": "+353 91 562 849",
        "website": "https://www.huntsmaninn.com/"
      }
    },
    {
      "type": "Feature",
      "geometry": {
        "type": "Point",
        "coordinates": [
          -9.4169973,
          53.6128785
        ]
      },
      "properties": {
        "id": 1881045958,
        "osm_type": "node",
        "name": "Maire Lukes",
        "tourism": "guest_house"
      }
    },
    {
      "type": "Feature",
      "geometry": {
        "type": "Point",
        "coordinates": [
          -8.8676376,
          53.2083395
        ]
      },
      "properties": {
        "id": 1881449475,
        "osm_type": "node",
        "name": "O'Donoghues B and B",
        "tourism": "guest_house"
      }
    },
    {
      "type": "Feature",
      "geometry": {
        "type": "Point",
        "coordinates": [
          -9.5204006,
          53.806298
        ]
      },
      "properties": {
        "id": 1890839680,
        "osm_type": "node",
        "name": "Claddagh Self-Catering",
        "tourism": "guest_house",
        "phone": "0863950282"
      }
    },
    {
      "type": "Feature",
      "geometry": {
        "type": "Point",
        "coordinates": [
          -7.7983886,
          54.0534334
        ]
      },
      "properties": {
        "id": 1990347866,
        "osm_type": "node",
        "name": "Speakeasy",
        "tourism": "hotel"
      }
    },
    {
      "type": "Feature",
      "geometry": {
        "type": "Point",
        "coordinates": [
          -7.7976089,
          54.027047
        ]
      },
      "properties": {
        "id": 2014294235,
        "osm_type": "node",
        "name": "Kennedys Guesthouse",
        "tourism": "guest_house"
      }
    },
    {
      "type": "Feature",
      "geometry": {
        "type": "Point",
        "coordinates": [
          -9.2425834,
          53.8480373
        ]
      },
      "properties": {
        "id": 2060500188,
        "osm_type": "node",
        "name": "Woodview Lodge",
        "tourism": "guest_house"
      }
    },
    {
      "type": "Feature",
      "geometry": {
        "type": "Point",
        "coordinates": [
          -9.6049991,
          53.2620321
        ]
      },
      "properties": {
        "id": 2087261694,
        "osm_type": "node",
        "name": "Lig do Scíth - O'Domhnaill's",
        "tourism": "guest_house"
      }
    },
    {
      "type": "Feature",
      "geometry": {
        "type": "Point",
        "coordinates": [
          -9.6072219,
          53.260708
        ]
      },
      "properties": {
        "id": 2087262876,
        "osm_type": "node",
        "name": "Carraroe House",
        "tourism": "guest_house"
      }
    },
    {
      "type": "Feature",
      "geometry": {
        "type": "Point",
        "coordinates": [
          -9.051007,
          53.2753977
        ]
      },
      "properties": {
        "id": 2102123311,
        "osm_type": "node",
        "name": "Eyre Square Townhouse",
        "tourism": "guest_house",
        "phone": "+353 91 568 444",
        "website": "http://www.eyresquaretownhouse.com"
      }
    },
    {
      "type": "Feature",
      "geometry": {
        "type": "Point",
        "coordinates": [
          -8.247449,
          53.970833
        ]
      },
      "properties": {
        "id": 2181384717,
        "osm_type": "node",
        "name": "Lough Key House",
        "tourism": "guest_house"
      }
    },
    {
      "type": "Feature",
      "geometry": {
        "type": "Point",
        "coordinates": [
          -8.245134,
          53.969999
        ]
      },
      "properties": {
        "id": 2181384964,
        "osm_type": "node",
        "name": "Forest Park House",
        "tourism": "guest_house"
      }
    },
    {
      "type": "Feature",
      "geometry": {
        "type": "Point",
        "coordinates": [
          -8.09515,
          53.94577
        ]
      },
      "properties": {
        "id": 2181688240,
        "osm_type": "node",
        "name": "The Four Seasons",
        "tourism": "guest_house"
      }
    },
    {
      "type": "Feature",
      "geometry": {
        "type": "Point",
        "coordinates": [
          -8.5963391,
          54.2666903
        ]
      },
      "properties": {
        "id": 2213321630,
        "osm_type": "node",
        "name": "Cois Re Holiday Apartments",
        "tourism": "guest_house",
        "website": "http://www.coisreapartments.com/"
      }
    },
    {
      "type": "Feature",
      "geometry": {
        "type": "Point",
        "coordinates": [
          -9.8685482,
          53.4377871
        ]
      },
      "properties": {
        "id": 2225983949,
        "osm_type": "node",
        "name": "Anglers Return",
        "tourism": "guest_house"
      }
    },
    {
      "type": "Feature",
      "geometry": {
        "type": "Point",
        "coordinates": [
          -9.3053847,
          53.2476293
        ]
      },
      "properties": {
        "id": 2229853425,
        "osm_type": "node",
        "name": "Ard Eoinin B&B",
        "tourism": "guest_house"
      }
    },
    {
      "type": "Feature",
      "geometry": {
        "type": "Point",
        "coordinates": [
          -9.8426112,
          53.4706766
        ]
      },
      "properties": {
        "id": 2263121889,
        "osm_type": "node",
        "name": "Ben Lettery Hostel",
        "tourism": "hostel",
        "phone": "+353 86 84 93 712",
        "check_date": "2025-07-29"
      }
    },
    {
      "type": "Feature",
      "geometry": {
        "type": "Point",
        "coordinates": [
          -9.9020752,
          53.7053534
        ]
      },
      "properties": {
        "id": 2296772046,
        "osm_type": "node",
        "name": "Ocean Lodge",
        "tourism": "hotel",
        "check_date": "2025-08-23"
      }
    },
    {
      "type": "Feature",
      "geometry": {
        "type": "Point",
        "coordinates": [
          -9.3090313,
          53.7062535
        ]
      },
      "properties": {
        "id": 2301240599,
        "osm_type": "node",
        "name": "Cloon River Self Catering",
        "tourism": "guest_house"
      }
    },
    {
      "type": "Feature",
      "geometry": {
        "type": "Point",
        "coordinates": [
          -10.0294269,
          53.4825058
        ]
      },
      "properties": {
        "id": 2358505384,
        "osm_type": "node",
        "name": "Mallmore Country House B&B",
        "tourism": "guest_house",
        "website": "https://www.mallmore.com/"
      }
    },
    {
      "type": "Feature",
      "geometry": {
        "type": "Point",
        "coordinates": [
          -9.3398337,
          53.8353926
        ]
      },
      "properties": {
        "id": 2438519653,
        "osm_type": "node",
        "name": "Rocksberry Bed and Breakfast",
        "tourism": "guest_house",
        "phone": "353 94 902 7254",
        "website": "https://www.mayo-accommodation.com/"
      }
    },
    {
      "type": "Feature",
      "geometry": {
        "type": "Point",
        "coordinates": [
          -8.2989666,
          54.0615116
        ]
      },
      "properties": {
        "id": 2447138898,
        "osm_type": "node",
        "name": "Arrowrock Lodge",
        "tourism": "hostel",
        "phone": "+353 71 9666073",
        "website": "http://www.arrowrocklodge.com/"
      }
    },
    {
      "type": "Feature",
      "geometry": {
        "type": "Point",
        "coordinates": [
          -9.7087398,
          53.3543118
        ]
      },
      "properties": {
        "id": 2447637612,
        "osm_type": "node",
        "tourism": "guest_house"
      }
    },
    {
      "type": "Feature",
      "geometry": {
        "type": "Point",
        "coordinates": [
          -9.7102957,
          53.3469388
        ]
      },
      "properties": {
        "id": 2447637613,
        "osm_type": "node",
        "tourism": "guest_house"
      }
    },
    {
      "type": "Feature",
      "geometry": {
        "type": "Point",
        "coordinates": [
          -8.3030885,
          53.9718872
        ]
      },
      "properties": {
        "id": 2471644913,
        "osm_type": "node",
        "name": "The Royal Hotel",
        "tourism": "hotel"
      }
    },
    {
      "type": "Feature",
      "geometry": {
        "type": "Point",
        "coordinates": [
          -9.3064522,
          53.2440053
        ]
      },
      "properties": {
        "id": 2474946301,
        "osm_type": "node",
        "name": "An Crúiscín Lán",
        "tourism": "hotel"
      }
    },
    {
      "type": "Feature",
      "geometry": {
        "type": "Point",
        "coordinates": [
          -9.5844556,
          53.0865282
        ]
      },
      "properties": {
        "id": 2485873660,
        "osm_type": "node",
        "name": "Inis Meáin Restaurant and Suites",
        "tourism": "hotel"
      }
    },
    {
      "type": "Feature",
      "geometry": {
        "type": "Point",
        "coordinates": [
          -9.7470306,
          53.6317317
        ]
      },
      "properties": {
        "id": 2510362144,
        "osm_type": "node",
        "name": "Delphi Lodge",
        "tourism": "hotel"
      }
    },
    {
      "type": "Feature",
      "geometry": {
        "type": "Point",
        "coordinates": [
          -9.8869386,
          53.3327246
        ]
      },
      "properties": {
        "id": 2519134262,
        "osm_type": "node",
        "name": "Barbara Burke 's cottage",
        "tourism": "hostel"
      }
    },
    {
      "type": "Feature",
      "geometry": {
        "type": "Point",
        "coordinates": [
          -9.0519656,
          53.2744833
        ]
      },
      "properties": {
        "id": 2574545665,
        "osm_type": "node",
        "name": "The Savoy Hostel",
        "tourism": "hostel",
        "phone": "+353 (0)91 375 421",
        "website": "http://www.galwayhostel.ie/"
      }
    },
    {
      "type": "Feature",
      "geometry": {
        "type": "Point",
        "coordinates": [
          -9.8079531,
          53.4195651
        ]
      },
      "properties": {
        "id": 2618769343,
        "osm_type": "node",
        "name": "Cashel House Hotel",
        "tourism": "hotel"
      }
    },
    {
      "type": "Feature",
      "geometry": {
        "type": "Point",
        "coordinates": [
          -9.8575351,
          53.4578261
        ]
      },
      "properties": {
        "id": 2847650760,
        "osm_type": "node",
        "name": "Main Gate Lodge",
        "tourism": "hotel"
      }
    },
    {
      "type": "Feature",
      "geometry": {
        "type": "Point",
        "coordinates": [
          -10.0337444,
          53.5041339
        ]
      },
      "properties": {
        "id": 2864970172,
        "osm_type": "node",
        "tourism": "guest_house"
      }
    },
    {
      "type": "Feature",
      "geometry": {
        "type": "Point",
        "coordinates": [
          -9.919047,
          53.3951626
        ]
      },
      "properties": {
        "id": 2865795388,
        "osm_type": "node",
        "name": "Roundstone House Hotel",
        "tourism": "hotel",
        "phone": "+353 95 35864",
        "website": "https://www.roundstonehousehotel.com"
      }
    },
    {
      "type": "Feature",
      "geometry": {
        "type": "Point",
        "coordinates": [
          -8.8615125,
          54.1027642
        ]
      },
      "properties": {
        "id": 2911249218,
        "osm_type": "node",
        "name": "Bed in Barn",
        "tourism": "chalet"
      }
    },
    {
      "type": "Feature",
      "geometry": {
        "type": "Point",
        "coordinates": [
          -9.1077056,
          53.2591258
        ]
      },
      "properties": {
        "id": 2921292254,
        "osm_type": "node",
        "name": "Atlantic Sunset",
        "tourism": "guest_house",
        "phone": "+353 91 521425"
      }
    },
    {
      "type": "Feature",
      "geometry": {
        "type": "Point",
        "coordinates": [
          -9.1024592,
          53.2592658
        ]
      },
      "properties": {
        "id": 2921307115,
        "osm_type": "node",
        "name": "Marian Lodge",
        "tourism": "guest_house",
        "phone": "+353 91 521 678",
        "website": "http://www.marian-lodge.com/"
      }
    },
    {
      "type": "Feature",
      "geometry": {
        "type": "Point",
        "coordinates": [
          -9.1073405,
          53.2607167
        ]
      },
      "properties": {
        "id": 2922818176,
        "osm_type": "node",
        "name": "Cashelmara Lodge Bed and Breakfast",
        "tourism": "guest_house",
        "phone": "+353 91 520020"
      }
    },
    {
      "type": "Feature",
      "geometry": {
        "type": "Point",
        "coordinates": [
          -9.107198,
          53.2596086
        ]
      },
      "properties": {
        "id": 2922818178,
        "osm_type": "node",
        "name": "Rose Villa Bed and Breakfast",
        "tourism": "guest_house",
        "phone": "+353 91 584200"
      }
    },
    {
      "type": "Feature",
      "geometry": {
        "type": "Point",
        "coordinates": [
          -9.1072466,
          53.25987
        ]
      },
      "properties": {
        "id": 2922818179,
        "osm_type": "node",
        "name": "Rusheen Bay House Bed and Breakfast",
        "tourism": "guest_house",
        "phone": "+353 91 520 729",
        "check_date": "2024-05-31"
      }
    },
    {
      "type": "Feature",
      "geometry": {
        "type": "Point",
        "coordinates": [
          -9.1072284,
          53.2597321
        ]
      },
      "properties": {
        "id": 2922818180,
        "osm_type": "node",
        "name": "Sea Breeze Lodge Bed and Breakfast",
        "tourism": "guest_house",
        "phone": "+353 91 529 581",
        "website": "https://www.seabreezelodge.org/"
      }
    },
    {
      "type": "Feature",
      "geometry": {
        "type": "Point",
        "coordinates": [
          -9.1074255,
          53.2605588
        ]
      },
      "properties": {
        "id": 2922818181,
        "osm_type": "node",
        "name": "Seashore Lodge Bed and Breakfast",
        "tourism": "guest_house",
        "phone": "+353 91 529189",
        "check_date": "2025-05-23"
      }
    },
    {
      "type": "Feature",
      "geometry": {
        "type": "Point",
        "coordinates": [
          -9.1060632,
          53.2593109
        ]
      },
      "properties": {
        "id": 2922818182,
        "osm_type": "node",
        "name": "The Four Winds Lodge",
        "tourism": "guest_house",
        "phone": "+353 91 526 026"
      }
    },
    {
      "type": "Feature",
      "geometry": {
        "type": "Point",
        "coordinates": [
          -9.079973,
          53.264209
        ]
      },
      "properties": {
        "id": 2925718124,
        "osm_type": "node",
        "name": "Cappa Veagh Bed and Breakfast",
        "tourism": "guest_house",
        "phone": "+353 91 526 518",
        "website": "www.cappaveaghbandb.com"
      }
    },
    {
      "type": "Feature",
      "geometry": {
        "type": "Point",
        "coordinates": [
          -9.0797297,
          53.2626538
        ]
      },
      "properties": {
        "id": 2925718125,
        "osm_type": "node",
        "name": "Ontario House",
        "tourism": "guest_house",
        "phone": "+353 91 521 655",
        "website": "http://www.ontariohouse.net/"
      }
    },
    {
      "type": "Feature",
      "geometry": {
        "type": "Point",
        "coordinates": [
          -9.0777445,
          53.2617612
        ]
      },
      "properties": {
        "id": 2925983177,
        "osm_type": "node",
        "name": "Annaree House Bed and Breakfast",
        "tourism": "guest_house",
        "phone": "+353 (0)91 522 583",
        "website": "www.annareehouse.ie"
      }
    },
    {
      "type": "Feature",
      "geometry": {
        "type": "Point",
        "coordinates": [
          -9.3346263,
          53.455084
        ]
      },
      "properties": {
        "id": 2941128564,
        "osm_type": "node",
        "name": "Forest Hill",
        "tourism": "guest_house"
      }
    },
    {
      "type": "Feature",
      "geometry": {
        "type": "Point",
        "coordinates": [
          -9.5630215,
          53.5049602
        ]
      },
      "properties": {
        "id": 2941208635,
        "osm_type": "node",
        "name": "Tiernakill Farmhouse",
        "tourism": "guest_house"
      }
    },
    {
      "type": "Feature",
      "geometry": {
        "type": "Point",
        "coordinates": [
          -9.7313514,
          53.5192671
        ]
      },
      "properties": {
        "id": 2957607284,
        "osm_type": "node",
        "tourism": "guest_house"
      }
    },
    {
      "type": "Feature",
      "geometry": {
        "type": "Point",
        "coordinates": [
          -9.7418981,
          53.5209672
        ]
      },
      "properties": {
        "id": 2957620335,
        "osm_type": "node",
        "tourism": "hotel"
      }
    },
    {
      "type": "Feature",
      "geometry": {
        "type": "Point",
        "coordinates": [
          -9.6869936,
          53.6062136
        ]
      },
      "properties": {
        "id": 2957676564,
        "osm_type": "node",
        "tourism": "guest_house"
      }
    },
    {
      "type": "Feature",
      "geometry": {
        "type": "Point",
        "coordinates": [
          -9.9697369,
          54.0126872
        ]
      },
      "properties": {
        "id": 2987683034,
        "osm_type": "node",
        "name": "The Valley House",
        "tourism": "hostel"
      }
    },
    {
      "type": "Feature",
      "geometry": {
        "type": "Point",
        "coordinates": [
          -9.3594456,
          54.2748444
        ]
      },
      "properties": {
        "id": 2998635551,
        "osm_type": "node",
        "name": "Keadyville House B&B",
        "tourism": "guest_house",
        "phone": "+353 096 43288"
      }
    },
    {
      "type": "Feature",
      "geometry": {
        "type": "Point",
        "coordinates": [
          -9.5512153,
          53.8845314
        ]
      },
      "properties": {
        "id": 3016100833,
        "osm_type": "node",
        "name": "Anchor House B&B",
        "tourism": "guest_house"
      }
    },
    {
      "type": "Feature",
      "geometry": {
        "type": "Point",
        "coordinates": [
          -9.3444569,
          54.0658737
        ]
      },
      "properties": {
        "id": 3016146198,
        "osm_type": "node",
        "name": "Kilmurray House B&B",
        "tourism": "guest_house",
        "phone": "003539631227",
        "website": "https://www.kilmurrayhouse.com/"
      }
    },
    {
      "type": "Feature",
      "geometry": {
        "type": "Point",
        "coordinates": [
          -9.951889,
          54.2104607
        ]
      },
      "properties": {
        "id": 3016146200,
        "osm_type": "node",
        "name": "'Cois Na Mara' Farmhouse B&B",
        "tourism": "guest_house",
        "phone": "003539781365"
      }
    },
    {
      "type": "Feature",
      "geometry": {
        "type": "Point",
        "coordinates": [
          -9.8142734,
          53.7616525
        ]
      },
      "properties": {
        "id": 3019816124,
        "osm_type": "node",
        "name": "Louisburgh Lodge B&B",
        "tourism": "guest_house"
      }
    },
    {
      "type": "Feature",
      "geometry": {
        "type": "Point",
        "coordinates": [
          -8.1765259,
          54.3051564
        ]
      },
      "properties": {
        "id": 3022212393,
        "osm_type": "node",
        "tourism": "guest_house"
      }
    },
    {
      "type": "Feature",
      "geometry": {
        "type": "Point",
        "coordinates": [
          -9.2877951,
          53.5418477
        ]
      },
      "properties": {
        "id": 3039445109,
        "osm_type": "node",
        "name": "Lydon's Lodge",
        "tourism": "guest_house",
        "website": "https://www.lydonslodge.ie",
        "check_date": "2026-03-05"
      }
    },
    {
      "type": "Feature",
      "geometry": {
        "type": "Point",
        "coordinates": [
          -9.2879398,
          53.5412144
        ]
      },
      "properties": {
        "id": 3039445110,
        "osm_type": "node",
        "name": "Ryans River Lodge",
        "tourism": "guest_house",
        "website": "https://www.ryansriverlodge.com",
        "check_date": "2026-03-05"
      }
    },
    {
      "type": "Feature",
      "geometry": {
        "type": "Point",
        "coordinates": [
          -8.948064,
          53.338704
        ]
      },
      "properties": {
        "id": 3095995930,
        "osm_type": "node",
        "name": "Greg lodge",
        "tourism": "guest_house"
      }
    },
    {
      "type": "Feature",
      "geometry": {
        "type": "Point",
        "coordinates": [
          -9.0556309,
          53.4920754
        ]
      },
      "properties": {
        "id": 3124272072,
        "osm_type": "node",
        "name": "Lisdonagh House",
        "tourism": "guest_house"
      }
    },
    {
      "type": "Feature",
      "geometry": {
        "type": "Point",
        "coordinates": [
          -8.7666737,
          53.7639702
        ]
      },
      "properties": {
        "id": 3259945561,
        "osm_type": "node",
        "name": "Courthouse",
        "tourism": "hotel"
      }
    },
    {
      "type": "Feature",
      "geometry": {
        "type": "Point",
        "coordinates": [
          -9.7791255,
          53.9062177
        ]
      },
      "properties": {
        "id": 3319093403,
        "osm_type": "node",
        "name": "Moynish House B&B",
        "tourism": "guest_house"
      }
    },
    {
      "type": "Feature",
      "geometry": {
        "type": "Point",
        "coordinates": [
          -10.0194285,
          53.4881888
        ]
      },
      "properties": {
        "id": 3451641393,
        "osm_type": "node",
        "name": "The Lodge",
        "tourism": "guest_house",
        "check_date": "2026-04-18"
      }
    },
    {
      "type": "Feature",
      "geometry": {
        "type": "Point",
        "coordinates": [
          -10.0190628,
          53.4878419
        ]
      },
      "properties": {
        "id": 3451641493,
        "osm_type": "node",
        "name": "Errismor",
        "tourism": "guest_house"
      }
    },
    {
      "type": "Feature",
      "geometry": {
        "type": "Point",
        "coordinates": [
          -9.0524678,
          53.2760853
        ]
      },
      "properties": {
        "id": 3514768943,
        "osm_type": "node",
        "name": "Woodquay Hostel",
        "tourism": "hostel",
        "website": "https://www.woodquayhostel.ie/",
        "check_date": "2025-11-26"
      }
    },
    {
      "type": "Feature",
      "geometry": {
        "type": "Point",
        "coordinates": [
          -9.0664039,
          53.2658072
        ]
      },
      "properties": {
        "id": 3526585394,
        "osm_type": "node",
        "name": "Ross House Bed & Breakfast",
        "tourism": "guest_house"
      }
    },
    {
      "type": "Feature",
      "geometry": {
        "type": "Point",
        "coordinates": [
          -8.5096263,
          54.4028206
        ]
      },
      "properties": {
        "id": 3606140802,
        "osm_type": "node",
        "name": "Rowanville Lodge",
        "tourism": "guest_house"
      }
    },
    {
      "type": "Feature",
      "geometry": {
        "type": "Point",
        "coordinates": [
          -8.4963334,
          54.4088013
        ]
      },
      "properties": {
        "id": 3606140819,
        "osm_type": "node",
        "name": "Glach a Mara",
        "tourism": "guest_house",
        "website": "http://www.glachamara.com"
      }
    },
    {
      "type": "Feature",
      "geometry": {
        "type": "Point",
        "coordinates": [
          -9.3200586,
          53.2443112
        ]
      },
      "properties": {
        "id": 3608892870,
        "osm_type": "node",
        "name": "Ard Aoibhinn B&B",
        "tourism": "guest_house"
      }
    },
    {
      "type": "Feature",
      "geometry": {
        "type": "Point",
        "coordinates": [
          -9.0039789,
          53.2775333
        ]
      },
      "properties": {
        "id": 3658297251,
        "osm_type": "node",
        "name": "Corrib View Guesthouse",
        "tourism": "guest_house",
        "phone": "+353 91 755 667"
      }
    },
    {
      "type": "Feature",
      "geometry": {
        "type": "Point",
        "coordinates": [
          -9.6668096,
          53.7837177
        ]
      },
      "properties": {
        "id": 3658305641,
        "osm_type": "node",
        "name": "Bertra House B & B",
        "tourism": "guest_house",
        "phone": "+353 (0) 98 64833",
        "website": "http://www.bertrahouse.com/"
      }
    },
    {
      "type": "Feature",
      "geometry": {
        "type": "Point",
        "coordinates": [
          -8.1016873,
          53.9394957
        ]
      },
      "properties": {
        "id": 3666208720,
        "osm_type": "node",
        "tourism": "guest_house"
      }
    },
    {
      "type": "Feature",
      "geometry": {
        "type": "Point",
        "coordinates": [
          -8.0697787,
          53.9425321
        ]
      },
      "properties": {
        "id": 3666208721,
        "osm_type": "node",
        "name": "Aisleigh",
        "tourism": "guest_house"
      }
    },
    {
      "type": "Feature",
      "geometry": {
        "type": "Point",
        "coordinates": [
          -7.9837178,
          54.2844266
        ]
      },
      "properties": {
        "id": 3878516219,
        "osm_type": "node",
        "name": "Clancys of Glenfarne",
        "tourism": "guest_house"
      }
    },
    {
      "type": "Feature",
      "geometry": {
        "type": "Point",
        "coordinates": [
          -8.0043128,
          54.2858007
        ]
      },
      "properties": {
        "id": 3878555421,
        "osm_type": "node",
        "name": "Kennys B&B",
        "tourism": "guest_house"
      }
    },
    {
      "type": "Feature",
      "geometry": {
        "type": "Point",
        "coordinates": [
          -10.01842,
          53.4879011
        ]
      },
      "properties": {
        "id": 3903501567,
        "osm_type": "node",
        "name": "Dún Rí Guest House",
        "tourism": "guest_house",
        "phone": "+353 (0) 95 21625",
        "website": "https://www.dunri.ie"
      }
    },
    {
      "type": "Feature",
      "geometry": {
        "type": "Point",
        "coordinates": [
          -10.0175724,
          53.4887996
        ]
      },
      "properties": {
        "id": 3903508304,
        "osm_type": "node",
        "name": "The Station House Hotel",
        "tourism": "hotel"
      }
    },
    {
      "type": "Feature",
      "geometry": {
        "type": "Point",
        "coordinates": [
          -10.0236869,
          53.4883861
        ]
      },
      "properties": {
        "id": 3929436288,
        "osm_type": "node",
        "name": "Cannon's B&B",
        "tourism": "guest_house"
      }
    },
    {
      "type": "Feature",
      "geometry": {
        "type": "Point",
        "coordinates": [
          -10.0247383,
          53.493124
        ]
      },
      "properties": {
        "id": 3929488112,
        "osm_type": "node",
        "name": "Rock Glen Country House Hotel",
        "tourism": "hotel"
      }
    },
    {
      "type": "Feature",
      "geometry": {
        "type": "Point",
        "coordinates": [
          -10.0236038,
          53.4920533
        ]
      },
      "properties": {
        "id": 3929501708,
        "osm_type": "node",
        "name": "Buttermilk Lodge",
        "tourism": "guest_house"
      }
    },
    {
      "type": "Feature",
      "geometry": {
        "type": "Point",
        "coordinates": [
          -10.0219059,
          53.4934798
        ]
      },
      "properties": {
        "id": 3929501714,
        "osm_type": "node",
        "name": "The Inn to the West",
        "tourism": "hotel"
      }
    },
    {
      "type": "Feature",
      "geometry": {
        "type": "Point",
        "coordinates": [
          -10.0211817,
          53.4913958
        ]
      },
      "properties": {
        "id": 3929514377,
        "osm_type": "node",
        "name": "Connemara Country Lodge",
        "tourism": "guest_house"
      }
    },
    {
      "type": "Feature",
      "geometry": {
        "type": "Point",
        "coordinates": [
          -10.0226798,
          53.4886601
        ]
      },
      "properties": {
        "id": 3929634502,
        "osm_type": "node",
        "name": "Foyle’s Hotel",
        "tourism": "hotel",
        "check_date": "2025-07-30"
      }
    },
    {
      "type": "Feature",
      "geometry": {
        "type": "Point",
        "coordinates": [
          -10.0138696,
          53.4904919
        ]
      },
      "properties": {
        "id": 3930729616,
        "osm_type": "node",
        "name": "Clifden Farmhouse B&B",
        "tourism": "guest_house"
      }
    },
    {
      "type": "Feature",
      "geometry": {
        "type": "Point",
        "coordinates": [
          -10.0160154,
          53.4927562
        ]
      },
      "properties": {
        "id": 3930741687,
        "osm_type": "node",
        "name": "Racecourse Lodge B&B",
        "tourism": "guest_house"
      }
    },
    {
      "type": "Feature",
      "geometry": {
        "type": "Point",
        "coordinates": [
          -10.0471976,
          53.4922092
        ]
      },
      "properties": {
        "id": 3936006382,
        "osm_type": "node",
        "name": "Hillside Lodge",
        "tourism": "guest_house"
      }
    },
    {
      "type": "Feature",
      "geometry": {
        "type": "Point",
        "coordinates": [
          -10.0088722,
          53.4872979
        ]
      },
      "properties": {
        "id": 3946796929,
        "osm_type": "node",
        "name": "River View B&B",
        "tourism": "guest_house"
      }
    },
    {
      "type": "Feature",
      "geometry": {
        "type": "Point",
        "coordinates": [
          -10.0724824,
          53.4935646
        ]
      },
      "properties": {
        "id": 3957432202,
        "osm_type": "node",
        "name": "Tower View B&B",
        "tourism": "guest_house"
      }
    },
    {
      "type": "Feature",
      "geometry": {
        "type": "Point",
        "coordinates": [
          -10.0241027,
          53.4801501
        ]
      },
      "properties": {
        "id": 3958632442,
        "osm_type": "node",
        "name": "Winnowing Hill B&B",
        "tourism": "guest_house"
      }
    },
    {
      "type": "Feature",
      "geometry": {
        "type": "Point",
        "coordinates": [
          -10.0334046,
          53.4771795
        ]
      },
      "properties": {
        "id": 3958643474,
        "osm_type": "node",
        "name": "Faul House Farmhouse B&B",
        "tourism": "guest_house"
      }
    },
    {
      "type": "Feature",
      "geometry": {
        "type": "Point",
        "coordinates": [
          -10.0202168,
          53.4911286
        ]
      },
      "properties": {
        "id": 4003463844,
        "osm_type": "node",
        "name": "Benbaun House",
        "tourism": "guest_house",
        "check_date": "2025-07-30"
      }
    },
    {
      "type": "Feature",
      "geometry": {
        "type": "Point",
        "coordinates": [
          -10.0173736,
          53.4689413
        ]
      },
      "properties": {
        "id": 4003482990,
        "osm_type": "node",
        "name": "Ardagh Hotel",
        "tourism": "hotel"
      }
    },
    {
      "type": "Feature",
      "geometry": {
        "type": "Point",
        "coordinates": [
          -9.7781317,
          53.90641
        ]
      },
      "properties": {
        "id": 4225440502,
        "osm_type": "node",
        "name": "Mulranny House",
        "tourism": "guest_house"
      }
    },
    {
      "type": "Feature",
      "geometry": {
        "type": "Point",
        "coordinates": [
          -8.4525449,
          54.4311097
        ]
      },
      "properties": {
        "id": 4280404423,
        "osm_type": "node",
        "name": "Slievebawn Bed and Breakfast",
        "tourism": "guest_house",
        "phone": "+353 71 9131650",
        "website": "http://slievebawnsligo.com"
      }
    },
    {
      "type": "Feature",
      "geometry": {
        "type": "Point",
        "coordinates": [
          -9.1645336,
          54.1019319
        ]
      },
      "properties": {
        "id": 4286249990,
        "osm_type": "node",
        "name": "Whitestream Hotel",
        "tourism": "hotel",
        "phone": "+3539621582"
      }
    },
    {
      "type": "Feature",
      "geometry": {
        "type": "Point",
        "coordinates": [
          -9.0622315,
          53.264332
        ]
      },
      "properties": {
        "id": 4333566294,
        "osm_type": "node",
        "name": "Kiltevna B&B",
        "tourism": "guest_house",
        "phone": "+353 91 588477",
        "website": "http://www.kiltevna-bnb.com/#home"
      }
    },
    {
      "type": "Feature",
      "geometry": {
        "type": "Point",
        "coordinates": [
          -9.1325993,
          53.3757789
        ]
      },
      "properties": {
        "id": 4338215194,
        "osm_type": "node",
        "name": "Portarra lodge B&B",
        "tourism": "guest_house",
        "website": "http://www.portarralodge.com/"
      }
    },
    {
      "type": "Feature",
      "geometry": {
        "type": "Point",
        "coordinates": [
          -9.2839535,
          53.4320467
        ]
      },
      "properties": {
        "id": 4347573534,
        "osm_type": "node",
        "name": "Lakeland Midsummer Lakehouse",
        "tourism": "hotel",
        "website": "http://lakelandanglingcentre.com/"
      }
    },
    {
      "type": "Feature",
      "geometry": {
        "type": "Point",
        "coordinates": [
          -9.8626894,
          53.4601144
        ]
      },
      "properties": {
        "id": 4363467299,
        "osm_type": "node",
        "name": "Ballynahinch Castle",
        "tourism": "hotel",
        "website": "https://www.ballynahinch-castle.com/"
      }
    },
    {
      "type": "Feature",
      "geometry": {
        "type": "Point",
        "coordinates": [
          -9.3199881,
          53.430492
        ]
      },
      "properties": {
        "id": 4371078142,
        "osm_type": "node",
        "name": "The Western Way B&B",
        "tourism": "guest_house"
      }
    },
    {
      "type": "Feature",
      "geometry": {
        "type": "Point",
        "coordinates": [
          -9.5462356,
          53.8831431
        ]
      },
      "properties": {
        "id": 4371139296,
        "osm_type": "node",
        "name": "The Greenway B&B",
        "tourism": "guest_house",
        "website": "https://greenwaybb.com/"
      }
    },
    {
      "type": "Feature",
      "geometry": {
        "type": "Point",
        "coordinates": [
          -9.1498711,
          54.1121948
        ]
      },
      "properties": {
        "id": 4371173053,
        "osm_type": "node",
        "tourism": "guest_house"
      }
    },
    {
      "type": "Feature",
      "geometry": {
        "type": "Point",
        "coordinates": [
          -9.1491188,
          54.1125816
        ]
      },
      "properties": {
        "id": 4371173054,
        "osm_type": "node",
        "tourism": "guest_house"
      }
    },
    {
      "type": "Feature",
      "geometry": {
        "type": "Point",
        "coordinates": [
          -9.0630873,
          53.270971
        ]
      },
      "properties": {
        "id": 4408642452,
        "osm_type": "node",
        "name": "Dun Aoibhinn House B&B",
        "tourism": "hotel"
      }
    },
    {
      "type": "Feature",
      "geometry": {
        "type": "Point",
        "coordinates": [
          -9.2088747,
          53.7753747
        ]
      },
      "properties": {
        "id": 4422053433,
        "osm_type": "node",
        "name": "Annie's Cottage",
        "tourism": "chalet"
      }
    },
    {
      "type": "Feature",
      "geometry": {
        "type": "Point",
        "coordinates": [
          -9.5491568,
          53.7623319
        ]
      },
      "properties": {
        "id": 4426171622,
        "osm_type": "node",
        "name": "Old Rectory Retreat",
        "tourism": "guest_house",
        "phone": "0353  87  7764820"
      }
    },
    {
      "type": "Feature",
      "geometry": {
        "type": "Point",
        "coordinates": [
          -9.1167807,
          53.9817592
        ]
      },
      "properties": {
        "id": 4456497709,
        "osm_type": "node",
        "name": "Moy Lodge B&B",
        "tourism": "guest_house",
        "phone": "+353 925 7685",
        "website": "www.moylodge.com"
      }
    },
    {
      "type": "Feature",
      "geometry": {
        "type": "Point",
        "coordinates": [
          -8.4838066,
          54.4169402
        ]
      },
      "properties": {
        "id": 4461262189,
        "osm_type": "node",
        "name": "Island View Riding Stables",
        "tourism": "guest_house"
      }
    },
    {
      "type": "Feature",
      "geometry": {
        "type": "Point",
        "coordinates": [
          -9.305121,
          53.8470429
        ]
      },
      "properties": {
        "id": 4462109456,
        "osm_type": "node",
        "tourism": "caravan_site"
      }
    },
    {
      "type": "Feature",
      "geometry": {
        "type": "Point",
        "coordinates": [
          -9.8593504,
          53.6197462
        ]
      },
      "properties": {
        "id": 4464797197,
        "osm_type": "node",
        "name": "Killary Harbour Hostel",
        "tourism": "hostel",
        "phone": "+353-95-43933",
        "website": "http://www.killaryharbourhostel.com"
      }
    },
    {
      "type": "Feature",
      "geometry": {
        "type": "Point",
        "coordinates": [
          -9.3199983,
          53.8442771
        ]
      },
      "properties": {
        "id": 4467733095,
        "osm_type": "node",
        "name": "Devard",
        "tourism": "guest_house",
        "website": "https://www.bandbireland.com/accommodation/25999/devard"
      }
    },
    {
      "type": "Feature",
      "geometry": {
        "type": "Point",
        "coordinates": [
          -9.3092919,
          53.8489239
        ]
      },
      "properties": {
        "id": 4467733096,
        "osm_type": "node",
        "name": "Nephin House",
        "tourism": "guest_house",
        "phone": "+353 94 9023840",
        "website": "http://www.nephinhouse.com"
      }
    },
    {
      "type": "Feature",
      "geometry": {
        "type": "Point",
        "coordinates": [
          -9.3098314,
          53.8493428
        ]
      },
      "properties": {
        "id": 4467771209,
        "osm_type": "node",
        "name": "Dún Mhuire",
        "tourism": "guest_house",
        "phone": "+353 94 9021395",
        "website": "http://www.dunmhuire.ie/"
      }
    },
    {
      "type": "Feature",
      "geometry": {
        "type": "Point",
        "coordinates": [
          -9.3502023,
          53.820274
        ]
      },
      "properties": {
        "id": 4468157726,
        "osm_type": "node",
        "name": "Rocksberry Bed and Breakfast",
        "tourism": "guest_house",
        "phone": "353 94 902 7254",
        "website": "https://www.mayo-accommodation.com/"
      }
    },
    {
      "type": "Feature",
      "geometry": {
        "type": "Point",
        "coordinates": [
          -9.3196668,
          53.4286867
        ]
      },
      "properties": {
        "id": 4616418454,
        "osm_type": "node",
        "name": "Connemara Lake Hotel",
        "tourism": "hotel",
        "phone": "+35391866016",
        "website": "https://www.theconnemaralakehotel.com/",
        "check_date": "2025-07-29"
      }
    },
    {
      "type": "Feature",
      "geometry": {
        "type": "Point",
        "coordinates": [
          -9.4562108,
          53.4357701
        ]
      },
      "properties": {
        "id": 4616429766,
        "osm_type": "node",
        "name": "Islandview Holiday Cottage",
        "tourism": "guest_house"
      }
    },
    {
      "type": "Feature",
      "geometry": {
        "type": "Point",
        "coordinates": [
          -9.2415806,
          53.5351683
        ]
      },
      "properties": {
        "id": 4859919526,
        "osm_type": "node",
        "name": "Villa Pio B&B and Luxury Apartment",
        "tourism": "guest_house",
        "website": "https://www.congvillapio.com/"
      }
    },
    {
      "type": "Feature",
      "geometry": {
        "type": "Point",
        "coordinates": [
          -10.0250781,
          53.4882331
        ]
      },
      "properties": {
        "id": 4919441915,
        "osm_type": "node",
        "name": "Blue Quay Rooms",
        "tourism": "guest_house",
        "website": "https://www.bluequayrooms.com/",
        "check_date": "2026-04-18"
      }
    },
    {
      "type": "Feature",
      "geometry": {
        "type": "Point",
        "coordinates": [
          -8.2800517,
          53.9744789
        ]
      },
      "properties": {
        "id": 4936484021,
        "osm_type": "node",
        "name": "Doon Lodge farm",
        "tourism": "hostel"
      }
    },
    {
      "type": "Feature",
      "geometry": {
        "type": "Point",
        "coordinates": [
          -9.0338567,
          53.3057888
        ]
      },
      "properties": {
        "id": 4973877662,
        "osm_type": "node",
        "name": "The Lodge B&B",
        "tourism": "hotel"
      }
    },
    {
      "type": "Feature",
      "geometry": {
        "type": "Point",
        "coordinates": [
          -9.5250778,
          53.0613156
        ]
      },
      "properties": {
        "id": 4990223181,
        "osm_type": "node",
        "name": "An Móinéar B & B",
        "tourism": "guest_house",
        "phone": "+353 99 75960"
      }
    },
    {
      "type": "Feature",
      "geometry": {
        "type": "Point",
        "coordinates": [
          -8.4731799,
          54.2934569
        ]
      },
      "properties": {
        "id": 5037589154,
        "osm_type": "node",
        "name": "The Red Cottage & Stables Guesthouse",
        "tourism": "guest_house",
        "phone": "+353872046612",
        "website": "https://www.redcottagesligo.com/"
      }
    },
    {
      "type": "Feature",
      "geometry": {
        "type": "Point",
        "coordinates": [
          -7.8004063,
          54.0528985
        ]
      },
      "properties": {
        "id": 5084750026,
        "osm_type": "node",
        "name": "Commercial Hotel",
        "tourism": "hotel",
        "phone": "071 96 44675"
      }
    },
    {
      "type": "Feature",
      "geometry": {
        "type": "Point",
        "coordinates": [
          -9.1825741,
          53.4352695
        ]
      },
      "properties": {
        "id": 5115901615,
        "osm_type": "node",
        "name": "Fishing Lodge",
        "tourism": "chalet"
      }
    },
    {
      "type": "Feature",
      "geometry": {
        "type": "Point",
        "coordinates": [
          -8.9982753,
          53.7204174
        ]
      },
      "properties": {
        "id": 5160804685,
        "osm_type": "node",
        "name": "Dalton Inn Hotel",
        "tourism": "hotel"
      }
    },
    {
      "type": "Feature",
      "geometry": {
        "type": "Point",
        "coordinates": [
          -10.11154,
          53.5565115
        ]
      },
      "properties": {
        "id": 5175928796,
        "osm_type": "node",
        "name": "Oliver’s",
        "tourism": "guest_house",
        "phone": "+3539544640",
        "website": "http://www.oliversonclegganpier.ie"
      }
    },
    {
      "type": "Feature",
      "geometry": {
        "type": "Point",
        "coordinates": [
          -8.2849091,
          53.9711028
        ]
      },
      "properties": {
        "id": 5208716983,
        "osm_type": "node",
        "name": "Rosdarrig",
        "tourism": "guest_house"
      }
    },
    {
      "type": "Feature",
      "geometry": {
        "type": "Point",
        "coordinates": [
          -9.0627504,
          53.2656471
        ]
      },
      "properties": {
        "id": 5329646910,
        "osm_type": "node",
        "name": "Sli Na Mara B&B",
        "tourism": "guest_house"
      }
    },
    {
      "type": "Feature",
      "geometry": {
        "type": "Point",
        "coordinates": [
          -8.325955,
          54.0342796
        ]
      },
      "properties": {
        "id": 5382700321,
        "osm_type": "node",
        "name": "The Stables at Blue Haze",
        "tourism": "guest_house"
      }
    },
    {
      "type": "Feature",
      "geometry": {
        "type": "Point",
        "coordinates": [
          -9.6136347,
          54.1721003
        ]
      },
      "properties": {
        "id": 5461657023,
        "osm_type": "node",
        "name": "Sheskin Lodge",
        "tourism": "chalet",
        "opening_hours": "Su 23:55-00:00",
        "website": "https://landedestates.ie/property/280"
      }
    },
    {
      "type": "Feature",
      "geometry": {
        "type": "Point",
        "coordinates": [
          -8.4605808,
          54.1223955
        ]
      },
      "properties": {
        "id": 5483495824,
        "osm_type": "node",
        "name": "Common Shore",
        "tourism": "caravan_site",
        "phone": "+353 85 720 2370"
      }
    },
    {
      "type": "Feature",
      "geometry": {
        "type": "Point",
        "coordinates": [
          -9.5323408,
          53.7976812
        ]
      },
      "properties": {
        "id": 5524692128,
        "osm_type": "node",
        "name": "Cloonmonad House B&B",
        "tourism": "guest_house"
      }
    },
    {
      "type": "Feature",
      "geometry": {
        "type": "Point",
        "coordinates": [
          -8.8770123,
          53.223581
        ]
      },
      "properties": {
        "id": 5538089726,
        "osm_type": "node",
        "name": "Spring Lawn",
        "tourism": "hotel"
      }
    },
    {
      "type": "Feature",
      "geometry": {
        "type": "Point",
        "coordinates": [
          -8.4582362,
          54.24813
        ]
      },
      "properties": {
        "id": 5594660052,
        "osm_type": "node",
        "name": "Old Farm Cottage",
        "tourism": "chalet"
      }
    },
    {
      "type": "Feature",
      "geometry": {
        "type": "Point",
        "coordinates": [
          -9.753093,
          53.1336523
        ]
      },
      "properties": {
        "id": 5627875421,
        "osm_type": "node",
        "name": "Man of Aran Cottages",
        "tourism": "guest_house"
      }
    },
    {
      "type": "Feature",
      "geometry": {
        "type": "Point",
        "coordinates": [
          -8.472594,
          54.2679638
        ]
      },
      "properties": {
        "id": 5751934632,
        "osm_type": "node",
        "name": "An Cruiscin Lan B&B",
        "tourism": "guest_house",
        "phone": "+353872331573",
        "website": "http://www.bandbsligo.ie"
      }
    },
    {
      "type": "Feature",
      "geometry": {
        "type": "Point",
        "coordinates": [
          -10.1013067,
          53.9711429
        ]
      },
      "properties": {
        "id": 5810637951,
        "osm_type": "node",
        "name": "Seascape",
        "tourism": "chalet"
      }
    },
    {
      "type": "Feature",
      "geometry": {
        "type": "Point",
        "coordinates": [
          -8.3148524,
          53.8006934
        ]
      },
      "properties": {
        "id": 5815027414,
        "osm_type": "node",
        "name": "Cavepark B&B",
        "tourism": "guest_house"
      }
    },
    {
      "type": "Feature",
      "geometry": {
        "type": "Point",
        "coordinates": [
          -10.0887479,
          53.978435
        ]
      },
      "properties": {
        "id": 5851903507,
        "osm_type": "node",
        "name": "Ferndale Luxury Bed and Breakfast",
        "tourism": "guest_house",
        "website": "https://ferndale-achill.com"
      }
    },
    {
      "type": "Feature",
      "geometry": {
        "type": "Point",
        "coordinates": [
          -8.2332866,
          53.0902216
        ]
      },
      "properties": {
        "id": 5897238410,
        "osm_type": "node",
        "name": "Deerpark B&B",
        "tourism": "guest_house"
      }
    },
    {
      "type": "Feature",
      "geometry": {
        "type": "Point",
        "coordinates": [
          -9.5490383,
          53.2707775
        ]
      },
      "properties": {
        "id": 5897240268,
        "osm_type": "node",
        "name": "Cois Cuain B&B",
        "tourism": "guest_house",
        "phone": "+353 91 572593"
      }
    },
    {
      "type": "Feature",
      "geometry": {
        "type": "Point",
        "coordinates": [
          -9.5354421,
          53.7915137
        ]
      },
      "properties": {
        "id": 5982505904,
        "osm_type": "node",
        "name": "Lurgan House Bed & Breakfast",
        "tourism": "guest_house"
      }
    },
    {
      "type": "Feature",
      "geometry": {
        "type": "Point",
        "coordinates": [
          -8.8194849,
          53.1683218
        ]
      },
      "properties": {
        "id": 6203551253,
        "osm_type": "node",
        "name": "Tonroe Cottage",
        "tourism": "guest_house"
      }
    },
    {
      "type": "Feature",
      "geometry": {
        "type": "Point",
        "coordinates": [
          -8.3964623,
          53.0519965
        ]
      },
      "properties": {
        "id": 6299140486,
        "osm_type": "node",
        "name": "Green Valley Court",
        "tourism": "apartment"
      }
    },
    {
      "type": "Feature",
      "geometry": {
        "type": "Point",
        "coordinates": [
          -9.2799644,
          53.413018
        ]
      },
      "properties": {
        "id": 6312916664,
        "osm_type": "node",
        "name": "Mountain View Guesthouse",
        "tourism": "guest_house"
      }
    },
    {
      "type": "Feature",
      "geometry": {
        "type": "Point",
        "coordinates": [
          -9.1013771,
          53.2719877
        ]
      },
      "properties": {
        "id": 6452124786,
        "osm_type": "node",
        "tourism": "apartment"
      }
    },
    {
      "type": "Feature",
      "geometry": {
        "type": "Point",
        "coordinates": [
          -10.0839947,
          53.9734744
        ]
      },
      "properties": {
        "id": 6540666344,
        "osm_type": "node",
        "name": "Stellamaris B&B",
        "tourism": "guest_house"
      }
    },
    {
      "type": "Feature",
      "geometry": {
        "type": "Point",
        "coordinates": [
          -10.0868558,
          53.9735205
        ]
      },
      "properties": {
        "id": 6540674530,
        "osm_type": "node",
        "name": "Joyce's Marian Villa",
        "tourism": "guest_house"
      }
    },
    {
      "type": "Feature",
      "geometry": {
        "type": "Point",
        "coordinates": [
          -10.1328558,
          53.9741938
        ]
      },
      "properties": {
        "id": 6542807098,
        "osm_type": "node",
        "name": "Teach Cruachan B&B",
        "tourism": "guest_house"
      }
    },
    {
      "type": "Feature",
      "geometry": {
        "type": "Point",
        "coordinates": [
          -10.0444979,
          53.9988176
        ]
      },
      "properties": {
        "id": 6544644339,
        "osm_type": "node",
        "name": "Slievemore House",
        "tourism": "guest_house"
      }
    },
    {
      "type": "Feature",
      "geometry": {
        "type": "Point",
        "coordinates": [
          -9.7768284,
          53.9067534
        ]
      },
      "properties": {
        "id": 6545559624,
        "osm_type": "node",
        "name": "Mary's of Mulranny",
        "tourism": "guest_house"
      }
    },
    {
      "type": "Feature",
      "geometry": {
        "type": "Point",
        "coordinates": [
          -9.5271962,
          53.797896
        ]
      },
      "properties": {
        "id": 6548020955,
        "osm_type": "node",
        "name": "Deus Vicit",
        "tourism": "guest_house"
      }
    },
    {
      "type": "Feature",
      "geometry": {
        "type": "Point",
        "coordinates": [
          -8.9808836,
          53.2939371
        ]
      },
      "properties": {
        "id": 6616939985,
        "osm_type": "node",
        "name": "Shanes House",
        "tourism": "apartment"
      }
    },
    {
      "type": "Feature",
      "geometry": {
        "type": "Point",
        "coordinates": [
          -9.0878774,
          53.2928213
        ]
      },
      "properties": {
        "id": 6618625292,
        "osm_type": "node",
        "name": "Winacre Lodge",
        "tourism": "hostel"
      }
    },
    {
      "type": "Feature",
      "geometry": {
        "type": "Point",
        "coordinates": [
          -9.0879574,
          53.2927878
        ]
      },
      "properties": {
        "id": 6618668585,
        "osm_type": "node",
        "name": "Winacre Lodge",
        "tourism": "guest_house"
      }
    },
    {
      "type": "Feature",
      "geometry": {
        "type": "Point",
        "coordinates": [
          -9.0395194,
          53.2821023
        ]
      },
      "properties": {
        "id": 6635598394,
        "osm_type": "node",
        "name": "Swuite Galway",
        "tourism": "hotel",
        "opening_hours": "24/7",
        "website": "https://swuite.com"
      }
    },
    {
      "type": "Feature",
      "geometry": {
        "type": "Point",
        "coordinates": [
          -9.2229481,
          53.6228983
        ]
      },
      "properties": {
        "id": 6698130971,
        "osm_type": "node",
        "name": "J.J. Gannon",
        "tourism": "hotel"
      }
    },
    {
      "type": "Feature",
      "geometry": {
        "type": "Point",
        "coordinates": [
          -9.4026842,
          53.8284393
        ]
      },
      "properties": {
        "id": 6712351435,
        "osm_type": "node",
        "name": "The Garden Gates B&B",
        "tourism": "guest_house"
      }
    },
    {
      "type": "Feature",
      "geometry": {
        "type": "Point",
        "coordinates": [
          -10.0315722,
          53.5036585
        ]
      },
      "properties": {
        "id": 6719990485,
        "osm_type": "node",
        "name": "Atlantic View B & B",
        "tourism": "guest_house",
        "check_date": "2025-07-30"
      }
    },
    {
      "type": "Feature",
      "geometry": {
        "type": "Point",
        "coordinates": [
          -10.0342518,
          53.5042674
        ]
      },
      "properties": {
        "id": 6719990585,
        "osm_type": "node",
        "name": "Sea View",
        "tourism": "guest_house"
      }
    },
    {
      "type": "Feature",
      "geometry": {
        "type": "Point",
        "coordinates": [
          -9.0663852,
          53.2652458
        ]
      },
      "properties": {
        "id": 6721252987,
        "osm_type": "node",
        "name": "Roncalli House B & B",
        "tourism": "guest_house"
      }
    },
    {
      "type": "Feature",
      "geometry": {
        "type": "Point",
        "coordinates": [
          -10.0279675,
          53.4614153
        ]
      },
      "properties": {
        "id": 6757938069,
        "osm_type": "node",
        "name": "Ave Maria B&B",
        "tourism": "guest_house"
      }
    },
    {
      "type": "Feature",
      "geometry": {
        "type": "Point",
        "coordinates": [
          -8.8510839,
          53.5145482
        ]
      },
      "properties": {
        "id": 6831949247,
        "osm_type": "node",
        "name": "Corralea Court Hotel",
        "tourism": "hotel",
        "phone": "+353-93-24188"
      }
    },
    {
      "type": "Feature",
      "geometry": {
        "type": "Point",
        "coordinates": [
          -9.93178,
          53.9286517
        ]
      },
      "properties": {
        "id": 6917916550,
        "osm_type": "node",
        "name": "Hy Breasal B&B",
        "tourism": "guest_house"
      }
    },
    {
      "type": "Feature",
      "geometry": {
        "type": "Point",
        "coordinates": [
          -9.3195042,
          53.4300567
        ]
      },
      "properties": {
        "id": 6918356771,
        "osm_type": "node",
        "name": "Abhainn Ruibhe B&B",
        "tourism": "guest_house"
      }
    },
    {
      "type": "Feature",
      "geometry": {
        "type": "Point",
        "coordinates": [
          -9.3553285,
          53.4657618
        ]
      },
      "properties": {
        "id": 6918936261,
        "osm_type": "node",
        "name": "Currarevagh House",
        "tourism": "hotel",
        "phone": "+353-91-552312",
        "website": "https://www.currarevagh.com/"
      }
    },
    {
      "type": "Feature",
      "geometry": {
        "type": "Point",
        "coordinates": [
          -9.3721822,
          53.46418
        ]
      },
      "properties": {
        "id": 6919010905,
        "osm_type": "node",
        "name": "Tullaleagan Guesthouse",
        "tourism": "guest_house"
      }
    },
    {
      "type": "Feature",
      "geometry": {
        "type": "Point",
        "coordinates": [
          -9.9178955,
          53.9342413
        ]
      },
      "properties": {
        "id": 6919142413,
        "osm_type": "node",
        "name": "The Railway Hostel",
        "tourism": "hotel",
        "phone": "+353 98 45187",
        "website": "https://www.railwayhostel.ie/"
      }
    },
    {
      "type": "Feature",
      "geometry": {
        "type": "Point",
        "coordinates": [
          -10.0454985,
          53.9774833
        ]
      },
      "properties": {
        "id": 6920718049,
        "osm_type": "node",
        "name": "Mulhollow B&B",
        "tourism": "guest_house",
        "phone": "+353 98 43324",
        "website": "http://www.mulhollow.com"
      }
    },
    {
      "type": "Feature",
      "geometry": {
        "type": "Point",
        "coordinates": [
          -10.0756379,
          53.9767601
        ]
      },
      "properties": {
        "id": 6920718050,
        "osm_type": "node",
        "name": "Keel Holiday Cottages",
        "tourism": "chalet",
        "phone": "+353 87 2434077",
        "website": "https://www.mayoholidays.com/"
      }
    },
    {
      "type": "Feature",
      "geometry": {
        "type": "Point",
        "coordinates": [
          -8.0662798,
          53.9889406
        ]
      },
      "properties": {
        "id": 6923436491,
        "osm_type": "node",
        "name": "Leitrim Marina Hotel",
        "tourism": "hotel",
        "website": "https://www.leitrimmarinahotel.com/"
      }
    },
    {
      "type": "Feature",
      "geometry": {
        "type": "Point",
        "coordinates": [
          -9.3301215,
          53.2444232
        ]
      },
      "properties": {
        "id": 7016844776,
        "osm_type": "node",
        "name": "Aran View B&B",
        "tourism": "guest_house"
      }
    },
    {
      "type": "Feature",
      "geometry": {
        "type": "Point",
        "coordinates": [
          -8.7468169,
          53.2983912
        ]
      },
      "properties": {
        "id": 7561035268,
        "osm_type": "node",
        "name": "Lodge At The Old Barracks",
        "tourism": "guest_house"
      }
    },
    {
      "type": "Feature",
      "geometry": {
        "type": "Point",
        "coordinates": [
          -8.7522854,
          53.2960862
        ]
      },
      "properties": {
        "id": 7862115388,
        "osm_type": "node",
        "name": "Ard Rí Bed & Breakfast",
        "tourism": "guest_house",
        "phone": "+353 91844050"
      }
    },
    {
      "type": "Feature",
      "geometry": {
        "type": "Point",
        "coordinates": [
          -9.0624609,
          53.2753987
        ]
      },
      "properties": {
        "id": 7939727126,
        "osm_type": "node",
        "name": "Ash Grove House B&B",
        "tourism": "guest_house",
        "phone": "+353 91 581 291",
        "website": "http://www.ashgrovehousegalway.com/"
      }
    },
    {
      "type": "Feature",
      "geometry": {
        "type": "Point",
        "coordinates": [
          -9.0623159,
          53.2731622
        ]
      },
      "properties": {
        "id": 7969358919,
        "osm_type": "node",
        "name": "Desota House Bed and Breakfast",
        "tourism": "guest_house",
        "phone": "+353 91 585 064",
        "website": "https://www.galwaybandb.ie/"
      }
    },
    {
      "type": "Feature",
      "geometry": {
        "type": "Point",
        "coordinates": [
          -10.0115105,
          53.4883277
        ]
      },
      "properties": {
        "id": 7982614249,
        "osm_type": "node",
        "name": "Burkes B & B",
        "tourism": "guest_house"
      }
    },
    {
      "type": "Feature",
      "geometry": {
        "type": "Point",
        "coordinates": [
          -9.5177711,
          53.8006636
        ]
      },
      "properties": {
        "id": 7988990377,
        "osm_type": "node",
        "name": "Plougastel House B&B",
        "tourism": "guest_house",
        "check_date": "2025-07-30"
      }
    },
    {
      "type": "Feature",
      "geometry": {
        "type": "Point",
        "coordinates": [
          -9.0667678,
          53.2658456
        ]
      },
      "properties": {
        "id": 7989274006,
        "osm_type": "node",
        "name": "Liskea B&B",
        "tourism": "guest_house"
      }
    },
    {
      "type": "Feature",
      "geometry": {
        "type": "Point",
        "coordinates": [
          -9.040002,
          53.2780145
        ]
      },
      "properties": {
        "id": 7989292172,
        "osm_type": "node",
        "name": "Aaron House B&B",
        "tourism": "guest_house",
        "phone": "+353 91 563 315",
        "website": "https://aaronhouse.ie/"
      }
    },
    {
      "type": "Feature",
      "geometry": {
        "type": "Point",
        "coordinates": [
          -10.0704838,
          53.5142405
        ]
      },
      "properties": {
        "id": 7989328252,
        "osm_type": "node",
        "name": "Westside B&B",
        "tourism": "guest_house",
        "phone": "+353 (0)95 21565",
        "website": "https://facebook.com/westsidebnb/"
      }
    },
    {
      "type": "Feature",
      "geometry": {
        "type": "Point",
        "coordinates": [
          -10.1136799,
          53.5565491
        ]
      },
      "properties": {
        "id": 8025440402,
        "osm_type": "node",
        "name": "Harbour House",
        "tourism": "guest_house",
        "phone": "+353 87 285 2460"
      }
    },
    {
      "type": "Feature",
      "geometry": {
        "type": "Point",
        "coordinates": [
          -8.1576901,
          54.0371587
        ]
      },
      "properties": {
        "id": 8223955705,
        "osm_type": "node",
        "tourism": "chalet",
        "phone": "+353 87 912 5939"
      }
    },
    {
      "type": "Feature",
      "geometry": {
        "type": "Point",
        "coordinates": [
          -8.4979939,
          54.4154877
        ]
      },
      "properties": {
        "id": 8953705433,
        "osm_type": "node",
        "name": "Boathouse AirBnB",
        "tourism": "apartment"
      }
    },
    {
      "type": "Feature",
      "geometry": {
        "type": "Point",
        "coordinates": [
          -8.4402625,
          54.2799013
        ]
      },
      "properties": {
        "id": 9000770278,
        "osm_type": "node",
        "name": "Teach Eamainn",
        "tourism": "guest_house",
        "website": "https://www.teacheamainn.com/"
      }
    },
    {
      "type": "Feature",
      "geometry": {
        "type": "Point",
        "coordinates": [
          -8.9080944,
          53.1448823
        ]
      },
      "properties": {
        "id": 9043783117,
        "osm_type": "node",
        "name": "Kinvara Inn B&B",
        "tourism": "guest_house"
      }
    },
    {
      "type": "Feature",
      "geometry": {
        "type": "Point",
        "coordinates": [
          -9.6656434,
          53.1199823
        ]
      },
      "properties": {
        "id": 9265417148,
        "osm_type": "node",
        "name": "The Pier House",
        "tourism": "hotel"
      }
    },
    {
      "type": "Feature",
      "geometry": {
        "type": "Point",
        "coordinates": [
          -9.9853843,
          54.2231201
        ]
      },
      "properties": {
        "id": 9432277661,
        "osm_type": "node",
        "name": "Talbot Hotel",
        "tourism": "hotel"
      }
    },
    {
      "type": "Feature",
      "geometry": {
        "type": "Point",
        "coordinates": [
          -9.0462592,
          53.2745837
        ]
      },
      "properties": {
        "id": 9487975370,
        "osm_type": "node",
        "name": "Bunk Boutique Hostel",
        "tourism": "hostel",
        "website": "https://www.bunk.ie/"
      }
    },
    {
      "type": "Feature",
      "geometry": {
        "type": "Point",
        "coordinates": [
          -9.0474509,
          53.2742833
        ]
      },
      "properties": {
        "id": 9487982004,
        "osm_type": "node",
        "name": "Eyre Square Hotel",
        "tourism": "hotel",
        "phone": "+353 91 569 633",
        "website": "https://www.eyresquarehotel.com/"
      }
    },
    {
      "type": "Feature",
      "geometry": {
        "type": "Point",
        "coordinates": [
          -9.0728844,
          53.2642234
        ]
      },
      "properties": {
        "id": 9822696618,
        "osm_type": "node",
        "name": "The Rio Guesthouse",
        "tourism": "guest_house",
        "opening_hours": "24/7"
      }
    },
    {
      "type": "Feature",
      "geometry": {
        "type": "Point",
        "coordinates": [
          -9.2164352,
          53.7059643
        ]
      },
      "properties": {
        "id": 9868405672,
        "osm_type": "node",
        "name": "Barranna",
        "tourism": "guest_house"
      }
    },
    {
      "type": "Feature",
      "geometry": {
        "type": "Point",
        "coordinates": [
          -9.054295,
          53.2709977
        ]
      },
      "properties": {
        "id": 9923085028,
        "osm_type": "node",
        "name": "Residence Hotel",
        "tourism": "hotel",
        "phone": "+353 91 569 600",
        "website": "https://www.theresidencehotel.ie/en/"
      }
    },
    {
      "type": "Feature",
      "geometry": {
        "type": "Point",
        "coordinates": [
          -9.0498628,
          53.2740303
        ]
      },
      "properties": {
        "id": 9941314100,
        "osm_type": "node",
        "name": "The Skeffington Arms Hotel",
        "tourism": "hotel",
        "phone": "+353 91 563 173",
        "website": "https://www.skeffington.ie/"
      }
    },
    {
      "type": "Feature",
      "geometry": {
        "type": "Point",
        "coordinates": [
          -9.0667729,
          53.2680716
        ]
      },
      "properties": {
        "id": 10029892891,
        "osm_type": "node",
        "name": "The Nile Lodge",
        "tourism": "guest_house",
        "phone": "+353 87 175 6832",
        "website": "https://nilelodge.net/"
      }
    },
    {
      "type": "Feature",
      "geometry": {
        "type": "Point",
        "coordinates": [
          -8.4804949,
          54.2620792
        ]
      },
      "properties": {
        "id": 10060827755,
        "osm_type": "node",
        "name": "Benbulben View F91YN96",
        "tourism": "guest_house"
      }
    },
    {
      "type": "Feature",
      "geometry": {
        "type": "Point",
        "coordinates": [
          -9.6327106,
          53.7788777
        ]
      },
      "properties": {
        "id": 10086392728,
        "osm_type": "node",
        "name": "Rose Cottage",
        "tourism": "guest_house"
      }
    },
    {
      "type": "Feature",
      "geometry": {
        "type": "Point",
        "coordinates": [
          -9.0665966,
          53.2655504
        ]
      },
      "properties": {
        "id": 10235977225,
        "osm_type": "node",
        "name": "Glencree B&B",
        "tourism": "guest_house",
        "website": "http://www.glencreebandb.com"
      }
    },
    {
      "type": "Feature",
      "geometry": {
        "type": "Point",
        "coordinates": [
          -9.0670552,
          53.2664771
        ]
      },
      "properties": {
        "id": 10235977226,
        "osm_type": "node",
        "name": "Consilio",
        "tourism": "guest_house",
        "phone": "+353-91-586450",
        "website": "http://www.consiliobandb.com"
      }
    },
    {
      "type": "Feature",
      "geometry": {
        "type": "Point",
        "coordinates": [
          -9.0669378,
          53.2671176
        ]
      },
      "properties": {
        "id": 10235977227,
        "osm_type": "node",
        "name": "Inishmore House B&B",
        "tourism": "guest_house",
        "phone": "+353 91 582639",
        "website": "https://inishmorehouse.com"
      }
    },
    {
      "type": "Feature",
      "geometry": {
        "type": "Point",
        "coordinates": [
          -9.0596957,
          53.2683048
        ]
      },
      "properties": {
        "id": 10236019180,
        "osm_type": "node",
        "name": "Adare Guest House",
        "tourism": "guest_house"
      }
    },
    {
      "type": "Feature",
      "geometry": {
        "type": "Point",
        "coordinates": [
          -9.0604927,
          53.2682686
        ]
      },
      "properties": {
        "id": 10236070731,
        "osm_type": "node",
        "name": "Griffin Lodge B&B",
        "tourism": "guest_house",
        "check_date": "2022-12-03"
      }
    },
    {
      "type": "Feature",
      "geometry": {
        "type": "Point",
        "coordinates": [
          -9.0605359,
          53.2688797
        ]
      },
      "properties": {
        "id": 10236070734,
        "osm_type": "node",
        "name": "Linderhof B&B",
        "tourism": "guest_house",
        "check_date": "2025-08-04"
      }
    },
    {
      "type": "Feature",
      "geometry": {
        "type": "Point",
        "coordinates": [
          -9.0556118,
          53.2658145
        ]
      },
      "properties": {
        "id": 10238804881,
        "osm_type": "node",
        "name": "Frenchville House B&B",
        "tourism": "guest_house",
        "check_date": "2022-12-04"
      }
    },
    {
      "type": "Feature",
      "geometry": {
        "type": "Point",
        "coordinates": [
          -8.6029913,
          53.4839755
        ]
      },
      "properties": {
        "id": 10269133126,
        "osm_type": "node",
        "name": "Casagastone",
        "tourism": "guest_house",
        "phone": "+353 087 1021428",
        "website": "https://www.casagastone.eu/"
      }
    },
    {
      "type": "Feature",
      "geometry": {
        "type": "Point",
        "coordinates": [
          -9.0865824,
          53.2678716
        ]
      },
      "properties": {
        "id": 10690709670,
        "osm_type": "node",
        "name": "The Rise",
        "tourism": "guest_house",
        "phone": "+353 85 145 2818",
        "website": "http://www.therisebandb.com/"
      }
    },
    {
      "type": "Feature",
      "geometry": {
        "type": "Point",
        "coordinates": [
          -9.0865401,
          53.2685752
        ]
      },
      "properties": {
        "id": 10690709671,
        "osm_type": "node",
        "name": "Amber Heights B&B",
        "tourism": "guest_house",
        "phone": "+353-91-582088",
        "website": "http://www.amberheightsbb.ie/"
      }
    },
    {
      "type": "Feature",
      "geometry": {
        "type": "Point",
        "coordinates": [
          -9.0865164,
          53.2687254
        ]
      },
      "properties": {
        "id": 10690709672,
        "osm_type": "node",
        "name": "Amber Heights B&B",
        "tourism": "guest_house",
        "phone": "+353-91-582266",
        "website": "http://www.amberhillbb.ie/"
      }
    },
    {
      "type": "Feature",
      "geometry": {
        "type": "Point",
        "coordinates": [
          -9.0424032,
          53.2801133
        ]
      },
      "properties": {
        "id": 10695021063,
        "osm_type": "node",
        "tourism": "guest_house"
      }
    },
    {
      "type": "Feature",
      "geometry": {
        "type": "Point",
        "coordinates": [
          -9.0444759,
          53.2875607
        ]
      },
      "properties": {
        "id": 10696851821,
        "osm_type": "node",
        "tourism": "guest_house"
      }
    },
    {
      "type": "Feature",
      "geometry": {
        "type": "Point",
        "coordinates": [
          -8.1866,
          53.6367478
        ]
      },
      "properties": {
        "id": 10701968350,
        "osm_type": "node",
        "name": "Arch House",
        "tourism": "guest_house"
      }
    },
    {
      "type": "Feature",
      "geometry": {
        "type": "Point",
        "coordinates": [
          -8.1833697,
          53.6352947
        ]
      },
      "properties": {
        "id": 10701970221,
        "osm_type": "node",
        "name": "Riverside House",
        "tourism": "guest_house"
      }
    },
    {
      "type": "Feature",
      "geometry": {
        "type": "Point",
        "coordinates": [
          -9.0410775,
          53.2771462
        ]
      },
      "properties": {
        "id": 10704959743,
        "osm_type": "node",
        "tourism": "guest_house"
      }
    },
    {
      "type": "Feature",
      "geometry": {
        "type": "Point",
        "coordinates": [
          -8.9381826,
          53.1387261
        ]
      },
      "properties": {
        "id": 10717472949,
        "osm_type": "node",
        "name": "Kinvara Guesthouse B&B",
        "tourism": "guest_house",
        "check_date": "2024-11-19"
      }
    },
    {
      "type": "Feature",
      "geometry": {
        "type": "Point",
        "coordinates": [
          -9.0756622,
          53.2599813
        ]
      },
      "properties": {
        "id": 10831429007,
        "osm_type": "node",
        "name": "Holiday Hotel",
        "tourism": "hotel",
        "phone": "+353 91 522 518"
      }
    },
    {
      "type": "Feature",
      "geometry": {
        "type": "Point",
        "coordinates": [
          -9.6387118,
          53.349916
        ]
      },
      "properties": {
        "id": 10834507961,
        "osm_type": "node",
        "tourism": "guest_house"
      }
    },
    {
      "type": "Feature",
      "geometry": {
        "type": "Point",
        "coordinates": [
          -9.0623646,
          53.2732783
        ]
      },
      "properties": {
        "id": 10848242286,
        "osm_type": "node",
        "name": "Number 53",
        "tourism": "guest_house"
      }
    },
    {
      "type": "Feature",
      "geometry": {
        "type": "Point",
        "coordinates": [
          -9.061505,
          53.2674372
        ]
      },
      "properties": {
        "id": 11012320165,
        "osm_type": "node",
        "name": "The Stop",
        "tourism": "guest_house",
        "check_date": "2023-06-28"
      }
    },
    {
      "type": "Feature",
      "geometry": {
        "type": "Point",
        "coordinates": [
          -9.075641,
          53.2816344
        ]
      },
      "properties": {
        "id": 11074084618,
        "osm_type": "node",
        "name": "Petra",
        "tourism": "guest_house"
      }
    },
    {
      "type": "Feature",
      "geometry": {
        "type": "Point",
        "coordinates": [
          -9.5305344,
          53.0668362
        ]
      },
      "properties": {
        "id": 11102731505,
        "osm_type": "node",
        "name": "An creagan rooms",
        "tourism": "guest_house"
      }
    },
    {
      "type": "Feature",
      "geometry": {
        "type": "Point",
        "coordinates": [
          -8.6690223,
          54.3515931
        ]
      },
      "properties": {
        "id": 11104493436,
        "osm_type": "node",
        "tourism": "camp_site",
        "tents": "3"
      }
    },
    {
      "type": "Feature",
      "geometry": {
        "type": "Point",
        "coordinates": [
          -7.6424,
          53.9771477
        ]
      },
      "properties": {
        "id": 11162000943,
        "osm_type": "node",
        "name": "Greenville House",
        "tourism": "guest_house"
      }
    },
    {
      "type": "Feature",
      "geometry": {
        "type": "Point",
        "coordinates": [
          -9.03611,
          53.2828971
        ]
      },
      "properties": {
        "id": 11403668961,
        "osm_type": "node",
        "name": "Travelodge",
        "tourism": "hotel",
        "phone": "+353 91 781 400",
        "website": "https://www.travelodge.ie/hotels/252/Galway-City-hotel"
      }
    },
    {
      "type": "Feature",
      "geometry": {
        "type": "Point",
        "coordinates": [
          -8.330989,
          53.9790913
        ]
      },
      "properties": {
        "id": 11513566840,
        "osm_type": "node",
        "name": "The Hideaway",
        "tourism": "chalet"
      }
    },
    {
      "type": "Feature",
      "geometry": {
        "type": "Point",
        "coordinates": [
          -9.0409653,
          53.2766303
        ]
      },
      "properties": {
        "id": 11555203569,
        "osm_type": "node",
        "name": "St. Judes Lodge B&B Galway",
        "tourism": "hotel",
        "website": "http://www.galwayguesthouses.ie/"
      }
    },
    {
      "type": "Feature",
      "geometry": {
        "type": "Point",
        "coordinates": [
          -9.0479021,
          53.2730171
        ]
      },
      "properties": {
        "id": 11774035291,
        "osm_type": "node",
        "name": "The Victoria Hotel",
        "tourism": "hotel",
        "phone": "+353 91 567 433",
        "website": "https://www.victoriahotelgalway.com/"
      }
    },
    {
      "type": "Feature",
      "geometry": {
        "type": "Point",
        "coordinates": [
          -9.3254264,
          53.4290552
        ]
      },
      "properties": {
        "id": 11954340769,
        "osm_type": "node",
        "name": "Riverwalk House B&B",
        "tourism": "hostel"
      }
    },
    {
      "type": "Feature",
      "geometry": {
        "type": "Point",
        "coordinates": [
          -8.7360573,
          53.1453343
        ]
      },
      "properties": {
        "id": 11991698169,
        "osm_type": "node",
        "tourism": "guest_house"
      }
    },
    {
      "type": "Feature",
      "geometry": {
        "type": "Point",
        "coordinates": [
          -8.9461928,
          53.0871989
        ]
      },
      "properties": {
        "id": 12023122543,
        "osm_type": "node",
        "name": "Kitty's Camping",
        "tourism": "camp_site",
        "phone": "+353852827108",
        "website": "https://kittyscamping.com"
      }
    },
    {
      "type": "Feature",
      "geometry": {
        "type": "Point",
        "coordinates": [
          -9.0477794,
          53.2764043
        ]
      },
      "properties": {
        "id": 12127780788,
        "osm_type": "node",
        "name": "The Western Hotel",
        "tourism": "hotel",
        "phone": "+35391562834",
        "website": "https://westernhotelgalway.ie/",
        "check_date": "2024-11-20"
      }
    },
    {
      "type": "Feature",
      "geometry": {
        "type": "Point",
        "coordinates": [
          -9.0467735,
          53.2771045
        ]
      },
      "properties": {
        "id": 12127889915,
        "osm_type": "node",
        "name": "The Dean",
        "tourism": "hotel",
        "phone": "+353 91 749 200",
        "website": "https://thedean.ie/galway/"
      }
    },
    {
      "type": "Feature",
      "geometry": {
        "type": "Point",
        "coordinates": [
          -9.0046349,
          53.2768156
        ]
      },
      "properties": {
        "id": 12129129818,
        "osm_type": "node",
        "name": "Woodhaven",
        "tourism": "guest_house"
      }
    },
    {
      "type": "Feature",
      "geometry": {
        "type": "Point",
        "coordinates": [
          -9.9746787,
          53.5953698
        ]
      },
      "properties": {
        "id": 12135929746,
        "osm_type": "node",
        "name": "CastleHouse B&B",
        "tourism": "hotel"
      }
    },
    {
      "type": "Feature",
      "geometry": {
        "type": "Point",
        "coordinates": [
          -9.0842128,
          54.0496906
        ]
      },
      "properties": {
        "id": 12228442928,
        "osm_type": "node",
        "name": "The Melody Residence",
        "tourism": "guest_house",
        "website": "https://fatherpeytoncentre.ie/stay-at-the-father-peyton-centre/"
      }
    },
    {
      "type": "Feature",
      "geometry": {
        "type": "Point",
        "coordinates": [
          -9.022794,
          53.2876026
        ]
      },
      "properties": {
        "id": 12303099822,
        "osm_type": "node",
        "name": "Radisson RED",
        "tourism": "hotel",
        "phone": "+353 91 379 100",
        "website": "https://www.radissonhotels.com/en-us/hotels/radisson-red-galway"
      }
    },
    {
      "type": "Feature",
      "geometry": {
        "type": "Point",
        "coordinates": [
          -9.0538418,
          53.2742641
        ]
      },
      "properties": {
        "id": 12544242745,
        "osm_type": "node",
        "name": "The Abbeygate Townhouse",
        "tourism": "hotel",
        "website": "https://abbeygatetownhouse.ie/"
      }
    },
    {
      "type": "Feature",
      "geometry": {
        "type": "Point",
        "coordinates": [
          -9.0543049,
          53.271623
        ]
      },
      "properties": {
        "id": 12600777350,
        "osm_type": "node",
        "name": "7 Boutique",
        "tourism": "hotel",
        "check_date": "2025-02-19"
      }
    },
    {
      "type": "Feature",
      "geometry": {
        "type": "Point",
        "coordinates": [
          -8.8189545,
          53.3011131
        ]
      },
      "properties": {
        "id": 12884691601,
        "osm_type": "node",
        "name": "Creva Guest House",
        "tourism": "guest_house"
      }
    },
    {
      "type": "Feature",
      "geometry": {
        "type": "Point",
        "coordinates": [
          -8.9655249,
          53.272514
        ]
      },
      "properties": {
        "id": 12886396102,
        "osm_type": "node",
        "name": "Amalfi Guesthouse",
        "tourism": "guest_house"
      }
    },
    {
      "type": "Feature",
      "geometry": {
        "type": "Point",
        "coordinates": [
          -9.9187049,
          53.3958646
        ]
      },
      "properties": {
        "id": 12919141789,
        "osm_type": "node",
        "name": "Within the Village",
        "tourism": "chalet",
        "phone": "+353  (0) 952 4032",
        "website": "https://withinthevillage.ie/"
      }
    },
    {
      "type": "Feature",
      "geometry": {
        "type": "Point",
        "coordinates": [
          -10.0277356,
          53.4085977
        ]
      },
      "properties": {
        "id": 12919167574,
        "osm_type": "node",
        "name": "Emlaghmore Lodge",
        "tourism": "chalet",
        "phone": "+353 (0) 9523539",
        "website": "https://emlaghmore.com/"
      }
    },
    {
      "type": "Feature",
      "geometry": {
        "type": "Point",
        "coordinates": [
          -9.9190357,
          53.394541
        ]
      },
      "properties": {
        "id": 12973006147,
        "osm_type": "node",
        "name": "Island View Bed and Breakfast",
        "tourism": "guest_house",
        "phone": "+353 (0) 9535701",
        "website": "https.//www.islandview.ie"
      }
    },
    {
      "type": "Feature",
      "geometry": {
        "type": "Point",
        "coordinates": [
          -9.918988,
          53.3949487
        ]
      },
      "properties": {
        "id": 12985445267,
        "osm_type": "node",
        "name": "Wits End",
        "tourism": "guest_house",
        "phone": "+353 95 35813",
        "website": "roundstoneaccomodation.com"
      }
    },
    {
      "type": "Feature",
      "geometry": {
        "type": "Point",
        "coordinates": [
          -8.5124087,
          53.7689322
        ]
      },
      "properties": {
        "id": 13004645281,
        "osm_type": "node",
        "name": "Armcashel B&B",
        "tourism": "guest_house",
        "contact:phone": "+353 94 962 0117",
        "contact:website": "http://www.armcashel.com/"
      }
    },
    {
      "type": "Feature",
      "geometry": {
        "type": "Point",
        "coordinates": [
          -9.8876982,
          53.3369685
        ]
      },
      "properties": {
        "id": 13087109802,
        "osm_type": "node",
        "name": "Earls View Pod",
        "tourism": "guest_house"
      }
    },
    {
      "type": "Feature",
      "geometry": {
        "type": "Point",
        "coordinates": [
          -8.0958281,
          54.3067511
        ]
      },
      "properties": {
        "id": 13096057995,
        "osm_type": "node",
        "name": "Tawnylust Lodge",
        "tourism": "chalet",
        "website": "https://www.irishecotourism.com"
      }
    },
    {
      "type": "Feature",
      "geometry": {
        "type": "Point",
        "coordinates": [
          -8.071311,
          53.9979917
        ]
      },
      "properties": {
        "id": 13105791534,
        "osm_type": "node",
        "name": "Drumhierny Woodland Hideaway",
        "tourism": "camp_site",
        "tents": "no"
      }
    },
    {
      "type": "Feature",
      "geometry": {
        "type": "Point",
        "coordinates": [
          -9.941641,
          53.9338598
        ]
      },
      "properties": {
        "id": 13233831109,
        "osm_type": "node",
        "name": "Murrayville B&B",
        "tourism": "guest_house",
        "website": "https://www.murrayvilleachill.com/"
      }
    },
    {
      "type": "Feature",
      "geometry": {
        "type": "Point",
        "coordinates": [
          -10.0188896,
          53.9269738
        ]
      },
      "properties": {
        "id": 13233853872,
        "osm_type": "node",
        "name": "Lavelle's Seaside House",
        "tourism": "guest_house",
        "phone": "+353 98 45116",
        "website": "https://lavellesseasidehouse.ie/"
      }
    },
    {
      "type": "Feature",
      "geometry": {
        "type": "Point",
        "coordinates": [
          -8.1816065,
          54.0632983
        ]
      },
      "properties": {
        "id": 13332550327,
        "osm_type": "node",
        "name": "Kilronan Castle",
        "tourism": "hotel",
        "phone": "+353 71 96 18000",
        "website": "https://www.kilronancastle.ie/"
      }
    },
    {
      "type": "Feature",
      "geometry": {
        "type": "Point",
        "coordinates": [
          -8.9744053,
          53.2497872
        ]
      },
      "properties": {
        "id": 13361274418,
        "osm_type": "node",
        "name": "The Hawthorn by Galway Bay",
        "tourism": "hotel",
        "phone": "+353-91-335500",
        "website": "https://www.thehawthornhotel.ie/"
      }
    },
    {
      "type": "Feature",
      "geometry": {
        "type": "Point",
        "coordinates": [
          -9.6085667,
          54.0498278
        ]
      },
      "properties": {
        "id": 13522509624,
        "osm_type": "node",
        "name": "Altnabrocky Shelter",
        "tourism": "camp_site",
        "tents": "yes",
        "website": "https://www.northmayo.ie/camping-in-wild-nephin-national-park/"
      }
    },
    {
      "type": "Feature",
      "geometry": {
        "type": "Point",
        "coordinates": [
          -9.5745753,
          53.998987
        ]
      },
      "properties": {
        "id": 13522509630,
        "osm_type": "node",
        "name": "North of Bothy",
        "tourism": "camp_site",
        "tents": "yes",
        "website": "https://www.northmayo.ie/camping-in-wild-nephin-national-park/"
      }
    },
    {
      "type": "Feature",
      "geometry": {
        "type": "Point",
        "coordinates": [
          -9.730508,
          54.082106
        ]
      },
      "properties": {
        "id": 13522557184,
        "osm_type": "node",
        "name": "Tarsaghaun Cottage",
        "tourism": "camp_site",
        "tents": "yes",
        "website": "https://www.northmayo.ie/camping-in-wild-nephin-national-park/"
      }
    },
    {
      "type": "Feature",
      "geometry": {
        "type": "Point",
        "coordinates": [
          -9.6202917,
          54.0042333
        ]
      },
      "properties": {
        "id": 13522595138,
        "osm_type": "node",
        "name": "Lough Avoher Shelter",
        "tourism": "camp_site",
        "tents": "yes",
        "website": "https://www.northmayo.ie/camping-in-wild-nephin-national-park/"
      }
    },
    {
      "type": "Feature",
      "geometry": {
        "type": "Point",
        "coordinates": [
          -8.2192867,
          53.3263953
        ]
      },
      "properties": {
        "id": 25732820,
        "osm_type": "way",
        "name": "Shearwater Hotel",
        "tourism": "hotel",
        "phone": "+353-90-9630400",
        "website": "https://www.shearwaterhotel.com/"
      }
    },
    {
      "type": "Feature",
      "geometry": {
        "type": "Point",
        "coordinates": [
          -9.0549406,
          53.2707041
        ]
      },
      "properties": {
        "id": 47090432,
        "osm_type": "way",
        "name": "Leonardo Hotel Galway",
        "tourism": "hotel",
        "phone": "+353 91 566 444",
        "website": "https://www.leonardo-hotels.com/galway/leonardo-hotel-galway"
      }
    },
    {
      "type": "Feature",
      "geometry": {
        "type": "Point",
        "coordinates": [
          -9.1053923,
          53.2565891
        ]
      },
      "properties": {
        "id": 52404112,
        "osm_type": "way",
        "name": "Salthill Caravan Park",
        "tourism": "caravan_site",
        "tents": "yes",
        "contact:phone": "+353 91 523972",
        "contact:website": "http://www.salthillcaravanpark.com/"
      }
    },
    {
      "type": "Feature",
      "geometry": {
        "type": "Point",
        "coordinates": [
          -9.5376311,
          53.8062426
        ]
      },
      "properties": {
        "id": 69910684,
        "osm_type": "way",
        "name": "Westport House Caravan Site",
        "tourism": "caravan_site"
      }
    },
    {
      "type": "Feature",
      "geometry": {
        "type": "Point",
        "coordinates": [
          -9.5400303,
          53.8065966
        ]
      },
      "properties": {
        "id": 69910688,
        "osm_type": "way",
        "name": "Westport House Camping Site",
        "tourism": "camp_site"
      }
    },
    {
      "type": "Feature",
      "geometry": {
        "type": "Point",
        "coordinates": [
          -8.9274519,
          53.2777645
        ]
      },
      "properties": {
        "id": 78690113,
        "osm_type": "way",
        "name": "Maldron Hotel Galway, Oranmore",
        "tourism": "hotel",
        "phone": "+353 91 792244",
        "website": "https://www.maldronhotelgalway.com/"
      }
    },
    {
      "type": "Feature",
      "geometry": {
        "type": "Point",
        "coordinates": [
          -8.9893253,
          53.2915793
        ]
      },
      "properties": {
        "id": 79716197,
        "osm_type": "way",
        "name": "Clayton Hotel",
        "tourism": "hotel",
        "website": "https://www.claytonhotelgalway.ie/"
      }
    },
    {
      "type": "Feature",
      "geometry": {
        "type": "Point",
        "coordinates": [
          -9.1032835,
          54.204607
        ]
      },
      "properties": {
        "id": 87232083,
        "osm_type": "way",
        "name": "Diamond Coast Hotel",
        "tourism": "hotel"
      }
    },
    {
      "type": "Feature",
      "geometry": {
        "type": "Point",
        "coordinates": [
          -9.101753,
          54.2090135
        ]
      },
      "properties": {
        "id": 87251630,
        "osm_type": "way",
        "name": "Atlantic Caravan Park",
        "tourism": "camp_site",
        "tents": "yes",
        "phone": "+353-96-36132",
        "website": "https://www.atlanticcaravanpark.com/"
      }
    },
    {
      "type": "Feature",
      "geometry": {
        "type": "Point",
        "coordinates": [
          -8.4663388,
          54.2634246
        ]
      },
      "properties": {
        "id": 87471588,
        "osm_type": "way",
        "name": "Tree Tops Bed & Breakfast",
        "tourism": "guest_house"
      }
    },
    {
      "type": "Feature",
      "geometry": {
        "type": "Point",
        "coordinates": [
          -9.5281027,
          53.8010555
        ]
      },
      "properties": {
        "id": 94209232,
        "osm_type": "way",
        "name": "Hotel Westport",
        "tourism": "hotel",
        "phone": "098 25122",
        "website": "https://www.hotelwestport.ie/"
      }
    },
    {
      "type": "Feature",
      "geometry": {
        "type": "Point",
        "coordinates": [
          -9.5075264,
          53.8020329
        ]
      },
      "properties": {
        "id": 102961963,
        "osm_type": "way",
        "name": "Knockranny House Hotel",
        "tourism": "hotel",
        "website": "http://www.khh.ie"
      }
    },
    {
      "type": "Feature",
      "geometry": {
        "type": "Point",
        "coordinates": [
          -8.1681203,
          53.623328
        ]
      },
      "properties": {
        "id": 104742879,
        "osm_type": "way",
        "name": "Hannons Hotel",
        "tourism": "hotel"
      }
    },
    {
      "type": "Feature",
      "geometry": {
        "type": "Point",
        "coordinates": [
          -9.5394605,
          53.4563253
        ]
      },
      "properties": {
        "id": 116657789,
        "osm_type": "way",
        "name": "Peacocke's Hotel",
        "tourism": "hotel",
        "check_date": "2025-07-29"
      }
    },
    {
      "type": "Feature",
      "geometry": {
        "type": "Point",
        "coordinates": [
          -9.5516752,
          53.7934346
        ]
      },
      "properties": {
        "id": 116932730,
        "osm_type": "way",
        "name": "Glenderan",
        "tourism": "guest_house",
        "phone": "+353 98 26585",
        "website": "https://glenderan.com"
      }
    },
    {
      "type": "Feature",
      "geometry": {
        "type": "Point",
        "coordinates": [
          -8.4700288,
          54.2541123
        ]
      },
      "properties": {
        "id": 124176936,
        "osm_type": "way",
        "name": "Sligo Park Hotel",
        "tourism": "hotel",
        "phone": "+353-71-9190400",
        "website": "https://www.sligoparkhotel.com/",
        "check_date": "2024-09-30"
      }
    },
    {
      "type": "Feature",
      "geometry": {
        "type": "Point",
        "coordinates": [
          -9.2007918,
          53.2484477
        ]
      },
      "properties": {
        "id": 128679856,
        "osm_type": "way",
        "name": "Connemara Coast Hotel",
        "tourism": "hotel",
        "phone": "+35391592108",
        "website": "https://www.connemaracoasthotel.ie"
      }
    },
    {
      "type": "Feature",
      "geometry": {
        "type": "Point",
        "coordinates": [
          -9.0632796,
          53.2741959
        ]
      },
      "properties": {
        "id": 135111059,
        "osm_type": "way",
        "name": "Coolavalla B&B",
        "tourism": "guest_house"
      }
    },
    {
      "type": "Feature",
      "geometry": {
        "type": "Point",
        "coordinates": [
          -9.5222739,
          53.7985724
        ]
      },
      "properties": {
        "id": 138953792,
        "osm_type": "way",
        "name": "Mill Times Hotel",
        "tourism": "hotel"
      }
    },
    {
      "type": "Feature",
      "geometry": {
        "type": "Point",
        "coordinates": [
          -8.4998084,
          54.2993258
        ]
      },
      "properties": {
        "id": 139124552,
        "osm_type": "way",
        "name": "Radisson Blu",
        "tourism": "hotel"
      }
    },
    {
      "type": "Feature",
      "geometry": {
        "type": "Point",
        "coordinates": [
          -9.0709596,
          53.2665568
        ]
      },
      "properties": {
        "id": 146896466,
        "osm_type": "way",
        "name": "The Continental Boutique Residence",
        "tourism": "hotel",
        "website": "https://www.www.winefoodbeer.com/the-cottage/"
      }
    },
    {
      "type": "Feature",
      "geometry": {
        "type": "Point",
        "coordinates": [
          -9.1349528,
          54.1194639
        ]
      },
      "properties": {
        "id": 149058308,
        "osm_type": "way",
        "name": "Downhill Inn",
        "tourism": "hotel",
        "phone": "+353 (0) 96 73444",
        "website": "https://www.downhillinn.ie/"
      }
    },
    {
      "type": "Feature",
      "geometry": {
        "type": "Point",
        "coordinates": [
          -7.9886453,
          53.4681573
        ]
      },
      "properties": {
        "id": 150031170,
        "osm_type": "way",
        "name": "Hodson Bay Hotel",
        "tourism": "hotel"
      }
    },
    {
      "type": "Feature",
      "geometry": {
        "type": "Point",
        "coordinates": [
          -8.4613002,
          54.2818864
        ]
      },
      "properties": {
        "id": 150607124,
        "osm_type": "way",
        "name": "Clayton Hotel",
        "tourism": "hotel",
        "website": "https://www.claytonhotelsligo.com/"
      }
    },
    {
      "type": "Feature",
      "geometry": {
        "type": "Point",
        "coordinates": [
          -8.4628363,
          54.2820955
        ]
      },
      "properties": {
        "id": 150608647,
        "osm_type": "way",
        "name": "Benbulben Suites",
        "tourism": "apartment",
        "website": "http://benbulbenapartments.com/"
      }
    },
    {
      "type": "Feature",
      "geometry": {
        "type": "Point",
        "coordinates": [
          -8.4628224,
          54.2813716
        ]
      },
      "properties": {
        "id": 150608653,
        "osm_type": "way",
        "name": "Benbulben Suites",
        "tourism": "apartment",
        "website": "http://benbulbenapartments.com/"
      }
    },
    {
      "type": "Feature",
      "geometry": {
        "type": "Point",
        "coordinates": [
          -9.0475152,
          53.2707762
        ]
      },
      "properties": {
        "id": 150786583,
        "osm_type": "way",
        "name": "Harbour Hotel",
        "tourism": "hotel",
        "phone": "+353 91 894 800",
        "website": "https://www.harbour.ie/en/"
      }
    },
    {
      "type": "Feature",
      "geometry": {
        "type": "Point",
        "coordinates": [
          -9.1056628,
          53.2595032
        ]
      },
      "properties": {
        "id": 150816677,
        "osm_type": "way",
        "name": "Bayview Holiday Park",
        "tourism": "caravan_site"
      }
    },
    {
      "type": "Feature",
      "geometry": {
        "type": "Point",
        "coordinates": [
          -8.4672775,
          54.271447
        ]
      },
      "properties": {
        "id": 157958287,
        "osm_type": "way",
        "name": "Riverside Hotel",
        "tourism": "hotel",
        "phone": "+353 71 919 4480",
        "website": "https://www.riversidesligo.ie/"
      }
    },
    {
      "type": "Feature",
      "geometry": {
        "type": "Point",
        "coordinates": [
          -8.999657,
          53.2740366
        ]
      },
      "properties": {
        "id": 160662155,
        "osm_type": "way",
        "name": "Kingsvalley Hotel",
        "tourism": "hotel",
        "phone": "+353 91 761 761",
        "website": "http://www.kingsvalley.ie/"
      }
    },
    {
      "type": "Feature",
      "geometry": {
        "type": "Point",
        "coordinates": [
          -9.0213805,
          53.2800218
        ]
      },
      "properties": {
        "id": 160822122,
        "osm_type": "way",
        "name": "Connacht Hotel Galway",
        "tourism": "hotel",
        "website": "https://www.theconnacht.ie/",
        "check_date": "2025-06-12"
      }
    },
    {
      "type": "Feature",
      "geometry": {
        "type": "Point",
        "coordinates": [
          -9.0449316,
          53.2857489
        ]
      },
      "properties": {
        "id": 161603113,
        "osm_type": "way",
        "name": "Maldron Hotel Sandy Road Galway",
        "tourism": "hotel",
        "phone": "+353-91-513200",
        "website": "https://www.maldronhotelsandyroadgalway.com",
        "check_date": "2024-05-05"
      }
    },
    {
      "type": "Feature",
      "geometry": {
        "type": "Point",
        "coordinates": [
          -9.049004,
          53.2732441
        ]
      },
      "properties": {
        "id": 162470713,
        "osm_type": "way",
        "name": "Kinlay House",
        "tourism": "hostel",
        "phone": "+353 91 565244",
        "website": "https://www.kinlaygalway.ie/"
      }
    },
    {
      "type": "Feature",
      "geometry": {
        "type": "Point",
        "coordinates": [
          -9.1060419,
          53.2592332
        ]
      },
      "properties": {
        "id": 163103503,
        "osm_type": "way",
        "name": "The Four Winds B&B",
        "tourism": "guest_house"
      }
    },
    {
      "type": "Feature",
      "geometry": {
        "type": "Point",
        "coordinates": [
          -9.0886872,
          53.2632666
        ]
      },
      "properties": {
        "id": 163130171,
        "osm_type": "way",
        "name": "Anno Santo Hotel",
        "tourism": "hotel",
        "phone": "+353-91-523011"
      }
    },
    {
      "type": "Feature",
      "geometry": {
        "type": "Point",
        "coordinates": [
          -9.0805998,
          53.2681519
        ]
      },
      "properties": {
        "id": 163448699,
        "osm_type": "way",
        "name": "Ardilaun Hotel",
        "tourism": "hotel",
        "phone": "+353-91-521433",
        "website": "https://www.theardilaunhotel.ie/"
      }
    },
    {
      "type": "Feature",
      "geometry": {
        "type": "Point",
        "coordinates": [
          -9.2248871,
          53.2504108
        ]
      },
      "properties": {
        "id": 165341441,
        "osm_type": "way",
        "name": "Pádraicín’s",
        "tourism": "guest_house",
        "phone": "+353 91 592 444",
        "website": "https://padraicinsrestaurant.com/"
      }
    },
    {
      "type": "Feature",
      "geometry": {
        "type": "Point",
        "coordinates": [
          -8.6339151,
          54.3380264
        ]
      },
      "properties": {
        "id": 177052247,
        "osm_type": "way",
        "name": "Ardtarmon Castle",
        "tourism": "guest_house"
      }
    },
    {
      "type": "Feature",
      "geometry": {
        "type": "Point",
        "coordinates": [
          -9.9823125,
          54.2182397
        ]
      },
      "properties": {
        "id": 177293631,
        "osm_type": "way",
        "tourism": "guest_house"
      }
    },
    {
      "type": "Feature",
      "geometry": {
        "type": "Point",
        "coordinates": [
          -9.8008444,
          54.266179
        ]
      },
      "properties": {
        "id": 177429424,
        "osm_type": "way",
        "name": "Kilcommon Lodge Holiday Hostel",
        "tourism": "hostel",
        "website": "https://kilcommonlodge.ie/",
        "check_date": "2025-12-23"
      }
    },
    {
      "type": "Feature",
      "geometry": {
        "type": "Point",
        "coordinates": [
          -10.0014059,
          53.609381
        ]
      },
      "properties": {
        "id": 177581718,
        "osm_type": "way",
        "name": "Renvyle House Hotel",
        "tourism": "hotel"
      }
    },
    {
      "type": "Feature",
      "geometry": {
        "type": "Point",
        "coordinates": [
          -8.2071928,
          53.0958756
        ]
      },
      "properties": {
        "id": 177964274,
        "osm_type": "way",
        "name": "Fairy Hill",
        "tourism": "guest_house"
      }
    },
    {
      "type": "Feature",
      "geometry": {
        "type": "Point",
        "coordinates": [
          -10.0758805,
          53.9752742
        ]
      },
      "properties": {
        "id": 177977586,
        "osm_type": "way",
        "name": "Keel Camping",
        "tourism": "camp_site",
        "opening_hours": "08:00-01:00",
        "tents": "yes",
        "phone": "+353 87 2555689",
        "website": "https://keelcamping.ie"
      }
    },
    {
      "type": "Feature",
      "geometry": {
        "type": "Point",
        "coordinates": [
          -8.7616822,
          53.3007252
        ]
      },
      "properties": {
        "id": 178004432,
        "osm_type": "way",
        "name": "Raheen Woods Hotel",
        "tourism": "hotel",
        "website": "https://www.raheenwoodshotel.ie/"
      }
    },
    {
      "type": "Feature",
      "geometry": {
        "type": "Point",
        "coordinates": [
          -9.5039929,
          53.7997019
        ]
      },
      "properties": {
        "id": 179273392,
        "osm_type": "way",
        "name": "Aillmore Bed & Breakfast",
        "tourism": "guest_house"
      }
    },
    {
      "type": "Feature",
      "geometry": {
        "type": "Point",
        "coordinates": [
          -9.5060658,
          53.7950145
        ]
      },
      "properties": {
        "id": 179442194,
        "osm_type": "way",
        "name": "Westwood House B&B",
        "tourism": "guest_house"
      }
    },
    {
      "type": "Feature",
      "geometry": {
        "type": "Point",
        "coordinates": [
          -9.5456072,
          53.7996264
        ]
      },
      "properties": {
        "id": 179465670,
        "osm_type": "way",
        "name": "The lighthouse",
        "tourism": "guest_house"
      }
    },
    {
      "type": "Feature",
      "geometry": {
        "type": "Point",
        "coordinates": [
          -8.4613724,
          54.1741666
        ]
      },
      "properties": {
        "id": 182196383,
        "osm_type": "way",
        "name": "Markree Castle",
        "tourism": "hotel"
      }
    },
    {
      "type": "Feature",
      "geometry": {
        "type": "Point",
        "coordinates": [
          -8.0461188,
          54.0539555
        ]
      },
      "properties": {
        "id": 183642337,
        "osm_type": "way",
        "name": "Lough Allen Hotel",
        "tourism": "hotel",
        "website": "https://www.loughallenhotel.com/"
      }
    },
    {
      "type": "Feature",
      "geometry": {
        "type": "Point",
        "coordinates": [
          -9.302182,
          53.6194297
        ]
      },
      "properties": {
        "id": 185133182,
        "osm_type": "way",
        "tourism": "guest_house"
      }
    },
    {
      "type": "Feature",
      "geometry": {
        "type": "Point",
        "coordinates": [
          -8.4192779,
          54.4546277
        ]
      },
      "properties": {
        "id": 187778320,
        "osm_type": "way",
        "tourism": "chalet"
      }
    },
    {
      "type": "Feature",
      "geometry": {
        "type": "Point",
        "coordinates": [
          -8.9443662,
          53.3437433
        ]
      },
      "properties": {
        "id": 188097898,
        "osm_type": "way",
        "name": "Claregalway Hotel",
        "tourism": "hotel",
        "phone": "+353 91 738300",
        "website": "https://www.claregalwayhotel.ie/"
      }
    },
    {
      "type": "Feature",
      "geometry": {
        "type": "Point",
        "coordinates": [
          -8.9436403,
          53.3448678
        ]
      },
      "properties": {
        "id": 188097906,
        "osm_type": "way",
        "name": "The Arches Hotel",
        "tourism": "hotel",
        "phone": "+353 91739000",
        "website": "https://www.thearcheshotel.ie/"
      }
    },
    {
      "type": "Feature",
      "geometry": {
        "type": "Point",
        "coordinates": [
          -9.0468758,
          53.287932
        ]
      },
      "properties": {
        "id": 188162093,
        "osm_type": "way",
        "name": "Menlo Park Hotel",
        "tourism": "hotel",
        "phone": "+353 91 761 122",
        "website": "https://www.menloparkhotel.com/"
      }
    },
    {
      "type": "Feature",
      "geometry": {
        "type": "Point",
        "coordinates": [
          -9.9538288,
          53.3826411
        ]
      },
      "properties": {
        "id": 188765461,
        "osm_type": "way",
        "name": "Gurteen Bay Caravan Park",
        "tourism": "camp_site",
        "tents": "yes",
        "phone": "+353 95-35882",
        "website": "https://roundstonevillage.ie/caravan-park/"
      }
    },
    {
      "type": "Feature",
      "geometry": {
        "type": "Point",
        "coordinates": [
          -9.3052467,
          53.25556
        ]
      },
      "properties": {
        "id": 189871081,
        "osm_type": "way",
        "tourism": "caravan_site",
        "tents": "yes"
      }
    },
    {
      "type": "Feature",
      "geometry": {
        "type": "Point",
        "coordinates": [
          -8.9142301,
          53.7912507
        ]
      },
      "properties": {
        "id": 191789266,
        "osm_type": "way",
        "name": "Knock House",
        "tourism": "hotel",
        "phone": "+353-94-9388088",
        "website": "https://www.knockhousehotel.ie/"
      }
    },
    {
      "type": "Feature",
      "geometry": {
        "type": "Point",
        "coordinates": [
          -8.9621555,
          53.3303164
        ]
      },
      "properties": {
        "id": 194186733,
        "osm_type": "way",
        "name": "Avondale B&B",
        "tourism": "guest_house"
      }
    },
    {
      "type": "Feature",
      "geometry": {
        "type": "Point",
        "coordinates": [
          -8.9788945,
          53.3191685
        ]
      },
      "properties": {
        "id": 194186734,
        "osm_type": "way",
        "name": "Castleview B&B",
        "tourism": "guest_house"
      }
    },
    {
      "type": "Feature",
      "geometry": {
        "type": "Point",
        "coordinates": [
          -8.988227,
          53.3227608
        ]
      },
      "properties": {
        "id": 194186735,
        "osm_type": "way",
        "name": "Cloonacaueen Castle",
        "tourism": "hotel",
        "phone": "+353 91799629",
        "website": "https://www.clooncastle.com/"
      }
    },
    {
      "type": "Feature",
      "geometry": {
        "type": "Point",
        "coordinates": [
          -8.9500664,
          53.3374095
        ]
      },
      "properties": {
        "id": 194186739,
        "osm_type": "way",
        "name": "Sycamore House B&B",
        "tourism": "guest_house"
      }
    },
    {
      "type": "Feature",
      "geometry": {
        "type": "Point",
        "coordinates": [
          -9.3004929,
          53.4219107
        ]
      },
      "properties": {
        "id": 194514458,
        "osm_type": "way",
        "name": "Connemara Gateway Hotel",
        "tourism": "hotel",
        "contact:phone": "+353 91552328",
        "website": "http://www.connemaragateway.com/"
      }
    },
    {
      "type": "Feature",
      "geometry": {
        "type": "Point",
        "coordinates": [
          -8.8517502,
          53.5272193
        ]
      },
      "properties": {
        "id": 194534028,
        "osm_type": "way",
        "name": "Ard Rí House Hotel",
        "tourism": "hotel"
      }
    },
    {
      "type": "Feature",
      "geometry": {
        "type": "Point",
        "coordinates": [
          -8.8150618,
          53.0612936
        ]
      },
      "properties": {
        "id": 194686102,
        "osm_type": "way",
        "name": "Lady Gregory",
        "tourism": "hotel",
        "check_date": "2026-04-25"
      }
    },
    {
      "type": "Feature",
      "geometry": {
        "type": "Point",
        "coordinates": [
          -8.5650779,
          53.1994253
        ]
      },
      "properties": {
        "id": 194831377,
        "osm_type": "way",
        "name": "Brodericks",
        "tourism": "hotel"
      }
    },
    {
      "type": "Feature",
      "geometry": {
        "type": "Point",
        "coordinates": [
          -8.1935315,
          53.6248054
        ]
      },
      "properties": {
        "id": 196693890,
        "osm_type": "way",
        "name": "Abbey Hotel",
        "tourism": "hotel",
        "phone": "0906626240",
        "website": "https://www.abbeyhotel.ie/"
      }
    },
    {
      "type": "Feature",
      "geometry": {
        "type": "Point",
        "coordinates": [
          -8.7880488,
          53.7657333
        ]
      },
      "properties": {
        "id": 200045409,
        "osm_type": "way",
        "name": "Seven Oaks B&B",
        "tourism": "guest_house"
      }
    },
    {
      "type": "Feature",
      "geometry": {
        "type": "Point",
        "coordinates": [
          -9.2848502,
          53.5344279
        ]
      },
      "properties": {
        "id": 200079634,
        "osm_type": "way",
        "name": "Ashford Castle",
        "tourism": "hotel",
        "website": "https://ashfordcastle.com/"
      }
    },
    {
      "type": "Feature",
      "geometry": {
        "type": "Point",
        "coordinates": [
          -9.3054149,
          53.8533953
        ]
      },
      "properties": {
        "id": 202490138,
        "osm_type": "way",
        "name": "The Ellison Hotel",
        "tourism": "hotel"
      }
    },
    {
      "type": "Feature",
      "geometry": {
        "type": "Point",
        "coordinates": [
          -9.3041462,
          53.853389
        ]
      },
      "properties": {
        "id": 202490140,
        "osm_type": "way",
        "name": "Travellers Friend Hotel",
        "tourism": "hotel",
        "website": "https://tfroyal.ie"
      }
    },
    {
      "type": "Feature",
      "geometry": {
        "type": "Point",
        "coordinates": [
          -8.468137,
          54.2605341
        ]
      },
      "properties": {
        "id": 204091603,
        "osm_type": "way",
        "name": "VeeCeeze",
        "tourism": "guest_house",
        "phone": "0719161000"
      }
    },
    {
      "type": "Feature",
      "geometry": {
        "type": "Point",
        "coordinates": [
          -9.0047521,
          53.2761115
        ]
      },
      "properties": {
        "id": 209416215,
        "osm_type": "way",
        "name": "Almara House",
        "tourism": "guest_house"
      }
    },
    {
      "type": "Feature",
      "geometry": {
        "type": "Point",
        "coordinates": [
          -9.00482,
          53.276016
        ]
      },
      "properties": {
        "id": 209416217,
        "osm_type": "way",
        "name": "Avoca House",
        "tourism": "guest_house"
      }
    },
    {
      "type": "Feature",
      "geometry": {
        "type": "Point",
        "coordinates": [
          -8.4366846,
          54.1978091
        ]
      },
      "properties": {
        "id": 210668143,
        "osm_type": "way",
        "name": "Castle Dargan Hotel",
        "tourism": "hotel",
        "phone": "+353 (0)71 911 8080",
        "website": "https://www.castledargan.com/"
      }
    },
    {
      "type": "Feature",
      "geometry": {
        "type": "Point",
        "coordinates": [
          -9.0657534,
          53.2818004
        ]
      },
      "properties": {
        "id": 211744150,
        "osm_type": "way",
        "name": "Brook Lodge",
        "tourism": "guest_house"
      }
    },
    {
      "type": "Feature",
      "geometry": {
        "type": "Point",
        "coordinates": [
          -9.0663483,
          53.2647918
        ]
      },
      "properties": {
        "id": 211747993,
        "osm_type": "way",
        "name": "The Dormers",
        "tourism": "guest_house",
        "check_date": "2025-08-04"
      }
    },
    {
      "type": "Feature",
      "geometry": {
        "type": "Point",
        "coordinates": [
          -9.0728259,
          53.2624137
        ]
      },
      "properties": {
        "id": 211849233,
        "osm_type": "way",
        "name": "The Nest",
        "tourism": "hostel",
        "phone": "+353 91 450 944",
        "website": "https://thenestaccommodation.com/",
        "check_date": "2024-10-06"
      }
    },
    {
      "type": "Feature",
      "geometry": {
        "type": "Point",
        "coordinates": [
          -9.0689962,
          53.2641585
        ]
      },
      "properties": {
        "id": 211852635,
        "osm_type": "way",
        "name": "Sunrise Lodge",
        "tourism": "guest_house"
      }
    },
    {
      "type": "Feature",
      "geometry": {
        "type": "Point",
        "coordinates": [
          -9.0687921,
          53.2642534
        ]
      },
      "properties": {
        "id": 211852636,
        "osm_type": "way",
        "name": "The White House",
        "tourism": "guest_house"
      }
    },
    {
      "type": "Feature",
      "geometry": {
        "type": "Point",
        "coordinates": [
          -9.0679486,
          53.2670348
        ]
      },
      "properties": {
        "id": 211853094,
        "osm_type": "way",
        "name": "Ward's Hotel",
        "tourism": "hotel"
      }
    },
    {
      "type": "Feature",
      "geometry": {
        "type": "Point",
        "coordinates": [
          -9.0646669,
          53.2671552
        ]
      },
      "properties": {
        "id": 211854854,
        "osm_type": "way",
        "name": "The Swallow B&B",
        "tourism": "guest_house",
        "phone": "+35391589073"
      }
    },
    {
      "type": "Feature",
      "geometry": {
        "type": "Point",
        "coordinates": [
          -9.0642925,
          53.2671622
        ]
      },
      "properties": {
        "id": 211854859,
        "osm_type": "way",
        "name": "Villa Maria B&B",
        "tourism": "guest_house",
        "phone": "+35391589033"
      }
    },
    {
      "type": "Feature",
      "geometry": {
        "type": "Point",
        "coordinates": [
          -9.0683111,
          53.2705302
        ]
      },
      "properties": {
        "id": 211930000,
        "osm_type": "way",
        "name": "Ivy House",
        "tourism": "guest_house"
      }
    },
    {
      "type": "Feature",
      "geometry": {
        "type": "Point",
        "coordinates": [
          -8.4298296,
          54.2684164
        ]
      },
      "properties": {
        "id": 212349824,
        "osm_type": "way",
        "tourism": "guest_house"
      }
    },
    {
      "type": "Feature",
      "geometry": {
        "type": "Point",
        "coordinates": [
          -8.5960808,
          54.2671955
        ]
      },
      "properties": {
        "id": 212455182,
        "osm_type": "way",
        "name": "Strandhill Lodge and Suites",
        "tourism": "hotel"
      }
    },
    {
      "type": "Feature",
      "geometry": {
        "type": "Point",
        "coordinates": [
          -9.9773029,
          53.9796209
        ]
      },
      "properties": {
        "id": 213555381,
        "osm_type": "way",
        "name": "Achill Lodge",
        "tourism": "guest_house"
      }
    },
    {
      "type": "Feature",
      "geometry": {
        "type": "Point",
        "coordinates": [
          -8.4887181,
          54.3136239
        ]
      },
      "properties": {
        "id": 215639642,
        "osm_type": "way",
        "tourism": "guest_house"
      }
    },
    {
      "type": "Feature",
      "geometry": {
        "type": "Point",
        "coordinates": [
          -8.5177702,
          54.3028446
        ]
      },
      "properties": {
        "id": 216413549,
        "osm_type": "way",
        "name": "Walrey",
        "tourism": "guest_house"
      }
    },
    {
      "type": "Feature",
      "geometry": {
        "type": "Point",
        "coordinates": [
          -8.4739195,
          54.29438
        ]
      },
      "properties": {
        "id": 216546469,
        "osm_type": "way",
        "tourism": "guest_house"
      }
    },
    {
      "type": "Feature",
      "geometry": {
        "type": "Point",
        "coordinates": [
          -8.4942684,
          54.2954998
        ]
      },
      "properties": {
        "id": 216817345,
        "osm_type": "way",
        "tourism": "guest_house",
        "phone": "+353 (0)71 9144911",
        "website": "http://www.sligoiorrasbandb.com/"
      }
    },
    {
      "type": "Feature",
      "geometry": {
        "type": "Point",
        "coordinates": [
          -8.5044346,
          54.298158
        ]
      },
      "properties": {
        "id": 216974872,
        "osm_type": "way",
        "tourism": "guest_house",
        "phone": "+353 71 9145014",
        "website": "https://www.philmarhousesligo.ie/"
      }
    },
    {
      "type": "Feature",
      "geometry": {
        "type": "Point",
        "coordinates": [
          -8.9932985,
          53.8578295
        ]
      },
      "properties": {
        "id": 217298252,
        "osm_type": "way",
        "name": "Park Hotel Kiltimagh",
        "tourism": "hotel",
        "contact:phone": "+353 94 937 4922",
        "contact:website": "https://www.parkhotelmayo.com",
        "check_date": "2024-08-12"
      }
    },
    {
      "type": "Feature",
      "geometry": {
        "type": "Point",
        "coordinates": [
          -8.5528237,
          54.3076032
        ]
      },
      "properties": {
        "id": 217749737,
        "osm_type": "way",
        "name": "Kilvarnet House",
        "tourism": "guest_house"
      }
    },
    {
      "type": "Feature",
      "geometry": {
        "type": "Point",
        "coordinates": [
          -7.7236487,
          53.9612514
        ]
      },
      "properties": {
        "id": 220069424,
        "osm_type": "way",
        "name": "Parkview Cottage",
        "tourism": "guest_house",
        "phone": "+353 86 1628661"
      }
    },
    {
      "type": "Feature",
      "geometry": {
        "type": "Point",
        "coordinates": [
          -8.5237748,
          53.9950312
        ]
      },
      "properties": {
        "id": 220592822,
        "osm_type": "way",
        "name": "Hill Hotel",
        "tourism": "hotel",
        "phone": "(071) 918 2882",
        "website": "https://www.thehillhotel.ie/"
      }
    },
    {
      "type": "Feature",
      "geometry": {
        "type": "Point",
        "coordinates": [
          -9.1643381,
          54.0870222
        ]
      },
      "properties": {
        "id": 220963436,
        "osm_type": "way",
        "name": "Hotel Ballina",
        "tourism": "hotel",
        "website": "https://www.hotelballina.ie/"
      }
    },
    {
      "type": "Feature",
      "geometry": {
        "type": "Point",
        "coordinates": [
          -8.564966,
          54.3061031
        ]
      },
      "properties": {
        "id": 222588513,
        "osm_type": "way",
        "name": "Yeats Country Hotel",
        "tourism": "hotel",
        "phone": "+353 71 9177211",
        "website": "https://www.yeatscountryhotel.com/"
      }
    },
    {
      "type": "Feature",
      "geometry": {
        "type": "Point",
        "coordinates": [
          -8.5172029,
          53.9939422
        ]
      },
      "properties": {
        "id": 224859699,
        "osm_type": "way",
        "name": "Church View",
        "tourism": "guest_house"
      }
    },
    {
      "type": "Feature",
      "geometry": {
        "type": "Point",
        "coordinates": [
          -9.5239187,
          53.0654372
        ]
      },
      "properties": {
        "id": 225974187,
        "osm_type": "way",
        "name": "Óstán Inis Oírr",
        "tourism": "hotel",
        "website": "https://www.hotelinisoirr.com/"
      }
    },
    {
      "type": "Feature",
      "geometry": {
        "type": "Point",
        "coordinates": [
          -10.1337781,
          53.5235553
        ]
      },
      "properties": {
        "id": 228211853,
        "osm_type": "way",
        "name": "Clifden eco Beach Camping & Caravanning Park",
        "tourism": "camp_site",
        "opening_hours": "Mar 15-Sep 30",
        "tents": "yes",
        "phone": "+353 95 44036;+353 87 126 7687",
        "website": "https://clifdenecocamping.ie/"
      }
    },
    {
      "type": "Feature",
      "geometry": {
        "type": "Point",
        "coordinates": [
          -9.526027,
          53.0682008
        ]
      },
      "properties": {
        "id": 228343566,
        "osm_type": "way",
        "tourism": "guest_house"
      }
    },
    {
      "type": "Feature",
      "geometry": {
        "type": "Point",
        "coordinates": [
          -9.5249913,
          53.0652623
        ]
      },
      "properties": {
        "id": 228343581,
        "osm_type": "way",
        "name": "Tigh Ruairí",
        "tourism": "guest_house",
        "website": "http://www.tighruairi.com/"
      }
    },
    {
      "type": "Feature",
      "geometry": {
        "type": "Point",
        "coordinates": [
          -9.106546,
          53.4696534
        ]
      },
      "properties": {
        "id": 235357444,
        "osm_type": "way",
        "name": "Anglers Rest Hotel",
        "tourism": "hotel",
        "website": "https://anglersresthotel.com/"
      }
    },
    {
      "type": "Feature",
      "geometry": {
        "type": "Point",
        "coordinates": [
          -8.4475638,
          54.4669545
        ]
      },
      "properties": {
        "id": 235553547,
        "osm_type": "way",
        "name": "Pier Head Hotel",
        "tourism": "hotel"
      }
    },
    {
      "type": "Feature",
      "geometry": {
        "type": "Point",
        "coordinates": [
          -9.8639435,
          53.4005629
        ]
      },
      "properties": {
        "id": 236061081,
        "osm_type": "way",
        "name": "Rossroe Lodge B&B",
        "tourism": "guest_house",
        "phone": "+353 95 31928",
        "website": "https://www.rossroelodge.com/"
      }
    },
    {
      "type": "Feature",
      "geometry": {
        "type": "Point",
        "coordinates": [
          -9.2639077,
          53.2482799
        ]
      },
      "properties": {
        "id": 237270885,
        "osm_type": "way",
        "tourism": "chalet"
      }
    },
    {
      "type": "Feature",
      "geometry": {
        "type": "Point",
        "coordinates": [
          -9.2639091,
          53.2478491
        ]
      },
      "properties": {
        "id": 237270886,
        "osm_type": "way",
        "tourism": "chalet"
      }
    },
    {
      "type": "Feature",
      "geometry": {
        "type": "Point",
        "coordinates": [
          -9.2638663,
          53.2484002
        ]
      },
      "properties": {
        "id": 237270887,
        "osm_type": "way",
        "tourism": "chalet"
      }
    },
    {
      "type": "Feature",
      "geometry": {
        "type": "Point",
        "coordinates": [
          -9.2639078,
          53.2479869
        ]
      },
      "properties": {
        "id": 237270889,
        "osm_type": "way",
        "tourism": "chalet"
      }
    },
    {
      "type": "Feature",
      "geometry": {
        "type": "Point",
        "coordinates": [
          -9.2641774,
          53.2476537
        ]
      },
      "properties": {
        "id": 237270892,
        "osm_type": "way",
        "tourism": "chalet"
      }
    },
    {
      "type": "Feature",
      "geometry": {
        "type": "Point",
        "coordinates": [
          -9.2640457,
          53.2477407
        ]
      },
      "properties": {
        "id": 237270895,
        "osm_type": "way",
        "tourism": "chalet"
      }
    },
    {
      "type": "Feature",
      "geometry": {
        "type": "Point",
        "coordinates": [
          -9.2637352,
          53.248537
        ]
      },
      "properties": {
        "id": 237270897,
        "osm_type": "way",
        "tourism": "chalet"
      }
    },
    {
      "type": "Feature",
      "geometry": {
        "type": "Point",
        "coordinates": [
          -9.2639203,
          53.2481123
        ]
      },
      "properties": {
        "id": 237270902,
        "osm_type": "way",
        "tourism": "chalet"
      }
    },
    {
      "type": "Feature",
      "geometry": {
        "type": "Point",
        "coordinates": [
          -10.1378759,
          53.542972
        ]
      },
      "properties": {
        "id": 239907118,
        "osm_type": "way",
        "name": "Claddaghduff Cottage",
        "tourism": "chalet"
      }
    },
    {
      "type": "Feature",
      "geometry": {
        "type": "Point",
        "coordinates": [
          -9.5761961,
          53.0835777
        ]
      },
      "properties": {
        "id": 240268799,
        "osm_type": "way",
        "name": "Cois Cuain B&B",
        "tourism": "guest_house",
        "phone": "+353 879728796"
      }
    },
    {
      "type": "Feature",
      "geometry": {
        "type": "Point",
        "coordinates": [
          -9.5989005,
          53.0850346
        ]
      },
      "properties": {
        "id": 240275260,
        "osm_type": "way",
        "name": "Inis Meáin Thatched Cottage",
        "tourism": "guest_house"
      }
    },
    {
      "type": "Feature",
      "geometry": {
        "type": "Point",
        "coordinates": [
          -7.9840839,
          53.4123945
        ]
      },
      "properties": {
        "id": 241709648,
        "osm_type": "way",
        "name": "Riverview House B&B",
        "tourism": "guest_house",
        "website": "http://riverviewhousebandb.com",
        "check_date": "2026-02-24"
      }
    },
    {
      "type": "Feature",
      "geometry": {
        "type": "Point",
        "coordinates": [
          -9.0558603,
          53.2876753
        ]
      },
      "properties": {
        "id": 243438624,
        "osm_type": "way",
        "tourism": "guest_house"
      }
    },
    {
      "type": "Feature",
      "geometry": {
        "type": "Point",
        "coordinates": [
          -9.9508113,
          53.554297
        ]
      },
      "properties": {
        "id": 243484111,
        "osm_type": "way",
        "name": "Letterfrack Lodge - Connemara National Park Hostel",
        "tourism": "hostel",
        "website": "http://www.letterfracklodge.com/"
      }
    },
    {
      "type": "Feature",
      "geometry": {
        "type": "Point",
        "coordinates": [
          -9.7459734,
          53.6318744
        ]
      },
      "properties": {
        "id": 243656945,
        "osm_type": "way",
        "name": "Delphi Lodge Holiday Cottages",
        "tourism": "chalet"
      }
    },
    {
      "type": "Feature",
      "geometry": {
        "type": "Point",
        "coordinates": [
          -9.9459848,
          53.5519943
        ]
      },
      "properties": {
        "id": 243773683,
        "osm_type": "way",
        "name": "Old Monastery Hostel",
        "tourism": "hostel"
      }
    },
    {
      "type": "Feature",
      "geometry": {
        "type": "Point",
        "coordinates": [
          -9.9498071,
          53.5543744
        ]
      },
      "properties": {
        "id": 244634496,
        "osm_type": "way",
        "name": "Ellis House",
        "tourism": "hostel",
        "phone": "+353-87-2414169"
      }
    },
    {
      "type": "Feature",
      "geometry": {
        "type": "Point",
        "coordinates": [
          -7.8548943,
          53.8994574
        ]
      },
      "properties": {
        "id": 246031102,
        "osm_type": "way",
        "name": "Lough Rynn Caravan park",
        "tourism": "caravan_site"
      }
    },
    {
      "type": "Feature",
      "geometry": {
        "type": "Point",
        "coordinates": [
          -7.8660332,
          53.9222885
        ]
      },
      "properties": {
        "id": 249399950,
        "osm_type": "way",
        "name": "Travellers Rest",
        "tourism": "guest_house"
      }
    },
    {
      "type": "Feature",
      "geometry": {
        "type": "Point",
        "coordinates": [
          -7.8670783,
          53.9211612
        ]
      },
      "properties": {
        "id": 249400168,
        "osm_type": "way",
        "name": "Clarkes",
        "tourism": "hotel"
      }
    },
    {
      "type": "Feature",
      "geometry": {
        "type": "Point",
        "coordinates": [
          -8.0927415,
          53.9436597
        ]
      },
      "properties": {
        "id": 251060944,
        "osm_type": "way",
        "name": "The Landmark Hotel",
        "tourism": "hotel",
        "phone": "+353-71-9622222",
        "website": "https://www.thelandmarkhotel.com/"
      }
    },
    {
      "type": "Feature",
      "geometry": {
        "type": "Point",
        "coordinates": [
          -8.09392,
          53.9436068
        ]
      },
      "properties": {
        "id": 251092654,
        "osm_type": "way",
        "name": "Cryan's Hotel",
        "tourism": "hotel"
      }
    },
    {
      "type": "Feature",
      "geometry": {
        "type": "Point",
        "coordinates": [
          -8.4861345,
          54.2783151
        ]
      },
      "properties": {
        "id": 252286410,
        "osm_type": "way",
        "name": "Harbour House Hostel",
        "tourism": "hostel"
      }
    },
    {
      "type": "Feature",
      "geometry": {
        "type": "Point",
        "coordinates": [
          -7.8364611,
          54.0159022
        ]
      },
      "properties": {
        "id": 252542129,
        "osm_type": "way",
        "name": "The Old Rectory",
        "tourism": "guest_house"
      }
    },
    {
      "type": "Feature",
      "geometry": {
        "type": "Point",
        "coordinates": [
          -9.9522749,
          53.799893
        ]
      },
      "properties": {
        "id": 257711235,
        "osm_type": "way",
        "name": "Granuaile House",
        "tourism": "guest_house",
        "website": "https://granuailehouse.wordpress.com/"
      }
    },
    {
      "type": "Feature",
      "geometry": {
        "type": "Point",
        "coordinates": [
          -9.0995254,
          54.2079927
        ]
      },
      "properties": {
        "id": 259032274,
        "osm_type": "way",
        "name": "Seasons Lodge",
        "tourism": "guest_house"
      }
    },
    {
      "type": "Feature",
      "geometry": {
        "type": "Point",
        "coordinates": [
          -8.0693142,
          53.8236499
        ]
      },
      "properties": {
        "id": 260223442,
        "osm_type": "way",
        "name": "The Silver Eel",
        "tourism": "guest_house",
        "website": "https://www.facebook.com/@silvereel"
      }
    },
    {
      "type": "Feature",
      "geometry": {
        "type": "Point",
        "coordinates": [
          -8.0604217,
          54.0010251
        ]
      },
      "properties": {
        "id": 264535996,
        "osm_type": "way",
        "name": "Ballinaboy Lodge",
        "tourism": "guest_house"
      }
    },
    {
      "type": "Feature",
      "geometry": {
        "type": "Point",
        "coordinates": [
          -7.8458999,
          53.900903
        ]
      },
      "properties": {
        "id": 264538465,
        "osm_type": "way",
        "name": "Lough Rynn Country House",
        "tourism": "guest_house",
        "phone": "+353 (0)7196 32121",
        "website": "http://www.loughrynnbandb.ie/contact.html"
      }
    },
    {
      "type": "Feature",
      "geometry": {
        "type": "Point",
        "coordinates": [
          -8.0591168,
          54.3593109
        ]
      },
      "properties": {
        "id": 264677778,
        "osm_type": "way",
        "name": "The Oak's B&B",
        "tourism": "guest_house"
      }
    },
    {
      "type": "Feature",
      "geometry": {
        "type": "Point",
        "coordinates": [
          -8.3186549,
          54.0881663
        ]
      },
      "properties": {
        "id": 272180715,
        "osm_type": "way",
        "tourism": "guest_house"
      }
    },
    {
      "type": "Feature",
      "geometry": {
        "type": "Point",
        "coordinates": [
          -8.3185454,
          54.0883964
        ]
      },
      "properties": {
        "id": 272180716,
        "osm_type": "way",
        "tourism": "guest_house"
      }
    },
    {
      "type": "Feature",
      "geometry": {
        "type": "Point",
        "coordinates": [
          -8.3187348,
          54.0886615
        ]
      },
      "properties": {
        "id": 272180717,
        "osm_type": "way",
        "tourism": "guest_house"
      }
    },
    {
      "type": "Feature",
      "geometry": {
        "type": "Point",
        "coordinates": [
          -8.318316,
          54.0880395
        ]
      },
      "properties": {
        "id": 272180718,
        "osm_type": "way",
        "tourism": "guest_house"
      }
    },
    {
      "type": "Feature",
      "geometry": {
        "type": "Point",
        "coordinates": [
          -8.3190429,
          54.0879546
        ]
      },
      "properties": {
        "id": 272180719,
        "osm_type": "way",
        "tourism": "guest_house"
      }
    },
    {
      "type": "Feature",
      "geometry": {
        "type": "Point",
        "coordinates": [
          -10.0730009,
          53.4281084
        ]
      },
      "properties": {
        "id": 272405680,
        "osm_type": "way",
        "name": "Murlach Lodge B&B",
        "tourism": "guest_house",
        "phone": "+353 95-23921",
        "website": "https://www.murlachlodge.com/"
      }
    },
    {
      "type": "Feature",
      "geometry": {
        "type": "Point",
        "coordinates": [
          -10.0207396,
          53.5004308
        ]
      },
      "properties": {
        "id": 277314161,
        "osm_type": "way",
        "name": "Shanakeever Farm",
        "tourism": "guest_house"
      }
    },
    {
      "type": "Feature",
      "geometry": {
        "type": "Point",
        "coordinates": [
          -10.0268947,
          53.4985963
        ]
      },
      "properties": {
        "id": 277365612,
        "osm_type": "way",
        "name": "Heather Lodge B&B",
        "tourism": "guest_house"
      }
    },
    {
      "type": "Feature",
      "geometry": {
        "type": "Point",
        "coordinates": [
          -10.0334683,
          53.4888456
        ]
      },
      "properties": {
        "id": 277879187,
        "osm_type": "way",
        "name": "Dun Aengus",
        "tourism": "guest_house",
        "phone": "+353 952 1069"
      }
    },
    {
      "type": "Feature",
      "geometry": {
        "type": "Point",
        "coordinates": [
          -9.991017,
          54.0113477
        ]
      },
      "properties": {
        "id": 284983206,
        "osm_type": "way",
        "name": "Lavelle's",
        "tourism": "caravan_site"
      }
    },
    {
      "type": "Feature",
      "geometry": {
        "type": "Point",
        "coordinates": [
          -8.4566751,
          54.4627876
        ]
      },
      "properties": {
        "id": 285000079,
        "osm_type": "way",
        "tourism": "chalet"
      }
    },
    {
      "type": "Feature",
      "geometry": {
        "type": "Point",
        "coordinates": [
          -8.4573535,
          54.4615826
        ]
      },
      "properties": {
        "id": 285000094,
        "osm_type": "way",
        "tourism": "chalet"
      }
    },
    {
      "type": "Feature",
      "geometry": {
        "type": "Point",
        "coordinates": [
          -8.0801171,
          53.9954245
        ]
      },
      "properties": {
        "id": 285012551,
        "osm_type": "way",
        "name": "Battlebridge Caravan & Camping Park",
        "tourism": "caravan_site",
        "phone": "+353-71-9650824",
        "website": "https://battlebridgecaravanandcamping.ie/"
      }
    },
    {
      "type": "Feature",
      "geometry": {
        "type": "Point",
        "coordinates": [
          -8.6025847,
          53.8660487
        ]
      },
      "properties": {
        "id": 285013025,
        "osm_type": "way",
        "tourism": "caravan_site"
      }
    },
    {
      "type": "Feature",
      "geometry": {
        "type": "Point",
        "coordinates": [
          -9.1588011,
          54.1333288
        ]
      },
      "properties": {
        "id": 285193125,
        "osm_type": "way",
        "name": "Belleek Park Caravan and Camping",
        "tourism": "camp_site",
        "opening_hours": "Mar 01-Oct 31",
        "tents": "yes",
        "phone": "+353 96 71533;+353 96 71533",
        "website": "https://belleekpark.com/"
      }
    },
    {
      "type": "Feature",
      "geometry": {
        "type": "Point",
        "coordinates": [
          -9.1821584,
          53.9070968
        ]
      },
      "properties": {
        "id": 285193784,
        "osm_type": "way",
        "name": "Carrowkeel Camping Park",
        "tourism": "caravan_site",
        "tents": "yes",
        "phone": "+353-94-903-1264",
        "website": "http://www.carrowkeelpark.ie/"
      }
    },
    {
      "type": "Feature",
      "geometry": {
        "type": "Point",
        "coordinates": [
          -9.3122588,
          53.8495868
        ]
      },
      "properties": {
        "id": 285194633,
        "osm_type": "way",
        "name": "Lough Lannagh Holiday Village",
        "tourism": "caravan_site",
        "tents": "yes"
      }
    },
    {
      "type": "Feature",
      "geometry": {
        "type": "Point",
        "coordinates": [
          -9.215371,
          53.7991995
        ]
      },
      "properties": {
        "id": 285198215,
        "osm_type": "way",
        "name": "Carra Caravan Park",
        "tourism": "caravan_site"
      }
    },
    {
      "type": "Feature",
      "geometry": {
        "type": "Point",
        "coordinates": [
          -9.9032414,
          53.605275
        ]
      },
      "properties": {
        "id": 285200738,
        "osm_type": "way",
        "name": "Connemara Caravan & Camping Park",
        "tourism": "camp_site",
        "phone": "+353 95 43406",
        "website": "https://connemaracamping.com/"
      }
    },
    {
      "type": "Feature",
      "geometry": {
        "type": "Point",
        "coordinates": [
          -9.9830853,
          53.6052269
        ]
      },
      "properties": {
        "id": 285201802,
        "osm_type": "way",
        "name": "Renvyle Beach Caravan & Camping Park",
        "tourism": "caravan_site",
        "tents": "yes"
      }
    },
    {
      "type": "Feature",
      "geometry": {
        "type": "Point",
        "coordinates": [
          -10.019185,
          53.5018245
        ]
      },
      "properties": {
        "id": 285203601,
        "osm_type": "way",
        "name": "Clifden Campsite and Caravan Park",
        "tourism": "camp_site",
        "tents": "yes",
        "phone": "+353 95 22150",
        "website": "https://clifdencamping.com/"
      }
    },
    {
      "type": "Feature",
      "geometry": {
        "type": "Point",
        "coordinates": [
          -9.2720614,
          53.539394
        ]
      },
      "properties": {
        "id": 285206417,
        "osm_type": "way",
        "name": "Cong Caravan & Camping Park",
        "tourism": "camp_site",
        "phone": "+353-94-954-6089",
        "website": "http://www.quietman-cong.com/cong-caravan-and-camping-park/"
      }
    },
    {
      "type": "Feature",
      "geometry": {
        "type": "Point",
        "coordinates": [
          -8.0672927,
          53.5777092
        ]
      },
      "properties": {
        "id": 285206982,
        "osm_type": "way",
        "name": "Gailey Bay Caravan & Camping Park",
        "tourism": "camp_site",
        "tents": "yes"
      }
    },
    {
      "type": "Feature",
      "geometry": {
        "type": "Point",
        "coordinates": [
          -8.3004621,
          54.0623321
        ]
      },
      "properties": {
        "id": 286042375,
        "osm_type": "way",
        "name": "Lough Arrow Touring Caravan Park",
        "tourism": "caravan_site"
      }
    },
    {
      "type": "Feature",
      "geometry": {
        "type": "Point",
        "coordinates": [
          -9.039706,
          53.2782241
        ]
      },
      "properties": {
        "id": 288849328,
        "osm_type": "way",
        "name": "Ardawn House",
        "tourism": "guest_house",
        "phone": "+353 91 568833",
        "website": "https://www.ardawnhouse.com/"
      }
    },
    {
      "type": "Feature",
      "geometry": {
        "type": "Point",
        "coordinates": [
          -8.4728473,
          53.1337416
        ]
      },
      "properties": {
        "id": 289481547,
        "osm_type": "way",
        "name": "The Three Towers",
        "tourism": "guest_house"
      }
    },
    {
      "type": "Feature",
      "geometry": {
        "type": "Point",
        "coordinates": [
          -9.050928,
          53.277299
        ]
      },
      "properties": {
        "id": 290091841,
        "osm_type": "way",
        "name": "Rossa B&B",
        "tourism": "guest_house",
        "contact:phone": "+353 91 562803"
      }
    },
    {
      "type": "Feature",
      "geometry": {
        "type": "Point",
        "coordinates": [
          -9.1449674,
          54.1333425
        ]
      },
      "properties": {
        "id": 292789699,
        "osm_type": "way",
        "name": "Belleek Castle",
        "tourism": "hotel",
        "website": "https://www.belleekcastle.com/"
      }
    },
    {
      "type": "Feature",
      "geometry": {
        "type": "Point",
        "coordinates": [
          -10.081379,
          53.976184
        ]
      },
      "properties": {
        "id": 292801009,
        "osm_type": "way",
        "name": "Achill Cliff House Hotel & Restaurant",
        "tourism": "hotel",
        "phone": "+353 98 43400",
        "website": "https://www.achillcliff.com/"
      }
    },
    {
      "type": "Feature",
      "geometry": {
        "type": "Point",
        "coordinates": [
          -9.1541011,
          54.1121999
        ]
      },
      "properties": {
        "id": 293115817,
        "osm_type": "way",
        "name": "Ballina Manor Hotel",
        "tourism": "hotel"
      }
    },
    {
      "type": "Feature",
      "geometry": {
        "type": "Point",
        "coordinates": [
          -8.6222532,
          54.33928
        ]
      },
      "properties": {
        "id": 298415426,
        "osm_type": "way",
        "name": "Ardtarmon House",
        "tourism": "hotel",
        "phone": "+353 71 916 31 56",
        "website": "https://www.ardtarmon.com/"
      }
    },
    {
      "type": "Feature",
      "geometry": {
        "type": "Point",
        "coordinates": [
          -8.6219476,
          54.3392008
        ]
      },
      "properties": {
        "id": 298415427,
        "osm_type": "way",
        "tourism": "hotel"
      }
    },
    {
      "type": "Feature",
      "geometry": {
        "type": "Point",
        "coordinates": [
          -9.999752,
          53.4886887
        ]
      },
      "properties": {
        "id": 301566970,
        "osm_type": "way",
        "name": "Mal Dua B & B",
        "tourism": "guest_house"
      }
    },
    {
      "type": "Feature",
      "geometry": {
        "type": "Point",
        "coordinates": [
          -9.99639,
          53.4885165
        ]
      },
      "properties": {
        "id": 301567013,
        "osm_type": "way",
        "name": "Joyce's Waterloo House B & B",
        "tourism": "guest_house"
      }
    },
    {
      "type": "Feature",
      "geometry": {
        "type": "Point",
        "coordinates": [
          -10.0048457,
          53.4890468
        ]
      },
      "properties": {
        "id": 301567098,
        "osm_type": "way",
        "name": "All The Twos Guest Rooms",
        "tourism": "guest_house"
      }
    },
    {
      "type": "Feature",
      "geometry": {
        "type": "Point",
        "coordinates": [
          -9.9764267,
          53.4839091
        ]
      },
      "properties": {
        "id": 301608290,
        "osm_type": "way",
        "name": "Cregg House",
        "tourism": "guest_house",
        "contact:website": "http://www.cregg-house.com"
      }
    },
    {
      "type": "Feature",
      "geometry": {
        "type": "Point",
        "coordinates": [
          -9.8426511,
          53.4707039
        ]
      },
      "properties": {
        "id": 302210430,
        "osm_type": "way",
        "name": "Ben Lettery Hostel",
        "tourism": "hostel",
        "check_date": "2025-07-29"
      }
    },
    {
      "type": "Feature",
      "geometry": {
        "type": "Point",
        "coordinates": [
          -8.9900307,
          53.7253384
        ]
      },
      "properties": {
        "id": 313180474,
        "osm_type": "way",
        "name": "McWilliam Park Hotel",
        "tourism": "hotel",
        "phone": "+353 949378000",
        "website": "https://www.mcwilliampark.ie/"
      }
    },
    {
      "type": "Feature",
      "geometry": {
        "type": "Point",
        "coordinates": [
          -9.7830454,
          53.9062641
        ]
      },
      "properties": {
        "id": 326067467,
        "osm_type": "way",
        "name": "Mulranny Park Hotel",
        "tourism": "hotel",
        "website": "https://www.mulrannyparkhotel.ie/"
      }
    },
    {
      "type": "Feature",
      "geometry": {
        "type": "Point",
        "coordinates": [
          -8.7476344,
          53.2975117
        ]
      },
      "properties": {
        "id": 331106664,
        "osm_type": "way",
        "name": "New Park Hotel",
        "tourism": "hotel"
      }
    },
    {
      "type": "Feature",
      "geometry": {
        "type": "Point",
        "coordinates": [
          -8.1970535,
          53.3213955
        ]
      },
      "properties": {
        "id": 331159710,
        "osm_type": "way",
        "name": "Moycarn Lodge",
        "tourism": "guest_house"
      }
    },
    {
      "type": "Feature",
      "geometry": {
        "type": "Point",
        "coordinates": [
          -9.0343091,
          53.2821524
        ]
      },
      "properties": {
        "id": 331162386,
        "osm_type": "way",
        "name": "Bay View House",
        "tourism": "guest_house"
      }
    },
    {
      "type": "Feature",
      "geometry": {
        "type": "Point",
        "coordinates": [
          -8.960621,
          54.2866164
        ]
      },
      "properties": {
        "id": 340207566,
        "osm_type": "way",
        "name": "Atlantic and Riverside, Bed and Breakfast",
        "tourism": "guest_house"
      }
    },
    {
      "type": "Feature",
      "geometry": {
        "type": "Point",
        "coordinates": [
          -9.6718398,
          53.1229425
        ]
      },
      "properties": {
        "id": 343916586,
        "osm_type": "way",
        "name": "Claí Bán",
        "tourism": "guest_house"
      }
    },
    {
      "type": "Feature",
      "geometry": {
        "type": "Point",
        "coordinates": [
          -9.6667123,
          53.1225377
        ]
      },
      "properties": {
        "id": 343917545,
        "osm_type": "way",
        "name": "Ard Mhuiris",
        "tourism": "guest_house"
      }
    },
    {
      "type": "Feature",
      "geometry": {
        "type": "Point",
        "coordinates": [
          -9.6724188,
          53.1271666
        ]
      },
      "properties": {
        "id": 343919566,
        "osm_type": "way",
        "tourism": "guest_house",
        "contact:phone": "+353 99 61150",
        "website": "https://www.ancrugan.com/"
      }
    },
    {
      "type": "Feature",
      "geometry": {
        "type": "Point",
        "coordinates": [
          -9.6799662,
          53.1284027
        ]
      },
      "properties": {
        "id": 343928156,
        "osm_type": "way",
        "name": "Mainistir House",
        "tourism": "hostel",
        "contact:phone": "+353 99 61169",
        "website": "http://www.aranislandshostel.com/"
      }
    },
    {
      "type": "Feature",
      "geometry": {
        "type": "Point",
        "coordinates": [
          -9.6834406,
          53.1287248
        ]
      },
      "properties": {
        "id": 343928157,
        "osm_type": "way",
        "name": "Ocean View",
        "tourism": "guest_house"
      }
    },
    {
      "type": "Feature",
      "geometry": {
        "type": "Point",
        "coordinates": [
          -9.6642406,
          53.1057771
        ]
      },
      "properties": {
        "id": 346630716,
        "osm_type": "way",
        "name": "Tigh Fitz",
        "tourism": "guest_house",
        "contact:phone": "+353-99-61213",
        "website": "https://www.tighfitz.com/"
      }
    },
    {
      "type": "Feature",
      "geometry": {
        "type": "Point",
        "coordinates": [
          -9.6555451,
          53.1001809
        ]
      },
      "properties": {
        "id": 348732659,
        "osm_type": "way",
        "name": "Árd Éinne House",
        "tourism": "guest_house",
        "phone": "+353-99-61126",
        "website": "https://ardeinne.com/"
      }
    },
    {
      "type": "Feature",
      "geometry": {
        "type": "Point",
        "coordinates": [
          -9.6667265,
          53.783688
        ]
      },
      "properties": {
        "id": 361342212,
        "osm_type": "way",
        "tourism": "guest_house"
      }
    },
    {
      "type": "Feature",
      "geometry": {
        "type": "Point",
        "coordinates": [
          -8.9616175,
          54.2862861
        ]
      },
      "properties": {
        "id": 368014941,
        "osm_type": "way",
        "name": "Easkey Hostel",
        "tourism": "hostel"
      }
    },
    {
      "type": "Feature",
      "geometry": {
        "type": "Point",
        "coordinates": [
          -9.7480024,
          53.5780269
        ]
      },
      "properties": {
        "id": 368905139,
        "osm_type": "way",
        "name": "Glen Valley House",
        "tourism": "guest_house",
        "website": "http://www.glenvalleyhouse.com/"
      }
    },
    {
      "type": "Feature",
      "geometry": {
        "type": "Point",
        "coordinates": [
          -9.1572008,
          54.0568966
        ]
      },
      "properties": {
        "id": 370925217,
        "osm_type": "way",
        "name": "Mount Falcon Estate",
        "tourism": "hotel",
        "phone": "+353 96 74472",
        "website": "https://www.mountfalcon.com/"
      }
    },
    {
      "type": "Feature",
      "geometry": {
        "type": "Point",
        "coordinates": [
          -9.350252,
          53.820386
        ]
      },
      "properties": {
        "id": 372764623,
        "osm_type": "way",
        "name": "Millhouse Bed & Breakfast",
        "tourism": "guest_house",
        "phone": "353 94 9024279"
      }
    },
    {
      "type": "Feature",
      "geometry": {
        "type": "Point",
        "coordinates": [
          -10.0613113,
          53.5024554
        ]
      },
      "properties": {
        "id": 373733690,
        "osm_type": "way",
        "name": "Waterfront Rest B&B",
        "tourism": "guest_house",
        "phone": "+34 91 123 45 67"
      }
    },
    {
      "type": "Feature",
      "geometry": {
        "type": "Point",
        "coordinates": [
          -8.2217166,
          53.9780906
        ]
      },
      "properties": {
        "id": 377144184,
        "osm_type": "way",
        "name": "Lough Keel Scout center",
        "tourism": "camp_site"
      }
    },
    {
      "type": "Feature",
      "geometry": {
        "type": "Point",
        "coordinates": [
          -9.1947822,
          53.9889654
        ]
      },
      "properties": {
        "id": 379232660,
        "osm_type": "way",
        "name": "Pontoon Bridge Hotel",
        "tourism": "hotel"
      }
    },
    {
      "type": "Feature",
      "geometry": {
        "type": "Point",
        "coordinates": [
          -10.0946352,
          53.4977988
        ]
      },
      "properties": {
        "id": 390452010,
        "osm_type": "way",
        "name": "Dolphin Beach House",
        "tourism": "hotel"
      }
    },
    {
      "type": "Feature",
      "geometry": {
        "type": "Point",
        "coordinates": [
          -7.7951917,
          54.0298229
        ]
      },
      "properties": {
        "id": 390518007,
        "osm_type": "way",
        "tourism": "guest_house"
      }
    },
    {
      "type": "Feature",
      "geometry": {
        "type": "Point",
        "coordinates": [
          -7.7948428,
          54.0295536
        ]
      },
      "properties": {
        "id": 390518011,
        "osm_type": "way",
        "name": "Riversdale Farm Guesthouse, Ballinamore",
        "tourism": "guest_house"
      }
    },
    {
      "type": "Feature",
      "geometry": {
        "type": "Point",
        "coordinates": [
          -10.0420576,
          53.5115895
        ]
      },
      "properties": {
        "id": 391296123,
        "osm_type": "way",
        "name": "Sharamore House B&B",
        "tourism": "guest_house"
      }
    },
    {
      "type": "Feature",
      "geometry": {
        "type": "Point",
        "coordinates": [
          -10.0657991,
          53.4933528
        ]
      },
      "properties": {
        "id": 392522917,
        "osm_type": "way",
        "name": "Coast Guard Station Apartments",
        "tourism": "apartment"
      }
    },
    {
      "type": "Feature",
      "geometry": {
        "type": "Point",
        "coordinates": [
          -10.0933985,
          53.7078231
        ]
      },
      "properties": {
        "id": 399111776,
        "osm_type": "way",
        "name": "Ocean View House",
        "tourism": "guest_house"
      }
    },
    {
      "type": "Feature",
      "geometry": {
        "type": "Point",
        "coordinates": [
          -10.0916404,
          53.7028054
        ]
      },
      "properties": {
        "id": 399111809,
        "osm_type": "way",
        "name": "Tranaun House",
        "tourism": "guest_house"
      }
    },
    {
      "type": "Feature",
      "geometry": {
        "type": "Point",
        "coordinates": [
          -9.9497765,
          53.8038217
        ]
      },
      "properties": {
        "id": 400046475,
        "osm_type": "way",
        "name": "Go Explore Hostel",
        "tourism": "hostel",
        "phone": "+353-98-26307",
        "website": "https://www.goexplorehostel.ie/"
      }
    },
    {
      "type": "Feature",
      "geometry": {
        "type": "Point",
        "coordinates": [
          -8.5559833,
          54.3058598
        ]
      },
      "properties": {
        "id": 430805601,
        "osm_type": "way",
        "name": "Coral Reef",
        "tourism": "guest_house"
      }
    },
    {
      "type": "Feature",
      "geometry": {
        "type": "Point",
        "coordinates": [
          -8.9246277,
          53.2630122
        ]
      },
      "properties": {
        "id": 436251324,
        "osm_type": "way",
        "name": "Oranhill Lodge B&B",
        "tourism": "guest_house"
      }
    },
    {
      "type": "Feature",
      "geometry": {
        "type": "Point",
        "coordinates": [
          -8.5956135,
          54.2662808
        ]
      },
      "properties": {
        "id": 439078280,
        "osm_type": "way",
        "name": "Ocean Wave Lodge",
        "tourism": "hostel",
        "phone": "+353 71 916 8115"
      }
    },
    {
      "type": "Feature",
      "geometry": {
        "type": "Point",
        "coordinates": [
          -8.6096597,
          54.2696722
        ]
      },
      "properties": {
        "id": 439078346,
        "osm_type": "way",
        "tourism": "guest_house"
      }
    },
    {
      "type": "Feature",
      "geometry": {
        "type": "Point",
        "coordinates": [
          -9.3193227,
          53.4302142
        ]
      },
      "properties": {
        "id": 439478386,
        "osm_type": "way",
        "name": "Fough East B&B",
        "tourism": "guest_house"
      }
    },
    {
      "type": "Feature",
      "geometry": {
        "type": "Point",
        "coordinates": [
          -8.9713227,
          53.2975924
        ]
      },
      "properties": {
        "id": 443654533,
        "osm_type": "way",
        "name": "Temple Lodge B&B",
        "tourism": "hotel",
        "website": "http://templelodge.ie"
      }
    },
    {
      "type": "Feature",
      "geometry": {
        "type": "Point",
        "coordinates": [
          -9.2984677,
          53.8535124
        ]
      },
      "properties": {
        "id": 445887538,
        "osm_type": "way",
        "name": "Green Bay",
        "tourism": "guest_house"
      }
    },
    {
      "type": "Feature",
      "geometry": {
        "type": "Point",
        "coordinates": [
          -9.2986777,
          53.8533724
        ]
      },
      "properties": {
        "id": 445887539,
        "osm_type": "way",
        "name": "Rose Garden",
        "tourism": "guest_house"
      }
    },
    {
      "type": "Feature",
      "geometry": {
        "type": "Point",
        "coordinates": [
          -10.1985114,
          53.6157458
        ]
      },
      "properties": {
        "id": 445905300,
        "osm_type": "way",
        "name": "The Dolphin Hotel",
        "tourism": "hotel",
        "phone": "+353-95-45991",
        "website": "https://www.dolphinhotel.ie/"
      }
    },
    {
      "type": "Feature",
      "geometry": {
        "type": "Point",
        "coordinates": [
          -10.1980048,
          53.6158085
        ]
      },
      "properties": {
        "id": 445905301,
        "osm_type": "way",
        "name": "Inishbofin Island Hostal",
        "tourism": "hostel",
        "phone": "+353-95-45855",
        "website": "https://www.inishbofin-hostel.ie/"
      }
    },
    {
      "type": "Feature",
      "geometry": {
        "type": "Point",
        "coordinates": [
          -10.2062076,
          53.6137474
        ]
      },
      "properties": {
        "id": 445906805,
        "osm_type": "way",
        "name": "Inishbofin House Hotel",
        "tourism": "hotel",
        "phone": "+353 95 45888",
        "website": "http://inishbofinhouse.com/"
      }
    },
    {
      "type": "Feature",
      "geometry": {
        "type": "Point",
        "coordinates": [
          -9.5256329,
          53.7992653
        ]
      },
      "properties": {
        "id": 449686901,
        "osm_type": "way",
        "name": "The Wyatt Hotel",
        "tourism": "hotel"
      }
    },
    {
      "type": "Feature",
      "geometry": {
        "type": "Point",
        "coordinates": [
          -9.2629735,
          53.8525682
        ]
      },
      "properties": {
        "id": 449891805,
        "osm_type": "way",
        "name": "Doogarry House",
        "tourism": "guest_house",
        "phone": "353 94 9021793",
        "website": "http://doogarryhouse.com/"
      }
    },
    {
      "type": "Feature",
      "geometry": {
        "type": "Point",
        "coordinates": [
          -9.3130392,
          53.8494939
        ]
      },
      "properties": {
        "id": 451069011,
        "osm_type": "way",
        "name": "Creagh Cottage",
        "tourism": "chalet"
      }
    },
    {
      "type": "Feature",
      "geometry": {
        "type": "Point",
        "coordinates": [
          -9.3127472,
          53.849278
        ]
      },
      "properties": {
        "id": 451069017,
        "osm_type": "way",
        "name": "Macalla Hall",
        "tourism": "chalet"
      }
    },
    {
      "type": "Feature",
      "geometry": {
        "type": "Point",
        "coordinates": [
          -9.5187531,
          53.8014771
        ]
      },
      "properties": {
        "id": 452885970,
        "osm_type": "way",
        "name": "Castlecourt Hotel",
        "tourism": "hotel",
        "phone": "+353 98 550 88",
        "website": "https://www.castlecourthotel.ie",
        "check_date": "2025-10-27"
      }
    },
    {
      "type": "Feature",
      "geometry": {
        "type": "Point",
        "coordinates": [
          -9.5562436,
          53.7956683
        ]
      },
      "properties": {
        "id": 454557895,
        "osm_type": "way",
        "name": "Rosmo House",
        "tourism": "guest_house",
        "phone": "+353 98 25925",
        "website": "https://rosmo-accommodation.com"
      }
    },
    {
      "type": "Feature",
      "geometry": {
        "type": "Point",
        "coordinates": [
          -8.4273068,
          54.4430856
        ]
      },
      "properties": {
        "id": 477592740,
        "osm_type": "way",
        "name": "Harbour View",
        "tourism": "guest_house"
      }
    },
    {
      "type": "Feature",
      "geometry": {
        "type": "Point",
        "coordinates": [
          -9.7363157,
          54.144326
        ]
      },
      "properties": {
        "id": 477869923,
        "osm_type": "way",
        "name": "Trail View Lodge",
        "tourism": "guest_house"
      }
    },
    {
      "type": "Feature",
      "geometry": {
        "type": "Point",
        "coordinates": [
          -10.1592965,
          53.4177954
        ]
      },
      "properties": {
        "id": 496425759,
        "osm_type": "way",
        "tourism": "caravan_site"
      }
    },
    {
      "type": "Feature",
      "geometry": {
        "type": "Point",
        "coordinates": [
          -9.7739335,
          53.773961
        ]
      },
      "properties": {
        "id": 499548180,
        "osm_type": "way",
        "tourism": "caravan_site"
      }
    },
    {
      "type": "Feature",
      "geometry": {
        "type": "Point",
        "coordinates": [
          -10.1390108,
          53.5580336
        ]
      },
      "properties": {
        "id": 504364938,
        "osm_type": "way",
        "name": "Ocean Wave B&B",
        "tourism": "guest_house",
        "phone": "+35395 44775",
        "website": "https://www.oceanwave-bedandbreakfast.com/"
      }
    },
    {
      "type": "Feature",
      "geometry": {
        "type": "Point",
        "coordinates": [
          -10.1160442,
          53.5554053
        ]
      },
      "properties": {
        "id": 504365009,
        "osm_type": "way",
        "name": "Hazelbrook Farmhouse B&B",
        "tourism": "guest_house"
      }
    },
    {
      "type": "Feature",
      "geometry": {
        "type": "Point",
        "coordinates": [
          -10.2279738,
          53.614282
        ]
      },
      "properties": {
        "id": 505250326,
        "osm_type": "way",
        "name": "Doonmore Hotel",
        "tourism": "hotel",
        "phone": "+353-95-45804",
        "website": "https://www.doonmore.com/"
      }
    },
    {
      "type": "Feature",
      "geometry": {
        "type": "Point",
        "coordinates": [
          -8.7316616,
          53.0392786
        ]
      },
      "properties": {
        "id": 514459565,
        "osm_type": "way",
        "tourism": "chalet"
      }
    },
    {
      "type": "Feature",
      "geometry": {
        "type": "Point",
        "coordinates": [
          -8.7317585,
          53.0398455
        ]
      },
      "properties": {
        "id": 516188303,
        "osm_type": "way",
        "name": "Crann Og Eco Farm",
        "tourism": "camp_site",
        "phone": "+353 851453535",
        "website": "https://ecostayireland.com/"
      }
    },
    {
      "type": "Feature",
      "geometry": {
        "type": "Point",
        "coordinates": [
          -9.4633727,
          53.7843909
        ]
      },
      "properties": {
        "id": 520762795,
        "osm_type": "way",
        "name": "Westport Country Lodge Hotel",
        "tourism": "hotel"
      }
    },
    {
      "type": "Feature",
      "geometry": {
        "type": "Point",
        "coordinates": [
          -9.5228928,
          53.7972719
        ]
      },
      "properties": {
        "id": 529165989,
        "osm_type": "way",
        "name": "High Street House",
        "tourism": "guest_house"
      }
    },
    {
      "type": "Feature",
      "geometry": {
        "type": "Point",
        "coordinates": [
          -8.8803469,
          53.2233346
        ]
      },
      "properties": {
        "id": 545674826,
        "osm_type": "way",
        "name": "Clareville Bed and Breakfast",
        "tourism": "guest_house",
        "phone": "+353863613820;+35391796248",
        "website": "http://homepage.eircom.net/~clareville/"
      }
    },
    {
      "type": "Feature",
      "geometry": {
        "type": "Point",
        "coordinates": [
          -8.9562589,
          54.2894094
        ]
      },
      "properties": {
        "id": 555462265,
        "osm_type": "way",
        "name": "Ocean Sound Bed & Breakfast",
        "tourism": "guest_house"
      }
    },
    {
      "type": "Feature",
      "geometry": {
        "type": "Point",
        "coordinates": [
          -8.9561674,
          54.2899199
        ]
      },
      "properties": {
        "id": 555462267,
        "osm_type": "way",
        "name": "Ocean Sound B & B",
        "tourism": "guest_house"
      }
    },
    {
      "type": "Feature",
      "geometry": {
        "type": "Point",
        "coordinates": [
          -8.8804148,
          53.2090587
        ]
      },
      "properties": {
        "id": 565921868,
        "osm_type": "way",
        "name": "Kilcolgan Castle",
        "tourism": "guest_house"
      }
    },
    {
      "type": "Feature",
      "geometry": {
        "type": "Point",
        "coordinates": [
          -8.9275054,
          53.1396883
        ]
      },
      "properties": {
        "id": 581242896,
        "osm_type": "way",
        "name": "Dunguaire Cottages",
        "tourism": "chalet"
      }
    },
    {
      "type": "Feature",
      "geometry": {
        "type": "Point",
        "coordinates": [
          -8.9278325,
          53.1398835
        ]
      },
      "properties": {
        "id": 581242897,
        "osm_type": "way",
        "name": "Dunguaire Cottages",
        "tourism": "chalet"
      }
    },
    {
      "type": "Feature",
      "geometry": {
        "type": "Point",
        "coordinates": [
          -8.9281248,
          53.1399675
        ]
      },
      "properties": {
        "id": 581242898,
        "osm_type": "way",
        "name": "Dunguaire Cottages",
        "tourism": "chalet"
      }
    },
    {
      "type": "Feature",
      "geometry": {
        "type": "Point",
        "coordinates": [
          -9.0450056,
          53.2751956
        ]
      },
      "properties": {
        "id": 587893345,
        "osm_type": "way",
        "name": "Snoozles",
        "tourism": "hostel",
        "phone": "+353-91-530064",
        "website": "https://www.snoozleshostelgalway.ie/"
      }
    },
    {
      "type": "Feature",
      "geometry": {
        "type": "Point",
        "coordinates": [
          -8.3384064,
          54.2673473
        ]
      },
      "properties": {
        "id": 599046676,
        "osm_type": "way",
        "name": "Castle View B&B",
        "tourism": "guest_house"
      }
    },
    {
      "type": "Feature",
      "geometry": {
        "type": "Point",
        "coordinates": [
          -8.4487526,
          54.466509
        ]
      },
      "properties": {
        "id": 600449964,
        "osm_type": "way",
        "name": "Beach Hotel",
        "tourism": "hotel"
      }
    },
    {
      "type": "Feature",
      "geometry": {
        "type": "Point",
        "coordinates": [
          -8.4677929,
          54.263441
        ]
      },
      "properties": {
        "id": 600857612,
        "osm_type": "way",
        "name": "Pearse Lodge B&B",
        "tourism": "guest_house",
        "website": "https://www.pearselodge.com/"
      }
    },
    {
      "type": "Feature",
      "geometry": {
        "type": "Point",
        "coordinates": [
          -8.4693478,
          54.2651312
        ]
      },
      "properties": {
        "id": 600866010,
        "osm_type": "way",
        "tourism": "guest_house"
      }
    },
    {
      "type": "Feature",
      "geometry": {
        "type": "Point",
        "coordinates": [
          -8.4692406,
          54.2646076
        ]
      },
      "properties": {
        "id": 600866014,
        "osm_type": "way",
        "name": "Saint Anne's",
        "tourism": "guest_house"
      }
    },
    {
      "type": "Feature",
      "geometry": {
        "type": "Point",
        "coordinates": [
          -8.4691394,
          54.2644253
        ]
      },
      "properties": {
        "id": 600866016,
        "osm_type": "way",
        "name": "Innisfree house",
        "tourism": "guest_house"
      }
    },
    {
      "type": "Feature",
      "geometry": {
        "type": "Point",
        "coordinates": [
          -8.4690538,
          54.26428
        ]
      },
      "properties": {
        "id": 600866017,
        "osm_type": "way",
        "name": "Lough Gill House",
        "tourism": "guest_house",
        "phone": "+353 (0) 719150045"
      }
    },
    {
      "type": "Feature",
      "geometry": {
        "type": "Point",
        "coordinates": [
          -8.4687824,
          54.2641406
        ]
      },
      "properties": {
        "id": 600866080,
        "osm_type": "way",
        "tourism": "guest_house"
      }
    },
    {
      "type": "Feature",
      "geometry": {
        "type": "Point",
        "coordinates": [
          -8.4687341,
          54.263949
        ]
      },
      "properties": {
        "id": 600866081,
        "osm_type": "way",
        "tourism": "guest_house"
      }
    },
    {
      "type": "Feature",
      "geometry": {
        "type": "Point",
        "coordinates": [
          -9.352016,
          53.2447138
        ]
      },
      "properties": {
        "id": 610873195,
        "osm_type": "way",
        "name": "Tigh Chualáin",
        "tourism": "guest_house",
        "phone": "+353 91 553609",
        "website": "http://tighchualain.com"
      }
    },
    {
      "type": "Feature",
      "geometry": {
        "type": "Point",
        "coordinates": [
          -10.1069521,
          53.971963
        ]
      },
      "properties": {
        "id": 614259211,
        "osm_type": "way",
        "name": "The Atlantic Breeze",
        "tourism": "guest_house",
        "phone": "+353 (0)86 358 3205",
        "website": "https://atlanticbreeze-achill.com/"
      }
    },
    {
      "type": "Feature",
      "geometry": {
        "type": "Point",
        "coordinates": [
          -10.1035653,
          53.9715332
        ]
      },
      "properties": {
        "id": 614259214,
        "osm_type": "way",
        "name": "Achill Head Hotel",
        "tourism": "hotel"
      }
    },
    {
      "type": "Feature",
      "geometry": {
        "type": "Point",
        "coordinates": [
          -10.092802,
          53.9723649
        ]
      },
      "properties": {
        "id": 614259271,
        "osm_type": "way",
        "name": "Fuchsia Lodge",
        "tourism": "guest_house",
        "website": "http://www.fuchsiacottage.org/"
      }
    },
    {
      "type": "Feature",
      "geometry": {
        "type": "Point",
        "coordinates": [
          -10.0851077,
          53.9730794
        ]
      },
      "properties": {
        "id": 614259280,
        "osm_type": "way",
        "name": "Seashell Cottage",
        "tourism": "chalet"
      }
    },
    {
      "type": "Feature",
      "geometry": {
        "type": "Point",
        "coordinates": [
          -10.0849634,
          53.9726273
        ]
      },
      "properties": {
        "id": 614259285,
        "osm_type": "way",
        "name": "Bervie",
        "tourism": "guest_house",
        "phone": "+353 (0)98 43114",
        "website": "https://bervieachill.com/"
      }
    },
    {
      "type": "Feature",
      "geometry": {
        "type": "Point",
        "coordinates": [
          -10.0931206,
          53.9718558
        ]
      },
      "properties": {
        "id": 614278503,
        "osm_type": "way",
        "name": "Richview",
        "tourism": "hostel"
      }
    },
    {
      "type": "Feature",
      "geometry": {
        "type": "Point",
        "coordinates": [
          -10.0918248,
          53.9727326
        ]
      },
      "properties": {
        "id": 614278510,
        "osm_type": "way",
        "name": "Achill Island House",
        "tourism": "guest_house"
      }
    },
    {
      "type": "Feature",
      "geometry": {
        "type": "Point",
        "coordinates": [
          -10.1469426,
          53.971378
        ]
      },
      "properties": {
        "id": 614280959,
        "osm_type": "way",
        "name": "Inisaoibhinn",
        "tourism": "guest_house",
        "phone": "+3539843352"
      }
    },
    {
      "type": "Feature",
      "geometry": {
        "type": "Point",
        "coordinates": [
          -9.7410075,
          54.144623
        ]
      },
      "properties": {
        "id": 614448818,
        "osm_type": "way",
        "name": "Hillcrest House B&B",
        "tourism": "guest_house",
        "phone": "+3530860776842"
      }
    },
    {
      "type": "Feature",
      "geometry": {
        "type": "Point",
        "coordinates": [
          -9.7469901,
          54.1445027
        ]
      },
      "properties": {
        "id": 614453065,
        "osm_type": "way",
        "name": "Ennisdrums",
        "tourism": "guest_house"
      }
    },
    {
      "type": "Feature",
      "geometry": {
        "type": "Point",
        "coordinates": [
          -9.6681683,
          53.1198761
        ]
      },
      "properties": {
        "id": 672833343,
        "osm_type": "way",
        "name": "Kilronan Hostel",
        "tourism": "hostel",
        "phone": "+353 99 61255",
        "website": "http://www.kilronanhostel.com/"
      }
    },
    {
      "type": "Feature",
      "geometry": {
        "type": "Point",
        "coordinates": [
          -8.929777,
          53.2685442
        ]
      },
      "properties": {
        "id": 684671647,
        "osm_type": "way",
        "name": "Coach House Hotel",
        "tourism": "hotel",
        "check_date": "2026-04-19"
      }
    },
    {
      "type": "Feature",
      "geometry": {
        "type": "Point",
        "coordinates": [
          -8.9430381,
          54.2839158
        ]
      },
      "properties": {
        "id": 685871959,
        "osm_type": "way",
        "name": "Seafield House",
        "tourism": "guest_house"
      }
    },
    {
      "type": "Feature",
      "geometry": {
        "type": "Point",
        "coordinates": [
          -8.2561382,
          53.9387516
        ]
      },
      "properties": {
        "id": 695882182,
        "osm_type": "way",
        "name": "Rushfield Farmhouse",
        "tourism": "guest_house"
      }
    },
    {
      "type": "Feature",
      "geometry": {
        "type": "Point",
        "coordinates": [
          -9.9194045,
          53.9329525
        ]
      },
      "properties": {
        "id": 713405841,
        "osm_type": "way",
        "name": "Óstán Oileán Acla",
        "tourism": "hotel",
        "phone": "+353 98 45138",
        "website": "https://achillislandhotel.com"
      }
    },
    {
      "type": "Feature",
      "geometry": {
        "type": "Point",
        "coordinates": [
          -9.924932,
          53.9305793
        ]
      },
      "properties": {
        "id": 715036424,
        "osm_type": "way",
        "name": "Óstán Ghob a' Choire",
        "tourism": "hotel",
        "phone": "+353 98 45245",
        "website": "http://achillsoundhotel.com"
      }
    },
    {
      "type": "Feature",
      "geometry": {
        "type": "Point",
        "coordinates": [
          -8.2558105,
          53.7795412
        ]
      },
      "properties": {
        "id": 717529766,
        "osm_type": "way",
        "name": "Anne's B&B",
        "tourism": "guest_house",
        "phone": "087-8208534",
        "website": "http://www.visittulsk.com/"
      }
    },
    {
      "type": "Feature",
      "geometry": {
        "type": "Point",
        "coordinates": [
          -8.3904261,
          54.4128514
        ]
      },
      "properties": {
        "id": 721287340,
        "osm_type": "way",
        "name": "The Benwiskin Centre",
        "tourism": "hostel",
        "website": "http://benwiskincentre.com/"
      }
    },
    {
      "type": "Feature",
      "geometry": {
        "type": "Point",
        "coordinates": [
          -8.5474471,
          54.1518339
        ]
      },
      "properties": {
        "id": 729711768,
        "osm_type": "way",
        "name": "Schoolhouse at Annaghmore",
        "tourism": "guest_house",
        "website": "https://www.irishlandmark.com/property/schoolhouse-at-annaghmore/"
      }
    },
    {
      "type": "Feature",
      "geometry": {
        "type": "Point",
        "coordinates": [
          -9.6973699,
          53.5954787
        ]
      },
      "properties": {
        "id": 738797633,
        "osm_type": "way",
        "name": "Portfinn Lodge B&B",
        "tourism": "guest_house",
        "phone": "+353-95-42265",
        "website": "http://www.portfinn.com"
      }
    },
    {
      "type": "Feature",
      "geometry": {
        "type": "Point",
        "coordinates": [
          -9.9429494,
          53.9032263
        ]
      },
      "properties": {
        "id": 738915311,
        "osm_type": "way",
        "name": "Derreens Hill House",
        "tourism": "guest_house",
        "phone": "+353 83 146 3355",
        "website": "http://derreens-hill-house-holiday-home.ireland-hotels.net/en"
      }
    },
    {
      "type": "Feature",
      "geometry": {
        "type": "Point",
        "coordinates": [
          -8.9220067,
          54.2570352
        ]
      },
      "properties": {
        "id": 755509483,
        "osm_type": "way",
        "name": "Atlantic and Riverside, Bed and Breakfast",
        "tourism": "guest_house"
      }
    },
    {
      "type": "Feature",
      "geometry": {
        "type": "Point",
        "coordinates": [
          -8.5131281,
          54.0886848
        ]
      },
      "properties": {
        "id": 755942698,
        "osm_type": "way",
        "name": "Coach House Hotel",
        "tourism": "hotel"
      }
    },
    {
      "type": "Feature",
      "geometry": {
        "type": "Point",
        "coordinates": [
          -8.7712694,
          54.0032617
        ]
      },
      "properties": {
        "id": 758995957,
        "osm_type": "way",
        "name": "Yeats County Inn",
        "tourism": "hotel",
        "phone": "+353-94-9255050",
        "website": "http://yeatscountyinn.com/"
      }
    },
    {
      "type": "Feature",
      "geometry": {
        "type": "Point",
        "coordinates": [
          -9.2608061,
          54.2981333
        ]
      },
      "properties": {
        "id": 762199010,
        "osm_type": "way",
        "name": "Creevagh Heights",
        "tourism": "guest_house",
        "phone": "+353872523434",
        "website": "https://www.creevaghheights.com/"
      }
    },
    {
      "type": "Feature",
      "geometry": {
        "type": "Point",
        "coordinates": [
          -8.7458851,
          54.0524121
        ]
      },
      "properties": {
        "id": 763750075,
        "osm_type": "way",
        "name": "Pine Grove",
        "tourism": "guest_house"
      }
    },
    {
      "type": "Feature",
      "geometry": {
        "type": "Point",
        "coordinates": [
          -8.745526,
          54.052389
        ]
      },
      "properties": {
        "id": 763750082,
        "osm_type": "way",
        "name": "Eden Villa",
        "tourism": "guest_house"
      }
    },
    {
      "type": "Feature",
      "geometry": {
        "type": "Point",
        "coordinates": [
          -9.0172954,
          53.3143155
        ]
      },
      "properties": {
        "id": 764468536,
        "osm_type": "way",
        "name": "Carraig Bed and Breakfast",
        "tourism": "guest_house",
        "website": "http://carraigbedandbreakfast.com/"
      }
    },
    {
      "type": "Feature",
      "geometry": {
        "type": "Point",
        "coordinates": [
          -8.7278562,
          54.053953
        ]
      },
      "properties": {
        "id": 764644023,
        "osm_type": "way",
        "name": "Cawley's Hotel",
        "tourism": "hotel"
      }
    },
    {
      "type": "Feature",
      "geometry": {
        "type": "Point",
        "coordinates": [
          -9.4907274,
          53.8245062
        ]
      },
      "properties": {
        "id": 767355379,
        "osm_type": "way",
        "tourism": "chalet"
      }
    },
    {
      "type": "Feature",
      "geometry": {
        "type": "Point",
        "coordinates": [
          -8.9396992,
          53.1393723
        ]
      },
      "properties": {
        "id": 768556068,
        "osm_type": "way",
        "name": "Merriman Hotel",
        "tourism": "hotel",
        "website": "https://www.merrimanhotel.com/"
      }
    },
    {
      "type": "Feature",
      "geometry": {
        "type": "Point",
        "coordinates": [
          -8.9398884,
          53.1390234
        ]
      },
      "properties": {
        "id": 769757659,
        "osm_type": "way",
        "name": "Fallons B&B",
        "tourism": "guest_house",
        "website": "https://www.fallonsbedandbreakfastkinvara.ie/",
        "check_date": "2025-10-27"
      }
    },
    {
      "type": "Feature",
      "geometry": {
        "type": "Point",
        "coordinates": [
          -8.2441933,
          54.0995869
        ]
      },
      "properties": {
        "id": 781572956,
        "osm_type": "way",
        "name": "Granny's Cyber Cottage",
        "tourism": "guest_house"
      }
    },
    {
      "type": "Feature",
      "geometry": {
        "type": "Point",
        "coordinates": [
          -8.3363296,
          54.1031
        ]
      },
      "properties": {
        "id": 781830116,
        "osm_type": "way",
        "name": "The Gyreum Eco Lodge",
        "tourism": "hostel"
      }
    },
    {
      "type": "Feature",
      "geometry": {
        "type": "Point",
        "coordinates": [
          -8.4156757,
          54.1380142
        ]
      },
      "properties": {
        "id": 782259903,
        "osm_type": "way",
        "name": "Coopershill House",
        "tourism": "guest_house"
      }
    },
    {
      "type": "Feature",
      "geometry": {
        "type": "Point",
        "coordinates": [
          -9.0945038,
          54.2169417
        ]
      },
      "properties": {
        "id": 787187858,
        "osm_type": "way",
        "name": "Waterfront House",
        "tourism": "guest_house",
        "contact:phone": "+353 96 37120",
        "contact:website": "https://www.waterfronthouse.ie/"
      }
    },
    {
      "type": "Feature",
      "geometry": {
        "type": "Point",
        "coordinates": [
          -8.9605051,
          54.2855703
        ]
      },
      "properties": {
        "id": 787911711,
        "osm_type": "way",
        "tourism": "guest_house"
      }
    },
    {
      "type": "Feature",
      "geometry": {
        "type": "Point",
        "coordinates": [
          -8.4817685,
          54.2705359
        ]
      },
      "properties": {
        "id": 789266272,
        "osm_type": "way",
        "name": "The Beehive",
        "tourism": "hostel"
      }
    },
    {
      "type": "Feature",
      "geometry": {
        "type": "Point",
        "coordinates": [
          -8.4748069,
          54.2727568
        ]
      },
      "properties": {
        "id": 790601947,
        "osm_type": "way",
        "name": "The Glasshouse",
        "tourism": "hotel",
        "phone": "+353 71 9194300",
        "website": "https://www.theglasshouse.ie/"
      }
    },
    {
      "type": "Feature",
      "geometry": {
        "type": "Point",
        "coordinates": [
          -9.5474876,
          54.2959218
        ]
      },
      "properties": {
        "id": 800147374,
        "osm_type": "way",
        "tourism": "guest_house"
      }
    },
    {
      "type": "Feature",
      "geometry": {
        "type": "Point",
        "coordinates": [
          -8.0699297,
          53.9424936
        ]
      },
      "properties": {
        "id": 836614935,
        "osm_type": "way",
        "tourism": "guest_house"
      }
    },
    {
      "type": "Feature",
      "geometry": {
        "type": "Point",
        "coordinates": [
          -8.0663163,
          53.9889581
        ]
      },
      "properties": {
        "id": 836802619,
        "osm_type": "way",
        "tourism": "hotel"
      }
    },
    {
      "type": "Feature",
      "geometry": {
        "type": "Point",
        "coordinates": [
          -8.586081,
          53.202642
        ]
      },
      "properties": {
        "id": 839116209,
        "osm_type": "way",
        "name": "Lough Rea Hotel & Spa",
        "tourism": "hotel",
        "phone": "+353 91 880088",
        "website": "https://www.loughreahotelandspa.com/"
      }
    },
    {
      "type": "Feature",
      "geometry": {
        "type": "Point",
        "coordinates": [
          -9.8982008,
          54.1129555
        ]
      },
      "properties": {
        "id": 852559635,
        "osm_type": "way",
        "name": "Erris House",
        "tourism": "hotel"
      }
    },
    {
      "type": "Feature",
      "geometry": {
        "type": "Point",
        "coordinates": [
          -9.6622884,
          53.1251723
        ]
      },
      "properties": {
        "id": 853848299,
        "osm_type": "way",
        "name": "Aran Islands Camping & Glamping",
        "tourism": "camp_site",
        "tents": "yes",
        "phone": "+353 86 189 5823",
        "website": "https://www.irelandglamping.ie/"
      }
    },
    {
      "type": "Feature",
      "geometry": {
        "type": "Point",
        "coordinates": [
          -8.5225558,
          54.2730928
        ]
      },
      "properties": {
        "id": 856485856,
        "osm_type": "way",
        "name": "Chestnut Lawn B&B",
        "tourism": "guest_house",
        "phone": "+353719162781",
        "website": "https://irishfarmholidays.com/accommodation-listings/chestnut-lawn/"
      }
    },
    {
      "type": "Feature",
      "geometry": {
        "type": "Point",
        "coordinates": [
          -9.9849395,
          54.2187002
        ]
      },
      "properties": {
        "id": 856893009,
        "osm_type": "way",
        "name": "Chez Nous",
        "tourism": "guest_house"
      }
    },
    {
      "type": "Feature",
      "geometry": {
        "type": "Point",
        "coordinates": [
          -9.933938,
          54.2074753
        ]
      },
      "properties": {
        "id": 857650698,
        "osm_type": "way",
        "name": "360 House Accommodation",
        "tourism": "guest_house",
        "website": "https://www.360kitesurfing.ie/book-a-room"
      }
    },
    {
      "type": "Feature",
      "geometry": {
        "type": "Point",
        "coordinates": [
          -9.7825596,
          54.0665051
        ]
      },
      "properties": {
        "id": 864326843,
        "osm_type": "way",
        "tourism": "hotel"
      }
    },
    {
      "type": "Feature",
      "geometry": {
        "type": "Point",
        "coordinates": [
          -9.2917224,
          54.1392319
        ]
      },
      "properties": {
        "id": 881294761,
        "osm_type": "way",
        "tourism": "chalet",
        "phone": "(353) 86 877 7270",
        "website": "https://burkesholidaycottages.com/"
      }
    },
    {
      "type": "Feature",
      "geometry": {
        "type": "Point",
        "coordinates": [
          -9.2922359,
          54.1393256
        ]
      },
      "properties": {
        "id": 881294762,
        "osm_type": "way",
        "tourism": "chalet",
        "phone": "(353) 86 877 7270",
        "website": "https://burkesholidaycottages.com/"
      }
    },
    {
      "type": "Feature",
      "geometry": {
        "type": "Point",
        "coordinates": [
          -7.9449385,
          54.1576243
        ]
      },
      "properties": {
        "id": 895458308,
        "osm_type": "way",
        "tourism": "camp_site"
      }
    },
    {
      "type": "Feature",
      "geometry": {
        "type": "Point",
        "coordinates": [
          -9.1527646,
          53.2514227
        ]
      },
      "properties": {
        "id": 912372604,
        "osm_type": "way",
        "name": "The Twelve",
        "tourism": "hotel"
      }
    },
    {
      "type": "Feature",
      "geometry": {
        "type": "Point",
        "coordinates": [
          -9.8398084,
          53.5635243
        ]
      },
      "properties": {
        "id": 931874343,
        "osm_type": "way",
        "name": "Kylemore House",
        "tourism": "guest_house",
        "website": "https://kylemorehouse.net/",
        "check_date": "2025-07-30"
      }
    },
    {
      "type": "Feature",
      "geometry": {
        "type": "Point",
        "coordinates": [
          -9.2435402,
          53.5332769
        ]
      },
      "properties": {
        "id": 941918304,
        "osm_type": "way",
        "name": "Corrib View Villas",
        "tourism": "guest_house"
      }
    },
    {
      "type": "Feature",
      "geometry": {
        "type": "Point",
        "coordinates": [
          -9.246089,
          53.5334022
        ]
      },
      "properties": {
        "id": 941918307,
        "osm_type": "way",
        "name": "Moytura House",
        "tourism": "guest_house"
      }
    },
    {
      "type": "Feature",
      "geometry": {
        "type": "Point",
        "coordinates": [
          -9.2596517,
          53.5401428
        ]
      },
      "properties": {
        "id": 941918376,
        "osm_type": "way",
        "name": "Ashford Haven B&B",
        "tourism": "guest_house"
      }
    },
    {
      "type": "Feature",
      "geometry": {
        "type": "Point",
        "coordinates": [
          -8.4688126,
          54.2642013
        ]
      },
      "properties": {
        "id": 942200436,
        "osm_type": "way",
        "tourism": "guest_house"
      }
    },
    {
      "type": "Feature",
      "geometry": {
        "type": "Point",
        "coordinates": [
          -8.4687389,
          54.2640117
        ]
      },
      "properties": {
        "id": 942200437,
        "osm_type": "way",
        "tourism": "guest_house"
      }
    },
    {
      "type": "Feature",
      "geometry": {
        "type": "Point",
        "coordinates": [
          -9.7411308,
          53.4895881
        ]
      },
      "properties": {
        "id": 947748757,
        "osm_type": "way",
        "name": "Connemara Mountain Hostel",
        "tourism": "hostel",
        "website": "https://www.sleepzone.ie/the-connemara-hostel"
      }
    },
    {
      "type": "Feature",
      "geometry": {
        "type": "Point",
        "coordinates": [
          -9.1637425,
          53.2488118
        ]
      },
      "properties": {
        "id": 948993545,
        "osm_type": "way",
        "name": "Seaclusion Barna",
        "tourism": "hotel",
        "phone": "+353 85 176 3927",
        "check_date": "2024-05-17"
      }
    },
    {
      "type": "Feature",
      "geometry": {
        "type": "Point",
        "coordinates": [
          -9.3924282,
          54.2995732
        ]
      },
      "properties": {
        "id": 949110644,
        "osm_type": "way",
        "name": "Stella Maris Country House Hotel",
        "tourism": "hotel",
        "website": "https://www.stellamarisireland.com/"
      }
    },
    {
      "type": "Feature",
      "geometry": {
        "type": "Point",
        "coordinates": [
          -9.3642898,
          53.5444983
        ]
      },
      "properties": {
        "id": 952139706,
        "osm_type": "way",
        "name": "Fairhill House Hotel",
        "tourism": "hotel"
      }
    },
    {
      "type": "Feature",
      "geometry": {
        "type": "Point",
        "coordinates": [
          -9.5426981,
          53.7984283
        ]
      },
      "properties": {
        "id": 956193665,
        "osm_type": "way",
        "name": "Boffin Lodge B&B",
        "tourism": "guest_house"
      }
    },
    {
      "type": "Feature",
      "geometry": {
        "type": "Point",
        "coordinates": [
          -9.0850041,
          53.2586406
        ]
      },
      "properties": {
        "id": 960804247,
        "osm_type": "way",
        "name": "Galway Bay Hotel",
        "tourism": "hotel",
        "phone": "+353 91 514 645",
        "website": "https://www.galwaybayhotel.net/"
      }
    },
    {
      "type": "Feature",
      "geometry": {
        "type": "Point",
        "coordinates": [
          -9.0877018,
          53.2583856
        ]
      },
      "properties": {
        "id": 960805888,
        "osm_type": "way",
        "name": "Salthill Hotel",
        "tourism": "hotel",
        "phone": "+353 91 522 711",
        "website": "https://www.salthillhotel.com/"
      }
    },
    {
      "type": "Feature",
      "geometry": {
        "type": "Point",
        "coordinates": [
          -9.1034584,
          53.2580343
        ]
      },
      "properties": {
        "id": 971629997,
        "osm_type": "way",
        "name": "O'Hallorans Caravan Park",
        "tourism": "caravan_site",
        "contact:phone": "+353 86 874 7422"
      }
    },
    {
      "type": "Feature",
      "geometry": {
        "type": "Point",
        "coordinates": [
          -9.0989483,
          53.3000391
        ]
      },
      "properties": {
        "id": 972903366,
        "osm_type": "way",
        "name": "Glenlo Abbey",
        "tourism": "hotel",
        "phone": "+353 91 526666",
        "website": "http://www.glenlo.com"
      }
    },
    {
      "type": "Feature",
      "geometry": {
        "type": "Point",
        "coordinates": [
          -9.1702089,
          53.8758124
        ]
      },
      "properties": {
        "id": 975191290,
        "osm_type": "way",
        "name": "Mayo Glamping",
        "tourism": "camp_site"
      }
    },
    {
      "type": "Feature",
      "geometry": {
        "type": "Point",
        "coordinates": [
          -9.0418778,
          53.2864741
        ]
      },
      "properties": {
        "id": 976330270,
        "osm_type": "way",
        "name": "Nox Hotel",
        "tourism": "hotel",
        "phone": "+353 91 735555"
      }
    },
    {
      "type": "Feature",
      "geometry": {
        "type": "Point",
        "coordinates": [
          -10.1333919,
          53.5257432
        ]
      },
      "properties": {
        "id": 980812854,
        "osm_type": "way",
        "name": "Connemara Beach House",
        "tourism": "chalet",
        "phone": "+353 86 8581403",
        "website": "https://www.connemarabeachhouse.com/"
      }
    },
    {
      "type": "Feature",
      "geometry": {
        "type": "Point",
        "coordinates": [
          -9.666813,
          53.1201485
        ]
      },
      "properties": {
        "id": 1004197547,
        "osm_type": "way",
        "name": "Pier View",
        "tourism": "guest_house",
        "check_date": "2025-07-13"
      }
    },
    {
      "type": "Feature",
      "geometry": {
        "type": "Point",
        "coordinates": [
          -9.0879626,
          53.2601867
        ]
      },
      "properties": {
        "id": 1018393290,
        "osm_type": "way",
        "name": "The Rockbarton Park Hotel",
        "tourism": "hotel"
      }
    },
    {
      "type": "Feature",
      "geometry": {
        "type": "Point",
        "coordinates": [
          -9.0534814,
          53.2762126
        ]
      },
      "properties": {
        "id": 1025580567,
        "osm_type": "way",
        "name": "Salmon Weir Hostel",
        "tourism": "hostel",
        "website": "https://www.salmonweirhostel.com/"
      }
    },
    {
      "type": "Feature",
      "geometry": {
        "type": "Point",
        "coordinates": [
          -9.0943925,
          54.2128584
        ]
      },
      "properties": {
        "id": 1066875769,
        "osm_type": "way",
        "name": "Ocean Sands Hotel",
        "tourism": "hotel",
        "phone": "+353 96 26700",
        "website": "https://theoceansandshotel.ie/"
      }
    },
    {
      "type": "Feature",
      "geometry": {
        "type": "Point",
        "coordinates": [
          -8.0624494,
          54.1665239
        ]
      },
      "properties": {
        "id": 1082088675,
        "osm_type": "way",
        "tourism": "camp_site"
      }
    },
    {
      "type": "Feature",
      "geometry": {
        "type": "Point",
        "coordinates": [
          -9.108509,
          53.2694947
        ]
      },
      "properties": {
        "id": 1087209216,
        "osm_type": "way",
        "name": "Clybaun Hotel",
        "tourism": "hotel",
        "phone": "+353 91 588 088",
        "website": "https://www.clybaunhotel.ie"
      }
    },
    {
      "type": "Feature",
      "geometry": {
        "type": "Point",
        "coordinates": [
          -10.0779231,
          53.437895
        ]
      },
      "properties": {
        "id": 1091332585,
        "osm_type": "way",
        "name": "Connemara Sands Hotel",
        "tourism": "hotel",
        "phone": "+353 95 230 30",
        "website": "https://www.connemarasands-hotel.com/"
      }
    },
    {
      "type": "Feature",
      "geometry": {
        "type": "Point",
        "coordinates": [
          -9.7953896,
          53.4159108
        ]
      },
      "properties": {
        "id": 1092345894,
        "osm_type": "way",
        "name": "Zetland Hotel",
        "tourism": "hotel"
      }
    },
    {
      "type": "Feature",
      "geometry": {
        "type": "Point",
        "coordinates": [
          -7.7977613,
          54.0270509
        ]
      },
      "properties": {
        "id": 1092360648,
        "osm_type": "way",
        "tourism": "guest_house"
      }
    },
    {
      "type": "Feature",
      "geometry": {
        "type": "Point",
        "coordinates": [
          -7.7976199,
          54.0270179
        ]
      },
      "properties": {
        "id": 1092360649,
        "osm_type": "way",
        "tourism": "guest_house"
      }
    },
    {
      "type": "Feature",
      "geometry": {
        "type": "Point",
        "coordinates": [
          -7.7953807,
          54.0297029
        ]
      },
      "properties": {
        "id": 1092360657,
        "osm_type": "way",
        "tourism": "guest_house"
      }
    },
    {
      "type": "Feature",
      "geometry": {
        "type": "Point",
        "coordinates": [
          -9.6761785,
          53.1182197
        ]
      },
      "properties": {
        "id": 1110685912,
        "osm_type": "way",
        "name": "Óstán Áran",
        "tourism": "hotel",
        "phone": "+353 99 61104",
        "website": "https://aranislandshotel.com"
      }
    },
    {
      "type": "Feature",
      "geometry": {
        "type": "Point",
        "coordinates": [
          -8.4620545,
          53.090237
        ]
      },
      "properties": {
        "id": 1121029684,
        "osm_type": "way",
        "tourism": "guest_house"
      }
    },
    {
      "type": "Feature",
      "geometry": {
        "type": "Point",
        "coordinates": [
          -8.4617356,
          53.0903914
        ]
      },
      "properties": {
        "id": 1121029685,
        "osm_type": "way",
        "name": "Cartron House Farm",
        "tourism": "hotel",
        "website": "https://www.cartronhouse.com/"
      }
    },
    {
      "type": "Feature",
      "geometry": {
        "type": "Point",
        "coordinates": [
          -9.9314502,
          53.9287839
        ]
      },
      "properties": {
        "id": 1151092884,
        "osm_type": "way",
        "name": "Safe Night Ireland",
        "tourism": "caravan_site",
        "website": "https://www.safenightsireland.com/location/achill-island-hotel/"
      }
    },
    {
      "type": "Feature",
      "geometry": {
        "type": "Point",
        "coordinates": [
          -8.4834121,
          54.2717596
        ]
      },
      "properties": {
        "id": 1152634835,
        "osm_type": "way",
        "name": "Great Southern Hotel",
        "tourism": "hotel"
      }
    },
    {
      "type": "Feature",
      "geometry": {
        "type": "Point",
        "coordinates": [
          -8.5443384,
          53.9205003
        ]
      },
      "properties": {
        "id": 1152751979,
        "osm_type": "way",
        "name": "Edmondstown House",
        "tourism": "guest_house"
      }
    },
    {
      "type": "Feature",
      "geometry": {
        "type": "Point",
        "coordinates": [
          -9.6656162,
          53.1200185
        ]
      },
      "properties": {
        "id": 1165393186,
        "osm_type": "way",
        "tourism": "guest_house"
      }
    },
    {
      "type": "Feature",
      "geometry": {
        "type": "Point",
        "coordinates": [
          -7.9197066,
          53.8311731
        ]
      },
      "properties": {
        "id": 1177558879,
        "osm_type": "way",
        "name": "Rooskey Caravan Park",
        "tourism": "caravan_site"
      }
    },
    {
      "type": "Feature",
      "geometry": {
        "type": "Point",
        "coordinates": [
          -9.9496843,
          53.5543207
        ]
      },
      "properties": {
        "id": 1180203157,
        "osm_type": "way",
        "name": "Ellis House",
        "tourism": "hostel",
        "phone": "+353-87-2414169"
      }
    },
    {
      "type": "Feature",
      "geometry": {
        "type": "Point",
        "coordinates": [
          -9.5198526,
          53.0647904
        ]
      },
      "properties": {
        "id": 1204832918,
        "osm_type": "way",
        "name": "Rua Camping",
        "tourism": "camp_site",
        "tents": "yes",
        "phone": "+353 83 863 3907",
        "website": "https://inisoirrcamping.ie/"
      }
    },
    {
      "type": "Feature",
      "geometry": {
        "type": "Point",
        "coordinates": [
          -9.7868037,
          53.8978871
        ]
      },
      "properties": {
        "id": 1205965807,
        "osm_type": "way",
        "name": "Mulranny Glamping",
        "tourism": "camp_site",
        "tents": "yes",
        "phone": "+353 87 638 5071"
      }
    },
    {
      "type": "Feature",
      "geometry": {
        "type": "Point",
        "coordinates": [
          -9.369565,
          54.280048
        ]
      },
      "properties": {
        "id": 1206613662,
        "osm_type": "way",
        "name": "Healy's Bar",
        "tourism": "camp_site",
        "tents": "yes"
      }
    },
    {
      "type": "Feature",
      "geometry": {
        "type": "Point",
        "coordinates": [
          -8.4615581,
          53.0902365
        ]
      },
      "properties": {
        "id": 1268237765,
        "osm_type": "way",
        "tourism": "guest_house"
      }
    },
    {
      "type": "Feature",
      "geometry": {
        "type": "Point",
        "coordinates": [
          -9.3703424,
          54.2796836
        ]
      },
      "properties": {
        "id": 1272153187,
        "osm_type": "way",
        "name": "Bourke's of Ballycastle",
        "tourism": "hostel"
      }
    },
    {
      "type": "Feature",
      "geometry": {
        "type": "Point",
        "coordinates": [
          -9.1402098,
          54.1272652
        ]
      },
      "properties": {
        "id": 1272703370,
        "osm_type": "way",
        "name": "Ice House",
        "tourism": "hotel",
        "phone": "+353-96-23500",
        "website": "https://www.icehousehotel.ie/"
      }
    },
    {
      "type": "Feature",
      "geometry": {
        "type": "Point",
        "coordinates": [
          -8.2204973,
          53.0840103
        ]
      },
      "properties": {
        "id": 1290789288,
        "osm_type": "way",
        "tourism": "caravan_site"
      }
    },
    {
      "type": "Feature",
      "geometry": {
        "type": "Point",
        "coordinates": [
          -9.0145931,
          53.2781653
        ]
      },
      "properties": {
        "id": 1319257203,
        "osm_type": "way",
        "name": "Flannery’s Hotel",
        "tourism": "hotel",
        "phone": "+353 91 755 111",
        "website": "https://www.flanneryshotelgalway.com/"
      }
    },
    {
      "type": "Feature",
      "geometry": {
        "type": "Point",
        "coordinates": [
          -8.9630009,
          54.2851943
        ]
      },
      "properties": {
        "id": 1322994267,
        "osm_type": "way",
        "name": "Easkey Camping Site",
        "tourism": "caravan_site",
        "phone": "+353 876186866",
        "website": "https://easkey.ie/facilities/accomodation/easkey-caravan-park/"
      }
    },
    {
      "type": "Feature",
      "geometry": {
        "type": "Point",
        "coordinates": [
          -8.5591172,
          54.3053273
        ]
      },
      "properties": {
        "id": 1340623209,
        "osm_type": "way",
        "name": "Sligo Bay Lodge",
        "tourism": "guest_house"
      }
    },
    {
      "type": "Feature",
      "geometry": {
        "type": "Point",
        "coordinates": [
          -9.9793535,
          54.2180084
        ]
      },
      "properties": {
        "id": 1378766334,
        "osm_type": "way",
        "tourism": "camp_site",
        "tents": "no"
      }
    },
    {
      "type": "Feature",
      "geometry": {
        "type": "Point",
        "coordinates": [
          -8.0728301,
          53.9989763
        ]
      },
      "properties": {
        "id": 1425798383,
        "osm_type": "way",
        "tourism": "chalet"
      }
    },
    {
      "type": "Feature",
      "geometry": {
        "type": "Point",
        "coordinates": [
          -8.0725855,
          53.9987639
        ]
      },
      "properties": {
        "id": 1425798384,
        "osm_type": "way",
        "tourism": "chalet"
      }
    },
    {
      "type": "Feature",
      "geometry": {
        "type": "Point",
        "coordinates": [
          -8.0723535,
          53.9985731
        ]
      },
      "properties": {
        "id": 1425798385,
        "osm_type": "way",
        "tourism": "chalet"
      }
    },
    {
      "type": "Feature",
      "geometry": {
        "type": "Point",
        "coordinates": [
          -8.0719883,
          53.9984037
        ]
      },
      "properties": {
        "id": 1425798386,
        "osm_type": "way",
        "tourism": "chalet"
      }
    },
    {
      "type": "Feature",
      "geometry": {
        "type": "Point",
        "coordinates": [
          -8.0718064,
          53.9982071
        ]
      },
      "properties": {
        "id": 1425798387,
        "osm_type": "way",
        "tourism": "chalet"
      }
    },
    {
      "type": "Feature",
      "geometry": {
        "type": "Point",
        "coordinates": [
          -8.0716004,
          53.997437
        ]
      },
      "properties": {
        "id": 1425798389,
        "osm_type": "way",
        "tourism": "chalet"
      }
    },
    {
      "type": "Feature",
      "geometry": {
        "type": "Point",
        "coordinates": [
          -8.0711208,
          53.997673
        ]
      },
      "properties": {
        "id": 1425798390,
        "osm_type": "way",
        "tourism": "chalet"
      }
    },
    {
      "type": "Feature",
      "geometry": {
        "type": "Point",
        "coordinates": [
          -8.0721888,
          53.9971447
        ]
      },
      "properties": {
        "id": 1425798391,
        "osm_type": "way",
        "tourism": "chalet"
      }
    },
    {
      "type": "Feature",
      "geometry": {
        "type": "Point",
        "coordinates": [
          -8.072454,
          53.9969047
        ]
      },
      "properties": {
        "id": 1425798392,
        "osm_type": "way",
        "tourism": "chalet"
      }
    },
    {
      "type": "Feature",
      "geometry": {
        "type": "Point",
        "coordinates": [
          -8.073409,
          53.9971106
        ]
      },
      "properties": {
        "id": 1425798397,
        "osm_type": "way",
        "tourism": "chalet"
      }
    },
    {
      "type": "Feature",
      "geometry": {
        "type": "Point",
        "coordinates": [
          -8.0740758,
          53.9974325
        ]
      },
      "properties": {
        "id": 1425798398,
        "osm_type": "way",
        "tourism": "chalet"
      }
    },
    {
      "type": "Feature",
      "geometry": {
        "type": "Point",
        "coordinates": [
          -8.0726335,
          53.9966402
        ]
      },
      "properties": {
        "id": 1425798399,
        "osm_type": "way",
        "tourism": "chalet"
      }
    },
    {
      "type": "Feature",
      "geometry": {
        "type": "Point",
        "coordinates": [
          -8.0735525,
          53.9966858
        ]
      },
      "properties": {
        "id": 1425798400,
        "osm_type": "way",
        "tourism": "chalet"
      }
    },
    {
      "type": "Feature",
      "geometry": {
        "type": "Point",
        "coordinates": [
          -8.0740751,
          53.9963396
        ]
      },
      "properties": {
        "id": 1425798401,
        "osm_type": "way",
        "tourism": "chalet"
      }
    },
    {
      "type": "Feature",
      "geometry": {
        "type": "Point",
        "coordinates": [
          -8.0728837,
          53.9963795
        ]
      },
      "properties": {
        "id": 1425798402,
        "osm_type": "way",
        "tourism": "chalet"
      }
    },
    {
      "type": "Feature",
      "geometry": {
        "type": "Point",
        "coordinates": [
          -8.0731697,
          53.9961785
        ]
      },
      "properties": {
        "id": 1425798403,
        "osm_type": "way",
        "tourism": "chalet"
      }
    },
    {
      "type": "Feature",
      "geometry": {
        "type": "Point",
        "coordinates": [
          -10.1035531,
          53.9716375
        ]
      },
      "properties": {
        "id": 1486517101,
        "osm_type": "way",
        "tourism": "hotel"
      }
    },
    {
      "type": "Feature",
      "geometry": {
        "type": "Point",
        "coordinates": [
          -8.5705224,
          54.3075589
        ]
      },
      "properties": {
        "id": 2387248,
        "osm_type": "relation",
        "name": "Rosses Point Caravan & Camping Park",
        "tourism": "camp_site",
        "tents": "yes",
        "website": "https://www.sligocaravanandcamping.ie/"
      }
    },
    {
      "type": "Feature",
      "geometry": {
        "type": "Point",
        "coordinates": [
          -8.6059564,
          54.2719309
        ]
      },
      "properties": {
        "id": 2833893,
        "osm_type": "relation",
        "name": "Strandhill Caravan & Camping Park",
        "tourism": "camp_site",
        "website": "https://www.sligocaravanandcamping.ie/strandhill-park/"
      }
    },
    {
      "type": "Feature",
      "geometry": {
        "type": "Point",
        "coordinates": [
          -8.9200909,
          53.7869466
        ]
      },
      "properties": {
        "id": 5838132,
        "osm_type": "relation",
        "tourism": "caravan_site"
      }
    },
    {
      "type": "Feature",
      "geometry": {
        "type": "Point",
        "coordinates": [
          -8.9189757,
          53.787709
        ]
      },
      "properties": {
        "id": 5838133,
        "osm_type": "relation",
        "tourism": "caravan_site"
      }
    },
    {
      "type": "Feature",
      "geometry": {
        "type": "Point",
        "coordinates": [
          -9.2743611,
          53.5349017
        ]
      },
      "properties": {
        "id": 6180438,
        "osm_type": "relation",
        "name": "The Lodge at Ashford Castle",
        "tourism": "hotel",
        "phone": "+353-94-954-5400",
        "website": "https://www.thelodgeac.com/"
      }
    },
    {
      "type": "Feature",
      "geometry": {
        "type": "Point",
        "coordinates": [
          -9.5198025,
          53.8011352
        ]
      },
      "properties": {
        "id": 6705554,
        "osm_type": "relation",
        "name": "Westport Plaza Hotel",
        "tourism": "hotel",
        "website": "https://www.westportplazahotel.ie/"
      }
    },
    {
      "type": "Feature",
      "geometry": {
        "type": "Point",
        "coordinates": [
          -9.548165,
          53.7999472
        ]
      },
      "properties": {
        "id": 6729773,
        "osm_type": "relation",
        "name": "The Harbour Mill",
        "tourism": "hotel"
      }
    },
    {
      "type": "Feature",
      "geometry": {
        "type": "Point",
        "coordinates": [
          -8.8798097,
          53.2086755
        ]
      },
      "properties": {
        "id": 8067104,
        "osm_type": "relation",
        "tourism": "guest_house"
      }
    },
    {
      "type": "Feature",
      "geometry": {
        "type": "Point",
        "coordinates": [
          -8.9818194,
          53.1666752
        ]
      },
      "properties": {
        "id": 8116788,
        "osm_type": "relation",
        "name": "Doorus House Hostel",
        "tourism": "hostel",
        "phone": "+353 (0) 91-637512"
      }
    },
    {
      "type": "Feature",
      "geometry": {
        "type": "Point",
        "coordinates": [
          -10.0214431,
          54.0090385
        ]
      },
      "properties": {
        "id": 8186855,
        "osm_type": "relation",
        "name": "Seal Caves",
        "tourism": "camp_site"
      }
    },
    {
      "type": "Feature",
      "geometry": {
        "type": "Point",
        "coordinates": [
          -8.093693,
          53.9459725
        ]
      },
      "properties": {
        "id": 9466391,
        "osm_type": "relation",
        "name": "Bush Hotel",
        "tourism": "hotel",
        "website": "https://www.bushhotel.com/"
      }
    },
    {
      "type": "Feature",
      "geometry": {
        "type": "Point",
        "coordinates": [
          -9.758297,
          53.1307629
        ]
      },
      "properties": {
        "id": 15448475,
        "osm_type": "relation",
        "tourism": "guest_house",
        "website": "https://www.irelandwide.com/acom/kilmurveyhouse/index.htm"
      }
    },
    {
      "type": "Feature",
      "geometry": {
        "type": "Point",
        "coordinates": [
          -9.3836173,
          53.5579028
        ]
      },
      "properties": {
        "id": 19443557,
        "osm_type": "relation",
        "tourism": "camp_site"
      }
    }
  ]
}