{
  "type": "FeatureCollection",
  "features": [
    {
      "type": "Feature",
      "geometry": {
        "type": "Point",
        "coordinates": [
          24.9515812,
          60.177157
        ]
      },
      "properties": {
        "id": 55211772,
        "osm_type": "node",
        "name": "Hilton Helsinki Strand",
        "tourism": "hotel",
        "phone": "+358 300 308488",
        "website": "https://www.hilton.com/en/hotels/helhihi-hilton-helsinki-strand/"
      }
    },
    {
      "type": "Feature",
      "geometry": {
        "type": "Point",
        "coordinates": [
          24.9394894,
          60.1723842
        ]
      },
      "properties": {
        "id": 56431685,
        "osm_type": "node",
        "name": "Scandic Helsinki Station",
        "tourism": "hotel"
      }
    },
    {
      "type": "Feature",
      "geometry": {
        "type": "Point",
        "coordinates": [
          24.9279086,
          60.1789344
        ]
      },
      "properties": {
        "id": 60060852,
        "osm_type": "node",
        "name": "Scandic Park Helsinki",
        "tourism": "hotel",
        "website": "https://www.scandichotels.fi/hotellit/suomi/helsinki/scandic-park-helsinki"
      }
    },
    {
      "type": "Feature",
      "geometry": {
        "type": "Point",
        "coordinates": [
          24.9326073,
          60.1705978
        ]
      },
      "properties": {
        "id": 60069595,
        "osm_type": "node",
        "name": "Original Sokos Hotel Presidentti",
        "tourism": "hotel",
        "website": "https://www.sokoshotels.fi/en/helsinki/sokos-hotel-presidentti"
      }
    },
    {
      "type": "Feature",
      "geometry": {
        "type": "Point",
        "coordinates": [
          24.9373402,
          60.201771
        ]
      },
      "properties": {
        "id": 75414201,
        "osm_type": "node",
        "name": "Holiday Inn Helsinki - Messukeskus",
        "tourism": "hotel",
        "website": "http://www.finland.holidayinn.com/hotellit/helsinki/fi_FI/helsinki/",
        "check_date": "2024-03-19"
      }
    },
    {
      "type": "Feature",
      "geometry": {
        "type": "Point",
        "coordinates": [
          24.953467,
          60.2168619
        ]
      },
      "properties": {
        "id": 143499899,
        "osm_type": "node",
        "name": "Park Hotel Käpylä",
        "tourism": "hotel"
      }
    },
    {
      "type": "Feature",
      "geometry": {
        "type": "Point",
        "coordinates": [
          24.9350977,
          60.1650012
        ]
      },
      "properties": {
        "id": 151006946,
        "osm_type": "node",
        "name": "Matkamajoitus Traveller's Home",
        "tourism": "hostel",
        "phone": "+358 44 211 9526",
        "website": "http://www.matkamajoitus.fi/"
      }
    },
    {
      "type": "Feature",
      "geometry": {
        "type": "Point",
        "coordinates": [
          24.7556577,
          60.2071413
        ]
      },
      "properties": {
        "id": 155550797,
        "osm_type": "node",
        "name": "Scandic Espoo",
        "tourism": "hotel",
        "phone": "+358 9 43520",
        "website": "https://www.scandichotels.fi/Hotels/Suomi/Espoo/Scandic-Espoo/"
      }
    },
    {
      "type": "Feature",
      "geometry": {
        "type": "Point",
        "coordinates": [
          24.9351916,
          60.1627768
        ]
      },
      "properties": {
        "id": 173269729,
        "osm_type": "node",
        "name": "Original Sokos Hotel Albert",
        "tourism": "hotel",
        "website": "https://sokoshotels.fi/en/helsinki/sokos-hotel-albert"
      }
    },
    {
      "type": "Feature",
      "geometry": {
        "type": "Point",
        "coordinates": [
          24.9244835,
          60.1619785
        ]
      },
      "properties": {
        "id": 248343228,
        "osm_type": "node",
        "name": "Radisson Blu Seaside",
        "tourism": "hotel",
        "phone": "+358 20 1234707",
        "website": "https://www.radissonblu.com/fi/seasidehotelli-helsinki",
        "check_date": "2025-06-13"
      }
    },
    {
      "type": "Feature",
      "geometry": {
        "type": "Point",
        "coordinates": [
          25.6733819,
          60.3951881
        ]
      },
      "properties": {
        "id": 269108509,
        "osm_type": "node",
        "name": "Gasthaus Werneri",
        "tourism": "hotel"
      }
    },
    {
      "type": "Feature",
      "geometry": {
        "type": "Point",
        "coordinates": [
          25.6621948,
          60.3940216
        ]
      },
      "properties": {
        "id": 269109066,
        "osm_type": "node",
        "name": "Hotelli Sparre",
        "tourism": "hotel",
        "website": "https://sparre.fi/",
        "check_date": "2025-07-29"
      }
    },
    {
      "type": "Feature",
      "geometry": {
        "type": "Point",
        "coordinates": [
          24.9255663,
          60.1990604
        ]
      },
      "properties": {
        "id": 290059775,
        "osm_type": "node",
        "name": "Scandic Pasila",
        "tourism": "hotel",
        "website": "https://www.scandichotels.fi/hotellit/suomi/helsinki/scandic-pasila"
      }
    },
    {
      "type": "Feature",
      "geometry": {
        "type": "Point",
        "coordinates": [
          24.4852606,
          60.3123717
        ]
      },
      "properties": {
        "id": 303078535,
        "osm_type": "node",
        "name": "Iso-Holman telttailualue",
        "tourism": "camp_site",
        "tents": "yes"
      }
    },
    {
      "type": "Feature",
      "geometry": {
        "type": "Point",
        "coordinates": [
          24.6755674,
          60.6376496
        ]
      },
      "properties": {
        "id": 304536516,
        "osm_type": "node",
        "tourism": "camp_site"
      }
    },
    {
      "type": "Feature",
      "geometry": {
        "type": "Point",
        "coordinates": [
          24.9697727,
          60.1658016
        ]
      },
      "properties": {
        "id": 323161629,
        "osm_type": "node",
        "name": "Eurohostel",
        "tourism": "hostel",
        "phone": "+358 9 6220470",
        "website": "https://www.eurohostel.eu/fi/"
      }
    },
    {
      "type": "Feature",
      "geometry": {
        "type": "Point",
        "coordinates": [
          24.6220313,
          60.3009794
        ]
      },
      "properties": {
        "id": 332552941,
        "osm_type": "node",
        "name": "Kattilaniemen leirikeskus",
        "tourism": "camp_site"
      }
    },
    {
      "type": "Feature",
      "geometry": {
        "type": "Point",
        "coordinates": [
          24.4887678,
          60.3115491
        ]
      },
      "properties": {
        "id": 336582800,
        "osm_type": "node",
        "name": "Iso-Holman pieni telttailualue",
        "tourism": "camp_site",
        "tents": "yes"
      }
    },
    {
      "type": "Feature",
      "geometry": {
        "type": "Point",
        "coordinates": [
          24.9654834,
          60.1673655
        ]
      },
      "properties": {
        "id": 345575958,
        "osm_type": "node",
        "name": "StayAt",
        "tourism": "motel"
      }
    },
    {
      "type": "Feature",
      "geometry": {
        "type": "Point",
        "coordinates": [
          24.935607,
          60.1636985
        ]
      },
      "properties": {
        "id": 347376676,
        "osm_type": "node",
        "name": "Lapland hotels bulevardi",
        "tourism": "hotel",
        "check_date": "2024-08-27"
      }
    },
    {
      "type": "Feature",
      "geometry": {
        "type": "Point",
        "coordinates": [
          24.9070003,
          60.2183757
        ]
      },
      "properties": {
        "id": 359563337,
        "osm_type": "node",
        "name": "Hotel Haaga Central Park",
        "tourism": "hotel",
        "website": "https://www.hotelhaaga.fi/"
      }
    },
    {
      "type": "Feature",
      "geometry": {
        "type": "Point",
        "coordinates": [
          24.9427302,
          60.1628713
        ]
      },
      "properties": {
        "id": 384826889,
        "osm_type": "node",
        "name": "Hotel Anna",
        "tourism": "hotel",
        "phone": "+3589616621",
        "website": "https://www.hotelanna.com/?lang=en"
      }
    },
    {
      "type": "Feature",
      "geometry": {
        "type": "Point",
        "coordinates": [
          24.9522492,
          60.1651688
        ]
      },
      "properties": {
        "id": 439790264,
        "osm_type": "node",
        "name": "Palace Hotel",
        "tourism": "hotel"
      }
    },
    {
      "type": "Feature",
      "geometry": {
        "type": "Point",
        "coordinates": [
          24.7502474,
          60.0941374
        ]
      },
      "properties": {
        "id": 440723608,
        "osm_type": "node",
        "tourism": "camp_site",
        "tents": "yes"
      }
    },
    {
      "type": "Feature",
      "geometry": {
        "type": "Point",
        "coordinates": [
          24.8601437,
          60.63128
        ]
      },
      "properties": {
        "id": 469367383,
        "osm_type": "node",
        "name": "Scandic Hyvinkää",
        "tourism": "hotel",
        "phone": "+358 30 030 8416",
        "website": "https://www.scandichotels.com/fi/hotellit/scandic-hyvinkaa",
        "check_date": "2025-10-20"
      }
    },
    {
      "type": "Feature",
      "geometry": {
        "type": "Point",
        "coordinates": [
          24.9502025,
          60.2887969
        ]
      },
      "properties": {
        "id": 512609433,
        "osm_type": "node",
        "name": "Skyline Airport Hotel",
        "tourism": "hotel",
        "contact:phone": "+358 9 825 511",
        "website": "https://www.bonusinn.fi/"
      }
    },
    {
      "type": "Feature",
      "geometry": {
        "type": "Point",
        "coordinates": [
          24.9470138,
          60.1710563
        ]
      },
      "properties": {
        "id": 600091153,
        "osm_type": "node",
        "name": "Carlton",
        "tourism": "hotel"
      }
    },
    {
      "type": "Feature",
      "geometry": {
        "type": "Point",
        "coordinates": [
          24.947974,
          60.1717388
        ]
      },
      "properties": {
        "id": 600091159,
        "osm_type": "node",
        "name": "Scandic Kaisaniemi",
        "tourism": "hotel",
        "phone": "+358 9 6899 9026",
        "check_date": "2025-01-28"
      }
    },
    {
      "type": "Feature",
      "geometry": {
        "type": "Point",
        "coordinates": [
          24.9425856,
          60.166126
        ]
      },
      "properties": {
        "id": 603767089,
        "osm_type": "node",
        "name": "Klaus K",
        "tourism": "hotel",
        "website": "https://www.klauskhotel.com/",
        "check_date": "2025-06-30"
      }
    },
    {
      "type": "Feature",
      "geometry": {
        "type": "Point",
        "coordinates": [
          24.9515473,
          60.1665076
        ]
      },
      "properties": {
        "id": 606944620,
        "osm_type": "node",
        "name": "Hotel Haven",
        "tourism": "hotel",
        "website": "https://www.hotelhaven.fi/"
      }
    },
    {
      "type": "Feature",
      "geometry": {
        "type": "Point",
        "coordinates": [
          24.9472832,
          60.1685881
        ]
      },
      "properties": {
        "id": 606996918,
        "osm_type": "node",
        "name": "Hobo Hotel",
        "tourism": "hotel",
        "phone": "+358 10 344 4400",
        "website": "https://hobohotel.fi/"
      }
    },
    {
      "type": "Feature",
      "geometry": {
        "type": "Point",
        "coordinates": [
          24.9469903,
          60.1679164
        ]
      },
      "properties": {
        "id": 606996919,
        "osm_type": "node",
        "name": "Hotel Kämp",
        "tourism": "hotel",
        "website": "https://www.hotelkamp.com/"
      }
    },
    {
      "type": "Feature",
      "geometry": {
        "type": "Point",
        "coordinates": [
          24.9472032,
          60.1696179
        ]
      },
      "properties": {
        "id": 606996923,
        "osm_type": "node",
        "name": "Solo Sokos Hotel Helsinki",
        "tourism": "hotel",
        "website": "https://www.sokoshotels.fi/hotellit/helsinki/solo-sokos-hotel-helsinki"
      }
    },
    {
      "type": "Feature",
      "geometry": {
        "type": "Point",
        "coordinates": [
          24.9480465,
          60.1868363
        ]
      },
      "properties": {
        "id": 609212944,
        "osm_type": "node",
        "name": "Scandic Kallio",
        "tourism": "hotel",
        "phone": "+358 9 6899 9036",
        "website": "https://www.scandichotels.fi/hotellit/suomi/helsinki/scandic-kallio",
        "check_date": "2024-09-17"
      }
    },
    {
      "type": "Feature",
      "geometry": {
        "type": "Point",
        "coordinates": [
          24.9362782,
          60.1657259
        ]
      },
      "properties": {
        "id": 648249324,
        "osm_type": "node",
        "name": "Omena-hotelli Helsinki Lönnrotinkatu",
        "tourism": "hotel",
        "website": "https://www.omenahotels.com/fi/hotellit/suomi/helsinki-loennrotinkatu/"
      }
    },
    {
      "type": "Feature",
      "geometry": {
        "type": "Point",
        "coordinates": [
          24.9495583,
          60.1790894
        ]
      },
      "properties": {
        "id": 701305091,
        "osm_type": "node",
        "name": "Scandic Hakaniemi",
        "tourism": "hotel",
        "phone": "+358 9 6899 9034",
        "website": "https://www.scandichotels.fi/hotellit/suomi/helsinki/scandic-hakaniemi"
      }
    },
    {
      "type": "Feature",
      "geometry": {
        "type": "Point",
        "coordinates": [
          25.0495349,
          60.4179077
        ]
      },
      "properties": {
        "id": 727338017,
        "osm_type": "node",
        "name": "Hotelli Krapi",
        "tourism": "hotel",
        "phone": "+358 9 274 841"
      }
    },
    {
      "type": "Feature",
      "geometry": {
        "type": "Point",
        "coordinates": [
          24.9616978,
          60.2963856
        ]
      },
      "properties": {
        "id": 818380864,
        "osm_type": "node",
        "name": "Scandic Helsinki Aviacongress",
        "tourism": "hotel",
        "phone": "+358 9 6899 9031",
        "website": "https://www.scandichotels.com/hotels/finland/helsinki/scandic-helsinki-aviacongress",
        "check_date": "2024-09-06"
      }
    },
    {
      "type": "Feature",
      "geometry": {
        "type": "Point",
        "coordinates": [
          24.9675181,
          60.318656
        ]
      },
      "properties": {
        "id": 818380868,
        "osm_type": "node",
        "name": "Comfort Hotel Xpress Helsinki Airport Terminal",
        "tourism": "hotel",
        "phone": "+358 10 3444600",
        "website": "https://www.strawberryhotels.com/hotels/finland/vanda-airport/comfort-hotel-xpress-helsinki-airport/"
      }
    },
    {
      "type": "Feature",
      "geometry": {
        "type": "Point",
        "coordinates": [
          25.029456,
          60.2990916
        ]
      },
      "properties": {
        "id": 818388894,
        "osm_type": "node",
        "name": "Hotelli Tikkurila",
        "tourism": "hotel",
        "phone": "+358 9 838400",
        "website": "http://www.urheilupuisto.com/index.php?id=5",
        "check_date": "2024-09-30"
      }
    },
    {
      "type": "Feature",
      "geometry": {
        "type": "Point",
        "coordinates": [
          22.9744593,
          59.8236235
        ]
      },
      "properties": {
        "id": 835385381,
        "osm_type": "node",
        "name": "Hotelli Villa Maija",
        "tourism": "hotel",
        "phone": "050 505 2013",
        "website": "https://villamaija.fi/"
      }
    },
    {
      "type": "Feature",
      "geometry": {
        "type": "Point",
        "coordinates": [
          23.5383212,
          60.1273761
        ]
      },
      "properties": {
        "id": 841598595,
        "osm_type": "node",
        "name": "FIskars Wärdshus",
        "tourism": "hotel",
        "website": "https://www.wardshus.fi/"
      }
    },
    {
      "type": "Feature",
      "geometry": {
        "type": "Point",
        "coordinates": [
          24.2392526,
          60.3758438
        ]
      },
      "properties": {
        "id": 852886276,
        "osm_type": "node",
        "name": "Pääkslahti Caravan",
        "tourism": "camp_site",
        "website": "https://www.paakslahti.fi/"
      }
    },
    {
      "type": "Feature",
      "geometry": {
        "type": "Point",
        "coordinates": [
          24.9376293,
          60.167667
        ]
      },
      "properties": {
        "id": 903301988,
        "osm_type": "node",
        "name": "Omena-hotelli Helsinki Yrjönkatu",
        "tourism": "hotel",
        "phone": "+358600555222",
        "website": "https://www.omenahotels.com/fi/hotellit/helsinki-yrjonkatu/",
        "check_date": "2025-07-21"
      }
    },
    {
      "type": "Feature",
      "geometry": {
        "type": "Point",
        "coordinates": [
          24.3228,
          60.4174248
        ]
      },
      "properties": {
        "id": 912174240,
        "osm_type": "node",
        "name": "Selli majoitus",
        "tourism": "hostel",
        "phone": "+358445002567",
        "website": "https://www.selli.fi/"
      }
    },
    {
      "type": "Feature",
      "geometry": {
        "type": "Point",
        "coordinates": [
          24.4547896,
          60.3209549
        ]
      },
      "properties": {
        "id": 915621349,
        "osm_type": "node",
        "name": "Saarilammen telttailualue",
        "tourism": "camp_site"
      }
    },
    {
      "type": "Feature",
      "geometry": {
        "type": "Point",
        "coordinates": [
          24.950139,
          60.1641624
        ]
      },
      "properties": {
        "id": 945724472,
        "osm_type": "node",
        "name": "Hotelli Fabian",
        "tourism": "hotel"
      }
    },
    {
      "type": "Feature",
      "geometry": {
        "type": "Point",
        "coordinates": [
          25.6657481,
          60.3931084
        ]
      },
      "properties": {
        "id": 1104196797,
        "osm_type": "node",
        "name": "Seurahovi",
        "tourism": "hotel",
        "phone": "019-54 761",
        "website": "https://www.seurahovi.fi/"
      }
    },
    {
      "type": "Feature",
      "geometry": {
        "type": "Point",
        "coordinates": [
          24.5764452,
          60.3237994
        ]
      },
      "properties": {
        "id": 1167723425,
        "osm_type": "node",
        "name": "Valkealammen telttailualue",
        "tourism": "camp_site"
      }
    },
    {
      "type": "Feature",
      "geometry": {
        "type": "Point",
        "coordinates": [
          24.4906159,
          60.3020247
        ]
      },
      "properties": {
        "id": 1167723437,
        "osm_type": "node",
        "name": "Holma-Saarijärven läntinen telttailualue",
        "tourism": "camp_site",
        "tents": "yes"
      }
    },
    {
      "type": "Feature",
      "geometry": {
        "type": "Point",
        "coordinates": [
          24.6228563,
          60.3088462
        ]
      },
      "properties": {
        "id": 1167723519,
        "osm_type": "node",
        "name": "Vääräjärven telttailualue",
        "tourism": "camp_site"
      }
    },
    {
      "type": "Feature",
      "geometry": {
        "type": "Point",
        "coordinates": [
          24.5141527,
          60.295382
        ]
      },
      "properties": {
        "id": 1167723568,
        "osm_type": "node",
        "name": "Kolmoislammen varaustelttailualue ja -tulentekopaikka",
        "tourism": "camp_site",
        "website": "https://www.eraluvat.fi/kohteet/kolmoislampi-varaustelttapaikka-1220"
      }
    },
    {
      "type": "Feature",
      "geometry": {
        "type": "Point",
        "coordinates": [
          24.512361,
          60.3060661
        ]
      },
      "properties": {
        "id": 1167723590,
        "osm_type": "node",
        "name": "Mustalammen itäpuolen telttailualue",
        "tourism": "camp_site"
      }
    },
    {
      "type": "Feature",
      "geometry": {
        "type": "Point",
        "coordinates": [
          24.60072,
          60.2955153
        ]
      },
      "properties": {
        "id": 1167723657,
        "osm_type": "node",
        "name": "Valkialammen telttailualue",
        "tourism": "camp_site",
        "tents": "yes"
      }
    },
    {
      "type": "Feature",
      "geometry": {
        "type": "Point",
        "coordinates": [
          24.4297297,
          60.4827476
        ]
      },
      "properties": {
        "id": 1167723695,
        "osm_type": "node",
        "name": "Vihdin pirtin ulkoilu- ja leirikeskus",
        "tourism": "apartment",
        "website": "https://www.vihti.fi/kuntana/vihdin-pirtti/"
      }
    },
    {
      "type": "Feature",
      "geometry": {
        "type": "Point",
        "coordinates": [
          24.594374,
          60.2969223
        ]
      },
      "properties": {
        "id": 1167723720,
        "osm_type": "node",
        "name": "Urjan telttailualue",
        "tourism": "camp_site"
      }
    },
    {
      "type": "Feature",
      "geometry": {
        "type": "Point",
        "coordinates": [
          24.5072377,
          60.3098315
        ]
      },
      "properties": {
        "id": 1167723729,
        "osm_type": "node",
        "name": "Haukanholman telttailualue",
        "tourism": "camp_site"
      }
    },
    {
      "type": "Feature",
      "geometry": {
        "type": "Point",
        "coordinates": [
          24.5832724,
          60.3206014
        ]
      },
      "properties": {
        "id": 1167723987,
        "osm_type": "node",
        "name": "Pöksynhaaran telttailualue",
        "tourism": "camp_site"
      }
    },
    {
      "type": "Feature",
      "geometry": {
        "type": "Point",
        "coordinates": [
          24.5095749,
          60.3059829
        ]
      },
      "properties": {
        "id": 1167723996,
        "osm_type": "node",
        "name": "Mustalammen länsipuolen telttailualue",
        "tourism": "camp_site"
      }
    },
    {
      "type": "Feature",
      "geometry": {
        "type": "Point",
        "coordinates": [
          24.939323,
          60.1679056
        ]
      },
      "properties": {
        "id": 1225404530,
        "osm_type": "node",
        "name": "Hotel Finn",
        "tourism": "hotel",
        "phone": "+358 9 684 4360",
        "website": "https://www.hotellifinn.fi/"
      }
    },
    {
      "type": "Feature",
      "geometry": {
        "type": "Point",
        "coordinates": [
          24.9419634,
          60.1649911
        ]
      },
      "properties": {
        "id": 1229380692,
        "osm_type": "node",
        "name": "Hostel Diana Park (Erottajanpuisto)",
        "tourism": "hostel",
        "website": "https://www.erottajanpuisto.com/"
      }
    },
    {
      "type": "Feature",
      "geometry": {
        "type": "Point",
        "coordinates": [
          25.0379551,
          60.4135211
        ]
      },
      "properties": {
        "id": 1232102467,
        "osm_type": "node",
        "name": "Gustavelund",
        "tourism": "hotel",
        "phone": "+3589273751",
        "website": "https://www.gustavelund.fi/",
        "check_date": "2025-08-28"
      }
    },
    {
      "type": "Feature",
      "geometry": {
        "type": "Point",
        "coordinates": [
          24.8203775,
          60.2253557
        ]
      },
      "properties": {
        "id": 1232504591,
        "osm_type": "node",
        "name": "Forenom Aparthotel",
        "tourism": "hotel",
        "website": "https://www.forenom.com"
      }
    },
    {
      "type": "Feature",
      "geometry": {
        "type": "Point",
        "coordinates": [
          24.6868427,
          60.0900402
        ]
      },
      "properties": {
        "id": 1313234347,
        "osm_type": "node",
        "tourism": "camp_site"
      }
    },
    {
      "type": "Feature",
      "geometry": {
        "type": "Point",
        "coordinates": [
          24.6648469,
          60.085064
        ]
      },
      "properties": {
        "id": 1313234365,
        "osm_type": "node",
        "tourism": "camp_site"
      }
    },
    {
      "type": "Feature",
      "geometry": {
        "type": "Point",
        "coordinates": [
          25.1247147,
          60.2087284
        ]
      },
      "properties": {
        "id": 1332553287,
        "osm_type": "node",
        "name": "Kesähostelli Karavaani",
        "tourism": "hostel"
      }
    },
    {
      "type": "Feature",
      "geometry": {
        "type": "Point",
        "coordinates": [
          24.3932373,
          60.286603
        ]
      },
      "properties": {
        "id": 1364657144,
        "osm_type": "node",
        "tourism": "chalet"
      }
    },
    {
      "type": "Feature",
      "geometry": {
        "type": "Point",
        "coordinates": [
          24.3938608,
          60.2868867
        ]
      },
      "properties": {
        "id": 1364657220,
        "osm_type": "node",
        "tourism": "chalet"
      }
    },
    {
      "type": "Feature",
      "geometry": {
        "type": "Point",
        "coordinates": [
          24.3942866,
          60.2866882
        ]
      },
      "properties": {
        "id": 1364657282,
        "osm_type": "node",
        "tourism": "chalet"
      }
    },
    {
      "type": "Feature",
      "geometry": {
        "type": "Point",
        "coordinates": [
          24.3934081,
          60.2869742
        ]
      },
      "properties": {
        "id": 1364657304,
        "osm_type": "node",
        "tourism": "chalet"
      }
    },
    {
      "type": "Feature",
      "geometry": {
        "type": "Point",
        "coordinates": [
          24.3941201,
          60.2868143
        ]
      },
      "properties": {
        "id": 1364657339,
        "osm_type": "node",
        "tourism": "chalet"
      }
    },
    {
      "type": "Feature",
      "geometry": {
        "type": "Point",
        "coordinates": [
          24.3932524,
          60.2868536
        ]
      },
      "properties": {
        "id": 1364657351,
        "osm_type": "node",
        "name": "Pessi",
        "tourism": "chalet"
      }
    },
    {
      "type": "Feature",
      "geometry": {
        "type": "Point",
        "coordinates": [
          24.3936642,
          60.2870331
        ]
      },
      "properties": {
        "id": 1364657355,
        "osm_type": "node",
        "tourism": "chalet"
      }
    },
    {
      "type": "Feature",
      "geometry": {
        "type": "Point",
        "coordinates": [
          24.0926479,
          60.1126449
        ]
      },
      "properties": {
        "id": 1366625295,
        "osm_type": "node",
        "name": "Mangs gård",
        "tourism": "hotel"
      }
    },
    {
      "type": "Feature",
      "geometry": {
        "type": "Point",
        "coordinates": [
          24.9454936,
          60.1724288
        ]
      },
      "properties": {
        "id": 1369465662,
        "osm_type": "node",
        "name": "Radisson Blu Plaza",
        "tourism": "hotel",
        "check_date": "2026-03-10"
      }
    },
    {
      "type": "Feature",
      "geometry": {
        "type": "Point",
        "coordinates": [
          24.9390173,
          60.1705952
        ]
      },
      "properties": {
        "id": 1369465692,
        "osm_type": "node",
        "name": "Original Sokos Hotel Vaakuna",
        "tourism": "hotel",
        "website": "https://www.sokoshotels.fi/en/helsinki/sokos-hotel-vaakuna"
      }
    },
    {
      "type": "Feature",
      "geometry": {
        "type": "Point",
        "coordinates": [
          24.9402136,
          60.1693307
        ]
      },
      "properties": {
        "id": 1369465695,
        "osm_type": "node",
        "name": "Hotelli NH Collection Helsinki Grand Hansa",
        "tourism": "hotel",
        "contact:phone": "+358207120290",
        "website": "https://www.nh-collection.com/en/hotel/nh-collection-helsinki-grand-hansa"
      }
    },
    {
      "type": "Feature",
      "geometry": {
        "type": "Point",
        "coordinates": [
          24.9476729,
          60.172921
        ]
      },
      "properties": {
        "id": 1376356005,
        "osm_type": "node",
        "name": "Hotel Arthur",
        "tourism": "hotel",
        "phone": "+358 9 173 441",
        "website": "https://www.hotelarthur.fi/",
        "check_date": "2024-10-11"
      }
    },
    {
      "type": "Feature",
      "geometry": {
        "type": "Point",
        "coordinates": [
          24.9331884,
          60.16422
        ]
      },
      "properties": {
        "id": 1377610484,
        "osm_type": "node",
        "name": "Radisson Blu Aleksanteri Hotel",
        "tourism": "hotel",
        "phone": "+358 20 1234 643",
        "website": "https://www.radissonblu.com/en/aleksanteri-hotel-helsinki"
      }
    },
    {
      "type": "Feature",
      "geometry": {
        "type": "Point",
        "coordinates": [
          24.9349238,
          60.1690976
        ]
      },
      "properties": {
        "id": 1378007297,
        "osm_type": "node",
        "name": "Scandic Simonkenttä",
        "tourism": "hotel",
        "phone": "+358 9 68 380",
        "website": "https://www.scandichotels.fi/hotellit/suomi/helsinki/scandic-simonkentta"
      }
    },
    {
      "type": "Feature",
      "geometry": {
        "type": "Point",
        "coordinates": [
          24.9272559,
          60.1698473
        ]
      },
      "properties": {
        "id": 1382344038,
        "osm_type": "node",
        "name": "Hotel Helka",
        "tourism": "hotel",
        "phone": "+358 9 613 580",
        "website": "https://www.hotelhelka.com/",
        "check_date": "2024-08-08"
      }
    },
    {
      "type": "Feature",
      "geometry": {
        "type": "Point",
        "coordinates": [
          24.9279858,
          60.1746974
        ]
      },
      "properties": {
        "id": 1385895257,
        "osm_type": "node",
        "name": "Hellsten Helsinki Parliament",
        "tourism": "hotel"
      }
    },
    {
      "type": "Feature",
      "geometry": {
        "type": "Point",
        "coordinates": [
          24.9273634,
          60.1799584
        ]
      },
      "properties": {
        "id": 1389294897,
        "osm_type": "node",
        "name": "Crowne Plaza Helsinki",
        "tourism": "hotel",
        "opening_hours": "24/7",
        "phone": "+358 9 25210000",
        "website": "https://helsinki.crowneplaza.com/"
      }
    },
    {
      "type": "Feature",
      "geometry": {
        "type": "Point",
        "coordinates": [
          24.5745443,
          60.0609084
        ]
      },
      "properties": {
        "id": 1498064014,
        "osm_type": "node",
        "name": "Väransbyn leirintäalue",
        "tourism": "caravan_site"
      }
    },
    {
      "type": "Feature",
      "geometry": {
        "type": "Point",
        "coordinates": [
          24.5648789,
          60.0594127
        ]
      },
      "properties": {
        "id": 1499683219,
        "osm_type": "node",
        "tourism": "caravan_site"
      }
    },
    {
      "type": "Feature",
      "geometry": {
        "type": "Point",
        "coordinates": [
          24.5635379,
          60.0585881
        ]
      },
      "properties": {
        "id": 1499683220,
        "osm_type": "node",
        "tourism": "caravan_site"
      }
    },
    {
      "type": "Feature",
      "geometry": {
        "type": "Point",
        "coordinates": [
          24.9325037,
          60.1661249
        ]
      },
      "properties": {
        "id": 1513653544,
        "osm_type": "node",
        "name": "Forenom Eerikinkatu",
        "tourism": "hotel",
        "phone": "0201983420",
        "website": "http://www.forenom.fi",
        "check_date": "2024-09-16"
      }
    },
    {
      "type": "Feature",
      "geometry": {
        "type": "Point",
        "coordinates": [
          25.2070456,
          60.3433367
        ]
      },
      "properties": {
        "id": 1770565869,
        "osm_type": "node",
        "name": "Ängesbölen telttapaikka",
        "tourism": "camp_site"
      }
    },
    {
      "type": "Feature",
      "geometry": {
        "type": "Point",
        "coordinates": [
          24.9259458,
          60.1668687
        ]
      },
      "properties": {
        "id": 1860910957,
        "osm_type": "node",
        "name": "Forenom Serviced Apartments Helsinki Lapinlahdenkatu",
        "tourism": "apartment",
        "website": "https://www.forenom.com/apartments/helsinki/forenom-serviced-apartments-helsinki-lapinlahdenkatu/258/"
      }
    },
    {
      "type": "Feature",
      "geometry": {
        "type": "Point",
        "coordinates": [
          24.956026,
          60.193792
        ]
      },
      "properties": {
        "id": 1863930494,
        "osm_type": "node",
        "name": "CheapSleep Hostel",
        "tourism": "hostel",
        "contact:phone": "+358 (0) 45 845 6188",
        "website": "https://cheapsleep.fi/",
        "contact:website": "http://www.cheapsleep.fi/",
        "check_date": "2025-12-05"
      }
    },
    {
      "type": "Feature",
      "geometry": {
        "type": "Point",
        "coordinates": [
          24.9479264,
          60.1785824
        ]
      },
      "properties": {
        "id": 1930869351,
        "osm_type": "node",
        "name": "Scandic Paasi",
        "tourism": "hotel",
        "phone": "+358 9 2311 700",
        "website": "https://www.scandichotels.fi/hotellit/suomi/helsinki/scandic-paasi"
      }
    },
    {
      "type": "Feature",
      "geometry": {
        "type": "Point",
        "coordinates": [
          24.7871602,
          60.2707609
        ]
      },
      "properties": {
        "id": 1937171523,
        "osm_type": "node",
        "name": "Hämeenkylän kartano",
        "tourism": "hotel",
        "phone": "0105408350",
        "website": "https://www.hameenkylankartano.fi/"
      }
    },
    {
      "type": "Feature",
      "geometry": {
        "type": "Point",
        "coordinates": [
          23.6578,
          60.0697593
        ]
      },
      "properties": {
        "id": 2068951792,
        "osm_type": "node",
        "name": "Hotel Socis",
        "tourism": "hotel"
      }
    },
    {
      "type": "Feature",
      "geometry": {
        "type": "Point",
        "coordinates": [
          23.4526385,
          59.9747687
        ]
      },
      "properties": {
        "id": 2168863110,
        "osm_type": "node",
        "name": "Novia Hostel",
        "tourism": "hostel"
      }
    },
    {
      "type": "Feature",
      "geometry": {
        "type": "Point",
        "coordinates": [
          24.931939,
          60.1642259
        ]
      },
      "properties": {
        "id": 2283900263,
        "osm_type": "node",
        "name": "Home Hotel Jugend",
        "tourism": "hotel",
        "website": "https://www.strawberry.fi/hotellit/suomi/helsinki/home-hotel-jugend/"
      }
    },
    {
      "type": "Feature",
      "geometry": {
        "type": "Point",
        "coordinates": [
          25.2881905,
          60.475431
        ]
      },
      "properties": {
        "id": 2316909205,
        "osm_type": "node",
        "name": "Metsähovin tila",
        "tourism": "guest_house",
        "website": "https://www.metsahovintila.fi/"
      }
    },
    {
      "type": "Feature",
      "geometry": {
        "type": "Point",
        "coordinates": [
          24.6012425,
          60.3373138
        ]
      },
      "properties": {
        "id": 2331840732,
        "osm_type": "node",
        "name": "Vaakkoin eräkämppä",
        "tourism": "alpine_hut",
        "website": "https://www.helsinginlatu.fi/vaakkoin-erakamppa/"
      }
    },
    {
      "type": "Feature",
      "geometry": {
        "type": "Point",
        "coordinates": [
          25.9065823,
          60.67189
        ]
      },
      "properties": {
        "id": 2361912817,
        "osm_type": "node",
        "name": "Syväjärvi",
        "tourism": "camp_site",
        "tents": "yes"
      }
    },
    {
      "type": "Feature",
      "geometry": {
        "type": "Point",
        "coordinates": [
          24.9363306,
          60.163942
        ]
      },
      "properties": {
        "id": 2726670195,
        "osm_type": "node",
        "name": "Hotel Indigo Helsinki",
        "tourism": "hotel",
        "opening_hours": "24/7",
        "website": "https://m.ihg.com/hotels/hotelindigo/us/en/hoteldetail/helin",
        "check_date": "2025-06-29"
      }
    },
    {
      "type": "Feature",
      "geometry": {
        "type": "Point",
        "coordinates": [
          25.0293113,
          60.192812
        ]
      },
      "properties": {
        "id": 2877385712,
        "osm_type": "node",
        "name": "Forenom House Helsinki",
        "tourism": "hotel",
        "phone": "+358 20 198 3420",
        "website": "http://www.forenom.fi/en/accommodation/forenom_house_helsinki.html"
      }
    },
    {
      "type": "Feature",
      "geometry": {
        "type": "Point",
        "coordinates": [
          26.1737563,
          60.4201007
        ]
      },
      "properties": {
        "id": 3491197270,
        "osm_type": "node",
        "name": "Mäntykallio",
        "tourism": "chalet",
        "website": "https://www.booking.com/hotel/fi/mantykallio-loviisa.fi.html?aid=318615;label=New_Finnish_FI_19114763305-FEPGnAXk2Be_6DILt5SdRwS99511223545%3Apl%3Ata%3Ap1%3Ap2%3Aac%3Aap%3Aneg%3Afi70400711237%3Atiaud-297601666555%3Adsa-321011969494%3Alp1005602%3Ali%3Adec%"
      }
    },
    {
      "type": "Feature",
      "geometry": {
        "type": "Point",
        "coordinates": [
          23.6327471,
          60.0883769
        ]
      },
      "properties": {
        "id": 3588193785,
        "osm_type": "node",
        "name": "Eden Billnäs",
        "tourism": "guest_house"
      }
    },
    {
      "type": "Feature",
      "geometry": {
        "type": "Point",
        "coordinates": [
          24.8344844,
          60.1422994
        ]
      },
      "properties": {
        "id": 3678562714,
        "osm_type": "node",
        "name": "Käärmesaaren keittokatos",
        "tourism": "camp_site"
      }
    },
    {
      "type": "Feature",
      "geometry": {
        "type": "Point",
        "coordinates": [
          24.8483161,
          60.1451023
        ]
      },
      "properties": {
        "id": 3678562715,
        "osm_type": "node",
        "tourism": "camp_site"
      }
    },
    {
      "type": "Feature",
      "geometry": {
        "type": "Point",
        "coordinates": [
          24.7877518,
          60.1075867
        ]
      },
      "properties": {
        "id": 3678562721,
        "osm_type": "node",
        "tourism": "camp_site"
      }
    },
    {
      "type": "Feature",
      "geometry": {
        "type": "Point",
        "coordinates": [
          26.0083175,
          60.2172265
        ]
      },
      "properties": {
        "id": 3955630888,
        "osm_type": "node",
        "tourism": "camp_site"
      }
    },
    {
      "type": "Feature",
      "geometry": {
        "type": "Point",
        "coordinates": [
          23.8899726,
          59.9616833
        ]
      },
      "properties": {
        "id": 4252515590,
        "osm_type": "node",
        "name": "Bjurs",
        "tourism": "caravan_site",
        "website": "https://bjursinvaunuilijat.yhdistysavain.fi/"
      }
    },
    {
      "type": "Feature",
      "geometry": {
        "type": "Point",
        "coordinates": [
          24.911687,
          60.190728
        ]
      },
      "properties": {
        "id": 4253223606,
        "osm_type": "node",
        "name": "Scandic Meilahti",
        "tourism": "hotel",
        "phone": "+358 9 68999028",
        "website": "https://www.scandichotels.fi/hotellit/suomi/helsinki/scandic-meilahti"
      }
    },
    {
      "type": "Feature",
      "geometry": {
        "type": "Point",
        "coordinates": [
          24.4100867,
          60.4405983
        ]
      },
      "properties": {
        "id": 4325025289,
        "osm_type": "node",
        "name": "Kotojärvi",
        "tourism": "chalet",
        "opening_hours": "Su 05:00-05:30"
      }
    },
    {
      "type": "Feature",
      "geometry": {
        "type": "Point",
        "coordinates": [
          23.5901202,
          60.0944216
        ]
      },
      "properties": {
        "id": 4338730515,
        "osm_type": "node",
        "name": "Дом Насти",
        "tourism": "guest_house"
      }
    },
    {
      "type": "Feature",
      "geometry": {
        "type": "Point",
        "coordinates": [
          24.9575946,
          60.1758132
        ]
      },
      "properties": {
        "id": 4371563101,
        "osm_type": "node",
        "name": "Forenom",
        "tourism": "apartment",
        "website": "https://www.forenom.com/fi/kalustetut-asunnot/helsinki/kristianinkatu-11-13/12153/",
        "check_date": "2024-07-13"
      }
    },
    {
      "type": "Feature",
      "geometry": {
        "type": "Point",
        "coordinates": [
          24.4927721,
          60.3270979
        ]
      },
      "properties": {
        "id": 4377359695,
        "osm_type": "node",
        "name": "Kattilan torppa ja saunat (vain varauskäyttöön)",
        "tourism": "guest_house",
        "phone": "098552559",
        "website": "https://greenwindow.fi/"
      }
    },
    {
      "type": "Feature",
      "geometry": {
        "type": "Point",
        "coordinates": [
          23.7635282,
          59.9680392
        ]
      },
      "properties": {
        "id": 4417460374,
        "osm_type": "node",
        "name": "Calliola Conference & Event Center",
        "tourism": "hotel",
        "phone": "+358 20 1600888",
        "website": "https://www.calliola.com/"
      }
    },
    {
      "type": "Feature",
      "geometry": {
        "type": "Point",
        "coordinates": [
          23.7363206,
          60.2577998
        ]
      },
      "properties": {
        "id": 4496479656,
        "osm_type": "node",
        "name": "Laiskanlinna",
        "tourism": "hotel",
        "website": "https://www.laiskanlinna.fi/",
        "check_date": "2025-12-13"
      }
    },
    {
      "type": "Feature",
      "geometry": {
        "type": "Point",
        "coordinates": [
          23.7518803,
          60.2561787
        ]
      },
      "properties": {
        "id": 4498176748,
        "osm_type": "node",
        "name": "Lohja Spa & Resort",
        "tourism": "hotel",
        "phone": "0306084100",
        "website": "https://www.lohjaspa.fi/",
        "check_date": "2025-12-13"
      }
    },
    {
      "type": "Feature",
      "geometry": {
        "type": "Point",
        "coordinates": [
          24.6912556,
          60.5077491
        ]
      },
      "properties": {
        "id": 4502921533,
        "osm_type": "node",
        "name": "Kiljava Resort",
        "tourism": "hotel",
        "website": "https://hotelkiljava.fi/"
      }
    },
    {
      "type": "Feature",
      "geometry": {
        "type": "Point",
        "coordinates": [
          24.9597118,
          60.3058168
        ]
      },
      "properties": {
        "id": 4513287089,
        "osm_type": "node",
        "name": "Clarion Hotel Aviapolis",
        "tourism": "hotel",
        "website": "https://www.nordicchoicehotels.fi/hotellit/suomi/helsinki-vantaan-lentoasema/clarion-hotel-aviapolis/"
      }
    },
    {
      "type": "Feature",
      "geometry": {
        "type": "Point",
        "coordinates": [
          23.8299409,
          60.2648477
        ]
      },
      "properties": {
        "id": 4541221298,
        "osm_type": "node",
        "name": "Hietikko",
        "tourism": "chalet",
        "website": "http://www.suurniementila.com/"
      }
    },
    {
      "type": "Feature",
      "geometry": {
        "type": "Point",
        "coordinates": [
          25.6673105,
          60.3920903
        ]
      },
      "properties": {
        "id": 4587686790,
        "osm_type": "node",
        "tourism": "guest_house"
      }
    },
    {
      "type": "Feature",
      "geometry": {
        "type": "Point",
        "coordinates": [
          24.0750524,
          60.5822533
        ]
      },
      "properties": {
        "id": 4706010994,
        "osm_type": "node",
        "name": "Metsäcamping",
        "tourism": "camp_site",
        "website": "https://www.vahavedentila.fi/"
      }
    },
    {
      "type": "Feature",
      "geometry": {
        "type": "Point",
        "coordinates": [
          23.2544239,
          59.8996372
        ]
      },
      "properties": {
        "id": 4712335494,
        "osm_type": "node",
        "name": "Sjömansro",
        "tourism": "hostel"
      }
    },
    {
      "type": "Feature",
      "geometry": {
        "type": "Point",
        "coordinates": [
          24.0122677,
          60.2300619
        ]
      },
      "properties": {
        "id": 4843736504,
        "osm_type": "node",
        "name": "Vivamon lomakeskus",
        "tourism": "hostel",
        "phone": "+358207681760",
        "website": "https://kansanraamattuseura.fi/lomakeskukset/vivamo/ravintola/"
      }
    },
    {
      "type": "Feature",
      "geometry": {
        "type": "Point",
        "coordinates": [
          23.9113174,
          59.9794365
        ]
      },
      "properties": {
        "id": 4908026225,
        "osm_type": "node",
        "name": "Elisaaren leirintäalue",
        "tourism": "camp_site"
      }
    },
    {
      "type": "Feature",
      "geometry": {
        "type": "Point",
        "coordinates": [
          24.4264048,
          60.0372264
        ]
      },
      "properties": {
        "id": 4993500583,
        "osm_type": "node",
        "name": "Hilan Leirikeskus",
        "tourism": "camp_site"
      }
    },
    {
      "type": "Feature",
      "geometry": {
        "type": "Point",
        "coordinates": [
          25.2781672,
          60.5586477
        ]
      },
      "properties": {
        "id": 5022812924,
        "osm_type": "node",
        "tourism": "camp_site"
      }
    },
    {
      "type": "Feature",
      "geometry": {
        "type": "Point",
        "coordinates": [
          24.8912027,
          60.1614143
        ]
      },
      "properties": {
        "id": 5141226929,
        "osm_type": "node",
        "name": "SeasideRooms",
        "tourism": "apartment"
      }
    },
    {
      "type": "Feature",
      "geometry": {
        "type": "Point",
        "coordinates": [
          24.8213541,
          60.2251893
        ]
      },
      "properties": {
        "id": 5254236043,
        "osm_type": "node",
        "name": "Forenom Aparthotel Espoo",
        "tourism": "hotel",
        "website": "https://www.forenom.com",
        "check_date": "2024-04-27"
      }
    },
    {
      "type": "Feature",
      "geometry": {
        "type": "Point",
        "coordinates": [
          24.4934725,
          60.3275213
        ]
      },
      "properties": {
        "id": 5276196331,
        "osm_type": "node",
        "tourism": "hotel"
      }
    },
    {
      "type": "Feature",
      "geometry": {
        "type": "Point",
        "coordinates": [
          24.924846,
          60.1681666
        ]
      },
      "properties": {
        "id": 5603170617,
        "osm_type": "node",
        "name": "Citikoti",
        "tourism": "hotel"
      }
    },
    {
      "type": "Feature",
      "geometry": {
        "type": "Point",
        "coordinates": [
          24.5536882,
          60.3136416
        ]
      },
      "properties": {
        "id": 5606810182,
        "osm_type": "node",
        "name": "OK 77:n seuramaja",
        "tourism": "chalet"
      }
    },
    {
      "type": "Feature",
      "geometry": {
        "type": "Point",
        "coordinates": [
          26.2281016,
          60.4572603
        ]
      },
      "properties": {
        "id": 5623802948,
        "osm_type": "node",
        "name": "Hotelli Uninen",
        "tourism": "hotel",
        "website": "https://uninen.me/"
      }
    },
    {
      "type": "Feature",
      "geometry": {
        "type": "Point",
        "coordinates": [
          24.9443152,
          60.1643962
        ]
      },
      "properties": {
        "id": 5671210340,
        "osm_type": "node",
        "name": "EasyHomes Erottaja",
        "tourism": "hotel",
        "phone": "+358 50 447 31 84",
        "website": "https://www.easyhomes.fi/asunnot/erottajankatu-1-3-a-4/"
      }
    },
    {
      "type": "Feature",
      "geometry": {
        "type": "Point",
        "coordinates": [
          24.9615866,
          60.297353
        ]
      },
      "properties": {
        "id": 5699832565,
        "osm_type": "node",
        "name": "Scandic Helsinki Aviapolis",
        "tourism": "hotel",
        "phone": "+358 9 68999030",
        "website": "https://www.scandichotels.com/hotels/finland/helsinki/scandic-helsinki-aviapolis"
      }
    },
    {
      "type": "Feature",
      "geometry": {
        "type": "Point",
        "coordinates": [
          24.5124535,
          60.3579534
        ]
      },
      "properties": {
        "id": 5743041249,
        "osm_type": "node",
        "name": "SF-Caravan Etelälahti Säilytysalue",
        "tourism": "caravan_site"
      }
    },
    {
      "type": "Feature",
      "geometry": {
        "type": "Point",
        "coordinates": [
          23.0223924,
          59.9830495
        ]
      },
      "properties": {
        "id": 5745480723,
        "osm_type": "node",
        "name": "Bromarf bed & breakfast",
        "tourism": "guest_house"
      }
    },
    {
      "type": "Feature",
      "geometry": {
        "type": "Point",
        "coordinates": [
          24.9406956,
          60.1668539
        ]
      },
      "properties": {
        "id": 5747595593,
        "osm_type": "node",
        "name": "Hotel St. George",
        "tourism": "hotel",
        "website": "https://www.stgeorgehelsinki.com/",
        "check_date": "2025-07-29"
      }
    },
    {
      "type": "Feature",
      "geometry": {
        "type": "Point",
        "coordinates": [
          22.8189737,
          60.0188827
        ]
      },
      "properties": {
        "id": 5806798279,
        "osm_type": "node",
        "name": "Skatafé restaurant / café / lodging",
        "tourism": "guest_house",
        "phone": "+358405487529",
        "website": "https://www.skatafe.com/"
      }
    },
    {
      "type": "Feature",
      "geometry": {
        "type": "Point",
        "coordinates": [
          24.2985545,
          60.0391827
        ]
      },
      "properties": {
        "id": 5848114285,
        "osm_type": "node",
        "name": "Brändö",
        "tourism": "chalet"
      }
    },
    {
      "type": "Feature",
      "geometry": {
        "type": "Point",
        "coordinates": [
          25.6376011,
          60.3961159
        ]
      },
      "properties": {
        "id": 6279256176,
        "osm_type": "node",
        "name": "Budget Hotel Easystay",
        "tourism": "hotel",
        "website": "https://www.easystay.fi"
      }
    },
    {
      "type": "Feature",
      "geometry": {
        "type": "Point",
        "coordinates": [
          22.9683222,
          59.8234971
        ]
      },
      "properties": {
        "id": 6391804894,
        "osm_type": "node",
        "name": "Omena-hotelli Hanko",
        "tourism": "hotel",
        "website": "https://www.omenahotels.com/fi/hotellit/hanko/"
      }
    },
    {
      "type": "Feature",
      "geometry": {
        "type": "Point",
        "coordinates": [
          24.9658571,
          60.3163699
        ]
      },
      "properties": {
        "id": 6432904426,
        "osm_type": "node",
        "name": "Scandic Helsinki Airport",
        "tourism": "hotel",
        "phone": "+358 9 77465 100",
        "website": "https://www.scandichotels.fi/hotellit/suomi/helsinki/scandic-helsinki-airport"
      }
    },
    {
      "type": "Feature",
      "geometry": {
        "type": "Point",
        "coordinates": [
          24.9202933,
          60.1723882
        ]
      },
      "properties": {
        "id": 6434559785,
        "osm_type": "node",
        "tourism": "apartment"
      }
    },
    {
      "type": "Feature",
      "geometry": {
        "type": "Point",
        "coordinates": [
          24.9907805,
          60.1819687
        ]
      },
      "properties": {
        "id": 6900247786,
        "osm_type": "node",
        "tourism": "caravan_site"
      }
    },
    {
      "type": "Feature",
      "geometry": {
        "type": "Point",
        "coordinates": [
          24.870361,
          60.2545898
        ]
      },
      "properties": {
        "id": 6900468753,
        "osm_type": "node",
        "name": "Asuntohotelli Varahima",
        "tourism": "hostel",
        "website": "https://varahima.wordpress.com"
      }
    },
    {
      "type": "Feature",
      "geometry": {
        "type": "Point",
        "coordinates": [
          26.2356501,
          60.4414586
        ]
      },
      "properties": {
        "id": 6913365182,
        "osm_type": "node",
        "name": "Willa Björksten",
        "tourism": "motel"
      }
    },
    {
      "type": "Feature",
      "geometry": {
        "type": "Point",
        "coordinates": [
          26.4699506,
          60.520026
        ]
      },
      "properties": {
        "id": 6932806658,
        "osm_type": "node",
        "name": "Villa Vallaton",
        "tourism": "motel"
      }
    },
    {
      "type": "Feature",
      "geometry": {
        "type": "Point",
        "coordinates": [
          26.2286654,
          60.4573715
        ]
      },
      "properties": {
        "id": 6944639193,
        "osm_type": "node",
        "name": "Hotelli Zilton",
        "tourism": "hotel"
      }
    },
    {
      "type": "Feature",
      "geometry": {
        "type": "Point",
        "coordinates": [
          24.9494111,
          60.1663228
        ]
      },
      "properties": {
        "id": 7250288595,
        "osm_type": "node",
        "name": "Hotel F6",
        "tourism": "hotel",
        "check_date": "2024-06-22"
      }
    },
    {
      "type": "Feature",
      "geometry": {
        "type": "Point",
        "coordinates": [
          24.3269021,
          60.3347155
        ]
      },
      "properties": {
        "id": 7487209461,
        "osm_type": "node",
        "name": "Hiisi Homes Nummela",
        "tourism": "apartment",
        "website": "https://www.hiisihomes.fi/hiisi-homes/hiisi-homes-nummela/"
      }
    },
    {
      "type": "Feature",
      "geometry": {
        "type": "Point",
        "coordinates": [
          24.4430788,
          60.3819323
        ]
      },
      "properties": {
        "id": 7487211011,
        "osm_type": "node",
        "name": "Huvila ja Sauna",
        "tourism": "chalet",
        "phone": "+35850 480 4383",
        "website": "https://www.huvilajasauna.com/"
      }
    },
    {
      "type": "Feature",
      "geometry": {
        "type": "Point",
        "coordinates": [
          24.8251201,
          60.2564571
        ]
      },
      "properties": {
        "id": 7549571024,
        "osm_type": "node",
        "name": "GoRooms",
        "tourism": "hostel",
        "phone": "+358 44 9883307",
        "website": "https://www.gorooms.fi/"
      }
    },
    {
      "type": "Feature",
      "geometry": {
        "type": "Point",
        "coordinates": [
          24.9241644,
          60.1738851
        ]
      },
      "properties": {
        "id": 7663173711,
        "osm_type": "node",
        "tourism": "apartment"
      }
    },
    {
      "type": "Feature",
      "geometry": {
        "type": "Point",
        "coordinates": [
          25.1438229,
          60.1693409
        ]
      },
      "properties": {
        "id": 7737486319,
        "osm_type": "node",
        "tourism": "camp_site"
      }
    },
    {
      "type": "Feature",
      "geometry": {
        "type": "Point",
        "coordinates": [
          24.8503339,
          60.1473464
        ]
      },
      "properties": {
        "id": 7746247459,
        "osm_type": "node",
        "tourism": "camp_site"
      }
    },
    {
      "type": "Feature",
      "geometry": {
        "type": "Point",
        "coordinates": [
          24.8489714,
          60.1479726
        ]
      },
      "properties": {
        "id": 7746247460,
        "osm_type": "node",
        "tourism": "camp_site"
      }
    },
    {
      "type": "Feature",
      "geometry": {
        "type": "Point",
        "coordinates": [
          24.848384,
          60.147739
        ]
      },
      "properties": {
        "id": 7746247461,
        "osm_type": "node",
        "tourism": "camp_site"
      }
    },
    {
      "type": "Feature",
      "geometry": {
        "type": "Point",
        "coordinates": [
          23.5254434,
          59.9100017
        ]
      },
      "properties": {
        "id": 7796919886,
        "osm_type": "node",
        "tourism": "caravan_site"
      }
    },
    {
      "type": "Feature",
      "geometry": {
        "type": "Point",
        "coordinates": [
          24.958865,
          60.1796113
        ]
      },
      "properties": {
        "id": 7835841833,
        "osm_type": "node",
        "name": "Sky Hostel",
        "tourism": "hostel",
        "website": "https://www.skyhostel.fi/",
        "check_date": "2024-10-12"
      }
    },
    {
      "type": "Feature",
      "geometry": {
        "type": "Point",
        "coordinates": [
          24.9588916,
          60.1795058
        ]
      },
      "properties": {
        "id": 7845884469,
        "osm_type": "node",
        "name": "InnTourist",
        "tourism": "hostel",
        "phone": "+358452089009",
        "website": "https://inntourist.fi/",
        "check_date": "2024-10-12"
      }
    },
    {
      "type": "Feature",
      "geometry": {
        "type": "Point",
        "coordinates": [
          24.7367866,
          60.1593837
        ]
      },
      "properties": {
        "id": 7883850342,
        "osm_type": "node",
        "name": "Hotel Matts",
        "tourism": "hotel",
        "phone": "029 308 0440",
        "website": "https://www.hotelmatts.fi/",
        "check_date": "2025-06-22"
      }
    },
    {
      "type": "Feature",
      "geometry": {
        "type": "Point",
        "coordinates": [
          23.5994845,
          59.9879994
        ]
      },
      "properties": {
        "id": 7927323332,
        "osm_type": "node",
        "tourism": "guest_house",
        "website": "https://malmbacka.fi"
      }
    },
    {
      "type": "Feature",
      "geometry": {
        "type": "Point",
        "coordinates": [
          24.9630491,
          60.1668572
        ]
      },
      "properties": {
        "id": 7987201386,
        "osm_type": "node",
        "name": "Noli Katajanokka",
        "tourism": "hotel",
        "phone": "+358201441050",
        "website": "https://nolistudios.com/en/noli-katajanokka-helsinki"
      }
    },
    {
      "type": "Feature",
      "geometry": {
        "type": "Point",
        "coordinates": [
          24.45039,
          60.2916668
        ]
      },
      "properties": {
        "id": 7993527041,
        "osm_type": "node",
        "name": "Nuuksio Hostel and Camping",
        "tourism": "hostel",
        "website": "https://www.kaikuva.fi/"
      }
    },
    {
      "type": "Feature",
      "geometry": {
        "type": "Point",
        "coordinates": [
          24.9453769,
          60.192574
        ]
      },
      "properties": {
        "id": 8040605624,
        "osm_type": "node",
        "name": "The Folks Hotel Konepaja",
        "tourism": "hotel",
        "website": "https://www.folkshotels.fi/",
        "check_date": "2024-03-27"
      }
    },
    {
      "type": "Feature",
      "geometry": {
        "type": "Point",
        "coordinates": [
          26.2486569,
          60.4105306
        ]
      },
      "properties": {
        "id": 8103147543,
        "osm_type": "node",
        "name": "Valko Centre Hostel",
        "tourism": "motel"
      }
    },
    {
      "type": "Feature",
      "geometry": {
        "type": "Point",
        "coordinates": [
          26.2044933,
          60.554127
        ]
      },
      "properties": {
        "id": 8224456177,
        "osm_type": "node",
        "name": "Villa Mandala",
        "tourism": "guest_house",
        "website": "https://www.villamandala.fi/"
      }
    },
    {
      "type": "Feature",
      "geometry": {
        "type": "Point",
        "coordinates": [
          25.1024537,
          60.402231
        ]
      },
      "properties": {
        "id": 8355228661,
        "osm_type": "node",
        "name": "Hotelli Kerava",
        "tourism": "hotel",
        "phone": "+358 (0) 44 772 5204",
        "website": "https://www.hotellikerava.fi/"
      }
    },
    {
      "type": "Feature",
      "geometry": {
        "type": "Point",
        "coordinates": [
          26.2263018,
          60.460299
        ]
      },
      "properties": {
        "id": 8420858652,
        "osm_type": "node",
        "name": "Villa Baumgartner – Guesthouse",
        "tourism": "guest_house",
        "website": "http://www.villabaumgartner.fi/"
      }
    },
    {
      "type": "Feature",
      "geometry": {
        "type": "Point",
        "coordinates": [
          26.3159754,
          60.374118
        ]
      },
      "properties": {
        "id": 8420966062,
        "osm_type": "node",
        "name": "Källan leirialue",
        "tourism": "camp_site",
        "website": "https://www.loviisa.fi/kulttuuri-ja-vapaa-aika/harrastukset-ja-vapaa-aika/liikunta-ja-ulkoilu/liikuntapaikat-ja-tilat/ulkoilu-ja-luonnon-virkistyskaytto/"
      }
    },
    {
      "type": "Feature",
      "geometry": {
        "type": "Point",
        "coordinates": [
          25.96317,
          60.2746949
        ]
      },
      "properties": {
        "id": 8611709019,
        "osm_type": "node",
        "name": "SeaSide Holidays Ay",
        "tourism": "guest_house",
        "website": "https://seaside-holidays-avoin-yhtio.business.site/"
      }
    },
    {
      "type": "Feature",
      "geometry": {
        "type": "Point",
        "coordinates": [
          25.9633122,
          60.3060989
        ]
      },
      "properties": {
        "id": 8611709030,
        "osm_type": "node",
        "name": "Sarfsalö Bed & Breakfast",
        "tourism": "guest_house",
        "website": "https://www.visitloviisa.fi/kohdekortit/sarfsalo-bed-breakfast/"
      }
    },
    {
      "type": "Feature",
      "geometry": {
        "type": "Point",
        "coordinates": [
          25.3162297,
          60.2882453
        ]
      },
      "properties": {
        "id": 8670918956,
        "osm_type": "node",
        "name": "Kartanohotelli Artturi",
        "tourism": "hotel",
        "phone": "+358 40 199 0712",
        "website": "https://kartanohotelliartturi.fi"
      }
    },
    {
      "type": "Feature",
      "geometry": {
        "type": "Point",
        "coordinates": [
          24.5562297,
          60.2952557
        ]
      },
      "properties": {
        "id": 8813912010,
        "osm_type": "node",
        "name": "Haltia Lake Lodge",
        "tourism": "hotel",
        "phone": "+358405439708",
        "website": "https://haltialakelodge.com"
      }
    },
    {
      "type": "Feature",
      "geometry": {
        "type": "Point",
        "coordinates": [
          24.9637632,
          60.1880061
        ]
      },
      "properties": {
        "id": 8831312080,
        "osm_type": "node",
        "name": "NoLi Studios Sörnäinen",
        "tourism": "hotel",
        "opening_hours": "Mo-Sa 08:00-22:00; Su 10:00-19:00",
        "phone": "+358201441050",
        "website": "https://nolistudios.com/en/noli-sornainen-helsinki",
        "check_date": "2025-01-15"
      }
    },
    {
      "type": "Feature",
      "geometry": {
        "type": "Point",
        "coordinates": [
          24.9615801,
          60.1863342
        ]
      },
      "properties": {
        "id": 8831555668,
        "osm_type": "node",
        "name": "Sweet Dream guest house",
        "tourism": "hotel"
      }
    },
    {
      "type": "Feature",
      "geometry": {
        "type": "Point",
        "coordinates": [
          24.9471513,
          60.1723423
        ]
      },
      "properties": {
        "id": 8942373694,
        "osm_type": "node",
        "name": "Bob W",
        "tourism": "apartment"
      }
    },
    {
      "type": "Feature",
      "geometry": {
        "type": "Point",
        "coordinates": [
          25.3655117,
          60.2409571
        ]
      },
      "properties": {
        "id": 8948095378,
        "osm_type": "node",
        "tourism": "camp_site"
      }
    },
    {
      "type": "Feature",
      "geometry": {
        "type": "Point",
        "coordinates": [
          25.3673816,
          60.2401281
        ]
      },
      "properties": {
        "id": 8948204127,
        "osm_type": "node",
        "tourism": "camp_site"
      }
    },
    {
      "type": "Feature",
      "geometry": {
        "type": "Point",
        "coordinates": [
          25.2834043,
          60.2132048
        ]
      },
      "properties": {
        "id": 8948209018,
        "osm_type": "node",
        "tourism": "camp_site"
      }
    },
    {
      "type": "Feature",
      "geometry": {
        "type": "Point",
        "coordinates": [
          25.2864146,
          60.2171228
        ]
      },
      "properties": {
        "id": 8948212107,
        "osm_type": "node",
        "tourism": "camp_site",
        "tents": "yes"
      }
    },
    {
      "type": "Feature",
      "geometry": {
        "type": "Point",
        "coordinates": [
          25.2859261,
          60.2184805
        ]
      },
      "properties": {
        "id": 8948212227,
        "osm_type": "node",
        "tourism": "camp_site"
      }
    },
    {
      "type": "Feature",
      "geometry": {
        "type": "Point",
        "coordinates": [
          25.233068,
          60.1957777
        ]
      },
      "properties": {
        "id": 8948218799,
        "osm_type": "node",
        "tourism": "camp_site"
      }
    },
    {
      "type": "Feature",
      "geometry": {
        "type": "Point",
        "coordinates": [
          25.1081102,
          60.1761109
        ]
      },
      "properties": {
        "id": 8957608906,
        "osm_type": "node",
        "tourism": "camp_site",
        "tents": "yes"
      }
    },
    {
      "type": "Feature",
      "geometry": {
        "type": "Point",
        "coordinates": [
          25.1049304,
          60.1759482
        ]
      },
      "properties": {
        "id": 8957622997,
        "osm_type": "node",
        "tourism": "camp_site"
      }
    },
    {
      "type": "Feature",
      "geometry": {
        "type": "Point",
        "coordinates": [
          25.1189659,
          60.1857177
        ]
      },
      "properties": {
        "id": 8957625710,
        "osm_type": "node",
        "tourism": "camp_site"
      }
    },
    {
      "type": "Feature",
      "geometry": {
        "type": "Point",
        "coordinates": [
          25.1033123,
          60.1778842
        ]
      },
      "properties": {
        "id": 8957635052,
        "osm_type": "node",
        "tourism": "camp_site",
        "tents": "yes"
      }
    },
    {
      "type": "Feature",
      "geometry": {
        "type": "Point",
        "coordinates": [
          23.8715745,
          59.9747291
        ]
      },
      "properties": {
        "id": 9015505185,
        "osm_type": "node",
        "name": "The Barö",
        "tourism": "hotel",
        "website": "https://www.thebaro.fi"
      }
    },
    {
      "type": "Feature",
      "geometry": {
        "type": "Point",
        "coordinates": [
          23.112927,
          59.9001386
        ]
      },
      "properties": {
        "id": 9161313991,
        "osm_type": "node",
        "name": "Bengtsårin leirisaari",
        "tourism": "camp_site",
        "phone": "+358403583214",
        "website": "https://nuorten.hel.fi/nuorisotalot/bengtsarin-leirisaari/"
      }
    },
    {
      "type": "Feature",
      "geometry": {
        "type": "Point",
        "coordinates": [
          25.3024285,
          60.1630509
        ]
      },
      "properties": {
        "id": 9181019462,
        "osm_type": "node",
        "tourism": "camp_site"
      }
    },
    {
      "type": "Feature",
      "geometry": {
        "type": "Point",
        "coordinates": [
          26.103569,
          60.45464
        ]
      },
      "properties": {
        "id": 9193207693,
        "osm_type": "node",
        "name": "Villa Lovisa",
        "tourism": "guest_house",
        "website": "https://www.booking.com/hotel/fi/villa-lovisa.fi.html?aid=311095;label=villa-lovisa-3WF7H4NjXigYhak5I4HO5gS338522472208%3Apl%3Ata%3Ap1%3Ap2%3Aac%3Aap%3Aneg%3Afi%3Atiaud-297601666555%3Akwd-308596549387%3Alp1005602%3Ali%3Adec%3Adm%3Appccp%3DUmFuZG9tSVYkc2Rl"
      }
    },
    {
      "type": "Feature",
      "geometry": {
        "type": "Point",
        "coordinates": [
          26.2174014,
          60.4493736
        ]
      },
      "properties": {
        "id": 9193237363,
        "osm_type": "node",
        "name": "Rauhalantie Studio",
        "tourism": "apartment",
        "website": "https://www.booking.com/hotel/fi/rauhalantie-studio.en-gb.html?label=gen173nr-1DCAsoSEIScmF1aGFsYW50aWUtc3R1ZGlvSCVYBGhIiAEBmAEluAEXyAEM2AED6AEB-AECiAIBqAIDuAKlqd2KBsACAdICJDZlYmVlOGJjLTE4NmItNDY2OS1hNmY4LTU3YTEzNzAxNjNlZtgCBOACAQ&sid=d0376bf3096ffde1d418"
      }
    },
    {
      "type": "Feature",
      "geometry": {
        "type": "Point",
        "coordinates": [
          26.237293,
          60.4455932
        ]
      },
      "properties": {
        "id": 9193264439,
        "osm_type": "node",
        "name": "Villa Veltheim",
        "tourism": "guest_house"
      }
    },
    {
      "type": "Feature",
      "geometry": {
        "type": "Point",
        "coordinates": [
          26.2534066,
          60.4590901
        ]
      },
      "properties": {
        "id": 9355381322,
        "osm_type": "node",
        "name": "Peikkovuoren B&B",
        "tourism": "guest_house",
        "website": "https://trollbergetpeikkovuori.wordpress.com/"
      }
    },
    {
      "type": "Feature",
      "geometry": {
        "type": "Point",
        "coordinates": [
          24.9480972,
          60.1792378
        ]
      },
      "properties": {
        "id": 9565799617,
        "osm_type": "node",
        "tourism": "apartment"
      }
    },
    {
      "type": "Feature",
      "geometry": {
        "type": "Point",
        "coordinates": [
          25.6600775,
          60.3946381
        ]
      },
      "properties": {
        "id": 9624824007,
        "osm_type": "node",
        "name": "RUNO Hotel Porvoo",
        "tourism": "hotel",
        "phone": "+358 29 319 1200",
        "website": "https://runohotel.com/",
        "check_date": "2025-04-18"
      }
    },
    {
      "type": "Feature",
      "geometry": {
        "type": "Point",
        "coordinates": [
          25.0910084,
          60.4726622
        ]
      },
      "properties": {
        "id": 9686486031,
        "osm_type": "node",
        "name": "Hotelli Sointu",
        "tourism": "hotel",
        "phone": "+358 102007302",
        "website": "https://www.hotellisointu.fi/",
        "check_date": "2024-08-18"
      }
    },
    {
      "type": "Feature",
      "geometry": {
        "type": "Point",
        "coordinates": [
          23.8343702,
          60.2644785
        ]
      },
      "properties": {
        "id": 9713928178,
        "osm_type": "node",
        "name": "Suurniemen tila",
        "tourism": "chalet",
        "phone": "+358 50 345 1551",
        "website": "https://suurniementila.com/"
      }
    },
    {
      "type": "Feature",
      "geometry": {
        "type": "Point",
        "coordinates": [
          23.8280751,
          60.2643392
        ]
      },
      "properties": {
        "id": 9714021299,
        "osm_type": "node",
        "name": "Männikkö",
        "tourism": "chalet",
        "website": "http://www.suurniementila.com/"
      }
    },
    {
      "type": "Feature",
      "geometry": {
        "type": "Point",
        "coordinates": [
          23.8271078,
          60.2618521
        ]
      },
      "properties": {
        "id": 9714023670,
        "osm_type": "node",
        "name": "Tikkaranta",
        "tourism": "chalet",
        "website": "https://suurniementila.com/"
      }
    },
    {
      "type": "Feature",
      "geometry": {
        "type": "Point",
        "coordinates": [
          23.8260478,
          60.2610238
        ]
      },
      "properties": {
        "id": 9714027405,
        "osm_type": "node",
        "name": "Karkalin Kaiku",
        "tourism": "chalet",
        "website": "https://suurniementila.com/"
      }
    },
    {
      "type": "Feature",
      "geometry": {
        "type": "Point",
        "coordinates": [
          26.2206893,
          60.4563057
        ]
      },
      "properties": {
        "id": 9798825443,
        "osm_type": "node",
        "tourism": "caravan_site",
        "website": "https://matkaparkki.com/"
      }
    },
    {
      "type": "Feature",
      "geometry": {
        "type": "Point",
        "coordinates": [
          24.9396246,
          60.1680664
        ]
      },
      "properties": {
        "id": 9801684394,
        "osm_type": "node",
        "name": "The YARD Hostel",
        "tourism": "hostel",
        "phone": "+358 400 909 118",
        "website": "https://theyard.fi/",
        "check_date": "2025-09-13"
      }
    },
    {
      "type": "Feature",
      "geometry": {
        "type": "Point",
        "coordinates": [
          24.1988131,
          60.5334268
        ]
      },
      "properties": {
        "id": 9806396442,
        "osm_type": "node",
        "name": "Tehtaan Hotelli",
        "tourism": "hotel",
        "phone": "+358504726076",
        "website": "https://www.tehtaanhotelli.fi/"
      }
    },
    {
      "type": "Feature",
      "geometry": {
        "type": "Point",
        "coordinates": [
          24.9335899,
          60.1669397
        ]
      },
      "properties": {
        "id": 9919307017,
        "osm_type": "node",
        "name": "Hotel Mestari",
        "tourism": "hotel",
        "phone": "+358 293 200 460",
        "website": "https://hotelmestari.fi/",
        "check_date": "2024-09-10"
      }
    },
    {
      "type": "Feature",
      "geometry": {
        "type": "Point",
        "coordinates": [
          25.1018459,
          60.4033545
        ]
      },
      "properties": {
        "id": 9921611633,
        "osm_type": "node",
        "name": "Apartment Paasikivi",
        "tourism": "apartment"
      }
    },
    {
      "type": "Feature",
      "geometry": {
        "type": "Point",
        "coordinates": [
          26.2370224,
          60.4416086
        ]
      },
      "properties": {
        "id": 9961125478,
        "osm_type": "node",
        "name": "Lovisa Caravan",
        "tourism": "caravan_site",
        "website": "https://www.loviisa.fi/kulttuuri-ja-vapaa-aika/loviisa-camping/"
      }
    },
    {
      "type": "Feature",
      "geometry": {
        "type": "Point",
        "coordinates": [
          24.0542093,
          60.2431323
        ]
      },
      "properties": {
        "id": 10097264579,
        "osm_type": "node",
        "name": "Hotelli Gasthaus Lohja",
        "tourism": "hotel",
        "phone": "+35819331771",
        "website": "https://gasthauslohja.fi/"
      }
    },
    {
      "type": "Feature",
      "geometry": {
        "type": "Point",
        "coordinates": [
          24.8084403,
          60.1720501
        ]
      },
      "properties": {
        "id": 10110853923,
        "osm_type": "node",
        "name": "Forenom",
        "tourism": "apartment",
        "website": "https://www.forenom.com/apartments/espoo/forenom-serviced-apartments-espoo-tapiola/272?checkin=%222022-10-18%22&checkout=%222022-10-25%22&occupants=1"
      }
    },
    {
      "type": "Feature",
      "geometry": {
        "type": "Point",
        "coordinates": [
          25.0436799,
          60.303188
        ]
      },
      "properties": {
        "id": 10180557662,
        "osm_type": "node",
        "name": "20Rooms",
        "tourism": "hotel",
        "phone": "+358 40 6582939",
        "website": "https://www.20rooms.fi"
      }
    },
    {
      "type": "Feature",
      "geometry": {
        "type": "Point",
        "coordinates": [
          24.2089773,
          60.5352023
        ]
      },
      "properties": {
        "id": 10225701446,
        "osm_type": "node",
        "name": "Pikku Pässi Inn",
        "tourism": "apartment",
        "website": "https://www.airbnb.fi/rooms/38394911"
      }
    },
    {
      "type": "Feature",
      "geometry": {
        "type": "Point",
        "coordinates": [
          25.6007939,
          60.3026988
        ]
      },
      "properties": {
        "id": 10313024229,
        "osm_type": "node",
        "name": "Hotel Poukama",
        "tourism": "hotel"
      }
    },
    {
      "type": "Feature",
      "geometry": {
        "type": "Point",
        "coordinates": [
          24.9512071,
          60.1650468
        ]
      },
      "properties": {
        "id": 10601262465,
        "osm_type": "node",
        "name": "Hotel U14",
        "tourism": "hotel",
        "contact:phone": "+358 29 314 1414",
        "website": "https://hotelu14.fi"
      }
    },
    {
      "type": "Feature",
      "geometry": {
        "type": "Point",
        "coordinates": [
          25.1037389,
          60.4249076
        ]
      },
      "properties": {
        "id": 10712326917,
        "osm_type": "node",
        "name": "Forenom Hostel Kerava",
        "tourism": "hostel"
      }
    },
    {
      "type": "Feature",
      "geometry": {
        "type": "Point",
        "coordinates": [
          25.0352138,
          60.1967184
        ]
      },
      "properties": {
        "id": 10834069940,
        "osm_type": "node",
        "name": "Noli Herttoniemi",
        "tourism": "hotel",
        "website": "https://nolistudios.com/fi/noli-herttoniemi-helsinki"
      }
    },
    {
      "type": "Feature",
      "geometry": {
        "type": "Point",
        "coordinates": [
          24.0621152,
          60.2489819
        ]
      },
      "properties": {
        "id": 10856081041,
        "osm_type": "node",
        "name": "Hiisi Hotel Lohja",
        "tourism": "hotel",
        "website": "https://www.hiisihomes.fi/hiisi-homes/hiisi-hotel-lohja/"
      }
    },
    {
      "type": "Feature",
      "geometry": {
        "type": "Point",
        "coordinates": [
          24.9379961,
          60.1658562
        ]
      },
      "properties": {
        "id": 10967431171,
        "osm_type": "node",
        "name": "Scandic Helsinki Hub",
        "tourism": "hotel",
        "phone": "+358 300 870680",
        "website": "https://www.scandichotels.fi/hotellit/suomi/helsinki/scandic-helsinki-hub"
      }
    },
    {
      "type": "Feature",
      "geometry": {
        "type": "Point",
        "coordinates": [
          24.5990392,
          60.5288083
        ]
      },
      "properties": {
        "id": 10980108162,
        "osm_type": "node",
        "name": "VihtiPark",
        "tourism": "camp_site",
        "website": "https://www.sfchyvinkaa.net/"
      }
    },
    {
      "type": "Feature",
      "geometry": {
        "type": "Point",
        "coordinates": [
          24.2392764,
          60.3763143
        ]
      },
      "properties": {
        "id": 11031905728,
        "osm_type": "node",
        "name": "Pääkslahti Caravan",
        "tourism": "caravan_site",
        "website": "https://www.paakslahti.fi/"
      }
    },
    {
      "type": "Feature",
      "geometry": {
        "type": "Point",
        "coordinates": [
          25.0223545,
          60.1358814
        ]
      },
      "properties": {
        "id": 11048470653,
        "osm_type": "node",
        "name": "Muuntajamajoitus",
        "tourism": "chalet",
        "phone": "+358 40 7649766",
        "website": "https://www.kuninkaansaari.fi/majoitus"
      }
    },
    {
      "type": "Feature",
      "geometry": {
        "type": "Point",
        "coordinates": [
          25.0170487,
          60.133385
        ]
      },
      "properties": {
        "id": 11048470654,
        "osm_type": "node",
        "name": "Telttamajoitus Lataamo",
        "tourism": "apartment",
        "tents": "yes",
        "phone": "+358 40 764 9766",
        "website": "https://www.kuninkaansaari.fi/telttamajoituslataamo"
      }
    },
    {
      "type": "Feature",
      "geometry": {
        "type": "Point",
        "coordinates": [
          23.6422831,
          60.0855763
        ]
      },
      "properties": {
        "id": 11055058539,
        "osm_type": "node",
        "name": "Brukspatrons wärdshus & restaurant",
        "tourism": "hotel"
      }
    },
    {
      "type": "Feature",
      "geometry": {
        "type": "Point",
        "coordinates": [
          25.1045068,
          60.1773711
        ]
      },
      "properties": {
        "id": 11077201441,
        "osm_type": "node",
        "tourism": "camp_site",
        "tents": "yes"
      }
    },
    {
      "type": "Feature",
      "geometry": {
        "type": "Point",
        "coordinates": [
          25.1055072,
          60.1775912
        ]
      },
      "properties": {
        "id": 11077201442,
        "osm_type": "node",
        "tourism": "camp_site",
        "tents": "yes"
      }
    },
    {
      "type": "Feature",
      "geometry": {
        "type": "Point",
        "coordinates": [
          25.1048648,
          60.1775545
        ]
      },
      "properties": {
        "id": 11077201443,
        "osm_type": "node",
        "tourism": "camp_site",
        "tents": "yes"
      }
    },
    {
      "type": "Feature",
      "geometry": {
        "type": "Point",
        "coordinates": [
          25.1201344,
          60.3464919
        ]
      },
      "properties": {
        "id": 11466452314,
        "osm_type": "node",
        "name": "Villa Jokivarsi Bed & Breakfast",
        "tourism": "hotel",
        "phone": "+358 505885897",
        "website": "https://www.villajokivarsi.com/"
      }
    },
    {
      "type": "Feature",
      "geometry": {
        "type": "Point",
        "coordinates": [
          24.3138283,
          60.3663311
        ]
      },
      "properties": {
        "id": 11490044169,
        "osm_type": "node",
        "name": "Villa Björkbacken",
        "tourism": "hotel",
        "phone": "+358942732224",
        "website": "https://bjorkbacken.fi/"
      }
    },
    {
      "type": "Feature",
      "geometry": {
        "type": "Point",
        "coordinates": [
          26.1912782,
          60.4594227
        ]
      },
      "properties": {
        "id": 11576955649,
        "osm_type": "node",
        "name": "BestPark Loviisa",
        "tourism": "caravan_site"
      }
    },
    {
      "type": "Feature",
      "geometry": {
        "type": "Point",
        "coordinates": [
          24.3382963,
          60.1501213
        ]
      },
      "properties": {
        "id": 11578408815,
        "osm_type": "node",
        "tourism": "camp_site"
      }
    },
    {
      "type": "Feature",
      "geometry": {
        "type": "Point",
        "coordinates": [
          24.6478453,
          60.5016492
        ]
      },
      "properties": {
        "id": 11708835765,
        "osm_type": "node",
        "name": "Forenom Hostel Röykkä",
        "tourism": "hostel",
        "website": "https://www.forenom.com/fi/hostellit/roykka/forenom-hostel-roykka/612/?checkin=null&checkout=null&occupants=1"
      }
    },
    {
      "type": "Feature",
      "geometry": {
        "type": "Point",
        "coordinates": [
          24.9566453,
          60.1737419
        ]
      },
      "properties": {
        "id": 11712182002,
        "osm_type": "node",
        "name": "Waldorf Astoria Helsinki",
        "tourism": "hotel",
        "phone": "+358 9 8860 0100",
        "website": "https://www.hilton.com/en/hotels/helwcwa-waldorf-astoria-helsinki/"
      }
    },
    {
      "type": "Feature",
      "geometry": {
        "type": "Point",
        "coordinates": [
          25.0456831,
          60.2926466
        ]
      },
      "properties": {
        "id": 11740538045,
        "osm_type": "node",
        "name": "Forenom Aparthotel",
        "tourism": "hotel"
      }
    },
    {
      "type": "Feature",
      "geometry": {
        "type": "Point",
        "coordinates": [
          24.9390169,
          60.1680486
        ]
      },
      "properties": {
        "id": 11802454998,
        "osm_type": "node",
        "name": "Hotel Bastian",
        "tourism": "hotel"
      }
    },
    {
      "type": "Feature",
      "geometry": {
        "type": "Point",
        "coordinates": [
          23.525275,
          59.9097761
        ]
      },
      "properties": {
        "id": 11994739271,
        "osm_type": "node",
        "name": "SF-Caravan Kopparö ry",
        "tourism": "caravan_site",
        "website": "https://kopparo.fi/"
      }
    },
    {
      "type": "Feature",
      "geometry": {
        "type": "Point",
        "coordinates": [
          24.6093197,
          60.3424294
        ]
      },
      "properties": {
        "id": 12059410670,
        "osm_type": "node",
        "tourism": "camp_site",
        "tents": "yes"
      }
    },
    {
      "type": "Feature",
      "geometry": {
        "type": "Point",
        "coordinates": [
          25.5838544,
          60.6452038
        ]
      },
      "properties": {
        "id": 12066246256,
        "osm_type": "node",
        "name": "Yado Oikawa - Japanilainen Elämysmajoitus",
        "tourism": "guest_house",
        "website": "https://www.yadooikawa.fi"
      }
    },
    {
      "type": "Feature",
      "geometry": {
        "type": "Point",
        "coordinates": [
          25.2863659,
          60.2130663
        ]
      },
      "properties": {
        "id": 12073466946,
        "osm_type": "node",
        "tourism": "camp_site",
        "tents": "yes"
      }
    },
    {
      "type": "Feature",
      "geometry": {
        "type": "Point",
        "coordinates": [
          25.288159,
          60.2164586
        ]
      },
      "properties": {
        "id": 12073492397,
        "osm_type": "node",
        "tourism": "camp_site",
        "tents": "yes"
      }
    },
    {
      "type": "Feature",
      "geometry": {
        "type": "Point",
        "coordinates": [
          25.3714375,
          60.2408516
        ]
      },
      "properties": {
        "id": 12073517557,
        "osm_type": "node",
        "tourism": "camp_site",
        "tents": "yes"
      }
    },
    {
      "type": "Feature",
      "geometry": {
        "type": "Point",
        "coordinates": [
          25.3713436,
          60.2410869
        ]
      },
      "properties": {
        "id": 12073558741,
        "osm_type": "node",
        "tourism": "camp_site",
        "tents": "yes"
      }
    },
    {
      "type": "Feature",
      "geometry": {
        "type": "Point",
        "coordinates": [
          24.7508413,
          60.2135758
        ]
      },
      "properties": {
        "id": 12075880776,
        "osm_type": "node",
        "name": "Forenom Hostel Espoo Kilo",
        "tourism": "hostel",
        "website": "https://www.forenom.com/fi/hostellit/espoo/forenom-hostel-espoo-kilo/757/"
      }
    },
    {
      "type": "Feature",
      "geometry": {
        "type": "Point",
        "coordinates": [
          24.5987615,
          60.0462291
        ]
      },
      "properties": {
        "id": 12098414830,
        "osm_type": "node",
        "tourism": "camp_site",
        "tents": "yes"
      }
    },
    {
      "type": "Feature",
      "geometry": {
        "type": "Point",
        "coordinates": [
          24.5956957,
          60.0452025
        ]
      },
      "properties": {
        "id": 12098414831,
        "osm_type": "node",
        "tourism": "camp_site",
        "tents": "yes"
      }
    },
    {
      "type": "Feature",
      "geometry": {
        "type": "Point",
        "coordinates": [
          25.0118332,
          60.1349446
        ]
      },
      "properties": {
        "id": 12142374323,
        "osm_type": "node",
        "name": "Archipelago Igloos",
        "tourism": "chalet",
        "website": "https://archipelagoigloos.com/"
      }
    },
    {
      "type": "Feature",
      "geometry": {
        "type": "Point",
        "coordinates": [
          24.9618012,
          60.1660082
        ]
      },
      "properties": {
        "id": 12248474488,
        "osm_type": "node",
        "name": "Solo Sokos Hotel Pier 4",
        "tourism": "hotel",
        "website": "https://www.sokoshotels.fi/en/hotels/helsinki/solo-sokos-hotel-pier-4"
      }
    },
    {
      "type": "Feature",
      "geometry": {
        "type": "Point",
        "coordinates": [
          24.6216858,
          60.0995622
        ]
      },
      "properties": {
        "id": 12432810668,
        "osm_type": "node",
        "name": "Villa Korppi",
        "tourism": "chalet",
        "website": "https://villakorppi.traveleto.com/"
      }
    },
    {
      "type": "Feature",
      "geometry": {
        "type": "Point",
        "coordinates": [
          24.9473631,
          60.1712036
        ]
      },
      "properties": {
        "id": 12444488771,
        "osm_type": "node",
        "name": "Bob W Kluuvi",
        "tourism": "apartment",
        "website": "https://bobw.co"
      }
    },
    {
      "type": "Feature",
      "geometry": {
        "type": "Point",
        "coordinates": [
          24.5239804,
          60.2493558
        ]
      },
      "properties": {
        "id": 12486127507,
        "osm_type": "node",
        "name": "Lily Summer Cottage",
        "tourism": "guest_house"
      }
    },
    {
      "type": "Feature",
      "geometry": {
        "type": "Point",
        "coordinates": [
          24.9504279,
          60.181777
        ]
      },
      "properties": {
        "id": 12536794846,
        "osm_type": "node",
        "name": "Citybox Helsinki",
        "tourism": "hotel",
        "phone": "+358 400416611",
        "website": "https://cityboxhotels.com/fi/hotels/helsinki/helsinki"
      }
    },
    {
      "type": "Feature",
      "geometry": {
        "type": "Point",
        "coordinates": [
          24.7050155,
          60.2049654
        ]
      },
      "properties": {
        "id": 12558550251,
        "osm_type": "node",
        "name": "Pikku-Berliini",
        "tourism": "guest_house",
        "phone": "0469347492"
      }
    },
    {
      "type": "Feature",
      "geometry": {
        "type": "Point",
        "coordinates": [
          24.5125867,
          60.289408
        ]
      },
      "properties": {
        "id": 12632640107,
        "osm_type": "node",
        "name": "Villa Kanttarellin hirsitalo, Nuuksion kansallispuisto",
        "tourism": "chalet",
        "website": "https://www.airbnb.fi/rooms/20070446?source_impression_id=p3_1740988637_P3zfDRzvoLDTTI2F"
      }
    },
    {
      "type": "Feature",
      "geometry": {
        "type": "Point",
        "coordinates": [
          23.986382,
          60.2638619
        ]
      },
      "properties": {
        "id": 12731873491,
        "osm_type": "node",
        "name": "Partioniemi",
        "tourism": "camp_site"
      }
    },
    {
      "type": "Feature",
      "geometry": {
        "type": "Point",
        "coordinates": [
          22.9615093,
          59.8290421
        ]
      },
      "properties": {
        "id": 12814667969,
        "osm_type": "node",
        "name": "Folkiacenter",
        "tourism": "apartment",
        "website": "https://www.folkiacenter.fi/"
      }
    },
    {
      "type": "Feature",
      "geometry": {
        "type": "Point",
        "coordinates": [
          24.9095462,
          60.1595649
        ]
      },
      "properties": {
        "id": 12860861595,
        "osm_type": "node",
        "name": "Hiisi Hotel Helsinki Jätkäsaari",
        "tourism": "hotel",
        "phone": "+358 20 778 0777",
        "website": "https://www.hiisihomes.fi/hiisi-homes/hiisi-hotel-helsinki-jatkasaari/"
      }
    },
    {
      "type": "Feature",
      "geometry": {
        "type": "Point",
        "coordinates": [
          23.3425602,
          59.9943689
        ]
      },
      "properties": {
        "id": 12880557364,
        "osm_type": "node",
        "name": "Långträsket LA",
        "tourism": "camp_site",
        "tents": "yes"
      }
    },
    {
      "type": "Feature",
      "geometry": {
        "type": "Point",
        "coordinates": [
          25.2161314,
          60.4715959
        ]
      },
      "properties": {
        "id": 12923890351,
        "osm_type": "node",
        "name": "Runar's Guesthouse",
        "tourism": "apartment"
      }
    },
    {
      "type": "Feature",
      "geometry": {
        "type": "Point",
        "coordinates": [
          23.9929111,
          60.0400928
        ]
      },
      "properties": {
        "id": 12927196946,
        "osm_type": "node",
        "name": "Villa Solbacka",
        "tourism": "guest_house"
      }
    },
    {
      "type": "Feature",
      "geometry": {
        "type": "Point",
        "coordinates": [
          24.9470517,
          60.1656912
        ]
      },
      "properties": {
        "id": 12987361412,
        "osm_type": "node",
        "name": "Bob W Kaarti",
        "tourism": "hotel",
        "website": "https://bobw.co/apartments/helsinki-kaarti-comfy"
      }
    },
    {
      "type": "Feature",
      "geometry": {
        "type": "Point",
        "coordinates": [
          25.5783697,
          60.5913439
        ]
      },
      "properties": {
        "id": 12989536949,
        "osm_type": "node",
        "name": "Korttia",
        "tourism": "camp_site"
      }
    },
    {
      "type": "Feature",
      "geometry": {
        "type": "Point",
        "coordinates": [
          25.2508412,
          60.6089879
        ]
      },
      "properties": {
        "id": 13015543518,
        "osm_type": "node",
        "name": "Hotelli Hirvihaaran Kartano",
        "tourism": "hotel",
        "phone": "+358 19 688 8255",
        "website": "https://hirvihaarankartano.fi/"
      }
    },
    {
      "type": "Feature",
      "geometry": {
        "type": "Point",
        "coordinates": [
          22.9764861,
          59.8293277
        ]
      },
      "properties": {
        "id": 13021604446,
        "osm_type": "node",
        "name": "Majatalo Mankeli",
        "tourism": "guest_house"
      }
    },
    {
      "type": "Feature",
      "geometry": {
        "type": "Point",
        "coordinates": [
          23.6954816,
          60.2268174
        ]
      },
      "properties": {
        "id": 13036684997,
        "osm_type": "node",
        "name": "Immolan Rusthollin paja",
        "tourism": "chalet",
        "website": "https://www.airbnb.com/rooms/1333952014282092948"
      }
    },
    {
      "type": "Feature",
      "geometry": {
        "type": "Point",
        "coordinates": [
          24.495077,
          60.3012329
        ]
      },
      "properties": {
        "id": 13047668303,
        "osm_type": "node",
        "name": "Holma-Saarijärven itäinen telttailualue",
        "tourism": "camp_site",
        "tents": "yes"
      }
    },
    {
      "type": "Feature",
      "geometry": {
        "type": "Point",
        "coordinates": [
          24.4225693,
          60.2747986
        ]
      },
      "properties": {
        "id": 13107828327,
        "osm_type": "node",
        "name": "Matkakoti Taikayö",
        "tourism": "guest_house",
        "phone": "0400 960 666",
        "website": "https://www.matkakotitaikayo.fi/"
      }
    },
    {
      "type": "Feature",
      "geometry": {
        "type": "Point",
        "coordinates": [
          25.0837918,
          60.1606395
        ]
      },
      "properties": {
        "id": 13340903258,
        "osm_type": "node",
        "name": "Hotel Jollasranta",
        "tourism": "hotel",
        "phone": "+358 50 4966 075",
        "website": "https://www.jollasranta.fi/"
      }
    },
    {
      "type": "Feature",
      "geometry": {
        "type": "Point",
        "coordinates": [
          24.9325551,
          60.1650275
        ]
      },
      "properties": {
        "id": 13426515512,
        "osm_type": "node",
        "name": "Kotimaailma Aparthotel Kamppi",
        "tourism": "apartment",
        "contact:phone": "+358 600 390 355",
        "contact:website": "https://www.kotimaailma.com/fi/kaupungit/kotimaailma-aparthotelli-kamppi"
      }
    },
    {
      "type": "Feature",
      "geometry": {
        "type": "Point",
        "coordinates": [
          25.017861,
          60.3349108
        ]
      },
      "properties": {
        "id": 13439336885,
        "osm_type": "node",
        "name": "Kotimaailma Rooms Kivikkotie",
        "tourism": "hostel",
        "contact:phone": "+358600 390 355",
        "contact:website": "https://www.kotimaailma.com/fi/kaupungit/kotimaailma-roomsit-kivikkotie"
      }
    },
    {
      "type": "Feature",
      "geometry": {
        "type": "Point",
        "coordinates": [
          24.9653066,
          60.1665487
        ]
      },
      "properties": {
        "id": 13520044501,
        "osm_type": "node",
        "name": "Bob W. Helsinki Katajanokka",
        "tourism": "hotel",
        "phone": "+358942450197",
        "website": "https://booking.bobw.co/"
      }
    },
    {
      "type": "Feature",
      "geometry": {
        "type": "Point",
        "coordinates": [
          24.8367735,
          60.1837138
        ]
      },
      "properties": {
        "id": 4259289,
        "osm_type": "way",
        "name": "Radisson Blu Otaniemi",
        "tourism": "hotel"
      }
    },
    {
      "type": "Feature",
      "geometry": {
        "type": "Point",
        "coordinates": [
          24.9290636,
          60.1678783
        ]
      },
      "properties": {
        "id": 8042297,
        "osm_type": "way",
        "name": "Radisson Blu Royal",
        "tourism": "hotel",
        "phone": "+358 20 1234 701",
        "website": "https://www.radissonblu.com/fi"
      }
    },
    {
      "type": "Feature",
      "geometry": {
        "type": "Point",
        "coordinates": [
          24.9468927,
          60.1732406
        ]
      },
      "properties": {
        "id": 22327856,
        "osm_type": "way",
        "name": "Radisson RED Helsinki",
        "tourism": "hotel"
      }
    },
    {
      "type": "Feature",
      "geometry": {
        "type": "Point",
        "coordinates": [
          24.9644807,
          60.1659298
        ]
      },
      "properties": {
        "id": 22957630,
        "osm_type": "way",
        "name": "Scandic Grand Marina",
        "tourism": "hotel",
        "phone": "+358 9 16661",
        "website": "https://www.scandichotels.com/hotels/finland/helsinki/scandic-grand-marina"
      }
    },
    {
      "type": "Feature",
      "geometry": {
        "type": "Point",
        "coordinates": [
          24.9643339,
          60.1664361
        ]
      },
      "properties": {
        "id": 22957664,
        "osm_type": "way",
        "name": "Noli Katajanokka II",
        "tourism": "hotel",
        "website": "https://nolistudios.com/en/noli-katajanokka-2-helsinki"
      }
    },
    {
      "type": "Feature",
      "geometry": {
        "type": "Point",
        "coordinates": [
          24.8072574,
          60.1772897
        ]
      },
      "properties": {
        "id": 23034570,
        "osm_type": "way",
        "name": "Original Sokos Hotel Tapiola Garden",
        "tourism": "hotel",
        "phone": "020 123 4616",
        "website": "https://www.sokoshotels.fi/en/espoo/sokos-hotel-tapiola-garden",
        "check_date": "2024-08-20"
      }
    },
    {
      "type": "Feature",
      "geometry": {
        "type": "Point",
        "coordinates": [
          24.9692199,
          60.1666314
        ]
      },
      "properties": {
        "id": 23192861,
        "osm_type": "way",
        "name": "Hotel Katajanokka",
        "tourism": "hotel",
        "phone": "+358 9 686 450",
        "website": "https://www.hotelkatajanokka.fi/"
      }
    },
    {
      "type": "Feature",
      "geometry": {
        "type": "Point",
        "coordinates": [
          24.9206713,
          60.1772778
        ]
      },
      "properties": {
        "id": 23210476,
        "osm_type": "way",
        "name": "Toolo Towers",
        "tourism": "hotel"
      }
    },
    {
      "type": "Feature",
      "geometry": {
        "type": "Point",
        "coordinates": [
          24.7844171,
          60.2252365
        ]
      },
      "properties": {
        "id": 23284705,
        "osm_type": "way",
        "name": "Helsingin temppelin vieraskoti",
        "tourism": "apartment",
        "phone": "+358 9 8493 7140",
        "website": "https://www.jeesuksenkristuksenkirkko.org/vierastalo-lisatietoja"
      }
    },
    {
      "type": "Feature",
      "geometry": {
        "type": "Point",
        "coordinates": [
          24.9711321,
          60.295194
        ]
      },
      "properties": {
        "id": 24551007,
        "osm_type": "way",
        "name": "Holiday Inn Helsinki-Vantaa Airport",
        "tourism": "hotel",
        "phone": "+358 9 870 900",
        "website": "http://finland.holidayinn.com/hotellit/vantaa-airport/fi_FI/vantaa-airport/"
      }
    },
    {
      "type": "Feature",
      "geometry": {
        "type": "Point",
        "coordinates": [
          24.9840227,
          60.1484921
        ]
      },
      "properties": {
        "id": 24904243,
        "osm_type": "way",
        "name": "Hostel Suomenlinna",
        "tourism": "hostel",
        "phone": "+35896847471",
        "website": "https://www.hostelhelsinki.fi/fi"
      }
    },
    {
      "type": "Feature",
      "geometry": {
        "type": "Point",
        "coordinates": [
          24.835807,
          60.1635854
        ]
      },
      "properties": {
        "id": 27052077,
        "osm_type": "way",
        "name": "Hanasaaren ruotsalais-suomalainen kulttuurikeskus",
        "tourism": "hotel",
        "phone": "+358 9 435 020",
        "website": "https://www.hanaholmen.fi/"
      }
    },
    {
      "type": "Feature",
      "geometry": {
        "type": "Point",
        "coordinates": [
          25.0413506,
          60.290511
        ]
      },
      "properties": {
        "id": 27166913,
        "osm_type": "way",
        "name": "Sokos Hotel Vantaa",
        "tourism": "hotel",
        "phone": "+358 20 1234 618",
        "website": "https://www.sokoshotels.fi/hotellit/vantaa/vantaa/"
      }
    },
    {
      "type": "Feature",
      "geometry": {
        "type": "Point",
        "coordinates": [
          24.8276461,
          60.180057
        ]
      },
      "properties": {
        "id": 27463306,
        "osm_type": "way",
        "name": "Hostel Forenom Otaniemi",
        "tourism": "hostel",
        "check_date": "2025-12-13"
      }
    },
    {
      "type": "Feature",
      "geometry": {
        "type": "Point",
        "coordinates": [
          24.8324194,
          60.6324347
        ]
      },
      "properties": {
        "id": 27742150,
        "osm_type": "way",
        "name": "Hotelli Sveitsi",
        "tourism": "hotel"
      }
    },
    {
      "type": "Feature",
      "geometry": {
        "type": "Point",
        "coordinates": [
          24.9658558,
          60.2846932
        ]
      },
      "properties": {
        "id": 30600865,
        "osm_type": "way",
        "name": "Pilot Airport Hotel",
        "tourism": "hotel",
        "contact:phone": "+358 9 3294 800",
        "website": "https://airporthotelpilot.fi/"
      }
    },
    {
      "type": "Feature",
      "geometry": {
        "type": "Point",
        "coordinates": [
          25.1140834,
          60.1951073
        ]
      },
      "properties": {
        "id": 31784286,
        "osm_type": "way",
        "name": "Rantapuisto",
        "tourism": "hotel",
        "website": "https://www.rantapuisto.fi/",
        "check_date": "2025-05-18"
      }
    },
    {
      "type": "Feature",
      "geometry": {
        "type": "Point",
        "coordinates": [
          25.062788,
          60.2591683
        ]
      },
      "properties": {
        "id": 32912989,
        "osm_type": "way",
        "name": "Arkadia Hotel & Hostel",
        "tourism": "hostel",
        "phone": "+358 400 218 748",
        "website": "https://www.arkadiahotel.fi/",
        "check_date": "2024-07-17"
      }
    },
    {
      "type": "Feature",
      "geometry": {
        "type": "Point",
        "coordinates": [
          23.5403996,
          60.1276592
        ]
      },
      "properties": {
        "id": 35390780,
        "osm_type": "way",
        "name": "The Torby",
        "tourism": "hotel",
        "website": "https://thetorby.fi"
      }
    },
    {
      "type": "Feature",
      "geometry": {
        "type": "Point",
        "coordinates": [
          25.6228054,
          60.3520051
        ]
      },
      "properties": {
        "id": 37116727,
        "osm_type": "way",
        "name": "Haikko, Manor House",
        "tourism": "hotel",
        "phone": "+358 (0)19 576 01",
        "website": "https://www.haikko.fi/"
      }
    },
    {
      "type": "Feature",
      "geometry": {
        "type": "Point",
        "coordinates": [
          24.9728572,
          60.3070401
        ]
      },
      "properties": {
        "id": 44328872,
        "osm_type": "way",
        "name": "Forenom Hostel Vantaa Airport",
        "tourism": "hostel"
      }
    },
    {
      "type": "Feature",
      "geometry": {
        "type": "Point",
        "coordinates": [
          24.9722341,
          60.3083568
        ]
      },
      "properties": {
        "id": 44329709,
        "osm_type": "way",
        "name": "Forenom Hostel Vantaa Airport",
        "tourism": "hostel",
        "website": "http://forenom.fi/"
      }
    },
    {
      "type": "Feature",
      "geometry": {
        "type": "Point",
        "coordinates": [
          24.5110193,
          60.3590211
        ]
      },
      "properties": {
        "id": 81254609,
        "osm_type": "way",
        "tourism": "camp_site"
      }
    },
    {
      "type": "Feature",
      "geometry": {
        "type": "Point",
        "coordinates": [
          24.6663585,
          60.2762612
        ]
      },
      "properties": {
        "id": 82056533,
        "osm_type": "way",
        "name": "Backbyn kartano",
        "tourism": "hotel",
        "website": "https://backby.fi/"
      }
    },
    {
      "type": "Feature",
      "geometry": {
        "type": "Point",
        "coordinates": [
          24.6608153,
          60.238901
        ]
      },
      "properties": {
        "id": 82117232,
        "osm_type": "way",
        "tourism": "caravan_site"
      }
    },
    {
      "type": "Feature",
      "geometry": {
        "type": "Point",
        "coordinates": [
          24.4996677,
          60.2792815
        ]
      },
      "properties": {
        "id": 82172585,
        "osm_type": "way",
        "name": "Hotelli Nuuksio",
        "tourism": "hotel",
        "phone": "+ 358 9 867 971",
        "website": "https://www.hotellinuuksio.fi/",
        "check_date": "2024-06-29"
      }
    },
    {
      "type": "Feature",
      "geometry": {
        "type": "Point",
        "coordinates": [
          25.1847858,
          60.2259124
        ]
      },
      "properties": {
        "id": 87226973,
        "osm_type": "way",
        "name": "Vuosaaren saunapirtti",
        "tourism": "chalet",
        "website": "https://www.hrup.fi/helresp/saunapirtti/"
      }
    },
    {
      "type": "Feature",
      "geometry": {
        "type": "Point",
        "coordinates": [
          25.0345011,
          60.3772012
        ]
      },
      "properties": {
        "id": 87548930,
        "osm_type": "way",
        "name": "Sulan Hotelli",
        "tourism": "hotel",
        "opening_hours": "24/7",
        "phone": "0600308058",
        "website": "https://www.sulan.fi/"
      }
    },
    {
      "type": "Feature",
      "geometry": {
        "type": "Point",
        "coordinates": [
          25.1203251,
          60.2085019
        ]
      },
      "properties": {
        "id": 87854728,
        "osm_type": "way",
        "name": "Rastila Camping Helsinki",
        "tourism": "camp_site",
        "tents": "yes",
        "phone": "+358 9 31036659",
        "website": "https://rastilacamping.hel.fi/"
      }
    },
    {
      "type": "Feature",
      "geometry": {
        "type": "Point",
        "coordinates": [
          24.9100671,
          60.1652481
        ]
      },
      "properties": {
        "id": 91630171,
        "osm_type": "way",
        "name": "Holiday Inn",
        "tourism": "hotel",
        "website": "https://www.ihg.com/"
      }
    },
    {
      "type": "Feature",
      "geometry": {
        "type": "Point",
        "coordinates": [
          24.7651564,
          60.4207966
        ]
      },
      "properties": {
        "id": 96130396,
        "osm_type": "way",
        "name": "Lähilampi caravan",
        "tourism": "caravan_site",
        "phone": "+358 50 357 5526"
      }
    },
    {
      "type": "Feature",
      "geometry": {
        "type": "Point",
        "coordinates": [
          25.2127892,
          60.2415908
        ]
      },
      "properties": {
        "id": 116313366,
        "osm_type": "way",
        "name": "TORPPA Helsingin luonnonsuojeluyhdistys",
        "tourism": "chalet",
        "phone": "050 30 11 633",
        "website": "https://www.sll.fi/helsinki/torppa/"
      }
    },
    {
      "type": "Feature",
      "geometry": {
        "type": "Point",
        "coordinates": [
          24.6974527,
          60.1275285
        ]
      },
      "properties": {
        "id": 121269579,
        "osm_type": "way",
        "tourism": "chalet"
      }
    },
    {
      "type": "Feature",
      "geometry": {
        "type": "Point",
        "coordinates": [
          24.9386462,
          60.1677901
        ]
      },
      "properties": {
        "id": 123525580,
        "osm_type": "way",
        "name": "Hotelli Torni",
        "tourism": "hotel",
        "website": "https://www.sokoshotels.fi/en/helsinki/sokos-hotel-torni",
        "check_date": "2025-07-21"
      }
    },
    {
      "type": "Feature",
      "geometry": {
        "type": "Point",
        "coordinates": [
          24.9469905,
          60.1643849
        ]
      },
      "properties": {
        "id": 123915163,
        "osm_type": "way",
        "name": "Lilla Roberts",
        "tourism": "hotel",
        "phone": "+358 9 689 9880",
        "website": "https://www.lillaroberts.com/"
      }
    },
    {
      "type": "Feature",
      "geometry": {
        "type": "Point",
        "coordinates": [
          25.8672376,
          60.3395211
        ]
      },
      "properties": {
        "id": 126186176,
        "osm_type": "way",
        "name": "Strandhagen B&B",
        "tourism": "guest_house",
        "website": "https://www.strandhagen.fi/"
      }
    },
    {
      "type": "Feature",
      "geometry": {
        "type": "Point",
        "coordinates": [
          24.6902066,
          60.318153
        ]
      },
      "properties": {
        "id": 141796805,
        "osm_type": "way",
        "name": "Luukki",
        "tourism": "caravan_site"
      }
    },
    {
      "type": "Feature",
      "geometry": {
        "type": "Point",
        "coordinates": [
          24.6714728,
          60.5023438
        ]
      },
      "properties": {
        "id": 142268116,
        "osm_type": "way",
        "name": "Haukilampi",
        "tourism": "guest_house",
        "phone": "09 – 241 5803",
        "website": "http://www.haukilampi.fi/"
      }
    },
    {
      "type": "Feature",
      "geometry": {
        "type": "Point",
        "coordinates": [
          25.7820405,
          60.447329
        ]
      },
      "properties": {
        "id": 148053113,
        "osm_type": "way",
        "name": "Villa Molnby",
        "tourism": "hotel",
        "website": "https://villamolnby.com/"
      }
    },
    {
      "type": "Feature",
      "geometry": {
        "type": "Point",
        "coordinates": [
          24.9878061,
          60.3622746
        ]
      },
      "properties": {
        "id": 154089609,
        "osm_type": "way",
        "name": "Villa Tammikko",
        "tourism": "chalet",
        "website": "https://villatammikko.johku.com/fi_FI"
      }
    },
    {
      "type": "Feature",
      "geometry": {
        "type": "Point",
        "coordinates": [
          26.4712257,
          60.5242297
        ]
      },
      "properties": {
        "id": 167436642,
        "osm_type": "way",
        "name": "Strömfors Bed & Bistro",
        "tourism": "motel",
        "website": "https://www.facebook.com/StromforsBedBistro/"
      }
    },
    {
      "type": "Feature",
      "geometry": {
        "type": "Point",
        "coordinates": [
          26.0117397,
          60.3919544
        ]
      },
      "properties": {
        "id": 169948139,
        "osm_type": "way",
        "name": "Kaarnaranta",
        "tourism": "guest_house",
        "contact:website": "http://www.labbycatering.fi"
      }
    },
    {
      "type": "Feature",
      "geometry": {
        "type": "Point",
        "coordinates": [
          23.2619987,
          59.9946994
        ]
      },
      "properties": {
        "id": 175258816,
        "osm_type": "way",
        "name": "Villa Skogsbacka",
        "tourism": "chalet",
        "website": "https://skarsbole.fi/villa-skogsbacka-fi/"
      }
    },
    {
      "type": "Feature",
      "geometry": {
        "type": "Point",
        "coordinates": [
          24.4474845,
          60.0048778
        ]
      },
      "properties": {
        "id": 176431390,
        "osm_type": "way",
        "name": "Nedergårdin kesäsiirtola",
        "tourism": "chalet"
      }
    },
    {
      "type": "Feature",
      "geometry": {
        "type": "Point",
        "coordinates": [
          22.9681817,
          59.8272568
        ]
      },
      "properties": {
        "id": 176857016,
        "osm_type": "way",
        "name": "Hangon Asema",
        "tourism": "guest_house"
      }
    },
    {
      "type": "Feature",
      "geometry": {
        "type": "Point",
        "coordinates": [
          24.2998106,
          60.3344696
        ]
      },
      "properties": {
        "id": 176916314,
        "osm_type": "way",
        "name": "Air Hotel Nummela",
        "tourism": "hotel",
        "phone": "+358400617107",
        "website": "https://www.airhotel.fi/"
      }
    },
    {
      "type": "Feature",
      "geometry": {
        "type": "Point",
        "coordinates": [
          24.8542768,
          60.3823813
        ]
      },
      "properties": {
        "id": 186897573,
        "osm_type": "way",
        "name": "Kuusitupa",
        "tourism": "chalet",
        "website": "https://partiokampat.fi/kuusitupa/"
      }
    },
    {
      "type": "Feature",
      "geometry": {
        "type": "Point",
        "coordinates": [
          25.0496506,
          60.1037414
        ]
      },
      "properties": {
        "id": 187737751,
        "osm_type": "way",
        "tourism": "camp_site"
      }
    },
    {
      "type": "Feature",
      "geometry": {
        "type": "Point",
        "coordinates": [
          25.6583585,
          60.3947577
        ]
      },
      "properties": {
        "id": 200076556,
        "osm_type": "way",
        "name": "Pariisin Ville",
        "tourism": "hotel",
        "phone": "+358 (0)19 580 131",
        "website": "https://www.pariisinville.fi/"
      }
    },
    {
      "type": "Feature",
      "geometry": {
        "type": "Point",
        "coordinates": [
          25.6575544,
          60.3956907
        ]
      },
      "properties": {
        "id": 200076569,
        "osm_type": "way",
        "name": "Old Town Ida-Maria B&B",
        "tourism": "hotel",
        "phone": "+358 45-8512345",
        "website": "http://ida-maria.fi/"
      }
    },
    {
      "type": "Feature",
      "geometry": {
        "type": "Point",
        "coordinates": [
          25.6596568,
          60.3973171
        ]
      },
      "properties": {
        "id": 200130339,
        "osm_type": "way",
        "name": "Hotelli Onni",
        "tourism": "hotel",
        "phone": "+358 445348110",
        "website": "https://www.onniporvoo.fi/"
      }
    },
    {
      "type": "Feature",
      "geometry": {
        "type": "Point",
        "coordinates": [
          25.624635,
          60.3518936
        ]
      },
      "properties": {
        "id": 200509300,
        "osm_type": "way",
        "name": "Haikko Manor, Spa & Conference Hotel",
        "tourism": "hotel",
        "phone": "+358 (0)19 576 01",
        "website": "https://www.haikko.fi/"
      }
    },
    {
      "type": "Feature",
      "geometry": {
        "type": "Point",
        "coordinates": [
          25.30044,
          60.1642173
        ]
      },
      "properties": {
        "id": 201134797,
        "osm_type": "way",
        "name": "Tallholmen vuokrahuvila",
        "tourism": "chalet",
        "website": "https://www.vantaa.fi/fi/veneily-ja-saaristot"
      }
    },
    {
      "type": "Feature",
      "geometry": {
        "type": "Point",
        "coordinates": [
          26.185987,
          60.6186397
        ]
      },
      "properties": {
        "id": 219246980,
        "osm_type": "way",
        "name": "Hotelli Hanhi",
        "tourism": "hotel",
        "phone": "+358 19 610 870",
        "website": "http://www.hotellihanhi.com/"
      }
    },
    {
      "type": "Feature",
      "geometry": {
        "type": "Point",
        "coordinates": [
          26.2438336,
          60.4621354
        ]
      },
      "properties": {
        "id": 227643820,
        "osm_type": "way",
        "name": "Ulrikanhovi",
        "tourism": "hotel",
        "phone": "+358 40 183 7855",
        "website": "https://www.ulrikanhovi.fi/index.php/fi/"
      }
    },
    {
      "type": "Feature",
      "geometry": {
        "type": "Point",
        "coordinates": [
          26.2211189,
          60.4563479
        ]
      },
      "properties": {
        "id": 227645103,
        "osm_type": "way",
        "name": "Motel '69",
        "tourism": "motel",
        "website": "https://motel69.weebly.com/"
      }
    },
    {
      "type": "Feature",
      "geometry": {
        "type": "Point",
        "coordinates": [
          23.5378345,
          60.1272796
        ]
      },
      "properties": {
        "id": 230205144,
        "osm_type": "way",
        "tourism": "hotel"
      }
    },
    {
      "type": "Feature",
      "geometry": {
        "type": "Point",
        "coordinates": [
          24.9200974,
          60.1774025
        ]
      },
      "properties": {
        "id": 234804200,
        "osm_type": "way",
        "name": "Töölön tornit",
        "tourism": "hotel",
        "website": "https://unihome.fi/unihome-for-academics/toolon-tornit/toolo-towers.html"
      }
    },
    {
      "type": "Feature",
      "geometry": {
        "type": "Point",
        "coordinates": [
          24.483993,
          60.3318386
        ]
      },
      "properties": {
        "id": 241847432,
        "osm_type": "way",
        "name": "Villa Taavetti",
        "tourism": "chalet"
      }
    },
    {
      "type": "Feature",
      "geometry": {
        "type": "Point",
        "coordinates": [
          24.4821153,
          60.3338093
        ]
      },
      "properties": {
        "id": 241847442,
        "osm_type": "way",
        "tourism": "chalet"
      }
    },
    {
      "type": "Feature",
      "geometry": {
        "type": "Point",
        "coordinates": [
          24.4832256,
          60.3331698
        ]
      },
      "properties": {
        "id": 241847448,
        "osm_type": "way",
        "tourism": "chalet"
      }
    },
    {
      "type": "Feature",
      "geometry": {
        "type": "Point",
        "coordinates": [
          24.481538,
          60.3340992
        ]
      },
      "properties": {
        "id": 241847456,
        "osm_type": "way",
        "tourism": "chalet"
      }
    },
    {
      "type": "Feature",
      "geometry": {
        "type": "Point",
        "coordinates": [
          24.4840902,
          60.3326801
        ]
      },
      "properties": {
        "id": 241847463,
        "osm_type": "way",
        "name": "Villa Juhani",
        "tourism": "chalet"
      }
    },
    {
      "type": "Feature",
      "geometry": {
        "type": "Point",
        "coordinates": [
          24.4842982,
          60.3323366
        ]
      },
      "properties": {
        "id": 241847472,
        "osm_type": "way",
        "name": "Villa Maria",
        "tourism": "chalet"
      }
    },
    {
      "type": "Feature",
      "geometry": {
        "type": "Point",
        "coordinates": [
          24.3071876,
          60.3492026
        ]
      },
      "properties": {
        "id": 242242161,
        "osm_type": "way",
        "name": "Päivölän Virkistyskoti",
        "tourism": "guest_house",
        "phone": "0505482356",
        "website": "https://www.paivolanvirkistyskoti.fi/"
      }
    },
    {
      "type": "Feature",
      "geometry": {
        "type": "Point",
        "coordinates": [
          25.2640691,
          60.5806915
        ]
      },
      "properties": {
        "id": 256869311,
        "osm_type": "way",
        "name": "Mustijoenranta",
        "tourism": "chalet",
        "website": "https://www.mökit.fi/en/vuokramokit/mantsala/kohde/M1972-1"
      }
    },
    {
      "type": "Feature",
      "geometry": {
        "type": "Point",
        "coordinates": [
          24.0614699,
          60.2917283
        ]
      },
      "properties": {
        "id": 259789356,
        "osm_type": "way",
        "name": "Koivulan Kartano",
        "tourism": "guest_house",
        "website": "http://www.koivulankartano.fi/",
        "check_date": "2025-08-07"
      }
    },
    {
      "type": "Feature",
      "geometry": {
        "type": "Point",
        "coordinates": [
          24.0610635,
          60.2909233
        ]
      },
      "properties": {
        "id": 259890343,
        "osm_type": "way",
        "name": "Aitta",
        "tourism": "guest_house",
        "check_date": "2025-08-07"
      }
    },
    {
      "type": "Feature",
      "geometry": {
        "type": "Point",
        "coordinates": [
          24.7395017,
          60.3275871
        ]
      },
      "properties": {
        "id": 260304212,
        "osm_type": "way",
        "name": "Serena mökki 2",
        "tourism": "chalet"
      }
    },
    {
      "type": "Feature",
      "geometry": {
        "type": "Point",
        "coordinates": [
          25.6739716,
          60.3669331
        ]
      },
      "properties": {
        "id": 260752833,
        "osm_type": "way",
        "name": "Villa Aronia",
        "tourism": "chalet"
      }
    },
    {
      "type": "Feature",
      "geometry": {
        "type": "Point",
        "coordinates": [
          25.6738919,
          60.3890998
        ]
      },
      "properties": {
        "id": 260754761,
        "osm_type": "way",
        "name": "Porvoon retkeilymaja",
        "tourism": "hostel",
        "phone": "+358 19 523 0012",
        "website": "https://porvoohostel.fi/"
      }
    },
    {
      "type": "Feature",
      "geometry": {
        "type": "Point",
        "coordinates": [
          24.573767,
          60.1083613
        ]
      },
      "properties": {
        "id": 281150091,
        "osm_type": "way",
        "name": "Långvik",
        "tourism": "hotel",
        "phone": "+358 929599301",
        "website": "https://www.langvik.fi/"
      }
    },
    {
      "type": "Feature",
      "geometry": {
        "type": "Point",
        "coordinates": [
          24.5046189,
          60.3743443
        ]
      },
      "properties": {
        "id": 295842216,
        "osm_type": "way",
        "tourism": "chalet",
        "website": "https://nuuksionpohjoinenportti.fi/"
      }
    },
    {
      "type": "Feature",
      "geometry": {
        "type": "Point",
        "coordinates": [
          24.5049515,
          60.3768995
        ]
      },
      "properties": {
        "id": 295845085,
        "osm_type": "way",
        "name": "Salmen matkailuvaunualue",
        "tourism": "caravan_site",
        "website": "https://www.hel.fi/fi/kulttuuri-ja-vapaa-aika/ulkoilu-puistot-ja-luontokohteet/ulkoilualueet/salmen-ulkoilualue"
      }
    },
    {
      "type": "Feature",
      "geometry": {
        "type": "Point",
        "coordinates": [
          24.2109518,
          60.1699277
        ]
      },
      "properties": {
        "id": 297106151,
        "osm_type": "way",
        "name": "Hotelli Siuntio",
        "tourism": "hotel"
      }
    },
    {
      "type": "Feature",
      "geometry": {
        "type": "Point",
        "coordinates": [
          24.3156772,
          60.2120708
        ]
      },
      "properties": {
        "id": 321003677,
        "osm_type": "way",
        "name": "Silmu",
        "tourism": "hotel",
        "website": "https://www.silmuhotel.fi/"
      }
    },
    {
      "type": "Feature",
      "geometry": {
        "type": "Point",
        "coordinates": [
          24.7410785,
          60.280911
        ]
      },
      "properties": {
        "id": 322071399,
        "osm_type": "way",
        "tourism": "chalet",
        "website": "https://www.niipperinpuutarhakyla1.fi/"
      }
    },
    {
      "type": "Feature",
      "geometry": {
        "type": "Point",
        "coordinates": [
          24.7268905,
          60.328066
        ]
      },
      "properties": {
        "id": 322071664,
        "osm_type": "way",
        "tourism": "chalet"
      }
    },
    {
      "type": "Feature",
      "geometry": {
        "type": "Point",
        "coordinates": [
          24.7267001,
          60.3283304
        ]
      },
      "properties": {
        "id": 322071667,
        "osm_type": "way",
        "tourism": "chalet"
      }
    },
    {
      "type": "Feature",
      "geometry": {
        "type": "Point",
        "coordinates": [
          24.7264994,
          60.3285783
        ]
      },
      "properties": {
        "id": 322071670,
        "osm_type": "way",
        "tourism": "chalet"
      }
    },
    {
      "type": "Feature",
      "geometry": {
        "type": "Point",
        "coordinates": [
          24.7253569,
          60.3279307
        ]
      },
      "properties": {
        "id": 322071671,
        "osm_type": "way",
        "tourism": "chalet"
      }
    },
    {
      "type": "Feature",
      "geometry": {
        "type": "Point",
        "coordinates": [
          24.7256361,
          60.3284161
        ]
      },
      "properties": {
        "id": 322071674,
        "osm_type": "way",
        "tourism": "chalet"
      }
    },
    {
      "type": "Feature",
      "geometry": {
        "type": "Point",
        "coordinates": [
          24.7254692,
          60.3281879
        ]
      },
      "properties": {
        "id": 322071675,
        "osm_type": "way",
        "tourism": "chalet"
      }
    },
    {
      "type": "Feature",
      "geometry": {
        "type": "Point",
        "coordinates": [
          24.7267584,
          60.3277633
        ]
      },
      "properties": {
        "id": 322071678,
        "osm_type": "way",
        "tourism": "chalet"
      }
    },
    {
      "type": "Feature",
      "geometry": {
        "type": "Point",
        "coordinates": [
          24.6511879,
          60.28094
        ]
      },
      "properties": {
        "id": 322084500,
        "osm_type": "way",
        "name": "Myllis",
        "tourism": "chalet",
        "website": "https://ept.fi/kamppa-myllis/"
      }
    },
    {
      "type": "Feature",
      "geometry": {
        "type": "Point",
        "coordinates": [
          24.6636143,
          60.2383418
        ]
      },
      "properties": {
        "id": 322102644,
        "osm_type": "way",
        "tourism": "chalet"
      }
    },
    {
      "type": "Feature",
      "geometry": {
        "type": "Point",
        "coordinates": [
          24.6597454,
          60.237593
        ]
      },
      "properties": {
        "id": 322102645,
        "osm_type": "way",
        "tourism": "chalet"
      }
    },
    {
      "type": "Feature",
      "geometry": {
        "type": "Point",
        "coordinates": [
          24.6629005,
          60.2379799
        ]
      },
      "properties": {
        "id": 322102646,
        "osm_type": "way",
        "tourism": "chalet"
      }
    },
    {
      "type": "Feature",
      "geometry": {
        "type": "Point",
        "coordinates": [
          24.6630547,
          60.2379446
        ]
      },
      "properties": {
        "id": 322102647,
        "osm_type": "way",
        "tourism": "chalet"
      }
    },
    {
      "type": "Feature",
      "geometry": {
        "type": "Point",
        "coordinates": [
          24.662691,
          60.237883
        ]
      },
      "properties": {
        "id": 322102648,
        "osm_type": "way",
        "tourism": "chalet"
      }
    },
    {
      "type": "Feature",
      "geometry": {
        "type": "Point",
        "coordinates": [
          24.6624827,
          60.2378038
        ]
      },
      "properties": {
        "id": 322102649,
        "osm_type": "way",
        "tourism": "chalet"
      }
    },
    {
      "type": "Feature",
      "geometry": {
        "type": "Point",
        "coordinates": [
          24.6638559,
          60.2380258
        ]
      },
      "properties": {
        "id": 322102650,
        "osm_type": "way",
        "tourism": "chalet"
      }
    },
    {
      "type": "Feature",
      "geometry": {
        "type": "Point",
        "coordinates": [
          24.6636768,
          60.2379911
        ]
      },
      "properties": {
        "id": 322102651,
        "osm_type": "way",
        "tourism": "chalet"
      }
    },
    {
      "type": "Feature",
      "geometry": {
        "type": "Point",
        "coordinates": [
          24.663478,
          60.2379691
        ]
      },
      "properties": {
        "id": 322102653,
        "osm_type": "way",
        "tourism": "chalet"
      }
    },
    {
      "type": "Feature",
      "geometry": {
        "type": "Point",
        "coordinates": [
          24.6601107,
          60.2380283
        ]
      },
      "properties": {
        "id": 322102654,
        "osm_type": "way",
        "tourism": "chalet"
      }
    },
    {
      "type": "Feature",
      "geometry": {
        "type": "Point",
        "coordinates": [
          24.5541634,
          60.3107924
        ]
      },
      "properties": {
        "id": 322102919,
        "osm_type": "way",
        "name": "Piilopirtti",
        "tourism": "chalet"
      }
    },
    {
      "type": "Feature",
      "geometry": {
        "type": "Point",
        "coordinates": [
          24.6073172,
          60.2945352
        ]
      },
      "properties": {
        "id": 322106970,
        "osm_type": "way",
        "name": "Ööga",
        "tourism": "chalet",
        "website": "https://www.toimenpojat.fi/ooga.html"
      }
    },
    {
      "type": "Feature",
      "geometry": {
        "type": "Point",
        "coordinates": [
          23.0007074,
          59.8528104
        ]
      },
      "properties": {
        "id": 327078497,
        "osm_type": "way",
        "name": "Camping Silversand",
        "tourism": "camp_site"
      }
    },
    {
      "type": "Feature",
      "geometry": {
        "type": "Point",
        "coordinates": [
          23.1832608,
          59.8339642
        ]
      },
      "properties": {
        "id": 327082342,
        "osm_type": "way",
        "name": "Tvärminne Caravan",
        "tourism": "camp_site"
      }
    },
    {
      "type": "Feature",
      "geometry": {
        "type": "Point",
        "coordinates": [
          25.8694978,
          60.23125
        ]
      },
      "properties": {
        "id": 345041509,
        "osm_type": "way",
        "name": "Pellinge Caravan",
        "tourism": "caravan_site"
      }
    },
    {
      "type": "Feature",
      "geometry": {
        "type": "Point",
        "coordinates": [
          24.4150824,
          60.493819
        ]
      },
      "properties": {
        "id": 360958208,
        "osm_type": "way",
        "name": "Partiokämppä Kataja",
        "tourism": "chalet",
        "phone": "+358466130248",
        "website": "https://vihtera.fi/vihtera/kampat/"
      }
    },
    {
      "type": "Feature",
      "geometry": {
        "type": "Point",
        "coordinates": [
          24.4221807,
          60.481685
        ]
      },
      "properties": {
        "id": 361181408,
        "osm_type": "way",
        "name": "Partiokämppä Petäjä",
        "tourism": "chalet"
      }
    },
    {
      "type": "Feature",
      "geometry": {
        "type": "Point",
        "coordinates": [
          23.8407124,
          60.1570364
        ]
      },
      "properties": {
        "id": 361399396,
        "osm_type": "way",
        "name": "Mustion linnan vastaanotto",
        "tourism": "hotel",
        "phone": "+358440470781",
        "website": "https://www.mustionlinna.fi/"
      }
    },
    {
      "type": "Feature",
      "geometry": {
        "type": "Point",
        "coordinates": [
          23.5253009,
          59.9097627
        ]
      },
      "properties": {
        "id": 363559243,
        "osm_type": "way",
        "name": "Kopparö Camping",
        "tourism": "guest_house",
        "website": "info@kopparo.fi"
      }
    },
    {
      "type": "Feature",
      "geometry": {
        "type": "Point",
        "coordinates": [
          23.5840133,
          60.1655234
        ]
      },
      "properties": {
        "id": 366544380,
        "osm_type": "way",
        "name": "Villa Taika B&B",
        "tourism": "guest_house",
        "phone": "00358407046689",
        "website": "https://www.villataika.fi/"
      }
    },
    {
      "type": "Feature",
      "geometry": {
        "type": "Point",
        "coordinates": [
          24.8788998,
          60.3700786
        ]
      },
      "properties": {
        "id": 372838173,
        "osm_type": "way",
        "name": "Ankkalampi Caravan",
        "tourism": "caravan_site",
        "tents": "no"
      }
    },
    {
      "type": "Feature",
      "geometry": {
        "type": "Point",
        "coordinates": [
          25.7994321,
          60.4156101
        ]
      },
      "properties": {
        "id": 392325748,
        "osm_type": "way",
        "name": "Sannäsin Kartano",
        "tourism": "hotel",
        "phone": "019 54 741",
        "website": "https://www.sannaskartano.fi"
      }
    },
    {
      "type": "Feature",
      "geometry": {
        "type": "Point",
        "coordinates": [
          25.3191449,
          60.2855373
        ]
      },
      "properties": {
        "id": 409830765,
        "osm_type": "way",
        "name": "Joensuun Tila Camping",
        "tourism": "caravan_site",
        "website": "https://www.joensuuntila.fi/"
      }
    },
    {
      "type": "Feature",
      "geometry": {
        "type": "Point",
        "coordinates": [
          24.7302777,
          60.3251516
        ]
      },
      "properties": {
        "id": 413144191,
        "osm_type": "way",
        "name": "Hotelli Korpilampi",
        "tourism": "hotel",
        "website": "https://www.korpilampi.fi/"
      }
    },
    {
      "type": "Feature",
      "geometry": {
        "type": "Point",
        "coordinates": [
          24.9220715,
          60.1596804
        ]
      },
      "properties": {
        "id": 441505566,
        "osm_type": "way",
        "name": "Clarion Hotel Helsinki",
        "tourism": "hotel",
        "contact:website": "https://www.nordicchoicehotels.fi/clarion/clarion-hotel-helsinki/"
      }
    },
    {
      "type": "Feature",
      "geometry": {
        "type": "Point",
        "coordinates": [
          24.9227263,
          60.1406893
        ]
      },
      "properties": {
        "id": 451882344,
        "osm_type": "way",
        "name": "Pihjalajasaaren telttailualue",
        "tourism": "camp_site"
      }
    },
    {
      "type": "Feature",
      "geometry": {
        "type": "Point",
        "coordinates": [
          24.6889156,
          60.5067719
        ]
      },
      "properties": {
        "id": 453556622,
        "osm_type": "way",
        "name": "Kotoranta",
        "tourism": "guest_house",
        "phone": "+358 (0) 10 387 5800",
        "website": "https://www.kotoranta.fi/"
      }
    },
    {
      "type": "Feature",
      "geometry": {
        "type": "Point",
        "coordinates": [
          24.6940933,
          60.5105145
        ]
      },
      "properties": {
        "id": 453578311,
        "osm_type": "way",
        "name": "SFC Sääksi Caravanalue",
        "tourism": "caravan_site",
        "tents": "no",
        "website": "https://sfchyvinkaa.net/saaksi/"
      }
    },
    {
      "type": "Feature",
      "geometry": {
        "type": "Point",
        "coordinates": [
          23.5651508,
          59.9800122
        ]
      },
      "properties": {
        "id": 455515734,
        "osm_type": "way",
        "tourism": "hotel",
        "website": "https://norrbygard.net/majoitus/"
      }
    },
    {
      "type": "Feature",
      "geometry": {
        "type": "Point",
        "coordinates": [
          23.4401032,
          59.9828069
        ]
      },
      "properties": {
        "id": 455731613,
        "osm_type": "way",
        "name": "Hotel SeaFront",
        "tourism": "hotel",
        "website": "https://www.hotelseafront.fi/"
      }
    },
    {
      "type": "Feature",
      "geometry": {
        "type": "Point",
        "coordinates": [
          23.4336216,
          59.9758274
        ]
      },
      "properties": {
        "id": 455732161,
        "osm_type": "way",
        "name": "Ekenäs Stadshotell",
        "tourism": "hotel",
        "phone": "+358192413131",
        "website": "https://www.kaupunginhotelli.fi/",
        "check_date": "2025-03-11"
      }
    },
    {
      "type": "Feature",
      "geometry": {
        "type": "Point",
        "coordinates": [
          23.9026401,
          60.166751
        ]
      },
      "properties": {
        "id": 457329402,
        "osm_type": "way",
        "tourism": "chalet"
      }
    },
    {
      "type": "Feature",
      "geometry": {
        "type": "Point",
        "coordinates": [
          23.9025877,
          60.1665593
        ]
      },
      "properties": {
        "id": 457329671,
        "osm_type": "way",
        "tourism": "chalet"
      }
    },
    {
      "type": "Feature",
      "geometry": {
        "type": "Point",
        "coordinates": [
          23.902608,
          60.1666582
        ]
      },
      "properties": {
        "id": 457329861,
        "osm_type": "way",
        "tourism": "chalet"
      }
    },
    {
      "type": "Feature",
      "geometry": {
        "type": "Point",
        "coordinates": [
          23.9071001,
          59.9803946
        ]
      },
      "properties": {
        "id": 457384264,
        "osm_type": "way",
        "name": "Tammiston huvila",
        "tourism": "chalet"
      }
    },
    {
      "type": "Feature",
      "geometry": {
        "type": "Point",
        "coordinates": [
          24.6006766,
          60.528915
        ]
      },
      "properties": {
        "id": 478688889,
        "osm_type": "way",
        "name": "VihtiPark",
        "tourism": "caravan_site",
        "website": "https://www.sfchyvinkaa.net/"
      }
    },
    {
      "type": "Feature",
      "geometry": {
        "type": "Point",
        "coordinates": [
          24.0843806,
          60.3864843
        ]
      },
      "properties": {
        "id": 491875570,
        "osm_type": "way",
        "name": "Kultahiekka Caravan",
        "tourism": "caravan_site",
        "phone": "+358 50 0643494",
        "website": "https://kultahiekka.fi"
      }
    },
    {
      "type": "Feature",
      "geometry": {
        "type": "Point",
        "coordinates": [
          24.0090427,
          60.229612
        ]
      },
      "properties": {
        "id": 492344575,
        "osm_type": "way",
        "name": "Asuntovaunualue",
        "tourism": "caravan_site",
        "tents": "no"
      }
    },
    {
      "type": "Feature",
      "geometry": {
        "type": "Point",
        "coordinates": [
          22.9696542,
          59.8218396
        ]
      },
      "properties": {
        "id": 556829044,
        "osm_type": "way",
        "name": "Regatta SPA Hotel",
        "tourism": "hotel"
      }
    },
    {
      "type": "Feature",
      "geometry": {
        "type": "Point",
        "coordinates": [
          22.9734628,
          59.8229768
        ]
      },
      "properties": {
        "id": 561070850,
        "osm_type": "way",
        "name": "Villa Tellina",
        "tourism": "guest_house",
        "website": "http://tellina.fi"
      }
    },
    {
      "type": "Feature",
      "geometry": {
        "type": "Point",
        "coordinates": [
          24.812846,
          60.2175182
        ]
      },
      "properties": {
        "id": 583260893,
        "osm_type": "way",
        "name": "Comfort Hotel Sello",
        "tourism": "hotel",
        "phone": "+46 771 666 700",
        "website": "https://www.strawberry.fi/hotellit/suomi/espoo/comfort-hotel-sello/"
      }
    },
    {
      "type": "Feature",
      "geometry": {
        "type": "Point",
        "coordinates": [
          24.4849654,
          60.3697636
        ]
      },
      "properties": {
        "id": 603985759,
        "osm_type": "way",
        "name": "Villa Paratiisi",
        "tourism": "chalet",
        "website": "https://www.nuuksiontaika.fi/vuokraa-mokki-majoitus-nuuksio/"
      }
    },
    {
      "type": "Feature",
      "geometry": {
        "type": "Point",
        "coordinates": [
          24.9314546,
          60.1982183
        ]
      },
      "properties": {
        "id": 621975024,
        "osm_type": "way",
        "name": "Original Sokos Hotel Tripla",
        "tourism": "hotel",
        "website": "https://www.sokoshotels.fi/fi/helsinki/original-sokos-hotel-tripla"
      }
    },
    {
      "type": "Feature",
      "geometry": {
        "type": "Point",
        "coordinates": [
          24.2380941,
          60.3759176
        ]
      },
      "properties": {
        "id": 660046026,
        "osm_type": "way",
        "name": "Pääkslahden leirintäalue",
        "tourism": "camp_site",
        "website": "https://www.paakslahti.fi/"
      }
    },
    {
      "type": "Feature",
      "geometry": {
        "type": "Point",
        "coordinates": [
          24.9426118,
          60.1721328
        ]
      },
      "properties": {
        "id": 661051000,
        "osm_type": "way",
        "name": "Scandic Grand Central Helsinki",
        "tourism": "hotel",
        "phone": "+358968291700",
        "website": "https://www.scandichotels.fi/hotellit/suomi/helsinki/scandic-grand-central-helsinki"
      }
    },
    {
      "type": "Feature",
      "geometry": {
        "type": "Point",
        "coordinates": [
          26.2371262,
          60.4412276
        ]
      },
      "properties": {
        "id": 738309725,
        "osm_type": "way",
        "name": "Loviisa Camping",
        "tourism": "camp_site",
        "tents": "yes",
        "phone": "+358 40 579 5527",
        "website": "https://www.loviisa.fi/loviisa-camping"
      }
    },
    {
      "type": "Feature",
      "geometry": {
        "type": "Point",
        "coordinates": [
          24.5064221,
          60.260403
        ]
      },
      "properties": {
        "id": 749697777,
        "osm_type": "way",
        "name": "Hotelli Lepolampi",
        "tourism": "hotel",
        "phone": "+358103244840",
        "website": "https://lepolampi.fi/"
      }
    },
    {
      "type": "Feature",
      "geometry": {
        "type": "Point",
        "coordinates": [
          25.3474172,
          60.5431284
        ]
      },
      "properties": {
        "id": 753309638,
        "osm_type": "way",
        "name": "Korpitörmän leirikeskus",
        "tourism": "camp_site"
      }
    },
    {
      "type": "Feature",
      "geometry": {
        "type": "Point",
        "coordinates": [
          24.5514697,
          60.1662644
        ]
      },
      "properties": {
        "id": 765900861,
        "osm_type": "way",
        "name": "Majvik Kokous- ja Kongressihotelli",
        "tourism": "hotel",
        "phone": "+358 9 295 511",
        "website": "https://www.majvik.fi"
      }
    },
    {
      "type": "Feature",
      "geometry": {
        "type": "Point",
        "coordinates": [
          24.9000137,
          60.2057557
        ]
      },
      "properties": {
        "id": 778584088,
        "osm_type": "way",
        "name": "Valo Hotel & Work",
        "tourism": "hotel",
        "phone": "+358 10 340 4001",
        "website": "https://valohotel.fi/"
      }
    },
    {
      "type": "Feature",
      "geometry": {
        "type": "Point",
        "coordinates": [
          23.8287248,
          60.3275816
        ]
      },
      "properties": {
        "id": 797719548,
        "osm_type": "way",
        "tourism": "chalet"
      }
    },
    {
      "type": "Feature",
      "geometry": {
        "type": "Point",
        "coordinates": [
          23.8292388,
          60.327821
        ]
      },
      "properties": {
        "id": 797719550,
        "osm_type": "way",
        "tourism": "chalet"
      }
    },
    {
      "type": "Feature",
      "geometry": {
        "type": "Point",
        "coordinates": [
          23.8328987,
          60.329058
        ]
      },
      "properties": {
        "id": 797719585,
        "osm_type": "way",
        "tourism": "chalet"
      }
    },
    {
      "type": "Feature",
      "geometry": {
        "type": "Point",
        "coordinates": [
          24.3667154,
          60.3492489
        ]
      },
      "properties": {
        "id": 800512133,
        "osm_type": "way",
        "tourism": "chalet"
      }
    },
    {
      "type": "Feature",
      "geometry": {
        "type": "Point",
        "coordinates": [
          24.3667664,
          60.349379
        ]
      },
      "properties": {
        "id": 800512134,
        "osm_type": "way",
        "tourism": "chalet"
      }
    },
    {
      "type": "Feature",
      "geometry": {
        "type": "Point",
        "coordinates": [
          24.366894,
          60.349622
        ]
      },
      "properties": {
        "id": 800512135,
        "osm_type": "way",
        "tourism": "chalet"
      }
    },
    {
      "type": "Feature",
      "geometry": {
        "type": "Point",
        "coordinates": [
          24.3669514,
          60.3498114
        ]
      },
      "properties": {
        "id": 800512136,
        "osm_type": "way",
        "tourism": "chalet"
      }
    },
    {
      "type": "Feature",
      "geometry": {
        "type": "Point",
        "coordinates": [
          24.4826743,
          60.3334511
        ]
      },
      "properties": {
        "id": 800514394,
        "osm_type": "way",
        "tourism": "chalet"
      }
    },
    {
      "type": "Feature",
      "geometry": {
        "type": "Point",
        "coordinates": [
          24.2980192,
          60.3745724
        ]
      },
      "properties": {
        "id": 800520823,
        "osm_type": "way",
        "name": "Veikkolan kartano",
        "tourism": "apartment",
        "phone": "+35840 5501080"
      }
    },
    {
      "type": "Feature",
      "geometry": {
        "type": "Point",
        "coordinates": [
          24.9142521,
          60.1583049
        ]
      },
      "properties": {
        "id": 815449587,
        "osm_type": "way",
        "name": "Hotel AX",
        "tourism": "hotel",
        "contact:phone": "+358 29 3200 480",
        "website": "https://hotelax.fi",
        "check_date": "2022-06-14"
      }
    },
    {
      "type": "Feature",
      "geometry": {
        "type": "Point",
        "coordinates": [
          24.5395218,
          60.2452234
        ]
      },
      "properties": {
        "id": 819343951,
        "osm_type": "way",
        "name": "SF-C Espoo matkailuajoneuvojen säilytysalue",
        "tourism": "caravan_site"
      }
    },
    {
      "type": "Feature",
      "geometry": {
        "type": "Point",
        "coordinates": [
          24.8422788,
          60.2601411
        ]
      },
      "properties": {
        "id": 839717723,
        "osm_type": "way",
        "name": "Noli Myyrmäki",
        "tourism": "hotel",
        "phone": "+358201441050",
        "contact:phone": "+358201441050",
        "website": "https://nolistudios.com/fi/noli-myyrmaki-vantaa"
      }
    },
    {
      "type": "Feature",
      "geometry": {
        "type": "Point",
        "coordinates": [
          24.5067394,
          60.3737025
        ]
      },
      "properties": {
        "id": 842034984,
        "osm_type": "way",
        "name": "Salmi",
        "tourism": "camp_site",
        "phone": "+358 9 310 28629"
      }
    },
    {
      "type": "Feature",
      "geometry": {
        "type": "Point",
        "coordinates": [
          24.0401002,
          60.3234736
        ]
      },
      "properties": {
        "id": 862163608,
        "osm_type": "way",
        "tourism": "chalet"
      }
    },
    {
      "type": "Feature",
      "geometry": {
        "type": "Point",
        "coordinates": [
          24.0404361,
          60.3237819
        ]
      },
      "properties": {
        "id": 862163609,
        "osm_type": "way",
        "tourism": "chalet"
      }
    },
    {
      "type": "Feature",
      "geometry": {
        "type": "Point",
        "coordinates": [
          24.0407143,
          60.3235531
        ]
      },
      "properties": {
        "id": 862163610,
        "osm_type": "way",
        "name": "Villa Koivu",
        "tourism": "chalet"
      }
    },
    {
      "type": "Feature",
      "geometry": {
        "type": "Point",
        "coordinates": [
          24.040386,
          60.3232484
        ]
      },
      "properties": {
        "id": 862163611,
        "osm_type": "way",
        "name": "Villa Kallio",
        "tourism": "chalet"
      }
    },
    {
      "type": "Feature",
      "geometry": {
        "type": "Point",
        "coordinates": [
          24.0383293,
          60.3226009
        ]
      },
      "properties": {
        "id": 862163620,
        "osm_type": "way",
        "name": "Villa Katajanmarja",
        "tourism": "chalet"
      }
    },
    {
      "type": "Feature",
      "geometry": {
        "type": "Point",
        "coordinates": [
          24.0383093,
          60.3229162
        ]
      },
      "properties": {
        "id": 862163622,
        "osm_type": "way",
        "name": "Villa Kaarina",
        "tourism": "chalet"
      }
    },
    {
      "type": "Feature",
      "geometry": {
        "type": "Point",
        "coordinates": [
          24.038723,
          60.3227703
        ]
      },
      "properties": {
        "id": 862163623,
        "osm_type": "way",
        "name": "Villa Basket 2",
        "tourism": "chalet"
      }
    },
    {
      "type": "Feature",
      "geometry": {
        "type": "Point",
        "coordinates": [
          24.0376202,
          60.3228153
        ]
      },
      "properties": {
        "id": 862163624,
        "osm_type": "way",
        "name": "Villa Inno",
        "tourism": "chalet"
      }
    },
    {
      "type": "Feature",
      "geometry": {
        "type": "Point",
        "coordinates": [
          24.0375229,
          60.3230729
        ]
      },
      "properties": {
        "id": 862163625,
        "osm_type": "way",
        "tourism": "chalet"
      }
    },
    {
      "type": "Feature",
      "geometry": {
        "type": "Point",
        "coordinates": [
          24.0389166,
          60.3231127
        ]
      },
      "properties": {
        "id": 862163631,
        "osm_type": "way",
        "name": "Villa Mestari",
        "tourism": "chalet"
      }
    },
    {
      "type": "Feature",
      "geometry": {
        "type": "Point",
        "coordinates": [
          24.0378144,
          60.3236771
        ]
      },
      "properties": {
        "id": 862163632,
        "osm_type": "way",
        "name": "Villa SSO",
        "tourism": "chalet"
      }
    },
    {
      "type": "Feature",
      "geometry": {
        "type": "Point",
        "coordinates": [
          25.3145819,
          60.6353962
        ]
      },
      "properties": {
        "id": 878154381,
        "osm_type": "way",
        "name": "Hotelli Kartanon Meijeri",
        "tourism": "hotel",
        "phone": "0196888255"
      }
    },
    {
      "type": "Feature",
      "geometry": {
        "type": "Point",
        "coordinates": [
          24.4414636,
          60.3128832
        ]
      },
      "properties": {
        "id": 885090028,
        "osm_type": "way",
        "name": "Polku Hotel",
        "tourism": "hotel",
        "website": "https://polkuhotel.com/"
      }
    },
    {
      "type": "Feature",
      "geometry": {
        "type": "Point",
        "coordinates": [
          26.3110434,
          60.4533246
        ]
      },
      "properties": {
        "id": 886220839,
        "osm_type": "way",
        "name": "Tavastas Gård B&B",
        "tourism": "guest_house"
      }
    },
    {
      "type": "Feature",
      "geometry": {
        "type": "Point",
        "coordinates": [
          24.9127644,
          60.1578769
        ]
      },
      "properties": {
        "id": 927256286,
        "osm_type": "way",
        "name": "UNITY Helsinki",
        "tourism": "hotel",
        "website": "https://unity-living.com/en/locations/unity-helsinki/"
      }
    },
    {
      "type": "Feature",
      "geometry": {
        "type": "Point",
        "coordinates": [
          25.8684462,
          60.2246742
        ]
      },
      "properties": {
        "id": 930993407,
        "osm_type": "way",
        "tourism": "chalet"
      }
    },
    {
      "type": "Feature",
      "geometry": {
        "type": "Point",
        "coordinates": [
          25.8690053,
          60.2246268
        ]
      },
      "properties": {
        "id": 930993409,
        "osm_type": "way",
        "tourism": "chalet"
      }
    },
    {
      "type": "Feature",
      "geometry": {
        "type": "Point",
        "coordinates": [
          24.051543,
          60.2903706
        ]
      },
      "properties": {
        "id": 938719408,
        "osm_type": "way",
        "tourism": "chalet"
      }
    },
    {
      "type": "Feature",
      "geometry": {
        "type": "Point",
        "coordinates": [
          24.0508361,
          60.2908417
        ]
      },
      "properties": {
        "id": 938719409,
        "osm_type": "way",
        "tourism": "chalet"
      }
    },
    {
      "type": "Feature",
      "geometry": {
        "type": "Point",
        "coordinates": [
          23.44778,
          59.9659775
        ]
      },
      "properties": {
        "id": 965199033,
        "osm_type": "way",
        "name": "Ormnäs camping",
        "tourism": "camp_site",
        "tents": "yes",
        "phone": "+358-192414434",
        "website": "https://www.ek-camping.com/"
      }
    },
    {
      "type": "Feature",
      "geometry": {
        "type": "Point",
        "coordinates": [
          23.9524518,
          60.1883593
        ]
      },
      "properties": {
        "id": 992054305,
        "osm_type": "way",
        "name": "Sappi Guesthouse",
        "tourism": "guest_house"
      }
    },
    {
      "type": "Feature",
      "geometry": {
        "type": "Point",
        "coordinates": [
          23.9383526,
          60.1571888
        ]
      },
      "properties": {
        "id": 999746788,
        "osm_type": "way",
        "tourism": "guest_house"
      }
    },
    {
      "type": "Feature",
      "geometry": {
        "type": "Point",
        "coordinates": [
          24.2318551,
          60.3082037
        ]
      },
      "properties": {
        "id": 1020710619,
        "osm_type": "way",
        "name": "Niilo",
        "tourism": "chalet"
      }
    },
    {
      "type": "Feature",
      "geometry": {
        "type": "Point",
        "coordinates": [
          24.9744453,
          60.303567
        ]
      },
      "properties": {
        "id": 1042736270,
        "osm_type": "way",
        "name": "Forenom Hostel Vantaa Seutula",
        "tourism": "hostel"
      }
    },
    {
      "type": "Feature",
      "geometry": {
        "type": "Point",
        "coordinates": [
          25.0099516,
          60.2495716
        ]
      },
      "properties": {
        "id": 1051672462,
        "osm_type": "way",
        "name": "Noli Malmi",
        "tourism": "hotel",
        "phone": "+358401912119",
        "website": "https://nolistudios.com/fi/noli-malmi-helsinki"
      }
    },
    {
      "type": "Feature",
      "geometry": {
        "type": "Point",
        "coordinates": [
          24.8302392,
          60.1787851
        ]
      },
      "properties": {
        "id": 1066543401,
        "osm_type": "way",
        "name": "Heymo 1",
        "tourism": "hotel",
        "website": "https://www.sokoshotels.fi/fi/espoo/heymo-1",
        "check_date": "2024-08-13"
      }
    },
    {
      "type": "Feature",
      "geometry": {
        "type": "Point",
        "coordinates": [
          24.8104264,
          60.1867256
        ]
      },
      "properties": {
        "id": 1081242685,
        "osm_type": "way",
        "name": "Noli Otaniemi",
        "tourism": "hotel",
        "website": "https://nolistudios.com/en/noli-otaniemi-espoo",
        "check_date": "2023-11-15"
      }
    },
    {
      "type": "Feature",
      "geometry": {
        "type": "Point",
        "coordinates": [
          24.8282151,
          60.1793004
        ]
      },
      "properties": {
        "id": 1089823607,
        "osm_type": "way",
        "name": "Hostel Forenom Otaniemi",
        "tourism": "hostel",
        "check_date": "2025-12-13"
      }
    },
    {
      "type": "Feature",
      "geometry": {
        "type": "Point",
        "coordinates": [
          25.3422204,
          60.1695363
        ]
      },
      "properties": {
        "id": 1093248868,
        "osm_type": "way",
        "tourism": "camp_site",
        "tents": "yes"
      }
    },
    {
      "type": "Feature",
      "geometry": {
        "type": "Point",
        "coordinates": [
          25.3385418,
          60.1747864
        ]
      },
      "properties": {
        "id": 1093258307,
        "osm_type": "way",
        "tourism": "camp_site"
      }
    },
    {
      "type": "Feature",
      "geometry": {
        "type": "Point",
        "coordinates": [
          25.069879,
          60.6504439
        ]
      },
      "properties": {
        "id": 1105627707,
        "osm_type": "way",
        "name": "Kaitaniemen leirikeskus",
        "tourism": "camp_site",
        "phone": "+358 40 5052852",
        "website": "https://kaitaniemi.fi"
      }
    },
    {
      "type": "Feature",
      "geometry": {
        "type": "Point",
        "coordinates": [
          23.0112792,
          59.9621954
        ]
      },
      "properties": {
        "id": 1117142001,
        "osm_type": "way",
        "name": "Kansjerf kulturgård",
        "tourism": "guest_house"
      }
    },
    {
      "type": "Feature",
      "geometry": {
        "type": "Point",
        "coordinates": [
          24.8028665,
          60.221512
        ]
      },
      "properties": {
        "id": 1127482270,
        "osm_type": "way",
        "name": "Toivo Studios",
        "tourism": "hotel",
        "website": "https://toivostudios.fi/"
      }
    },
    {
      "type": "Feature",
      "geometry": {
        "type": "Point",
        "coordinates": [
          23.8249384,
          60.3905462
        ]
      },
      "properties": {
        "id": 1133292981,
        "osm_type": "way",
        "tourism": "chalet"
      }
    },
    {
      "type": "Feature",
      "geometry": {
        "type": "Point",
        "coordinates": [
          23.9173633,
          59.9817398
        ]
      },
      "properties": {
        "id": 1136837963,
        "osm_type": "way",
        "name": "Sisarusten talo",
        "tourism": "chalet"
      }
    },
    {
      "type": "Feature",
      "geometry": {
        "type": "Point",
        "coordinates": [
          25.244023,
          60.6180495
        ]
      },
      "properties": {
        "id": 1152777498,
        "osm_type": "way",
        "name": "Majatalo Elsa Oy",
        "tourism": "guest_house",
        "phone": "+358 50 581 1343",
        "website": "https://www.majataloelsa.fi/"
      }
    },
    {
      "type": "Feature",
      "geometry": {
        "type": "Point",
        "coordinates": [
          24.1546515,
          60.3958456
        ]
      },
      "properties": {
        "id": 1156048332,
        "osm_type": "way",
        "tourism": "chalet"
      }
    },
    {
      "type": "Feature",
      "geometry": {
        "type": "Point",
        "coordinates": [
          24.1546222,
          60.395634
        ]
      },
      "properties": {
        "id": 1156048333,
        "osm_type": "way",
        "tourism": "chalet"
      }
    },
    {
      "type": "Feature",
      "geometry": {
        "type": "Point",
        "coordinates": [
          24.1541832,
          60.3956523
        ]
      },
      "properties": {
        "id": 1156048334,
        "osm_type": "way",
        "tourism": "chalet"
      }
    },
    {
      "type": "Feature",
      "geometry": {
        "type": "Point",
        "coordinates": [
          24.1553066,
          60.39554
        ]
      },
      "properties": {
        "id": 1156048335,
        "osm_type": "way",
        "tourism": "chalet"
      }
    },
    {
      "type": "Feature",
      "geometry": {
        "type": "Point",
        "coordinates": [
          24.155186,
          60.3963236
        ]
      },
      "properties": {
        "id": 1156048336,
        "osm_type": "way",
        "tourism": "chalet"
      }
    },
    {
      "type": "Feature",
      "geometry": {
        "type": "Point",
        "coordinates": [
          24.1565387,
          60.3959598
        ]
      },
      "properties": {
        "id": 1156048337,
        "osm_type": "way",
        "tourism": "chalet"
      }
    },
    {
      "type": "Feature",
      "geometry": {
        "type": "Point",
        "coordinates": [
          24.1517192,
          60.3935702
        ]
      },
      "properties": {
        "id": 1156048344,
        "osm_type": "way",
        "tourism": "chalet"
      }
    },
    {
      "type": "Feature",
      "geometry": {
        "type": "Point",
        "coordinates": [
          24.1517654,
          60.3939644
        ]
      },
      "properties": {
        "id": 1156048345,
        "osm_type": "way",
        "tourism": "chalet"
      }
    },
    {
      "type": "Feature",
      "geometry": {
        "type": "Point",
        "coordinates": [
          24.1509197,
          60.3937118
        ]
      },
      "properties": {
        "id": 1156048346,
        "osm_type": "way",
        "tourism": "chalet"
      }
    },
    {
      "type": "Feature",
      "geometry": {
        "type": "Point",
        "coordinates": [
          24.1515667,
          60.3948937
        ]
      },
      "properties": {
        "id": 1156048347,
        "osm_type": "way",
        "tourism": "chalet"
      }
    },
    {
      "type": "Feature",
      "geometry": {
        "type": "Point",
        "coordinates": [
          24.1509752,
          60.3949333
        ]
      },
      "properties": {
        "id": 1156048348,
        "osm_type": "way",
        "tourism": "chalet"
      }
    },
    {
      "type": "Feature",
      "geometry": {
        "type": "Point",
        "coordinates": [
          24.1506485,
          60.3950551
        ]
      },
      "properties": {
        "id": 1156048349,
        "osm_type": "way",
        "tourism": "chalet"
      }
    },
    {
      "type": "Feature",
      "geometry": {
        "type": "Point",
        "coordinates": [
          24.148594,
          60.3942167
        ]
      },
      "properties": {
        "id": 1156048350,
        "osm_type": "way",
        "tourism": "chalet"
      }
    },
    {
      "type": "Feature",
      "geometry": {
        "type": "Point",
        "coordinates": [
          24.4214945,
          60.3113484
        ]
      },
      "properties": {
        "id": 1173042960,
        "osm_type": "way",
        "tourism": "chalet"
      }
    },
    {
      "type": "Feature",
      "geometry": {
        "type": "Point",
        "coordinates": [
          24.6465446,
          60.6179046
        ]
      },
      "properties": {
        "id": 1176582904,
        "osm_type": "way",
        "tourism": "chalet"
      }
    },
    {
      "type": "Feature",
      "geometry": {
        "type": "Point",
        "coordinates": [
          25.3246199,
          60.6335143
        ]
      },
      "properties": {
        "id": 1200331190,
        "osm_type": "way",
        "name": "Ruustinnan Kammari",
        "tourism": "hotel"
      }
    },
    {
      "type": "Feature",
      "geometry": {
        "type": "Point",
        "coordinates": [
          24.969049,
          60.3164445
        ]
      },
      "properties": {
        "id": 1234983504,
        "osm_type": "way",
        "name": "Clarion Hotel Helsinki Airport",
        "tourism": "hotel",
        "phone": "+358942415610",
        "check_date": "2024-06-17"
      }
    },
    {
      "type": "Feature",
      "geometry": {
        "type": "Point",
        "coordinates": [
          24.5144641,
          60.3909755
        ]
      },
      "properties": {
        "id": 1236676412,
        "osm_type": "way",
        "tourism": "apartment",
        "phone": "+358409674800",
        "website": "https://www.harkalankoulu.fi/majoitustila"
      }
    },
    {
      "type": "Feature",
      "geometry": {
        "type": "Point",
        "coordinates": [
          24.5748164,
          60.0611147
        ]
      },
      "properties": {
        "id": 1259063361,
        "osm_type": "way",
        "name": "Väransbyn leirintäalue",
        "tourism": "camp_site"
      }
    },
    {
      "type": "Feature",
      "geometry": {
        "type": "Point",
        "coordinates": [
          24.9707601,
          60.2903163
        ]
      },
      "properties": {
        "id": 1263534930,
        "osm_type": "way",
        "name": "Break Sokos Hotel Flamingo",
        "tourism": "hotel",
        "opening_hours": "24/7",
        "phone": "+358 20 123 4605",
        "website": "https://www.sokoshotels.fi/hotellit/vantaa/break-sokos-hotel-flamingo"
      }
    },
    {
      "type": "Feature",
      "geometry": {
        "type": "Point",
        "coordinates": [
          24.9694747,
          60.3162148
        ]
      },
      "properties": {
        "id": 1293111946,
        "osm_type": "way",
        "name": "Comfort Hotel Helsinki Airport",
        "tourism": "hotel",
        "phone": "+358942414560",
        "check_date": "2025-09-20"
      }
    },
    {
      "type": "Feature",
      "geometry": {
        "type": "Point",
        "coordinates": [
          23.8726459,
          59.9756445
        ]
      },
      "properties": {
        "id": 1295816908,
        "osm_type": "way",
        "tourism": "chalet"
      }
    },
    {
      "type": "Feature",
      "geometry": {
        "type": "Point",
        "coordinates": [
          23.8726337,
          59.975581
        ]
      },
      "properties": {
        "id": 1295816909,
        "osm_type": "way",
        "tourism": "chalet"
      }
    },
    {
      "type": "Feature",
      "geometry": {
        "type": "Point",
        "coordinates": [
          23.8726462,
          59.9754912
        ]
      },
      "properties": {
        "id": 1295816910,
        "osm_type": "way",
        "tourism": "chalet"
      }
    },
    {
      "type": "Feature",
      "geometry": {
        "type": "Point",
        "coordinates": [
          23.8725897,
          59.975434
        ]
      },
      "properties": {
        "id": 1295816911,
        "osm_type": "way",
        "tourism": "chalet"
      }
    },
    {
      "type": "Feature",
      "geometry": {
        "type": "Point",
        "coordinates": [
          23.8725024,
          59.9752929
        ]
      },
      "properties": {
        "id": 1295816912,
        "osm_type": "way",
        "tourism": "chalet"
      }
    },
    {
      "type": "Feature",
      "geometry": {
        "type": "Point",
        "coordinates": [
          23.8723279,
          59.9750755
        ]
      },
      "properties": {
        "id": 1295816913,
        "osm_type": "way",
        "tourism": "chalet"
      }
    },
    {
      "type": "Feature",
      "geometry": {
        "type": "Point",
        "coordinates": [
          23.8722463,
          59.9750352
        ]
      },
      "properties": {
        "id": 1295816914,
        "osm_type": "way",
        "tourism": "chalet"
      }
    },
    {
      "type": "Feature",
      "geometry": {
        "type": "Point",
        "coordinates": [
          23.8721289,
          59.9749535
        ]
      },
      "properties": {
        "id": 1295816915,
        "osm_type": "way",
        "tourism": "chalet"
      }
    },
    {
      "type": "Feature",
      "geometry": {
        "type": "Point",
        "coordinates": [
          23.8720486,
          59.9749039
        ]
      },
      "properties": {
        "id": 1295816916,
        "osm_type": "way",
        "tourism": "chalet"
      }
    },
    {
      "type": "Feature",
      "geometry": {
        "type": "Point",
        "coordinates": [
          23.8720096,
          59.974841
        ]
      },
      "properties": {
        "id": 1295816917,
        "osm_type": "way",
        "tourism": "chalet"
      }
    },
    {
      "type": "Feature",
      "geometry": {
        "type": "Point",
        "coordinates": [
          23.8718916,
          59.9747584
        ]
      },
      "properties": {
        "id": 1295816918,
        "osm_type": "way",
        "tourism": "chalet"
      }
    },
    {
      "type": "Feature",
      "geometry": {
        "type": "Point",
        "coordinates": [
          23.8718177,
          59.9747055
        ]
      },
      "properties": {
        "id": 1295816919,
        "osm_type": "way",
        "tourism": "chalet"
      }
    },
    {
      "type": "Feature",
      "geometry": {
        "type": "Point",
        "coordinates": [
          23.8716598,
          59.974625
        ]
      },
      "properties": {
        "id": 1295816920,
        "osm_type": "way",
        "tourism": "chalet"
      }
    },
    {
      "type": "Feature",
      "geometry": {
        "type": "Point",
        "coordinates": [
          23.8715531,
          59.9745985
        ]
      },
      "properties": {
        "id": 1295816921,
        "osm_type": "way",
        "tourism": "chalet"
      }
    },
    {
      "type": "Feature",
      "geometry": {
        "type": "Point",
        "coordinates": [
          23.9009626,
          60.0459242
        ]
      },
      "properties": {
        "id": 1350747862,
        "osm_type": "way",
        "name": "Kavalahden leirikeskus",
        "tourism": "camp_site",
        "phone": "0988651100",
        "website": "https://partiokampat.fi/kavalahti/"
      }
    },
    {
      "type": "Feature",
      "geometry": {
        "type": "Point",
        "coordinates": [
          24.6310926,
          60.6134969
        ]
      },
      "properties": {
        "id": 1356386082,
        "osm_type": "way",
        "name": "Rytkön leirikeskus",
        "tourism": "camp_site",
        "tents": "yes",
        "website": "https://www.hyvinkaa.fi/kulttuuri-ja-vapaa-aika/vuokrattavat-tilat/rytkon-leirialue/"
      }
    },
    {
      "type": "Feature",
      "geometry": {
        "type": "Point",
        "coordinates": [
          24.6237297,
          60.6092905
        ]
      },
      "properties": {
        "id": 1356399611,
        "osm_type": "way",
        "name": "Uni Villa",
        "tourism": "chalet"
      }
    },
    {
      "type": "Feature",
      "geometry": {
        "type": "Point",
        "coordinates": [
          24.6234864,
          60.6095972
        ]
      },
      "properties": {
        "id": 1356399612,
        "osm_type": "way",
        "name": "Uni Villa",
        "tourism": "chalet"
      }
    },
    {
      "type": "Feature",
      "geometry": {
        "type": "Point",
        "coordinates": [
          24.6239544,
          60.6098484
        ]
      },
      "properties": {
        "id": 1356399613,
        "osm_type": "way",
        "name": "Uni Villa",
        "tourism": "chalet"
      }
    },
    {
      "type": "Feature",
      "geometry": {
        "type": "Point",
        "coordinates": [
          24.9869835,
          60.3623704
        ]
      },
      "properties": {
        "id": 1372061272,
        "osm_type": "way",
        "name": "Tammikon Tupa",
        "tourism": "chalet",
        "website": "https://villatammikko.johku.com/fi_FI/tammikon-tupa"
      }
    },
    {
      "type": "Feature",
      "geometry": {
        "type": "Point",
        "coordinates": [
          24.7398169,
          60.3272596
        ]
      },
      "properties": {
        "id": 1386047370,
        "osm_type": "way",
        "name": "Serena mökki 1",
        "tourism": "chalet"
      }
    },
    {
      "type": "Feature",
      "geometry": {
        "type": "Point",
        "coordinates": [
          24.7396908,
          60.3278344
        ]
      },
      "properties": {
        "id": 1386047371,
        "osm_type": "way",
        "name": "Serena mökki 4",
        "tourism": "chalet"
      }
    },
    {
      "type": "Feature",
      "geometry": {
        "type": "Point",
        "coordinates": [
          24.7403828,
          60.3278239
        ]
      },
      "properties": {
        "id": 1386047372,
        "osm_type": "way",
        "name": "Serena mökki 3",
        "tourism": "chalet"
      }
    },
    {
      "type": "Feature",
      "geometry": {
        "type": "Point",
        "coordinates": [
          24.7405384,
          60.3280629
        ]
      },
      "properties": {
        "id": 1386047373,
        "osm_type": "way",
        "name": "Serena mökki 5",
        "tourism": "chalet"
      }
    },
    {
      "type": "Feature",
      "geometry": {
        "type": "Point",
        "coordinates": [
          24.7398302,
          60.3282939
        ]
      },
      "properties": {
        "id": 1386047374,
        "osm_type": "way",
        "name": "Serena mökki 6",
        "tourism": "chalet"
      }
    },
    {
      "type": "Feature",
      "geometry": {
        "type": "Point",
        "coordinates": [
          24.4642004,
          60.3123914
        ]
      },
      "properties": {
        "id": 1420314928,
        "osm_type": "way",
        "name": "Valklampi",
        "tourism": "chalet"
      }
    },
    {
      "type": "Feature",
      "geometry": {
        "type": "Point",
        "coordinates": [
          24.7408642,
          60.2808141
        ]
      },
      "properties": {
        "id": 1422974515,
        "osm_type": "way",
        "tourism": "chalet",
        "website": "https://www.niipperinpuutarhakyla1.fi/"
      }
    },
    {
      "type": "Feature",
      "geometry": {
        "type": "Point",
        "coordinates": [
          24.7404667,
          60.2807184
        ]
      },
      "properties": {
        "id": 1422974516,
        "osm_type": "way",
        "tourism": "chalet",
        "website": "https://www.niipperinpuutarhakyla1.fi/"
      }
    },
    {
      "type": "Feature",
      "geometry": {
        "type": "Point",
        "coordinates": [
          24.7401415,
          60.2807325
        ]
      },
      "properties": {
        "id": 1422974517,
        "osm_type": "way",
        "tourism": "chalet",
        "website": "https://www.niipperinpuutarhakyla1.fi/"
      }
    },
    {
      "type": "Feature",
      "geometry": {
        "type": "Point",
        "coordinates": [
          24.7398803,
          60.280805
        ]
      },
      "properties": {
        "id": 1422974518,
        "osm_type": "way",
        "tourism": "chalet",
        "website": "https://www.niipperinpuutarhakyla1.fi/"
      }
    },
    {
      "type": "Feature",
      "geometry": {
        "type": "Point",
        "coordinates": [
          24.7396649,
          60.2808923
        ]
      },
      "properties": {
        "id": 1422974519,
        "osm_type": "way",
        "tourism": "chalet",
        "website": "https://www.niipperinpuutarhakyla1.fi/"
      }
    },
    {
      "type": "Feature",
      "geometry": {
        "type": "Point",
        "coordinates": [
          24.7394646,
          60.2809824
        ]
      },
      "properties": {
        "id": 1422974520,
        "osm_type": "way",
        "tourism": "chalet",
        "website": "https://www.niipperinpuutarhakyla1.fi/"
      }
    },
    {
      "type": "Feature",
      "geometry": {
        "type": "Point",
        "coordinates": [
          24.7392786,
          60.2810837
        ]
      },
      "properties": {
        "id": 1422974521,
        "osm_type": "way",
        "tourism": "chalet",
        "website": "https://www.niipperinpuutarhakyla1.fi/"
      }
    },
    {
      "type": "Feature",
      "geometry": {
        "type": "Point",
        "coordinates": [
          24.7391048,
          60.281188
        ]
      },
      "properties": {
        "id": 1422974522,
        "osm_type": "way",
        "tourism": "chalet",
        "website": "https://www.niipperinpuutarhakyla1.fi/"
      }
    },
    {
      "type": "Feature",
      "geometry": {
        "type": "Point",
        "coordinates": [
          24.7389453,
          60.2813013
        ]
      },
      "properties": {
        "id": 1422974523,
        "osm_type": "way",
        "tourism": "chalet",
        "website": "https://www.niipperinpuutarhakyla1.fi/"
      }
    },
    {
      "type": "Feature",
      "geometry": {
        "type": "Point",
        "coordinates": [
          24.7388091,
          60.2814142
        ]
      },
      "properties": {
        "id": 1422974524,
        "osm_type": "way",
        "tourism": "chalet",
        "website": "https://www.niipperinpuutarhakyla1.fi/"
      }
    },
    {
      "type": "Feature",
      "geometry": {
        "type": "Point",
        "coordinates": [
          24.7386851,
          60.2815356
        ]
      },
      "properties": {
        "id": 1422974525,
        "osm_type": "way",
        "tourism": "chalet",
        "website": "https://www.niipperinpuutarhakyla1.fi/"
      }
    },
    {
      "type": "Feature",
      "geometry": {
        "type": "Point",
        "coordinates": [
          24.7385723,
          60.2816631
        ]
      },
      "properties": {
        "id": 1422974526,
        "osm_type": "way",
        "tourism": "chalet",
        "website": "https://www.niipperinpuutarhakyla1.fi/"
      }
    },
    {
      "type": "Feature",
      "geometry": {
        "type": "Point",
        "coordinates": [
          24.7384869,
          60.2817891
        ]
      },
      "properties": {
        "id": 1422974527,
        "osm_type": "way",
        "tourism": "chalet",
        "website": "https://www.niipperinpuutarhakyla1.fi/"
      }
    },
    {
      "type": "Feature",
      "geometry": {
        "type": "Point",
        "coordinates": [
          24.7384137,
          60.2819241
        ]
      },
      "properties": {
        "id": 1422974528,
        "osm_type": "way",
        "tourism": "chalet",
        "website": "https://www.niipperinpuutarhakyla1.fi/"
      }
    },
    {
      "type": "Feature",
      "geometry": {
        "type": "Point",
        "coordinates": [
          24.7383639,
          60.2820562
        ]
      },
      "properties": {
        "id": 1422974529,
        "osm_type": "way",
        "tourism": "chalet",
        "website": "https://www.niipperinpuutarhakyla1.fi/"
      }
    },
    {
      "type": "Feature",
      "geometry": {
        "type": "Point",
        "coordinates": [
          24.7383425,
          60.2822017
        ]
      },
      "properties": {
        "id": 1422974530,
        "osm_type": "way",
        "tourism": "chalet",
        "website": "https://www.niipperinpuutarhakyla1.fi/"
      }
    },
    {
      "type": "Feature",
      "geometry": {
        "type": "Point",
        "coordinates": [
          24.7384097,
          60.2823549
        ]
      },
      "properties": {
        "id": 1422974531,
        "osm_type": "way",
        "tourism": "chalet",
        "website": "https://www.niipperinpuutarhakyla1.fi/"
      }
    },
    {
      "type": "Feature",
      "geometry": {
        "type": "Point",
        "coordinates": [
          24.7386048,
          60.2824793
        ]
      },
      "properties": {
        "id": 1422974532,
        "osm_type": "way",
        "tourism": "chalet",
        "website": "https://www.niipperinpuutarhakyla1.fi/"
      }
    },
    {
      "type": "Feature",
      "geometry": {
        "type": "Point",
        "coordinates": [
          24.7390744,
          60.2822607
        ]
      },
      "properties": {
        "id": 1422974533,
        "osm_type": "way",
        "tourism": "chalet",
        "website": "https://www.niipperinpuutarhakyla1.fi/"
      }
    },
    {
      "type": "Feature",
      "geometry": {
        "type": "Point",
        "coordinates": [
          24.7389107,
          60.2821276
        ]
      },
      "properties": {
        "id": 1422974534,
        "osm_type": "way",
        "tourism": "chalet",
        "website": "https://www.niipperinpuutarhakyla1.fi/"
      }
    },
    {
      "type": "Feature",
      "geometry": {
        "type": "Point",
        "coordinates": [
          24.7389778,
          60.2819826
        ]
      },
      "properties": {
        "id": 1422974535,
        "osm_type": "way",
        "tourism": "chalet",
        "website": "https://www.niipperinpuutarhakyla1.fi/"
      }
    },
    {
      "type": "Feature",
      "geometry": {
        "type": "Point",
        "coordinates": [
          24.73905,
          60.281848
        ]
      },
      "properties": {
        "id": 1422974536,
        "osm_type": "way",
        "tourism": "chalet",
        "website": "https://www.niipperinpuutarhakyla1.fi/"
      }
    },
    {
      "type": "Feature",
      "geometry": {
        "type": "Point",
        "coordinates": [
          24.7391444,
          60.281716
        ]
      },
      "properties": {
        "id": 1422974537,
        "osm_type": "way",
        "tourism": "chalet",
        "website": "https://www.niipperinpuutarhakyla1.fi/"
      }
    },
    {
      "type": "Feature",
      "geometry": {
        "type": "Point",
        "coordinates": [
          24.7392898,
          60.2815729
        ]
      },
      "properties": {
        "id": 1422974538,
        "osm_type": "way",
        "tourism": "chalet",
        "website": "https://www.niipperinpuutarhakyla1.fi/"
      }
    },
    {
      "type": "Feature",
      "geometry": {
        "type": "Point",
        "coordinates": [
          24.739432,
          60.281451
        ]
      },
      "properties": {
        "id": 1422974539,
        "osm_type": "way",
        "tourism": "chalet",
        "website": "https://www.niipperinpuutarhakyla1.fi/"
      }
    },
    {
      "type": "Feature",
      "geometry": {
        "type": "Point",
        "coordinates": [
          24.7395968,
          60.2813387
        ]
      },
      "properties": {
        "id": 1422974540,
        "osm_type": "way",
        "tourism": "chalet",
        "website": "https://www.niipperinpuutarhakyla1.fi/"
      }
    },
    {
      "type": "Feature",
      "geometry": {
        "type": "Point",
        "coordinates": [
          24.7397827,
          60.2812293
        ]
      },
      "properties": {
        "id": 1422974541,
        "osm_type": "way",
        "tourism": "chalet",
        "website": "https://www.niipperinpuutarhakyla1.fi/"
      }
    },
    {
      "type": "Feature",
      "geometry": {
        "type": "Point",
        "coordinates": [
          24.739986,
          60.2811336
        ]
      },
      "properties": {
        "id": 1422974542,
        "osm_type": "way",
        "tourism": "chalet",
        "website": "https://www.niipperinpuutarhakyla1.fi/"
      }
    },
    {
      "type": "Feature",
      "geometry": {
        "type": "Point",
        "coordinates": [
          24.7402655,
          60.2810373
        ]
      },
      "properties": {
        "id": 1422974543,
        "osm_type": "way",
        "tourism": "chalet",
        "website": "https://www.niipperinpuutarhakyla1.fi/"
      }
    },
    {
      "type": "Feature",
      "geometry": {
        "type": "Point",
        "coordinates": [
          24.7406537,
          60.2811351
        ]
      },
      "properties": {
        "id": 1422974544,
        "osm_type": "way",
        "tourism": "chalet",
        "website": "https://www.niipperinpuutarhakyla1.fi/"
      }
    },
    {
      "type": "Feature",
      "geometry": {
        "type": "Point",
        "coordinates": [
          25.0908886,
          60.6182022
        ]
      },
      "properties": {
        "id": 1434586871,
        "osm_type": "way",
        "name": "Leirikeskus Leiriniemi",
        "tourism": "camp_site",
        "tents": "no",
        "website": "https://www.jarvenpaanseurakunta.fi/leiriniemi.asp"
      }
    },
    {
      "type": "Feature",
      "geometry": {
        "type": "Point",
        "coordinates": [
          24.9409766,
          60.1675395
        ]
      },
      "properties": {
        "id": 5608,
        "osm_type": "relation",
        "name": "Marski by Scandic",
        "tourism": "hotel",
        "phone": "+358 9 68 061",
        "website": "https://www.scandichotels.com/hotels/finland/helsinki/marski-by-scandic"
      }
    },
    {
      "type": "Feature",
      "geometry": {
        "type": "Point",
        "coordinates": [
          24.9639786,
          60.3160618
        ]
      },
      "properties": {
        "id": 4599049,
        "osm_type": "relation",
        "name": "Hilton Helsinki Airport",
        "tourism": "hotel",
        "phone": "+358 300 308489",
        "website": "https://www.hilton.com/en/hotels/helaihi-hilton-helsinki-airport"
      }
    },
    {
      "type": "Feature",
      "geometry": {
        "type": "Point",
        "coordinates": [
          24.8730663,
          60.1922035
        ]
      },
      "properties": {
        "id": 7261114,
        "osm_type": "relation",
        "name": "Hilton Helsinki Kalastajatorppa",
        "tourism": "hotel",
        "phone": "+358 300 308487",
        "website": "https://www.hilton.com/en/hotels/helkjhi-hilton-helsinki-kalastajatorppa/?SEO_id=GMB-EMEA-HI-HELKJHI"
      }
    },
    {
      "type": "Feature",
      "geometry": {
        "type": "Point",
        "coordinates": [
          23.4330326,
          59.9749372
        ]
      },
      "properties": {
        "id": 13637205,
        "osm_type": "relation",
        "name": "Motel & Restaurant Marine",
        "tourism": "motel",
        "phone": "019 24 13 833",
        "website": "https://motelmarine.fi"
      }
    },
    {
      "type": "Feature",
      "geometry": {
        "type": "Point",
        "coordinates": [
          24.8124755,
          60.613844
        ]
      },
      "properties": {
        "id": 17422124,
        "osm_type": "relation",
        "name": "Best Caravan Oy Matkaparkki Hyvinkäällä",
        "tourism": "caravan_site",
        "website": "https://www.bestpark.com/fi/park/hyvinkaa/"
      }
    }
  ]
}