{
  "type": "FeatureCollection",
  "features": [
    {
      "type": "Feature",
      "geometry": {
        "type": "Point",
        "coordinates": [
          20.0733881,
          42.3556606
        ]
      },
      "properties": {
        "id": 552312562,
        "osm_type": "node",
        "name": "Hotel Shkelzeni",
        "tourism": "hotel"
      }
    },
    {
      "type": "Feature",
      "geometry": {
        "type": "Point",
        "coordinates": [
          19.6984166,
          41.4703989
        ]
      },
      "properties": {
        "id": 611766908,
        "osm_type": "node",
        "name": "Nord Park",
        "tourism": "hotel",
        "website": "www.nordpark-kompleks.com",
        "check_date": "2024-05-10"
      }
    },
    {
      "type": "Feature",
      "geometry": {
        "type": "Point",
        "coordinates": [
          19.4341196,
          41.3122746
        ]
      },
      "properties": {
        "id": 1800937024,
        "osm_type": "node",
        "name": "Hotel Aragosta",
        "tourism": "hotel",
        "phone": "+355683337050",
        "website": "https://www.aragosta.al/"
      }
    },
    {
      "type": "Feature",
      "geometry": {
        "type": "Point",
        "coordinates": [
          19.6986554,
          41.4707372
        ]
      },
      "properties": {
        "id": 1819463486,
        "osm_type": "node",
        "name": "Nord Park",
        "tourism": "camp_site",
        "phone": "+ 355 692 035 123"
      }
    },
    {
      "type": "Feature",
      "geometry": {
        "type": "Point",
        "coordinates": [
          19.5179535,
          41.2711351
        ]
      },
      "properties": {
        "id": 2409053992,
        "osm_type": "node",
        "name": "Adriatik 2",
        "tourism": "hotel",
        "phone": "00355684054548",
        "website": "http://hoteladriatik2.webstarts.com/",
        "check_date": "2024-05-11"
      }
    },
    {
      "type": "Feature",
      "geometry": {
        "type": "Point",
        "coordinates": [
          19.7145504,
          42.5895225
        ]
      },
      "properties": {
        "id": 2450321404,
        "osm_type": "node",
        "name": "Leonard Luma",
        "tourism": "guest_house"
      }
    },
    {
      "type": "Feature",
      "geometry": {
        "type": "Point",
        "coordinates": [
          19.547733,
          41.9698298
        ]
      },
      "properties": {
        "id": 2468796131,
        "osm_type": "node",
        "tourism": "motel"
      }
    },
    {
      "type": "Feature",
      "geometry": {
        "type": "Point",
        "coordinates": [
          19.439273,
          41.863586
        ]
      },
      "properties": {
        "id": 2476951163,
        "osm_type": "node",
        "name": "Miri velipoje",
        "tourism": "guest_house"
      }
    },
    {
      "type": "Feature",
      "geometry": {
        "type": "Point",
        "coordinates": [
          19.8772283,
          42.4395956
        ]
      },
      "properties": {
        "id": 2491990986,
        "osm_type": "node",
        "name": "Guesthouse Kol Gjoni",
        "tourism": "guest_house"
      }
    },
    {
      "type": "Feature",
      "geometry": {
        "type": "Point",
        "coordinates": [
          20.0739301,
          42.3573069
        ]
      },
      "properties": {
        "id": 2494110874,
        "osm_type": "node",
        "name": "Hotel Vllaznimi",
        "tourism": "hotel"
      }
    },
    {
      "type": "Feature",
      "geometry": {
        "type": "Point",
        "coordinates": [
          20.1561234,
          42.3843433
        ]
      },
      "properties": {
        "id": 2494111454,
        "osm_type": "node",
        "tourism": "hotel"
      }
    },
    {
      "type": "Feature",
      "geometry": {
        "type": "Point",
        "coordinates": [
          19.8128342,
          42.0926675
        ]
      },
      "properties": {
        "id": 2494320201,
        "osm_type": "node",
        "name": "Hotel Vila Franceze",
        "tourism": "hotel",
        "phone": "00355683036032",
        "website": "https://www.facebook.com/Vila-Francese-177126342389001/"
      }
    },
    {
      "type": "Feature",
      "geometry": {
        "type": "Point",
        "coordinates": [
          19.6775848,
          41.489887
        ]
      },
      "properties": {
        "id": 2859785325,
        "osm_type": "node",
        "name": "Xhovalin Perleka",
        "tourism": "hostel"
      }
    },
    {
      "type": "Feature",
      "geometry": {
        "type": "Point",
        "coordinates": [
          19.4749598,
          41.3154691
        ]
      },
      "properties": {
        "id": 3521371406,
        "osm_type": "node",
        "name": "Myhome",
        "tourism": "guest_house"
      }
    },
    {
      "type": "Feature",
      "geometry": {
        "type": "Point",
        "coordinates": [
          20.3233277,
          41.7358237
        ]
      },
      "properties": {
        "id": 3523127358,
        "osm_type": "node",
        "tourism": "hotel"
      }
    },
    {
      "type": "Feature",
      "geometry": {
        "type": "Point",
        "coordinates": [
          20.1577101,
          42.1758651
        ]
      },
      "properties": {
        "id": 3651240790,
        "osm_type": "node",
        "name": "Bar Restorant Hotel Kunora",
        "tourism": "hotel"
      }
    },
    {
      "type": "Feature",
      "geometry": {
        "type": "Point",
        "coordinates": [
          19.5128055,
          41.2850658
        ]
      },
      "properties": {
        "id": 3656333711,
        "osm_type": "node",
        "name": "Hotel Riviera",
        "tourism": "hotel"
      }
    },
    {
      "type": "Feature",
      "geometry": {
        "type": "Point",
        "coordinates": [
          20.0777229,
          42.3557861
        ]
      },
      "properties": {
        "id": 3677642175,
        "osm_type": "node",
        "tourism": "hotel"
      }
    },
    {
      "type": "Feature",
      "geometry": {
        "type": "Point",
        "coordinates": [
          19.5095596,
          42.0700074
        ]
      },
      "properties": {
        "id": 3775292587,
        "osm_type": "node",
        "name": "Belvedere Apartment",
        "tourism": "guest_house"
      }
    },
    {
      "type": "Feature",
      "geometry": {
        "type": "Point",
        "coordinates": [
          20.0698456,
          42.358018
        ]
      },
      "properties": {
        "id": 3836961060,
        "osm_type": "node",
        "name": "Hotel Real",
        "tourism": "hotel"
      }
    },
    {
      "type": "Feature",
      "geometry": {
        "type": "Point",
        "coordinates": [
          19.447088,
          41.3136447
        ]
      },
      "properties": {
        "id": 3937116198,
        "osm_type": "node",
        "name": "Durres Hostel",
        "tourism": "hostel",
        "phone": "+355 69 891 6810",
        "website": "http://www.durreshostel.com/"
      }
    },
    {
      "type": "Feature",
      "geometry": {
        "type": "Point",
        "coordinates": [
          19.5188122,
          42.0707303
        ]
      },
      "properties": {
        "id": 3973990767,
        "osm_type": "node",
        "name": "No Brakes B&B",
        "tourism": "guest_house",
        "phone": "+355674827971"
      }
    },
    {
      "type": "Feature",
      "geometry": {
        "type": "Point",
        "coordinates": [
          19.4346105,
          41.3116581
        ]
      },
      "properties": {
        "id": 4000830105,
        "osm_type": "node",
        "name": "Hotel Keshtjella",
        "tourism": "hotel"
      }
    },
    {
      "type": "Feature",
      "geometry": {
        "type": "Point",
        "coordinates": [
          19.8749692,
          42.362206
        ]
      },
      "properties": {
        "id": 4038105594,
        "osm_type": "node",
        "name": "Lumi e Plans",
        "tourism": "camp_site",
        "tents": "yes"
      }
    },
    {
      "type": "Feature",
      "geometry": {
        "type": "Point",
        "coordinates": [
          19.4754086,
          41.3153113
        ]
      },
      "properties": {
        "id": 4206869692,
        "osm_type": "node",
        "name": "Troy Apartments",
        "tourism": "guest_house"
      }
    },
    {
      "type": "Feature",
      "geometry": {
        "type": "Point",
        "coordinates": [
          19.4973424,
          41.2999955
        ]
      },
      "properties": {
        "id": 4235334189,
        "osm_type": "node",
        "name": "Hotel Vila Anna",
        "tourism": "hotel",
        "opening_hours": "24/7",
        "phone": "+35552907755"
      }
    },
    {
      "type": "Feature",
      "geometry": {
        "type": "Point",
        "coordinates": [
          19.6676509,
          41.5918021
        ]
      },
      "properties": {
        "id": 4244739394,
        "osm_type": "node",
        "tourism": "hotel"
      }
    },
    {
      "type": "Feature",
      "geometry": {
        "type": "Point",
        "coordinates": [
          19.5005073,
          41.3010866
        ]
      },
      "properties": {
        "id": 4250854903,
        "osm_type": "node",
        "name": "Kadris hotel",
        "tourism": "hotel"
      }
    },
    {
      "type": "Feature",
      "geometry": {
        "type": "Point",
        "coordinates": [
          19.875411,
          42.4377105
        ]
      },
      "properties": {
        "id": 4300174324,
        "osm_type": "node",
        "name": "Lazër Çardaku",
        "tourism": "guest_house"
      }
    },
    {
      "type": "Feature",
      "geometry": {
        "type": "Point",
        "coordinates": [
          19.884904,
          42.4458718
        ]
      },
      "properties": {
        "id": 4300174325,
        "osm_type": "node",
        "name": "Selimaj",
        "tourism": "guest_house"
      }
    },
    {
      "type": "Feature",
      "geometry": {
        "type": "Point",
        "coordinates": [
          19.8864655,
          42.4454918
        ]
      },
      "properties": {
        "id": 4300174326,
        "osm_type": "node",
        "name": "Natyra",
        "tourism": "hotel"
      }
    },
    {
      "type": "Feature",
      "geometry": {
        "type": "Point",
        "coordinates": [
          19.8933051,
          42.4522234
        ]
      },
      "properties": {
        "id": 4300174327,
        "osm_type": "node",
        "tourism": "guest_house"
      }
    },
    {
      "type": "Feature",
      "geometry": {
        "type": "Point",
        "coordinates": [
          19.9219053,
          42.4600043
        ]
      },
      "properties": {
        "id": 4300174328,
        "osm_type": "node",
        "name": "Hotel Rilindja & Car Camping",
        "tourism": "hotel",
        "opening_hours": "24/7",
        "phone": "+355 67 3014637",
        "website": "https://www.journeytovalbona.com/",
        "check_date": "2025-09-23"
      }
    },
    {
      "type": "Feature",
      "geometry": {
        "type": "Point",
        "coordinates": [
          20.6095844,
          41.9461893
        ]
      },
      "properties": {
        "id": 4306268053,
        "osm_type": "node",
        "name": "Skiatori",
        "tourism": "alpine_hut"
      }
    },
    {
      "type": "Feature",
      "geometry": {
        "type": "Point",
        "coordinates": [
          20.574129,
          41.9666125
        ]
      },
      "properties": {
        "id": 4306337548,
        "osm_type": "node",
        "name": "Hotel Novosej",
        "tourism": "hotel"
      }
    },
    {
      "type": "Feature",
      "geometry": {
        "type": "Point",
        "coordinates": [
          19.5648383,
          42.4664775
        ]
      },
      "properties": {
        "id": 4318451064,
        "osm_type": "node",
        "name": "Guesthouse Jerina",
        "tourism": "guest_house"
      }
    },
    {
      "type": "Feature",
      "geometry": {
        "type": "Point",
        "coordinates": [
          19.7205667,
          42.5883938
        ]
      },
      "properties": {
        "id": 4318457753,
        "osm_type": "node",
        "name": "Guesthouse Prele Vuktilaj",
        "tourism": "guest_house"
      }
    },
    {
      "type": "Feature",
      "geometry": {
        "type": "Point",
        "coordinates": [
          19.5155008,
          41.9537767
        ]
      },
      "properties": {
        "id": 4322086397,
        "osm_type": "node",
        "name": "rranxa",
        "tourism": "hotel"
      }
    },
    {
      "type": "Feature",
      "geometry": {
        "type": "Point",
        "coordinates": [
          20.0790289,
          42.3543228
        ]
      },
      "properties": {
        "id": 4322794395,
        "osm_type": "node",
        "name": "Boshnjaku",
        "tourism": "hotel"
      }
    },
    {
      "type": "Feature",
      "geometry": {
        "type": "Point",
        "coordinates": [
          19.8941236,
          42.4525556
        ]
      },
      "properties": {
        "id": 4329269390,
        "osm_type": "node",
        "name": "Jezerca Guesthouse",
        "tourism": "guest_house"
      }
    },
    {
      "type": "Feature",
      "geometry": {
        "type": "Point",
        "coordinates": [
          19.5943838,
          41.6912858
        ]
      },
      "properties": {
        "id": 4329395295,
        "osm_type": "node",
        "tourism": "guest_house"
      }
    },
    {
      "type": "Feature",
      "geometry": {
        "type": "Point",
        "coordinates": [
          20.4546895,
          42.1891106
        ]
      },
      "properties": {
        "id": 4330532854,
        "osm_type": "node",
        "name": "Kampingu ne Bjeshkën e Krumës",
        "tourism": "camp_site"
      }
    },
    {
      "type": "Feature",
      "geometry": {
        "type": "Point",
        "coordinates": [
          19.4889053,
          41.3078253
        ]
      },
      "properties": {
        "id": 4363167191,
        "osm_type": "node",
        "name": "Antalya",
        "tourism": "hotel"
      }
    },
    {
      "type": "Feature",
      "geometry": {
        "type": "Point",
        "coordinates": [
          20.4173559,
          42.0771606
        ]
      },
      "properties": {
        "id": 4378886600,
        "osm_type": "node",
        "name": "Amerika",
        "tourism": "hotel"
      }
    },
    {
      "type": "Feature",
      "geometry": {
        "type": "Point",
        "coordinates": [
          20.3304487,
          41.8344312
        ]
      },
      "properties": {
        "id": 4384408339,
        "osm_type": "node",
        "name": "Biofarm Reci",
        "tourism": "camp_site",
        "website": "http://www.biofarm.al/"
      }
    },
    {
      "type": "Feature",
      "geometry": {
        "type": "Point",
        "coordinates": [
          20.0098663,
          42.5164253
        ]
      },
      "properties": {
        "id": 4385153092,
        "osm_type": "node",
        "tourism": "alpine_hut"
      }
    },
    {
      "type": "Feature",
      "geometry": {
        "type": "Point",
        "coordinates": [
          20.0221367,
          42.5264013
        ]
      },
      "properties": {
        "id": 4385153093,
        "osm_type": "node",
        "tourism": "guest_house"
      }
    },
    {
      "type": "Feature",
      "geometry": {
        "type": "Point",
        "coordinates": [
          20.4151648,
          41.8941887
        ]
      },
      "properties": {
        "id": 4391434764,
        "osm_type": "node",
        "name": "Hotel Gjoka",
        "tourism": "hotel",
        "check_date": "2023-08-20"
      }
    },
    {
      "type": "Feature",
      "geometry": {
        "type": "Point",
        "coordinates": [
          19.7122778,
          41.6155151
        ]
      },
      "properties": {
        "id": 4416583611,
        "osm_type": "node",
        "name": "Vila Bardh",
        "tourism": "motel"
      }
    },
    {
      "type": "Feature",
      "geometry": {
        "type": "Point",
        "coordinates": [
          20.1482432,
          42.1734696
        ]
      },
      "properties": {
        "id": 4416642762,
        "osm_type": "node",
        "name": "Alpin",
        "tourism": "hotel",
        "website": "https://www.hotelalpin.al/"
      }
    },
    {
      "type": "Feature",
      "geometry": {
        "type": "Point",
        "coordinates": [
          20.4618071,
          42.0347791
        ]
      },
      "properties": {
        "id": 4427852691,
        "osm_type": "node",
        "tourism": "camp_site"
      }
    },
    {
      "type": "Feature",
      "geometry": {
        "type": "Point",
        "coordinates": [
          19.5646469,
          42.4652616
        ]
      },
      "properties": {
        "id": 4469793693,
        "osm_type": "node",
        "name": "Guest House Adriatiku",
        "tourism": "guest_house"
      }
    },
    {
      "type": "Feature",
      "geometry": {
        "type": "Point",
        "coordinates": [
          19.7266889,
          42.5289785
        ]
      },
      "properties": {
        "id": 4471350399,
        "osm_type": "node",
        "name": "Bujtina Lepushe",
        "tourism": "guest_house",
        "phone": "+355 69 993 5806",
        "website": "http://www.bujtinalepushe.com/"
      }
    },
    {
      "type": "Feature",
      "geometry": {
        "type": "Point",
        "coordinates": [
          20.05241,
          41.57242
        ]
      },
      "properties": {
        "id": 4508478453,
        "osm_type": "node",
        "name": "Albania Oasi Alla Chiesa - Burrel Suc",
        "tourism": "camp_site",
        "phone": "+355 67 275 5822"
      }
    },
    {
      "type": "Feature",
      "geometry": {
        "type": "Point",
        "coordinates": [
          20.4193458,
          41.5203087
        ]
      },
      "properties": {
        "id": 4518013597,
        "osm_type": "node",
        "name": "Jeton Resort",
        "tourism": "hotel"
      }
    },
    {
      "type": "Feature",
      "geometry": {
        "type": "Point",
        "coordinates": [
          19.5112975,
          42.0691559
        ]
      },
      "properties": {
        "id": 4524762157,
        "osm_type": "node",
        "name": "Princ",
        "tourism": "hotel"
      }
    },
    {
      "type": "Feature",
      "geometry": {
        "type": "Point",
        "coordinates": [
          19.5055602,
          42.0612804
        ]
      },
      "properties": {
        "id": 4524841872,
        "osm_type": "node",
        "name": "Art Studio Apartment",
        "tourism": "hostel"
      }
    },
    {
      "type": "Feature",
      "geometry": {
        "type": "Point",
        "coordinates": [
          20.165807,
          42.4042119
        ]
      },
      "properties": {
        "id": 4609440912,
        "osm_type": "node",
        "name": "Aste Guesthouse",
        "tourism": "guest_house",
        "check_date": "2025-06-14"
      }
    },
    {
      "type": "Feature",
      "geometry": {
        "type": "Point",
        "coordinates": [
          19.9108217,
          42.4584693
        ]
      },
      "properties": {
        "id": 4621316346,
        "osm_type": "node",
        "name": "Quku i Valbones Residenca",
        "tourism": "hotel",
        "phone": "+355673045110"
      }
    },
    {
      "type": "Feature",
      "geometry": {
        "type": "Point",
        "coordinates": [
          19.910764,
          42.4583041
        ]
      },
      "properties": {
        "id": 4621316347,
        "osm_type": "node",
        "name": "Quku i Valbones Farmhouse",
        "tourism": "guest_house"
      }
    },
    {
      "type": "Feature",
      "geometry": {
        "type": "Point",
        "coordinates": [
          19.7750115,
          41.7697
        ]
      },
      "properties": {
        "id": 4621542754,
        "osm_type": "node",
        "name": "Bujtina Biba",
        "tourism": "guest_house"
      }
    },
    {
      "type": "Feature",
      "geometry": {
        "type": "Point",
        "coordinates": [
          19.7556998,
          41.7628921
        ]
      },
      "properties": {
        "id": 4621545000,
        "osm_type": "node",
        "name": "Eko Hotel Marub",
        "tourism": "hotel"
      }
    },
    {
      "type": "Feature",
      "geometry": {
        "type": "Point",
        "coordinates": [
          20.0106692,
          41.6084857
        ]
      },
      "properties": {
        "id": 4638372194,
        "osm_type": "node",
        "name": "Hotel Restorant Orkidea",
        "tourism": "hotel",
        "phone": "+355 68 34 91 884",
        "website": "https://hotelorkidea.weebly.com/rreth-nesh.html"
      }
    },
    {
      "type": "Feature",
      "geometry": {
        "type": "Point",
        "coordinates": [
          19.7264107,
          42.5290335
        ]
      },
      "properties": {
        "id": 4690527917,
        "osm_type": "node",
        "name": "Camping Lepushe",
        "tourism": "camp_site",
        "phone": "+355 69 993 5806",
        "website": "http://www.bujtinalepushe.com/"
      }
    },
    {
      "type": "Feature",
      "geometry": {
        "type": "Point",
        "coordinates": [
          19.5164067,
          41.5293702
        ]
      },
      "properties": {
        "id": 4711723409,
        "osm_type": "node",
        "name": "Reidenca Primavera",
        "tourism": "apartment"
      }
    },
    {
      "type": "Feature",
      "geometry": {
        "type": "Point",
        "coordinates": [
          19.7286533,
          42.5305676
        ]
      },
      "properties": {
        "id": 4729195279,
        "osm_type": "node",
        "name": "Bujtina Tradicionale",
        "tourism": "guest_house",
        "phone": "+382 69 559 049",
        "website": "https://www.facebook.com/BUJTINATOMDRAGU"
      }
    },
    {
      "type": "Feature",
      "geometry": {
        "type": "Point",
        "coordinates": [
          19.723549,
          42.5340313
        ]
      },
      "properties": {
        "id": 4729215872,
        "osm_type": "node",
        "name": "Bujtina Alpini",
        "tourism": "guest_house",
        "phone": "+382 69 45 56 03",
        "website": "http://www.kelmend-shkrel.org/bujtina-alpin-luigj-cekaj/"
      }
    },
    {
      "type": "Feature",
      "geometry": {
        "type": "Point",
        "coordinates": [
          19.7153911,
          42.5386795
        ]
      },
      "properties": {
        "id": 4729805817,
        "osm_type": "node",
        "name": "Bujtina Kelmedi",
        "tourism": "guest_house",
        "phone": "+355 69 204 4131",
        "website": "https://www.facebook.com/Hotel-Kelmendi-697875733612140/"
      }
    },
    {
      "type": "Feature",
      "geometry": {
        "type": "Point",
        "coordinates": [
          19.723692,
          42.5318013
        ]
      },
      "properties": {
        "id": 4730506652,
        "osm_type": "node",
        "name": "Guesthouse Aliaj",
        "tourism": "guest_house",
        "phone": "+355 69 66 31 773",
        "website": "http://www.kelmend-shkrel.org/en/bujtina-kole-aliaj/"
      }
    },
    {
      "type": "Feature",
      "geometry": {
        "type": "Point",
        "coordinates": [
          19.7304777,
          42.5263681
        ]
      },
      "properties": {
        "id": 4732820671,
        "osm_type": "node",
        "name": "Guesthouse Bjeshket E Nemura",
        "tourism": "guest_house",
        "phone": "+355 69 747 8622",
        "website": "https://www.booking.com/hotel/al/guesthouse-bjeshket-e-nemura.de.html"
      }
    },
    {
      "type": "Feature",
      "geometry": {
        "type": "Point",
        "coordinates": [
          19.5983838,
          41.8080189
        ]
      },
      "properties": {
        "id": 4791993627,
        "osm_type": "node",
        "name": "Ermiri Palace",
        "tourism": "hotel"
      }
    },
    {
      "type": "Feature",
      "geometry": {
        "type": "Point",
        "coordinates": [
          20.0504744,
          41.5474551
        ]
      },
      "properties": {
        "id": 4823651144,
        "osm_type": "node",
        "name": "Kulla Marianne",
        "tourism": "guest_house"
      }
    },
    {
      "type": "Feature",
      "geometry": {
        "type": "Point",
        "coordinates": [
          19.5233545,
          42.06122
        ]
      },
      "properties": {
        "id": 4835651519,
        "osm_type": "node",
        "name": "Apartment Familja Paja",
        "tourism": "apartment"
      }
    },
    {
      "type": "Feature",
      "geometry": {
        "type": "Point",
        "coordinates": [
          19.7647019,
          42.4008509
        ]
      },
      "properties": {
        "id": 4888467121,
        "osm_type": "node",
        "name": "Thethi Paradise",
        "tourism": "guest_house",
        "phone": "+355684861598;+306985026714",
        "website": "https://www.thethiparadise.com/"
      }
    },
    {
      "type": "Feature",
      "geometry": {
        "type": "Point",
        "coordinates": [
          19.5165882,
          42.064308
        ]
      },
      "properties": {
        "id": 4893723223,
        "osm_type": "node",
        "name": "Six-Pack hostel",
        "tourism": "hostel",
        "opening_hours": "24/7",
        "phone": "+355695681920",
        "website": "http://sixpackhostel.com"
      }
    },
    {
      "type": "Feature",
      "geometry": {
        "type": "Point",
        "coordinates": [
          19.4977475,
          41.3014274
        ]
      },
      "properties": {
        "id": 4902696822,
        "osm_type": "node",
        "tourism": "hotel"
      }
    },
    {
      "type": "Feature",
      "geometry": {
        "type": "Point",
        "coordinates": [
          19.4977873,
          41.3015031
        ]
      },
      "properties": {
        "id": 4902696921,
        "osm_type": "node",
        "tourism": "hotel"
      }
    },
    {
      "type": "Feature",
      "geometry": {
        "type": "Point",
        "coordinates": [
          19.4881339,
          42.042782
        ]
      },
      "properties": {
        "id": 4931515560,
        "osm_type": "node",
        "name": "Hostel Legjenda",
        "tourism": "hostel"
      }
    },
    {
      "type": "Feature",
      "geometry": {
        "type": "Point",
        "coordinates": [
          19.5140248,
          41.278754
        ]
      },
      "properties": {
        "id": 4933253421,
        "osm_type": "node",
        "name": "al mar",
        "tourism": "hotel",
        "check_date": "2024-05-11"
      }
    },
    {
      "type": "Feature",
      "geometry": {
        "type": "Point",
        "coordinates": [
          19.5113678,
          41.285204
        ]
      },
      "properties": {
        "id": 4945554149,
        "osm_type": "node",
        "name": "Green Park Hotel",
        "tourism": "hotel",
        "phone": "+355697245329"
      }
    },
    {
      "type": "Feature",
      "geometry": {
        "type": "Point",
        "coordinates": [
          20.4137542,
          42.1977362
        ]
      },
      "properties": {
        "id": 4952573946,
        "osm_type": "node",
        "tourism": "hotel"
      }
    },
    {
      "type": "Feature",
      "geometry": {
        "type": "Point",
        "coordinates": [
          19.5641731,
          41.8199875
        ]
      },
      "properties": {
        "id": 4982160521,
        "osm_type": "node",
        "tourism": "caravan_site"
      }
    },
    {
      "type": "Feature",
      "geometry": {
        "type": "Point",
        "coordinates": [
          20.33048,
          41.8348174
        ]
      },
      "properties": {
        "id": 4982432624,
        "osm_type": "node",
        "tourism": "camp_site"
      }
    },
    {
      "type": "Feature",
      "geometry": {
        "type": "Point",
        "coordinates": [
          19.4902893,
          41.3069969
        ]
      },
      "properties": {
        "id": 4994717039,
        "osm_type": "node",
        "name": "AMH Hotel",
        "tourism": "hotel",
        "phone": "+355 (0) 52 000 03",
        "website": "https://www.germanyhotel.al"
      }
    },
    {
      "type": "Feature",
      "geometry": {
        "type": "Point",
        "coordinates": [
          19.794942,
          42.2862416
        ]
      },
      "properties": {
        "id": 5005333726,
        "osm_type": "node",
        "name": "Kulla e Pal Binoshit",
        "tourism": "guest_house",
        "opening_hours": "24/7",
        "phone": "+355672222880"
      }
    },
    {
      "type": "Feature",
      "geometry": {
        "type": "Point",
        "coordinates": [
          19.7841132,
          42.3876438
        ]
      },
      "properties": {
        "id": 5008932999,
        "osm_type": "node",
        "name": "Pashko",
        "tourism": "camp_site",
        "tents": "yes",
        "phone": "+355693256415"
      }
    },
    {
      "type": "Feature",
      "geometry": {
        "type": "Point",
        "coordinates": [
          19.5185041,
          42.0637866
        ]
      },
      "properties": {
        "id": 5016529421,
        "osm_type": "node",
        "name": "Communist Era Apartment",
        "tourism": "guest_house"
      }
    },
    {
      "type": "Feature",
      "geometry": {
        "type": "Point",
        "coordinates": [
          19.8752454,
          42.171478
        ]
      },
      "properties": {
        "id": 5022186895,
        "osm_type": "node",
        "name": "5 Stinet",
        "tourism": "guest_house",
        "phone": "+355696800748",
        "website": "https://5stinet.com/"
      }
    },
    {
      "type": "Feature",
      "geometry": {
        "type": "Point",
        "coordinates": [
          19.912311,
          42.4597252
        ]
      },
      "properties": {
        "id": 5033104963,
        "osm_type": "node",
        "name": "Vila Dini",
        "tourism": "hotel"
      }
    },
    {
      "type": "Feature",
      "geometry": {
        "type": "Point",
        "coordinates": [
          20.1436042,
          41.9190341
        ]
      },
      "properties": {
        "id": 5048511138,
        "osm_type": "node",
        "name": "Hotel Autogrill Boçi",
        "tourism": "hotel"
      }
    },
    {
      "type": "Feature",
      "geometry": {
        "type": "Point",
        "coordinates": [
          20.4731425,
          41.5868782
        ]
      },
      "properties": {
        "id": 5062438248,
        "osm_type": "node",
        "name": "Lazri",
        "tourism": "hotel"
      }
    },
    {
      "type": "Feature",
      "geometry": {
        "type": "Point",
        "coordinates": [
          19.490991,
          41.3074731
        ]
      },
      "properties": {
        "id": 5067242223,
        "osm_type": "node",
        "name": "Hotel Imperiale",
        "tourism": "hotel"
      }
    },
    {
      "type": "Feature",
      "geometry": {
        "type": "Point",
        "coordinates": [
          19.4379465,
          41.3127115
        ]
      },
      "properties": {
        "id": 5073699126,
        "osm_type": "node",
        "name": "Ceka",
        "tourism": "hotel"
      }
    },
    {
      "type": "Feature",
      "geometry": {
        "type": "Point",
        "coordinates": [
          19.4978814,
          41.301201
        ]
      },
      "properties": {
        "id": 5075018124,
        "osm_type": "node",
        "name": "Horizont",
        "tourism": "hotel"
      }
    },
    {
      "type": "Feature",
      "geometry": {
        "type": "Point",
        "coordinates": [
          19.516043,
          41.275473
        ]
      },
      "properties": {
        "id": 5077385930,
        "osm_type": "node",
        "name": "Bel Conti",
        "tourism": "hotel",
        "check_date": "2024-05-10"
      }
    },
    {
      "type": "Feature",
      "geometry": {
        "type": "Point",
        "coordinates": [
          19.4913919,
          41.3053898
        ]
      },
      "properties": {
        "id": 5088310144,
        "osm_type": "node",
        "name": "Hotel Adriatik",
        "tourism": "hotel",
        "phone": "+355 52 260 850",
        "website": "https://www.adriatikhotel.com/"
      }
    },
    {
      "type": "Feature",
      "geometry": {
        "type": "Point",
        "coordinates": [
          19.4884495,
          41.3080747
        ]
      },
      "properties": {
        "id": 5092058842,
        "osm_type": "node",
        "name": "Sunrise Hotel",
        "tourism": "hotel"
      }
    },
    {
      "type": "Feature",
      "geometry": {
        "type": "Point",
        "coordinates": [
          19.6037357,
          41.7953185
        ]
      },
      "properties": {
        "id": 5107721622,
        "osm_type": "node",
        "name": "Horizonti Blu",
        "tourism": "hotel",
        "phone": "+355692259939",
        "website": "https://www.facebook.com/horizontiblu/"
      }
    },
    {
      "type": "Feature",
      "geometry": {
        "type": "Point",
        "coordinates": [
          19.5174099,
          42.0700356
        ]
      },
      "properties": {
        "id": 5121573221,
        "osm_type": "node",
        "name": "Scutari Hostel",
        "tourism": "hostel"
      }
    },
    {
      "type": "Feature",
      "geometry": {
        "type": "Point",
        "coordinates": [
          19.6692649,
          41.614632
        ]
      },
      "properties": {
        "id": 5132589427,
        "osm_type": "node",
        "name": "Toscana Hotel",
        "tourism": "hotel"
      }
    },
    {
      "type": "Feature",
      "geometry": {
        "type": "Point",
        "coordinates": [
          19.5189274,
          42.0673646
        ]
      },
      "properties": {
        "id": 5137863423,
        "osm_type": "node",
        "name": "Teddy Home",
        "tourism": "hostel",
        "phone": "+355685843755"
      }
    },
    {
      "type": "Feature",
      "geometry": {
        "type": "Point",
        "coordinates": [
          19.7292966,
          42.5834311
        ]
      },
      "properties": {
        "id": 5145491107,
        "osm_type": "node",
        "name": "Guest House FRATI",
        "tourism": "guest_house",
        "opening_hours": "24/7",
        "phone": "+355 692250681",
        "website": "http://www.guesthouse-frati.weebly.com"
      }
    },
    {
      "type": "Feature",
      "geometry": {
        "type": "Point",
        "coordinates": [
          20.218384,
          41.493275
        ]
      },
      "properties": {
        "id": 5160235922,
        "osm_type": "node",
        "name": "Hotel Eri",
        "tourism": "hotel"
      }
    },
    {
      "type": "Feature",
      "geometry": {
        "type": "Point",
        "coordinates": [
          20.2984404,
          41.5279745
        ]
      },
      "properties": {
        "id": 5162925463,
        "osm_type": "node",
        "name": "Hupi Traditional House",
        "tourism": "guest_house"
      }
    },
    {
      "type": "Feature",
      "geometry": {
        "type": "Point",
        "coordinates": [
          20.4020234,
          41.9039545
        ]
      },
      "properties": {
        "id": 5182258439,
        "osm_type": "node",
        "name": "Hotel Vesel Shehu",
        "tourism": "hotel",
        "website": "https://www.facebook.com/barrestauranthotelveselshehu/"
      }
    },
    {
      "type": "Feature",
      "geometry": {
        "type": "Point",
        "coordinates": [
          19.9009036,
          42.4574286
        ]
      },
      "properties": {
        "id": 5239657821,
        "osm_type": "node",
        "name": "Guesthouse Arben Selimaj",
        "tourism": "guest_house",
        "phone": "+355 68 456 7306"
      }
    },
    {
      "type": "Feature",
      "geometry": {
        "type": "Point",
        "coordinates": [
          19.95235,
          42.4963771
        ]
      },
      "properties": {
        "id": 5291804037,
        "osm_type": "node",
        "name": "Kujtim Goçaj Guesthouse",
        "tourism": "hostel",
        "phone": "+355684911513"
      }
    },
    {
      "type": "Feature",
      "geometry": {
        "type": "Point",
        "coordinates": [
          19.8738582,
          42.4538799
        ]
      },
      "properties": {
        "id": 5291804056,
        "osm_type": "node",
        "name": "Kukaj",
        "tourism": "hostel"
      }
    },
    {
      "type": "Feature",
      "geometry": {
        "type": "Point",
        "coordinates": [
          19.9903965,
          42.0481076
        ]
      },
      "properties": {
        "id": 5451094012,
        "osm_type": "node",
        "name": "Guest House Shtëpia në Mal",
        "tourism": "guest_house"
      }
    },
    {
      "type": "Feature",
      "geometry": {
        "type": "Point",
        "coordinates": [
          19.6445593,
          41.7802034
        ]
      },
      "properties": {
        "id": 5571423514,
        "osm_type": "node",
        "name": "Hotel Liss",
        "tourism": "hotel"
      }
    },
    {
      "type": "Feature",
      "geometry": {
        "type": "Point",
        "coordinates": [
          19.8081713,
          42.1983821
        ]
      },
      "properties": {
        "id": 5579281662,
        "osm_type": "node",
        "tourism": "camp_site",
        "tents": "yes"
      }
    },
    {
      "type": "Feature",
      "geometry": {
        "type": "Point",
        "coordinates": [
          19.8745386,
          42.4352701
        ]
      },
      "properties": {
        "id": 5581838721,
        "osm_type": "node",
        "name": "Mark Lamthi",
        "tourism": "guest_house",
        "phone": "00355692503941"
      }
    },
    {
      "type": "Feature",
      "geometry": {
        "type": "Point",
        "coordinates": [
          19.7678629,
          41.487501
        ]
      },
      "properties": {
        "id": 5582293821,
        "osm_type": "node",
        "name": "Bar Restorant Oaz",
        "tourism": "camp_site",
        "check_date": "2022-10-13"
      }
    },
    {
      "type": "Feature",
      "geometry": {
        "type": "Point",
        "coordinates": [
          20.421616,
          42.0790947
        ]
      },
      "properties": {
        "id": 5590973882,
        "osm_type": "node",
        "tourism": "hotel"
      }
    },
    {
      "type": "Feature",
      "geometry": {
        "type": "Point",
        "coordinates": [
          20.0657331,
          42.5465681
        ]
      },
      "properties": {
        "id": 5591132066,
        "osm_type": "node",
        "name": "Bashkimi",
        "tourism": "guest_house",
        "check_date": "2025-09-06"
      }
    },
    {
      "type": "Feature",
      "geometry": {
        "type": "Point",
        "coordinates": [
          20.0669676,
          42.5476897
        ]
      },
      "properties": {
        "id": 5591132083,
        "osm_type": "node",
        "name": "Bilbil Vatnika",
        "tourism": "guest_house",
        "phone": "+355682021201",
        "check_date": "2025-09-06"
      }
    },
    {
      "type": "Feature",
      "geometry": {
        "type": "Point",
        "coordinates": [
          20.0699727,
          42.5490563
        ]
      },
      "properties": {
        "id": 5591132084,
        "osm_type": "node",
        "name": "Sokol Avdia",
        "tourism": "guest_house",
        "phone": "+355683762668"
      }
    },
    {
      "type": "Feature",
      "geometry": {
        "type": "Point",
        "coordinates": [
          20.0623129,
          42.5469302
        ]
      },
      "properties": {
        "id": 5591132089,
        "osm_type": "node",
        "name": "Bujtina Leonard",
        "tourism": "alpine_hut",
        "phone": "+355686767606"
      }
    },
    {
      "type": "Feature",
      "geometry": {
        "type": "Point",
        "coordinates": [
          19.6520248,
          41.7390458
        ]
      },
      "properties": {
        "id": 5611240532,
        "osm_type": "node",
        "name": "Hotel Indri",
        "tourism": "hotel"
      }
    },
    {
      "type": "Feature",
      "geometry": {
        "type": "Point",
        "coordinates": [
          19.4478474,
          41.31665
        ]
      },
      "properties": {
        "id": 5620050421,
        "osm_type": "node",
        "tourism": "hotel"
      }
    },
    {
      "type": "Feature",
      "geometry": {
        "type": "Point",
        "coordinates": [
          19.5167401,
          42.0663337
        ]
      },
      "properties": {
        "id": 5631226534,
        "osm_type": "node",
        "name": "Petit Hotel Elita",
        "tourism": "hotel"
      }
    },
    {
      "type": "Feature",
      "geometry": {
        "type": "Point",
        "coordinates": [
          20.020758,
          41.5260329
        ]
      },
      "properties": {
        "id": 5646468009,
        "osm_type": "node",
        "tourism": "guest_house"
      }
    },
    {
      "type": "Feature",
      "geometry": {
        "type": "Point",
        "coordinates": [
          19.5125894,
          41.2833728
        ]
      },
      "properties": {
        "id": 5661587378,
        "osm_type": "node",
        "name": "Hotel Restaurant Kosova",
        "tourism": "hotel",
        "opening_hours": "24/7",
        "phone": "+35545627250",
        "check_date": "2024-05-09"
      }
    },
    {
      "type": "Feature",
      "geometry": {
        "type": "Point",
        "coordinates": [
          19.7109373,
          41.4208723
        ]
      },
      "properties": {
        "id": 5668393262,
        "osm_type": "node",
        "name": "Hotel Alpet",
        "tourism": "hotel",
        "phone": "+355 68 3697628",
        "website": "https://www.hotelalpet.com/"
      }
    },
    {
      "type": "Feature",
      "geometry": {
        "type": "Point",
        "coordinates": [
          19.595403,
          41.811071
        ]
      },
      "properties": {
        "id": 5673297231,
        "osm_type": "node",
        "name": "Hotel Brilant Shëngjin",
        "tourism": "guest_house",
        "opening_hours": "24/7",
        "phone": "+355673417461"
      }
    },
    {
      "type": "Feature",
      "geometry": {
        "type": "Point",
        "coordinates": [
          19.4737017,
          41.3141985
        ]
      },
      "properties": {
        "id": 5688602421,
        "osm_type": "node",
        "name": "Hotel Royal G",
        "tourism": "hotel",
        "phone": "+355 52 421 001",
        "website": "https://hotelroyal-g.al/",
        "check_date": "2024-09-13"
      }
    },
    {
      "type": "Feature",
      "geometry": {
        "type": "Point",
        "coordinates": [
          19.4698496,
          41.8557584
        ]
      },
      "properties": {
        "id": 5707588723,
        "osm_type": "node",
        "name": "Ibiza Resort",
        "tourism": "hotel"
      }
    },
    {
      "type": "Feature",
      "geometry": {
        "type": "Point",
        "coordinates": [
          19.4742851,
          41.8576055
        ]
      },
      "properties": {
        "id": 5707588724,
        "osm_type": "node",
        "name": "Hotel Luli",
        "tourism": "hotel"
      }
    },
    {
      "type": "Feature",
      "geometry": {
        "type": "Point",
        "coordinates": [
          19.595508,
          41.8109536
        ]
      },
      "properties": {
        "id": 5717803222,
        "osm_type": "node",
        "name": "Hotel Detari",
        "tourism": "apartment",
        "opening_hours": "24/7"
      }
    },
    {
      "type": "Feature",
      "geometry": {
        "type": "Point",
        "coordinates": [
          19.5953445,
          41.8111045
        ]
      },
      "properties": {
        "id": 5721065621,
        "osm_type": "node",
        "name": "Hotel Besa",
        "tourism": "apartment",
        "opening_hours": "24/7"
      }
    },
    {
      "type": "Feature",
      "geometry": {
        "type": "Point",
        "coordinates": [
          19.5952523,
          41.8111686
        ]
      },
      "properties": {
        "id": 5721065821,
        "osm_type": "node",
        "name": "Hotel President",
        "tourism": "apartment",
        "opening_hours": "24/7"
      }
    },
    {
      "type": "Feature",
      "geometry": {
        "type": "Point",
        "coordinates": [
          20.0225159,
          42.5266279
        ]
      },
      "properties": {
        "id": 5735865269,
        "osm_type": "node",
        "tourism": "guest_house"
      }
    },
    {
      "type": "Feature",
      "geometry": {
        "type": "Point",
        "coordinates": [
          20.1506548,
          42.4774493
        ]
      },
      "properties": {
        "id": 5736390984,
        "osm_type": "node",
        "name": "Alpin Hut",
        "tourism": "alpine_hut"
      }
    },
    {
      "type": "Feature",
      "geometry": {
        "type": "Point",
        "coordinates": [
          19.4950853,
          41.3072662
        ]
      },
      "properties": {
        "id": 5740813821,
        "osm_type": "node",
        "name": "Aparment k",
        "tourism": "apartment"
      }
    },
    {
      "type": "Feature",
      "geometry": {
        "type": "Point",
        "coordinates": [
          19.5999664,
          41.8063886
        ]
      },
      "properties": {
        "id": 5760720121,
        "osm_type": "node",
        "name": "Vila Noel",
        "tourism": "apartment"
      }
    },
    {
      "type": "Feature",
      "geometry": {
        "type": "Point",
        "coordinates": [
          20.4448895,
          41.5684519
        ]
      },
      "properties": {
        "id": 5768642854,
        "osm_type": "node",
        "name": "Natyra",
        "tourism": "camp_site",
        "tents": "yes"
      }
    },
    {
      "type": "Feature",
      "geometry": {
        "type": "Point",
        "coordinates": [
          20.4208231,
          42.0756716
        ]
      },
      "properties": {
        "id": 5793656472,
        "osm_type": "node",
        "name": "Oda Kuksit",
        "tourism": "hotel",
        "phone": "+355 68 575 7408"
      }
    },
    {
      "type": "Feature",
      "geometry": {
        "type": "Point",
        "coordinates": [
          20.4208828,
          42.0767845
        ]
      },
      "properties": {
        "id": 5793656473,
        "osm_type": "node",
        "name": "Gjallica",
        "tourism": "hotel",
        "phone": "+355 24 222 527",
        "website": "http://www.hotelgjallica.al"
      }
    },
    {
      "type": "Feature",
      "geometry": {
        "type": "Point",
        "coordinates": [
          20.42223,
          42.0755023
        ]
      },
      "properties": {
        "id": 5793678761,
        "osm_type": "node",
        "name": "Bar Hotel \"Europa\"",
        "tourism": "hotel"
      }
    },
    {
      "type": "Feature",
      "geometry": {
        "type": "Point",
        "coordinates": [
          19.6861047,
          42.0683304
        ]
      },
      "properties": {
        "id": 5819684241,
        "osm_type": "node",
        "name": "Albanien, Koman, Agora Farmhouse",
        "tourism": "camp_site",
        "website": "https://www.facebook.com/CampingAgora/"
      }
    },
    {
      "type": "Feature",
      "geometry": {
        "type": "Point",
        "coordinates": [
          19.7951151,
          41.5072993
        ]
      },
      "properties": {
        "id": 5834599785,
        "osm_type": "node",
        "name": "Merlika",
        "tourism": "hotel"
      }
    },
    {
      "type": "Feature",
      "geometry": {
        "type": "Point",
        "coordinates": [
          19.5128188,
          42.066604
        ]
      },
      "properties": {
        "id": 5834618124,
        "osm_type": "node",
        "name": "Tarabosh",
        "tourism": "hostel",
        "phone": "+355 672303003",
        "website": "https://www.booking.com/hostel+tarabosh"
      }
    },
    {
      "type": "Feature",
      "geometry": {
        "type": "Point",
        "coordinates": [
          19.6272248,
          41.7588083
        ]
      },
      "properties": {
        "id": 5839243487,
        "osm_type": "node",
        "name": "nogaj hostel",
        "tourism": "hostel"
      }
    },
    {
      "type": "Feature",
      "geometry": {
        "type": "Point",
        "coordinates": [
          19.4978047,
          42.0681913
        ]
      },
      "properties": {
        "id": 5856750109,
        "osm_type": "node",
        "name": "Villa Garden Shkodra",
        "tourism": "apartment",
        "opening_hours": "24/7"
      }
    },
    {
      "type": "Feature",
      "geometry": {
        "type": "Point",
        "coordinates": [
          19.6854732,
          42.5917845
        ]
      },
      "properties": {
        "id": 5884005256,
        "osm_type": "node",
        "name": "Peraj Guesthouse",
        "tourism": "guest_house",
        "phone": "+355 66 666 9022",
        "website": "https://www.facebook.com/Peraj-Guesthouse-Bujtina-Peraj-200277650132493/"
      }
    },
    {
      "type": "Feature",
      "geometry": {
        "type": "Point",
        "coordinates": [
          19.6859198,
          42.5917368
        ]
      },
      "properties": {
        "id": 5884006585,
        "osm_type": "node",
        "tourism": "camp_site"
      }
    },
    {
      "type": "Feature",
      "geometry": {
        "type": "Point",
        "coordinates": [
          19.4227177,
          41.8661598
        ]
      },
      "properties": {
        "id": 5888702285,
        "osm_type": "node",
        "name": "Hotel Shqiponja",
        "tourism": "apartment",
        "opening_hours": "24/7"
      }
    },
    {
      "type": "Feature",
      "geometry": {
        "type": "Point",
        "coordinates": [
          19.7875564,
          42.381049
        ]
      },
      "properties": {
        "id": 5890164716,
        "osm_type": "node",
        "name": "Free camping",
        "tourism": "camp_site"
      }
    },
    {
      "type": "Feature",
      "geometry": {
        "type": "Point",
        "coordinates": [
          19.9090692,
          42.4587941
        ]
      },
      "properties": {
        "id": 5898864186,
        "osm_type": "node",
        "name": "Butjina Sherifaj",
        "tourism": "guest_house"
      }
    },
    {
      "type": "Feature",
      "geometry": {
        "type": "Point",
        "coordinates": [
          19.958096,
          42.4951827
        ]
      },
      "properties": {
        "id": 5907270118,
        "osm_type": "node",
        "name": "Guesthouse ”Relax“",
        "tourism": "guest_house"
      }
    },
    {
      "type": "Feature",
      "geometry": {
        "type": "Point",
        "coordinates": [
          19.4884076,
          41.3074549
        ]
      },
      "properties": {
        "id": 5913705022,
        "osm_type": "node",
        "name": "Hotel Sun",
        "tourism": "hotel"
      }
    },
    {
      "type": "Feature",
      "geometry": {
        "type": "Point",
        "coordinates": [
          19.8227804,
          42.4105231
        ]
      },
      "properties": {
        "id": 5922128117,
        "osm_type": "node",
        "tourism": "camp_site"
      }
    },
    {
      "type": "Feature",
      "geometry": {
        "type": "Point",
        "coordinates": [
          19.4429292,
          41.3104906
        ]
      },
      "properties": {
        "id": 5989055710,
        "osm_type": "node",
        "name": "Hotel ARVI",
        "tourism": "hotel",
        "website": "http://hotelarvi.com"
      }
    },
    {
      "type": "Feature",
      "geometry": {
        "type": "Point",
        "coordinates": [
          19.6754033,
          41.5742065
        ]
      },
      "properties": {
        "id": 5994871088,
        "osm_type": "node",
        "tourism": "hotel"
      }
    },
    {
      "type": "Feature",
      "geometry": {
        "type": "Point",
        "coordinates": [
          20.5031576,
          41.740409
        ]
      },
      "properties": {
        "id": 6034169632,
        "osm_type": "node",
        "name": "Korabi Mountain Camping",
        "tourism": "camp_site",
        "phone": "+355 68 391 2126",
        "website": "https://www.facebook.com/pg/Korabi-Mountain-Camping-219286818857550"
      }
    },
    {
      "type": "Feature",
      "geometry": {
        "type": "Point",
        "coordinates": [
          19.6632658,
          41.4918426
        ]
      },
      "properties": {
        "id": 6049689787,
        "osm_type": "node",
        "name": "Gjin Laska",
        "tourism": "apartment",
        "opening_hours": "24/7",
        "phone": "00355692040888",
        "website": "https://www.inalbania.al/"
      }
    },
    {
      "type": "Feature",
      "geometry": {
        "type": "Point",
        "coordinates": [
          20.4229278,
          42.0776473
        ]
      },
      "properties": {
        "id": 6061097086,
        "osm_type": "node",
        "name": "Shqiponja",
        "tourism": "hotel"
      }
    },
    {
      "type": "Feature",
      "geometry": {
        "type": "Point",
        "coordinates": [
          20.3206911,
          41.7363881
        ]
      },
      "properties": {
        "id": 6127760387,
        "osm_type": "node",
        "name": "Vladimir GuestHouse",
        "tourism": "guest_house",
        "phone": "00355686506061;00355692845694"
      }
    },
    {
      "type": "Feature",
      "geometry": {
        "type": "Point",
        "coordinates": [
          20.0499397,
          42.1014062
        ]
      },
      "properties": {
        "id": 6158740287,
        "osm_type": "node",
        "name": "Bujtina Makry",
        "tourism": "guest_house"
      }
    },
    {
      "type": "Feature",
      "geometry": {
        "type": "Point",
        "coordinates": [
          19.9510645,
          42.2593621
        ]
      },
      "properties": {
        "id": 6162249116,
        "osm_type": "node",
        "name": "Holiday Home Aprripa",
        "tourism": "guest_house",
        "phone": "+355 67 643 6835",
        "website": "https://www.airbnb.de/rooms/22296956"
      }
    },
    {
      "type": "Feature",
      "geometry": {
        "type": "Point",
        "coordinates": [
          19.8362496,
          42.0516743
        ]
      },
      "properties": {
        "id": 6163962097,
        "osm_type": "node",
        "name": "Agroturizem Devin",
        "tourism": "guest_house"
      }
    },
    {
      "type": "Feature",
      "geometry": {
        "type": "Point",
        "coordinates": [
          19.8945757,
          42.0490913
        ]
      },
      "properties": {
        "id": 6164245198,
        "osm_type": "node",
        "name": "Ferma Lajthiza e Vogel",
        "tourism": "guest_house"
      }
    },
    {
      "type": "Feature",
      "geometry": {
        "type": "Point",
        "coordinates": [
          19.5885829,
          42.0125354
        ]
      },
      "properties": {
        "id": 6164327960,
        "osm_type": "node",
        "name": "Marku",
        "tourism": "guest_house"
      }
    },
    {
      "type": "Feature",
      "geometry": {
        "type": "Point",
        "coordinates": [
          19.8795263,
          42.1690093
        ]
      },
      "properties": {
        "id": 6172781194,
        "osm_type": "node",
        "name": "Guesthouse Zvina",
        "tourism": "guest_house",
        "website": "https://www.facebook.com/zvinavillagekoman/"
      }
    },
    {
      "type": "Feature",
      "geometry": {
        "type": "Point",
        "coordinates": [
          19.992002,
          41.9975561
        ]
      },
      "properties": {
        "id": 6176696626,
        "osm_type": "node",
        "name": "Guesthouse Lika",
        "tourism": "guest_house",
        "phone": "069 9325945"
      }
    },
    {
      "type": "Feature",
      "geometry": {
        "type": "Point",
        "coordinates": [
          19.805712,
          42.2002552
        ]
      },
      "properties": {
        "id": 6185560526,
        "osm_type": "node",
        "name": "Eagles Land",
        "tourism": "guest_house",
        "phone": "+355 69 953 3916",
        "website": "https://www.facebook.com/pg/Eagles-Land-1247999258665210"
      }
    },
    {
      "type": "Feature",
      "geometry": {
        "type": "Point",
        "coordinates": [
          19.3820888,
          42.0237264
        ]
      },
      "properties": {
        "id": 6212799970,
        "osm_type": "node",
        "name": "Agroturizem \"SHEGA\"",
        "tourism": "guest_house",
        "phone": "+355 67 3702456"
      }
    },
    {
      "type": "Feature",
      "geometry": {
        "type": "Point",
        "coordinates": [
          19.6100094,
          41.410555
        ]
      },
      "properties": {
        "id": 6255730688,
        "osm_type": "node",
        "name": "AgriTourism Huqi",
        "tourism": "guest_house",
        "phone": "+355 67 509 9909",
        "website": "https://www.facebook.com/pg/AgriTourismHuqi"
      }
    },
    {
      "type": "Feature",
      "geometry": {
        "type": "Point",
        "coordinates": [
          19.9427501,
          42.3034923
        ]
      },
      "properties": {
        "id": 6296334869,
        "osm_type": "node",
        "name": "Bujtina Lekaj",
        "tourism": "guest_house"
      }
    },
    {
      "type": "Feature",
      "geometry": {
        "type": "Point",
        "coordinates": [
          19.5469421,
          42.2257428
        ]
      },
      "properties": {
        "id": 6309141635,
        "osm_type": "node",
        "name": "Agroturizem Rruga e Mullirit",
        "tourism": "guest_house",
        "phone": "+355 69 319 8026",
        "website": "https://www.facebook.com/agroturizem.rrugaemullirit"
      }
    },
    {
      "type": "Feature",
      "geometry": {
        "type": "Point",
        "coordinates": [
          20.0112266,
          42.1882985
        ]
      },
      "properties": {
        "id": 6325821475,
        "osm_type": "node",
        "name": "Summer",
        "tourism": "guest_house",
        "phone": "+355682662004"
      }
    },
    {
      "type": "Feature",
      "geometry": {
        "type": "Point",
        "coordinates": [
          19.511124,
          41.2841277
        ]
      },
      "properties": {
        "id": 6336138294,
        "osm_type": "node",
        "tourism": "hotel"
      }
    },
    {
      "type": "Feature",
      "geometry": {
        "type": "Point",
        "coordinates": [
          19.9731755,
          41.7448127
        ]
      },
      "properties": {
        "id": 6341835246,
        "osm_type": "node",
        "name": "Sofra e Kthellës",
        "tourism": "guest_house"
      }
    },
    {
      "type": "Feature",
      "geometry": {
        "type": "Point",
        "coordinates": [
          19.7472837,
          41.7738123
        ]
      },
      "properties": {
        "id": 6372531133,
        "osm_type": "node",
        "name": "Bujtina Dini",
        "tourism": "guest_house",
        "phone": "+355 69 555 4288",
        "website": "https://www.facebook.com/Bujtina-Dini-2349578485066101/"
      }
    },
    {
      "type": "Feature",
      "geometry": {
        "type": "Point",
        "coordinates": [
          19.7518561,
          41.7647297
        ]
      },
      "properties": {
        "id": 6372531171,
        "osm_type": "node",
        "name": "Bujtina Gjovalin Preçi",
        "tourism": "guest_house"
      }
    },
    {
      "type": "Feature",
      "geometry": {
        "type": "Point",
        "coordinates": [
          19.5617313,
          41.3272974
        ]
      },
      "properties": {
        "id": 6403034947,
        "osm_type": "node",
        "name": "Agroturizem Gjepali",
        "tourism": "guest_house",
        "phone": "+355684370437",
        "website": "https://agroturizemgjepali.com",
        "check_date": "2023-09-30"
      }
    },
    {
      "type": "Feature",
      "geometry": {
        "type": "Point",
        "coordinates": [
          19.785259,
          41.5216983
        ]
      },
      "properties": {
        "id": 6455486452,
        "osm_type": "node",
        "name": "Krujë Camping",
        "tourism": "camp_site",
        "tents": "yes",
        "website": "https://www.facebook.com/krujecamping/"
      }
    },
    {
      "type": "Feature",
      "geometry": {
        "type": "Point",
        "coordinates": [
          19.5171724,
          42.0688001
        ]
      },
      "properties": {
        "id": 6584916610,
        "osm_type": "node",
        "name": "Promenade Hotel",
        "tourism": "hotel"
      }
    },
    {
      "type": "Feature",
      "geometry": {
        "type": "Point",
        "coordinates": [
          19.8720893,
          42.4305019
        ]
      },
      "properties": {
        "id": 6638349146,
        "osm_type": "node",
        "name": "Camping Krojet e Rrogamit",
        "tourism": "camp_site"
      }
    },
    {
      "type": "Feature",
      "geometry": {
        "type": "Point",
        "coordinates": [
          19.8722208,
          42.4287582
        ]
      },
      "properties": {
        "id": 6638363601,
        "osm_type": "node",
        "tourism": "camp_site"
      }
    },
    {
      "type": "Feature",
      "geometry": {
        "type": "Point",
        "coordinates": [
          20.0344911,
          42.4028641
        ]
      },
      "properties": {
        "id": 6645906085,
        "osm_type": "node",
        "tourism": "hotel"
      }
    },
    {
      "type": "Feature",
      "geometry": {
        "type": "Point",
        "coordinates": [
          19.8871834,
          42.4480407
        ]
      },
      "properties": {
        "id": 6660595885,
        "osm_type": "node",
        "name": "Shqipe guesthouse",
        "tourism": "guest_house"
      }
    },
    {
      "type": "Feature",
      "geometry": {
        "type": "Point",
        "coordinates": [
          19.4465577,
          41.3105465
        ]
      },
      "properties": {
        "id": 6680215403,
        "osm_type": "node",
        "name": "Giulia Albergo",
        "tourism": "hotel",
        "phone": "+355 52 500 202",
        "website": "https://albergogiulia.al/"
      }
    },
    {
      "type": "Feature",
      "geometry": {
        "type": "Point",
        "coordinates": [
          19.7179969,
          42.5860199
        ]
      },
      "properties": {
        "id": 6681738985,
        "osm_type": "node",
        "name": "Rezaj Guesthouse",
        "tourism": "hotel"
      }
    },
    {
      "type": "Feature",
      "geometry": {
        "type": "Point",
        "coordinates": [
          19.887197,
          42.4489219
        ]
      },
      "properties": {
        "id": 6690139584,
        "osm_type": "node",
        "name": "Guesthouse Demushi",
        "tourism": "guest_house"
      }
    },
    {
      "type": "Feature",
      "geometry": {
        "type": "Point",
        "coordinates": [
          19.9089591,
          42.4586108
        ]
      },
      "properties": {
        "id": 6699291340,
        "osm_type": "node",
        "name": "Bujtina Ahmetaj",
        "tourism": "guest_house"
      }
    },
    {
      "type": "Feature",
      "geometry": {
        "type": "Point",
        "coordinates": [
          19.8863668,
          42.4481123
        ]
      },
      "properties": {
        "id": 6699328288,
        "osm_type": "node",
        "name": "Kamping Imer Selimaj",
        "tourism": "camp_site"
      }
    },
    {
      "type": "Feature",
      "geometry": {
        "type": "Point",
        "coordinates": [
          19.8922297,
          42.4525093
        ]
      },
      "properties": {
        "id": 6703688509,
        "osm_type": "node",
        "tourism": "camp_site"
      }
    },
    {
      "type": "Feature",
      "geometry": {
        "type": "Point",
        "coordinates": [
          19.922191,
          42.4597134
        ]
      },
      "properties": {
        "id": 6732027303,
        "osm_type": "node",
        "tourism": "camp_site"
      }
    },
    {
      "type": "Feature",
      "geometry": {
        "type": "Point",
        "coordinates": [
          19.8081069,
          42.3138176
        ]
      },
      "properties": {
        "id": 6734684985,
        "osm_type": "node",
        "name": "\"Guesthouse Shenaj \"",
        "tourism": "guest_house",
        "opening_hours": "24/7",
        "phone": "+355685000052"
      }
    },
    {
      "type": "Feature",
      "geometry": {
        "type": "Point",
        "coordinates": [
          19.6609338,
          42.0205899
        ]
      },
      "properties": {
        "id": 6755892585,
        "osm_type": "node",
        "name": "Camping Principata",
        "tourism": "camp_site"
      }
    },
    {
      "type": "Feature",
      "geometry": {
        "type": "Point",
        "coordinates": [
          19.4473591,
          41.317054
        ]
      },
      "properties": {
        "id": 6766525487,
        "osm_type": "node",
        "name": "Old Town Villa",
        "tourism": "hotel"
      }
    },
    {
      "type": "Feature",
      "geometry": {
        "type": "Point",
        "coordinates": [
          19.8864921,
          42.4487249
        ]
      },
      "properties": {
        "id": 6776224186,
        "osm_type": "node",
        "tourism": "guest_house",
        "website": "https://www.booking.com/app_link/hotel/al/perparimi-guesthouse.de.html"
      }
    },
    {
      "type": "Feature",
      "geometry": {
        "type": "Point",
        "coordinates": [
          19.8915255,
          42.4526832
        ]
      },
      "properties": {
        "id": 6779507329,
        "osm_type": "node",
        "name": "Center Park Valbona",
        "tourism": "hotel"
      }
    },
    {
      "type": "Feature",
      "geometry": {
        "type": "Point",
        "coordinates": [
          19.8862981,
          42.4481464
        ]
      },
      "properties": {
        "id": 6779512152,
        "osm_type": "node",
        "name": "Camping",
        "tourism": "camp_site"
      }
    },
    {
      "type": "Feature",
      "geometry": {
        "type": "Point",
        "coordinates": [
          19.8864761,
          42.4484902
        ]
      },
      "properties": {
        "id": 6779528183,
        "osm_type": "node",
        "name": "Guesthouse Perparimi",
        "tourism": "guest_house"
      }
    },
    {
      "type": "Feature",
      "geometry": {
        "type": "Point",
        "coordinates": [
          19.7782464,
          42.4026048
        ]
      },
      "properties": {
        "id": 6779532046,
        "osm_type": "node",
        "name": "Guesthouse Gjelaj",
        "tourism": "guest_house"
      }
    },
    {
      "type": "Feature",
      "geometry": {
        "type": "Point",
        "coordinates": [
          19.8917006,
          42.4525766
        ]
      },
      "properties": {
        "id": 6779563058,
        "osm_type": "node",
        "name": "Guesthouse Dhoma Gjumi",
        "tourism": "guest_house"
      }
    },
    {
      "type": "Feature",
      "geometry": {
        "type": "Point",
        "coordinates": [
          19.8822178,
          42.4445915
        ]
      },
      "properties": {
        "id": 6779575670,
        "osm_type": "node",
        "name": "Valbona Eco Camping",
        "tourism": "camp_site"
      }
    },
    {
      "type": "Feature",
      "geometry": {
        "type": "Point",
        "coordinates": [
          19.7612299,
          42.426835
        ]
      },
      "properties": {
        "id": 6779576401,
        "osm_type": "node",
        "name": "Camping",
        "tourism": "camp_site"
      }
    },
    {
      "type": "Feature",
      "geometry": {
        "type": "Point",
        "coordinates": [
          19.8854575,
          42.4456555
        ]
      },
      "properties": {
        "id": 6779576588,
        "osm_type": "node",
        "name": "Camping",
        "tourism": "camp_site"
      }
    },
    {
      "type": "Feature",
      "geometry": {
        "type": "Point",
        "coordinates": [
          20.0234735,
          42.5267466
        ]
      },
      "properties": {
        "id": 6779576589,
        "osm_type": "node",
        "name": "Guesthouse Balçina",
        "tourism": "guest_house",
        "phone": "+355 682607790",
        "website": "https://guesthousebalcina.com/"
      }
    },
    {
      "type": "Feature",
      "geometry": {
        "type": "Point",
        "coordinates": [
          19.7739834,
          42.3959632
        ]
      },
      "properties": {
        "id": 6779578144,
        "osm_type": "node",
        "name": "Camping",
        "tourism": "camp_site"
      }
    },
    {
      "type": "Feature",
      "geometry": {
        "type": "Point",
        "coordinates": [
          19.886653,
          42.4485179
        ]
      },
      "properties": {
        "id": 6779578928,
        "osm_type": "node",
        "name": "Camping",
        "tourism": "camp_site"
      }
    },
    {
      "type": "Feature",
      "geometry": {
        "type": "Point",
        "coordinates": [
          19.7703794,
          42.4019603
        ]
      },
      "properties": {
        "id": 6779580709,
        "osm_type": "node",
        "tourism": "camp_site"
      }
    },
    {
      "type": "Feature",
      "geometry": {
        "type": "Point",
        "coordinates": [
          19.8873264,
          42.4489159
        ]
      },
      "properties": {
        "id": 6779581006,
        "osm_type": "node",
        "name": "Guesthouse Demushi",
        "tourism": "guest_house"
      }
    },
    {
      "type": "Feature",
      "geometry": {
        "type": "Point",
        "coordinates": [
          19.8824676,
          42.4445083
        ]
      },
      "properties": {
        "id": 6779582192,
        "osm_type": "node",
        "name": "Valbona Delight",
        "tourism": "guest_house",
        "website": "https://www.booking.com/hotel/al/valbona-delight.en-gb.html"
      }
    },
    {
      "type": "Feature",
      "geometry": {
        "type": "Point",
        "coordinates": [
          19.9220399,
          42.4601719
        ]
      },
      "properties": {
        "id": 6787615886,
        "osm_type": "node",
        "name": "Rilindja Guesthouse",
        "tourism": "guest_house",
        "phone": "+355673014637",
        "website": "https://journeytovalbona.com/",
        "check_date": "2025-09-23"
      }
    },
    {
      "type": "Feature",
      "geometry": {
        "type": "Point",
        "coordinates": [
          19.5163052,
          42.0643991
        ]
      },
      "properties": {
        "id": 6793487987,
        "osm_type": "node",
        "name": "Bärlin GuestHouse",
        "tourism": "hostel",
        "phone": "+355 68 330 2989;+355683302989",
        "website": "https://www.booking.com/Share-sTeiiP;http://www.booking.com/Share-PubrZr"
      }
    },
    {
      "type": "Feature",
      "geometry": {
        "type": "Point",
        "coordinates": [
          19.4958433,
          41.3077896
        ]
      },
      "properties": {
        "id": 6805109986,
        "osm_type": "node",
        "name": "Te shpise",
        "tourism": "hotel"
      }
    },
    {
      "type": "Feature",
      "geometry": {
        "type": "Point",
        "coordinates": [
          19.5647531,
          42.4649216
        ]
      },
      "properties": {
        "id": 6844825386,
        "osm_type": "node",
        "name": "Bujtina Arjani",
        "tourism": "guest_house",
        "phone": "+355682037375",
        "website": "https://guest-house-arjani.business.site"
      }
    },
    {
      "type": "Feature",
      "geometry": {
        "type": "Point",
        "coordinates": [
          19.447751,
          41.3102108
        ]
      },
      "properties": {
        "id": 6851519831,
        "osm_type": "node",
        "name": "Kloest",
        "tourism": "hotel"
      }
    },
    {
      "type": "Feature",
      "geometry": {
        "type": "Point",
        "coordinates": [
          19.4515834,
          41.3196514
        ]
      },
      "properties": {
        "id": 6853942044,
        "osm_type": "node",
        "name": "Luli",
        "tourism": "hotel"
      }
    },
    {
      "type": "Feature",
      "geometry": {
        "type": "Point",
        "coordinates": [
          20.0313788,
          42.3353766
        ]
      },
      "properties": {
        "id": 6855588454,
        "osm_type": "node",
        "name": "Kodra e Geshtenjave",
        "tourism": "guest_house",
        "website": "https://www.facebook.com/Chestnut-Hill-Kodra-e-Geshtenjave--652538061752941/"
      }
    },
    {
      "type": "Feature",
      "geometry": {
        "type": "Point",
        "coordinates": [
          19.4399677,
          41.3149266
        ]
      },
      "properties": {
        "id": 6855603791,
        "osm_type": "node",
        "name": "Vila Kaci",
        "tourism": "hotel"
      }
    },
    {
      "type": "Feature",
      "geometry": {
        "type": "Point",
        "coordinates": [
          19.4841051,
          41.3101019
        ]
      },
      "properties": {
        "id": 6857509202,
        "osm_type": "node",
        "name": "Canal Grande",
        "tourism": "hotel"
      }
    },
    {
      "type": "Feature",
      "geometry": {
        "type": "Point",
        "coordinates": [
          19.4813452,
          41.3115446
        ]
      },
      "properties": {
        "id": 6857511096,
        "osm_type": "node",
        "name": "Loshi",
        "tourism": "hotel"
      }
    },
    {
      "type": "Feature",
      "geometry": {
        "type": "Point",
        "coordinates": [
          20.4046808,
          42.2094385
        ]
      },
      "properties": {
        "id": 6862204875,
        "osm_type": "node",
        "name": "Hotel",
        "tourism": "hotel"
      }
    },
    {
      "type": "Feature",
      "geometry": {
        "type": "Point",
        "coordinates": [
          19.431537,
          41.3199334
        ]
      },
      "properties": {
        "id": 6877051686,
        "osm_type": "node",
        "name": "Hotel Ferrara",
        "tourism": "hotel"
      }
    },
    {
      "type": "Feature",
      "geometry": {
        "type": "Point",
        "coordinates": [
          19.4445777,
          41.3201715
        ]
      },
      "properties": {
        "id": 6883337322,
        "osm_type": "node",
        "name": "Hotel Dardania",
        "tourism": "hotel"
      }
    },
    {
      "type": "Feature",
      "geometry": {
        "type": "Point",
        "coordinates": [
          19.5498431,
          42.3450579
        ]
      },
      "properties": {
        "id": 6935780385,
        "osm_type": "node",
        "name": "Kulla e Arte",
        "tourism": "hotel",
        "opening_hours": "24/7",
        "phone": "+355 68 200 1946",
        "website": "http://kullaearte.com"
      }
    },
    {
      "type": "Feature",
      "geometry": {
        "type": "Point",
        "coordinates": [
          19.7827492,
          41.5115609
        ]
      },
      "properties": {
        "id": 6977596180,
        "osm_type": "node",
        "name": "rustami besnik",
        "tourism": "guest_house"
      }
    },
    {
      "type": "Feature",
      "geometry": {
        "type": "Point",
        "coordinates": [
          19.4463344,
          41.3114725
        ]
      },
      "properties": {
        "id": 7079520792,
        "osm_type": "node",
        "name": "Pashai Hostel and Pizza Bar",
        "tourism": "hostel",
        "check_date": "2024-05-12"
      }
    },
    {
      "type": "Feature",
      "geometry": {
        "type": "Point",
        "coordinates": [
          19.4574539,
          41.3278891
        ]
      },
      "properties": {
        "id": 7119683386,
        "osm_type": "node",
        "name": "CerriHouse",
        "tourism": "apartment"
      }
    },
    {
      "type": "Feature",
      "geometry": {
        "type": "Point",
        "coordinates": [
          20.454099,
          41.9068565
        ]
      },
      "properties": {
        "id": 7126596809,
        "osm_type": "node",
        "name": "Bujtina Shtini",
        "tourism": "guest_house",
        "website": "https://www.booking.com/hotel/al/guesthouse-shtini.html"
      }
    },
    {
      "type": "Feature",
      "geometry": {
        "type": "Point",
        "coordinates": [
          19.5138397,
          41.2834198
        ]
      },
      "properties": {
        "id": 7476488796,
        "osm_type": "node",
        "name": "Real Hotel",
        "tourism": "hotel",
        "phone": "+355 69 542 2502"
      }
    },
    {
      "type": "Feature",
      "geometry": {
        "type": "Point",
        "coordinates": [
          19.5139128,
          41.2818441
        ]
      },
      "properties": {
        "id": 7476525094,
        "osm_type": "node",
        "name": "Devi",
        "tourism": "hotel",
        "phone": "+355 68 24 699 94",
        "check_date": "2024-05-09"
      }
    },
    {
      "type": "Feature",
      "geometry": {
        "type": "Point",
        "coordinates": [
          19.5139446,
          41.2794692
        ]
      },
      "properties": {
        "id": 7476547884,
        "osm_type": "node",
        "name": "Hotel Kamomil",
        "tourism": "hotel",
        "opening_hours": "24/7",
        "phone": "+355 69 214 3183",
        "website": "https://www.hotelkamomil.com",
        "check_date": "2024-05-10"
      }
    },
    {
      "type": "Feature",
      "geometry": {
        "type": "Point",
        "coordinates": [
          19.513818,
          41.2791659
        ]
      },
      "properties": {
        "id": 7476734958,
        "osm_type": "node",
        "name": "Hotel Niagara",
        "tourism": "hotel",
        "phone": "+355 69 485 7790",
        "check_date": "2024-05-10"
      }
    },
    {
      "type": "Feature",
      "geometry": {
        "type": "Point",
        "coordinates": [
          19.8964942,
          42.0480126
        ]
      },
      "properties": {
        "id": 7487314485,
        "osm_type": "node",
        "name": "N'konak Gest House",
        "tourism": "guest_house",
        "opening_hours": "24/7",
        "phone": "069 939 8954",
        "website": "https://www.instagram.com/nkonak_guesthouse"
      }
    },
    {
      "type": "Feature",
      "geometry": {
        "type": "Point",
        "coordinates": [
          19.5842919,
          41.6979653
        ]
      },
      "properties": {
        "id": 7620311828,
        "osm_type": "node",
        "name": "Camping",
        "tourism": "camp_site"
      }
    },
    {
      "type": "Feature",
      "geometry": {
        "type": "Point",
        "coordinates": [
          19.4045978,
          41.8676915
        ]
      },
      "properties": {
        "id": 7694538385,
        "osm_type": "node",
        "name": "velipoj",
        "tourism": "camp_site"
      }
    },
    {
      "type": "Feature",
      "geometry": {
        "type": "Point",
        "coordinates": [
          19.9228884,
          42.500495
        ]
      },
      "properties": {
        "id": 7742554687,
        "osm_type": "node",
        "tourism": "camp_site"
      }
    },
    {
      "type": "Feature",
      "geometry": {
        "type": "Point",
        "coordinates": [
          19.8153985,
          42.4679768
        ]
      },
      "properties": {
        "id": 7756993685,
        "osm_type": "node",
        "tourism": "camp_site",
        "tents": "yes"
      }
    },
    {
      "type": "Feature",
      "geometry": {
        "type": "Point",
        "coordinates": [
          19.5612834,
          42.4624905
        ]
      },
      "properties": {
        "id": 7998202260,
        "osm_type": "node",
        "name": "Te Gusti",
        "tourism": "hotel",
        "phone": "+355 693114521"
      }
    },
    {
      "type": "Feature",
      "geometry": {
        "type": "Point",
        "coordinates": [
          19.4951359,
          41.3075772
        ]
      },
      "properties": {
        "id": 8024209751,
        "osm_type": "node",
        "name": "Papa",
        "tourism": "guest_house"
      }
    },
    {
      "type": "Feature",
      "geometry": {
        "type": "Point",
        "coordinates": [
          19.4951403,
          41.3015496
        ]
      },
      "properties": {
        "id": 8026435868,
        "osm_type": "node",
        "name": "Hotel Iliria International",
        "tourism": "hotel"
      }
    },
    {
      "type": "Feature",
      "geometry": {
        "type": "Point",
        "coordinates": [
          19.7952995,
          41.5074307
        ]
      },
      "properties": {
        "id": 8026449080,
        "osm_type": "node",
        "name": "Rooms Emilano",
        "tourism": "hotel",
        "phone": "+355 67 252 0929",
        "website": "https://www.roomsemiliano.com"
      }
    },
    {
      "type": "Feature",
      "geometry": {
        "type": "Point",
        "coordinates": [
          19.4968389,
          41.3001523
        ]
      },
      "properties": {
        "id": 8026462616,
        "osm_type": "node",
        "name": "Casablanka",
        "tourism": "hotel"
      }
    },
    {
      "type": "Feature",
      "geometry": {
        "type": "Point",
        "coordinates": [
          19.4965481,
          41.3007923
        ]
      },
      "properties": {
        "id": 8026488850,
        "osm_type": "node",
        "name": "Bral Apartment 7 - Two-Bedroom with Seaview",
        "tourism": "apartment"
      }
    },
    {
      "type": "Feature",
      "geometry": {
        "type": "Point",
        "coordinates": [
          19.49661,
          41.3008954
        ]
      },
      "properties": {
        "id": 8026493431,
        "osm_type": "node",
        "tourism": "hotel"
      }
    },
    {
      "type": "Feature",
      "geometry": {
        "type": "Point",
        "coordinates": [
          19.7842033,
          42.3884568
        ]
      },
      "properties": {
        "id": 8044710985,
        "osm_type": "node",
        "tourism": "hotel"
      }
    },
    {
      "type": "Feature",
      "geometry": {
        "type": "Point",
        "coordinates": [
          19.5206646,
          42.0680027
        ]
      },
      "properties": {
        "id": 8397490806,
        "osm_type": "node",
        "name": "The wanderer's Villa BnB",
        "tourism": "guest_house",
        "phone": "+355 69 212 1062",
        "website": "https://thewanderershostel.com/"
      }
    },
    {
      "type": "Feature",
      "geometry": {
        "type": "Point",
        "coordinates": [
          19.5147796,
          42.0658772
        ]
      },
      "properties": {
        "id": 8509466817,
        "osm_type": "node",
        "name": "Golden Palace Hotel",
        "tourism": "hotel"
      }
    },
    {
      "type": "Feature",
      "geometry": {
        "type": "Point",
        "coordinates": [
          19.4497322,
          41.3142258
        ]
      },
      "properties": {
        "id": 8568747118,
        "osm_type": "node",
        "tourism": "hostel"
      }
    },
    {
      "type": "Feature",
      "geometry": {
        "type": "Point",
        "coordinates": [
          19.57624,
          42.0469357
        ]
      },
      "properties": {
        "id": 8632963617,
        "osm_type": "node",
        "name": "Guesthouse Simoni",
        "tourism": "guest_house",
        "opening_hours": "24/7"
      }
    },
    {
      "type": "Feature",
      "geometry": {
        "type": "Point",
        "coordinates": [
          20.1177162,
          41.7098345
        ]
      },
      "properties": {
        "id": 8779587217,
        "osm_type": "node",
        "name": "shtepi",
        "tourism": "apartment"
      }
    },
    {
      "type": "Feature",
      "geometry": {
        "type": "Point",
        "coordinates": [
          19.4603057,
          42.0262471
        ]
      },
      "properties": {
        "id": 8831872418,
        "osm_type": "node",
        "tourism": "camp_site",
        "opening_hours": "24/7",
        "tents": "yes",
        "phone": "+355 68 202 6559",
        "website": "https://www.ecosocialfarm.com/",
        "check_date": "2024-05-01"
      }
    },
    {
      "type": "Feature",
      "geometry": {
        "type": "Point",
        "coordinates": [
          19.4888624,
          41.3073522
        ]
      },
      "properties": {
        "id": 8850128918,
        "osm_type": "node",
        "name": "Sun apartmens",
        "tourism": "guest_house",
        "phone": "+355 69 880 5500",
        "website": "https://www.booking.com/Share-i82woD"
      }
    },
    {
      "type": "Feature",
      "geometry": {
        "type": "Point",
        "coordinates": [
          19.4450186,
          41.317215
        ]
      },
      "properties": {
        "id": 8852396817,
        "osm_type": "node",
        "tourism": "apartment"
      }
    },
    {
      "type": "Feature",
      "geometry": {
        "type": "Point",
        "coordinates": [
          19.9526165,
          42.2596771
        ]
      },
      "properties": {
        "id": 8853913362,
        "osm_type": "node",
        "name": "Hotel Drini",
        "tourism": "guest_house"
      }
    },
    {
      "type": "Feature",
      "geometry": {
        "type": "Point",
        "coordinates": [
          20.0626718,
          41.4474026
        ]
      },
      "properties": {
        "id": 8853924020,
        "osm_type": "node",
        "name": "Guest House Resuli Fatmira",
        "tourism": "guest_house"
      }
    },
    {
      "type": "Feature",
      "geometry": {
        "type": "Point",
        "coordinates": [
          19.5156087,
          41.495216
        ]
      },
      "properties": {
        "id": 8879543007,
        "osm_type": "node",
        "name": "WIDE BEACH APARTMENT",
        "tourism": "hotel"
      }
    },
    {
      "type": "Feature",
      "geometry": {
        "type": "Point",
        "coordinates": [
          19.8746381,
          42.4526069
        ]
      },
      "properties": {
        "id": 8892066113,
        "osm_type": "node",
        "name": "Hotel Rosi",
        "tourism": "guest_house"
      }
    },
    {
      "type": "Feature",
      "geometry": {
        "type": "Point",
        "coordinates": [
          19.413873,
          41.8646114
        ]
      },
      "properties": {
        "id": 8908089995,
        "osm_type": "node",
        "name": "Antuan Apartments",
        "tourism": "hotel"
      }
    },
    {
      "type": "Feature",
      "geometry": {
        "type": "Point",
        "coordinates": [
          20.3876141,
          41.7675107
        ]
      },
      "properties": {
        "id": 8925884017,
        "osm_type": "node",
        "name": "Dibra Camping",
        "tourism": "camp_site"
      }
    },
    {
      "type": "Feature",
      "geometry": {
        "type": "Point",
        "coordinates": [
          19.5021242,
          41.4334204
        ]
      },
      "properties": {
        "id": 8942616302,
        "osm_type": "node",
        "name": "Isea Wood Villa",
        "tourism": "apartment"
      }
    },
    {
      "type": "Feature",
      "geometry": {
        "type": "Point",
        "coordinates": [
          19.5017335,
          41.4328836
        ]
      },
      "properties": {
        "id": 8942652220,
        "osm_type": "node",
        "name": "Vila e Shefit",
        "tourism": "apartment"
      }
    },
    {
      "type": "Feature",
      "geometry": {
        "type": "Point",
        "coordinates": [
          19.7766215,
          42.3970315
        ]
      },
      "properties": {
        "id": 8943661517,
        "osm_type": "node",
        "tourism": "guest_house"
      }
    },
    {
      "type": "Feature",
      "geometry": {
        "type": "Point",
        "coordinates": [
          19.7470887,
          42.5830123
        ]
      },
      "properties": {
        "id": 8972482918,
        "osm_type": "node",
        "tourism": "camp_site"
      }
    },
    {
      "type": "Feature",
      "geometry": {
        "type": "Point",
        "coordinates": [
          19.4466523,
          41.311923
        ]
      },
      "properties": {
        "id": 9009658240,
        "osm_type": "node",
        "name": "Butique Vila VIII",
        "tourism": "hotel"
      }
    },
    {
      "type": "Feature",
      "geometry": {
        "type": "Point",
        "coordinates": [
          20.0736237,
          42.3571683
        ]
      },
      "properties": {
        "id": 9034394072,
        "osm_type": "node",
        "name": "Kings Guest Apartments",
        "tourism": "apartment"
      }
    },
    {
      "type": "Feature",
      "geometry": {
        "type": "Point",
        "coordinates": [
          20.2003169,
          42.401392
        ]
      },
      "properties": {
        "id": 9035639420,
        "osm_type": "node",
        "name": "Hotel Grand Klaus",
        "tourism": "hotel"
      }
    },
    {
      "type": "Feature",
      "geometry": {
        "type": "Point",
        "coordinates": [
          19.6905394,
          42.0712872
        ]
      },
      "properties": {
        "id": 9041579871,
        "osm_type": "node",
        "name": "Ledi's Place",
        "tourism": "camp_site"
      }
    },
    {
      "type": "Feature",
      "geometry": {
        "type": "Point",
        "coordinates": [
          19.5694422,
          41.8146859
        ]
      },
      "properties": {
        "id": 9041688117,
        "osm_type": "node",
        "name": "camping",
        "tourism": "camp_site"
      }
    },
    {
      "type": "Feature",
      "geometry": {
        "type": "Point",
        "coordinates": [
          19.5186275,
          41.2689488
        ]
      },
      "properties": {
        "id": 9050950002,
        "osm_type": "node",
        "name": "Kamelia Resort",
        "tourism": "hotel"
      }
    },
    {
      "type": "Feature",
      "geometry": {
        "type": "Point",
        "coordinates": [
          19.5122223,
          41.2853925
        ]
      },
      "properties": {
        "id": 9077400417,
        "osm_type": "node",
        "name": "Brumar",
        "tourism": "hotel"
      }
    },
    {
      "type": "Feature",
      "geometry": {
        "type": "Point",
        "coordinates": [
          19.768337,
          42.407481
        ]
      },
      "properties": {
        "id": 9101640817,
        "osm_type": "node",
        "name": "Guest House Rrashkadoli",
        "tourism": "guest_house"
      }
    },
    {
      "type": "Feature",
      "geometry": {
        "type": "Point",
        "coordinates": [
          19.7793457,
          42.3911578
        ]
      },
      "properties": {
        "id": 9112794924,
        "osm_type": "node",
        "name": "Bujtina \"Prrockj\"",
        "tourism": "guest_house",
        "tents": "yes",
        "phone": "+355698101581"
      }
    },
    {
      "type": "Feature",
      "geometry": {
        "type": "Point",
        "coordinates": [
          19.9002759,
          42.0453202
        ]
      },
      "properties": {
        "id": 9117387840,
        "osm_type": "node",
        "name": "Sunrise",
        "tourism": "apartment"
      }
    },
    {
      "type": "Feature",
      "geometry": {
        "type": "Point",
        "coordinates": [
          19.5162647,
          42.0683055
        ]
      },
      "properties": {
        "id": 9128749335,
        "osm_type": "node",
        "name": "City center",
        "tourism": "hotel"
      }
    },
    {
      "type": "Feature",
      "geometry": {
        "type": "Point",
        "coordinates": [
          19.7175643,
          41.4783518
        ]
      },
      "properties": {
        "id": 9128749486,
        "osm_type": "node",
        "tourism": "hotel"
      }
    },
    {
      "type": "Feature",
      "geometry": {
        "type": "Point",
        "coordinates": [
          19.5218236,
          42.0671763
        ]
      },
      "properties": {
        "id": 9128749491,
        "osm_type": "node",
        "name": "Vllaznia",
        "tourism": "hotel"
      }
    },
    {
      "type": "Feature",
      "geometry": {
        "type": "Point",
        "coordinates": [
          19.520135,
          42.0660892
        ]
      },
      "properties": {
        "id": 9128749493,
        "osm_type": "node",
        "name": "Bobi",
        "tourism": "hotel"
      }
    },
    {
      "type": "Feature",
      "geometry": {
        "type": "Point",
        "coordinates": [
          19.5172771,
          42.0682105
        ]
      },
      "properties": {
        "id": 9128749494,
        "osm_type": "node",
        "name": "Kultura",
        "tourism": "guest_house"
      }
    },
    {
      "type": "Feature",
      "geometry": {
        "type": "Point",
        "coordinates": [
          19.744084,
          41.4124651
        ]
      },
      "properties": {
        "id": 9128751952,
        "osm_type": "node",
        "tourism": "hotel"
      }
    },
    {
      "type": "Feature",
      "geometry": {
        "type": "Point",
        "coordinates": [
          19.5268166,
          42.073603
        ]
      },
      "properties": {
        "id": 9128751959,
        "osm_type": "node",
        "tourism": "hotel"
      }
    },
    {
      "type": "Feature",
      "geometry": {
        "type": "Point",
        "coordinates": [
          19.8262519,
          42.1084963
        ]
      },
      "properties": {
        "id": 9136030129,
        "osm_type": "node",
        "tourism": "hotel"
      }
    },
    {
      "type": "Feature",
      "geometry": {
        "type": "Point",
        "coordinates": [
          19.488884,
          41.3084921
        ]
      },
      "properties": {
        "id": 9138114217,
        "osm_type": "node",
        "name": "Sofra",
        "tourism": "hotel"
      }
    },
    {
      "type": "Feature",
      "geometry": {
        "type": "Point",
        "coordinates": [
          19.4465627,
          41.3115492
        ]
      },
      "properties": {
        "id": 9138114528,
        "osm_type": "node",
        "name": "Epidamn",
        "tourism": "hotel"
      }
    },
    {
      "type": "Feature",
      "geometry": {
        "type": "Point",
        "coordinates": [
          19.4348135,
          41.3123233
        ]
      },
      "properties": {
        "id": 9138114535,
        "osm_type": "node",
        "name": "NAIS",
        "tourism": "hotel"
      }
    },
    {
      "type": "Feature",
      "geometry": {
        "type": "Point",
        "coordinates": [
          19.4359942,
          41.3118722
        ]
      },
      "properties": {
        "id": 9138114626,
        "osm_type": "node",
        "name": "Peaky Hotel",
        "tourism": "hotel"
      }
    },
    {
      "type": "Feature",
      "geometry": {
        "type": "Point",
        "coordinates": [
          19.4939133,
          41.3036451
        ]
      },
      "properties": {
        "id": 9153931130,
        "osm_type": "node",
        "name": "Dyrrah",
        "tourism": "hotel"
      }
    },
    {
      "type": "Feature",
      "geometry": {
        "type": "Point",
        "coordinates": [
          19.4465843,
          41.3107856
        ]
      },
      "properties": {
        "id": 9153931148,
        "osm_type": "node",
        "name": "Nais",
        "tourism": "hotel"
      }
    },
    {
      "type": "Feature",
      "geometry": {
        "type": "Point",
        "coordinates": [
          19.479711,
          41.3128984
        ]
      },
      "properties": {
        "id": 9153931161,
        "osm_type": "node",
        "name": "Vila Koral",
        "tourism": "hotel"
      }
    },
    {
      "type": "Feature",
      "geometry": {
        "type": "Point",
        "coordinates": [
          19.4802925,
          41.3119041
        ]
      },
      "properties": {
        "id": 9153931162,
        "osm_type": "node",
        "name": "Emi",
        "tourism": "hotel"
      }
    },
    {
      "type": "Feature",
      "geometry": {
        "type": "Point",
        "coordinates": [
          19.4852277,
          41.3096928
        ]
      },
      "properties": {
        "id": 9153931171,
        "osm_type": "node",
        "name": "Vila Misiri",
        "tourism": "hotel",
        "check_date": "2025-02-09"
      }
    },
    {
      "type": "Feature",
      "geometry": {
        "type": "Point",
        "coordinates": [
          19.4844236,
          41.3098163
        ]
      },
      "properties": {
        "id": 9153938229,
        "osm_type": "node",
        "name": "Vila One",
        "tourism": "hotel"
      }
    },
    {
      "type": "Feature",
      "geometry": {
        "type": "Point",
        "coordinates": [
          19.4932955,
          41.3032229
        ]
      },
      "properties": {
        "id": 9153938423,
        "osm_type": "node",
        "name": "Perandor",
        "tourism": "hotel"
      }
    },
    {
      "type": "Feature",
      "geometry": {
        "type": "Point",
        "coordinates": [
          19.4749969,
          41.3139008
        ]
      },
      "properties": {
        "id": 9153938440,
        "osm_type": "node",
        "name": "Virginia",
        "tourism": "hotel"
      }
    },
    {
      "type": "Feature",
      "geometry": {
        "type": "Point",
        "coordinates": [
          19.4824331,
          41.3109526
        ]
      },
      "properties": {
        "id": 9153939452,
        "osm_type": "node",
        "name": "Pavarsia",
        "tourism": "hotel"
      }
    },
    {
      "type": "Feature",
      "geometry": {
        "type": "Point",
        "coordinates": [
          19.4839125,
          41.3111289
        ]
      },
      "properties": {
        "id": 9153939455,
        "osm_type": "node",
        "name": "Eurostar Hotel",
        "tourism": "hotel",
        "check_date": "2023-07-04"
      }
    },
    {
      "type": "Feature",
      "geometry": {
        "type": "Point",
        "coordinates": [
          19.4843313,
          41.309949
        ]
      },
      "properties": {
        "id": 9153939457,
        "osm_type": "node",
        "name": "3 Vellezerit",
        "tourism": "hotel"
      }
    },
    {
      "type": "Feature",
      "geometry": {
        "type": "Point",
        "coordinates": [
          19.8861415,
          42.4466937
        ]
      },
      "properties": {
        "id": 9204523352,
        "osm_type": "node",
        "name": "Bujtinat e Luginës Valbonë",
        "tourism": "guest_house",
        "phone": "+355685690677 +355686482075",
        "website": "https://www.google.com/maps/place/Bujtinat+e+Lugines+Valbone/@42.4498905,19.8886775,18z/data=!4m8!3m7!1s0x135269cbe4da9855:0x910d1abb1ca678a1!5m2!4m1!1i2!8m2!3d42.4499344!4d19.8888368"
      }
    },
    {
      "type": "Feature",
      "geometry": {
        "type": "Point",
        "coordinates": [
          19.5239193,
          41.2769046
        ]
      },
      "properties": {
        "id": 9282711807,
        "osm_type": "node",
        "name": "Kodra E Kuajve",
        "tourism": "hotel",
        "phone": "+355696090080",
        "website": "http://www.kodrakuajve.com/"
      }
    },
    {
      "type": "Feature",
      "geometry": {
        "type": "Point",
        "coordinates": [
          19.531001,
          41.3114216
        ]
      },
      "properties": {
        "id": 9282711808,
        "osm_type": "node",
        "name": "Hyra",
        "tourism": "hotel"
      }
    },
    {
      "type": "Feature",
      "geometry": {
        "type": "Point",
        "coordinates": [
          19.6365103,
          42.0069898
        ]
      },
      "properties": {
        "id": 9282711834,
        "osm_type": "node",
        "name": "Sarda Hotel Bar",
        "tourism": "hotel"
      }
    },
    {
      "type": "Feature",
      "geometry": {
        "type": "Point",
        "coordinates": [
          19.8159164,
          42.0996287
        ]
      },
      "properties": {
        "id": 9282711837,
        "osm_type": "node",
        "name": "Bujtina \"Kulla e Vjetër\"",
        "tourism": "camp_site"
      }
    },
    {
      "type": "Feature",
      "geometry": {
        "type": "Point",
        "coordinates": [
          19.8073865,
          42.1983191
        ]
      },
      "properties": {
        "id": 9282711846,
        "osm_type": "node",
        "name": "Bee Eco guest house",
        "tourism": "guest_house"
      }
    },
    {
      "type": "Feature",
      "geometry": {
        "type": "Point",
        "coordinates": [
          19.8205705,
          42.1946909
        ]
      },
      "properties": {
        "id": 9282711856,
        "osm_type": "node",
        "name": "Riverside",
        "tourism": "guest_house"
      }
    },
    {
      "type": "Feature",
      "geometry": {
        "type": "Point",
        "coordinates": [
          19.8096936,
          42.0863268
        ]
      },
      "properties": {
        "id": 9282711860,
        "osm_type": "node",
        "name": "Borealis",
        "tourism": "guest_house",
        "phone": "+355682087620"
      }
    },
    {
      "type": "Feature",
      "geometry": {
        "type": "Point",
        "coordinates": [
          19.5118329,
          42.0659212
        ]
      },
      "properties": {
        "id": 9282711862,
        "osm_type": "node",
        "name": "City Centre Rooms 4R",
        "tourism": "apartment",
        "website": "https://www.booking.com/hotel/al/city-centre-rooms-4r.de.html"
      }
    },
    {
      "type": "Feature",
      "geometry": {
        "type": "Point",
        "coordinates": [
          19.8126496,
          42.0890694
        ]
      },
      "properties": {
        "id": 9282711863,
        "osm_type": "node",
        "name": "Lugina e Komanit",
        "tourism": "hotel"
      }
    },
    {
      "type": "Feature",
      "geometry": {
        "type": "Point",
        "coordinates": [
          19.5118773,
          42.0661281
        ]
      },
      "properties": {
        "id": 9282711864,
        "osm_type": "node",
        "name": "Çoçja Boutique Hotel",
        "tourism": "hotel",
        "check_date": "2024-03-27"
      }
    },
    {
      "type": "Feature",
      "geometry": {
        "type": "Point",
        "coordinates": [
          19.8345457,
          41.7401248
        ]
      },
      "properties": {
        "id": 9631954244,
        "osm_type": "node",
        "name": "Bujtina Bardhë",
        "tourism": "guest_house",
        "phone": "+355 69 243 8896",
        "website": "https://www.facebook.com/BujtinaBardheRreshen/"
      }
    },
    {
      "type": "Feature",
      "geometry": {
        "type": "Point",
        "coordinates": [
          19.7965018,
          41.6938358
        ]
      },
      "properties": {
        "id": 9677503630,
        "osm_type": "node",
        "tourism": "camp_site"
      }
    },
    {
      "type": "Feature",
      "geometry": {
        "type": "Point",
        "coordinates": [
          19.8024695,
          41.6926646
        ]
      },
      "properties": {
        "id": 9677521100,
        "osm_type": "node",
        "tourism": "camp_site"
      }
    },
    {
      "type": "Feature",
      "geometry": {
        "type": "Point",
        "coordinates": [
          19.7990372,
          42.4557434
        ]
      },
      "properties": {
        "id": 9701082716,
        "osm_type": "node",
        "tourism": "camp_site"
      }
    },
    {
      "type": "Feature",
      "geometry": {
        "type": "Point",
        "coordinates": [
          19.5165051,
          42.0633426
        ]
      },
      "properties": {
        "id": 9712121373,
        "osm_type": "node",
        "name": "Votra",
        "tourism": "hotel"
      }
    },
    {
      "type": "Feature",
      "geometry": {
        "type": "Point",
        "coordinates": [
          19.5202066,
          41.5096445
        ]
      },
      "properties": {
        "id": 9764339694,
        "osm_type": "node",
        "name": "Mövenpick Hotel Lalëz Durrës",
        "tourism": "hotel"
      }
    },
    {
      "type": "Feature",
      "geometry": {
        "type": "Point",
        "coordinates": [
          19.4952069,
          41.310427
        ]
      },
      "properties": {
        "id": 9767374917,
        "osm_type": "node",
        "name": "Villa Sara",
        "tourism": "guest_house"
      }
    },
    {
      "type": "Feature",
      "geometry": {
        "type": "Point",
        "coordinates": [
          19.5159022,
          42.068942
        ]
      },
      "properties": {
        "id": 9769523218,
        "osm_type": "node",
        "tourism": "hostel"
      }
    },
    {
      "type": "Feature",
      "geometry": {
        "type": "Point",
        "coordinates": [
          19.8864484,
          42.4487217
        ]
      },
      "properties": {
        "id": 9791407389,
        "osm_type": "node",
        "name": "Bujtina2",
        "tourism": "guest_house",
        "check_date": "2025-05-25"
      }
    },
    {
      "type": "Feature",
      "geometry": {
        "type": "Point",
        "coordinates": [
          20.5058629,
          41.649161
        ]
      },
      "properties": {
        "id": 9858666617,
        "osm_type": "node",
        "name": "Bjeshket e FIDALLARVE",
        "tourism": "camp_site"
      }
    },
    {
      "type": "Feature",
      "geometry": {
        "type": "Point",
        "coordinates": [
          20.5086298,
          41.6497847
        ]
      },
      "properties": {
        "id": 9858699817,
        "osm_type": "node",
        "name": "Bjeshket e FIDALLARVE",
        "tourism": "camp_site"
      }
    },
    {
      "type": "Feature",
      "geometry": {
        "type": "Point",
        "coordinates": [
          20.6037025,
          41.9800789
        ]
      },
      "properties": {
        "id": 9883405872,
        "osm_type": "node",
        "name": "Bujtina Adem Sokoli",
        "tourism": "guest_house"
      }
    },
    {
      "type": "Feature",
      "geometry": {
        "type": "Point",
        "coordinates": [
          19.5121977,
          41.2823816
        ]
      },
      "properties": {
        "id": 9886644653,
        "osm_type": "node",
        "name": "Hotel Besani",
        "tourism": "hotel",
        "contact:phone": "+355 68 409 0060",
        "website": "https://besani.al/"
      }
    },
    {
      "type": "Feature",
      "geometry": {
        "type": "Point",
        "coordinates": [
          19.7735869,
          42.4024575
        ]
      },
      "properties": {
        "id": 9937346918,
        "osm_type": "node",
        "name": "Magic Space Petros Skafias",
        "tourism": "guest_house"
      }
    },
    {
      "type": "Feature",
      "geometry": {
        "type": "Point",
        "coordinates": [
          19.7562128,
          42.4026319
        ]
      },
      "properties": {
        "id": 9966525712,
        "osm_type": "node",
        "name": "Camping Freskia",
        "tourism": "camp_site",
        "phone": "+355 688698363"
      }
    },
    {
      "type": "Feature",
      "geometry": {
        "type": "Point",
        "coordinates": [
          19.5011491,
          42.0377694
        ]
      },
      "properties": {
        "id": 9969271908,
        "osm_type": "node",
        "name": "River Camping",
        "tourism": "camp_site",
        "phone": "+355 69 830 5630"
      }
    },
    {
      "type": "Feature",
      "geometry": {
        "type": "Point",
        "coordinates": [
          19.595424,
          41.8110452
        ]
      },
      "properties": {
        "id": 9973533375,
        "osm_type": "node",
        "name": "Brilaant",
        "tourism": "hotel"
      }
    },
    {
      "type": "Feature",
      "geometry": {
        "type": "Point",
        "coordinates": [
          19.631758,
          41.7803829
        ]
      },
      "properties": {
        "id": 9973535567,
        "osm_type": "node",
        "name": "Hotel Freedom",
        "tourism": "hotel",
        "phone": "+355 215 23 573"
      }
    },
    {
      "type": "Feature",
      "geometry": {
        "type": "Point",
        "coordinates": [
          19.5942695,
          41.8126309
        ]
      },
      "properties": {
        "id": 9973539746,
        "osm_type": "node",
        "name": "Columbo",
        "tourism": "hotel"
      }
    },
    {
      "type": "Feature",
      "geometry": {
        "type": "Point",
        "coordinates": [
          19.5945125,
          41.8116733
        ]
      },
      "properties": {
        "id": 9973540509,
        "osm_type": "node",
        "name": "Frojd",
        "tourism": "hotel"
      }
    },
    {
      "type": "Feature",
      "geometry": {
        "type": "Point",
        "coordinates": [
          19.6366396,
          41.7612014
        ]
      },
      "properties": {
        "id": 9973541021,
        "osm_type": "node",
        "name": "Real",
        "tourism": "hotel"
      }
    },
    {
      "type": "Feature",
      "geometry": {
        "type": "Point",
        "coordinates": [
          19.5948939,
          41.8113451
        ]
      },
      "properties": {
        "id": 9973546409,
        "osm_type": "node",
        "name": "President",
        "tourism": "hotel"
      }
    },
    {
      "type": "Feature",
      "geometry": {
        "type": "Point",
        "coordinates": [
          19.5981386,
          41.8097157
        ]
      },
      "properties": {
        "id": 9973573881,
        "osm_type": "node",
        "name": "Adria",
        "tourism": "hotel"
      }
    },
    {
      "type": "Feature",
      "geometry": {
        "type": "Point",
        "coordinates": [
          19.7782605,
          42.4019458
        ]
      },
      "properties": {
        "id": 9987872918,
        "osm_type": "node",
        "name": "Villa Silvester",
        "tourism": "guest_house"
      }
    },
    {
      "type": "Feature",
      "geometry": {
        "type": "Point",
        "coordinates": [
          19.5183135,
          42.0673063
        ]
      },
      "properties": {
        "id": 9991070722,
        "osm_type": "node",
        "name": "InTown Guesthouse Shkoder",
        "tourism": "guest_house",
        "phone": "+355 68 387 4888"
      }
    },
    {
      "type": "Feature",
      "geometry": {
        "type": "Point",
        "coordinates": [
          19.5106914,
          41.2856119
        ]
      },
      "properties": {
        "id": 10005632751,
        "osm_type": "node",
        "name": "Apartmán Hradec",
        "tourism": "apartment",
        "website": "https://www.apartman-hradec.cz/"
      }
    },
    {
      "type": "Feature",
      "geometry": {
        "type": "Point",
        "coordinates": [
          19.4229587,
          42.0124214
        ]
      },
      "properties": {
        "id": 10013478474,
        "osm_type": "node",
        "tourism": "motel"
      }
    },
    {
      "type": "Feature",
      "geometry": {
        "type": "Point",
        "coordinates": [
          19.4811701,
          42.0374029
        ]
      },
      "properties": {
        "id": 10043463471,
        "osm_type": "node",
        "name": "Ishulli i Arjanit",
        "tourism": "camp_site"
      }
    },
    {
      "type": "Feature",
      "geometry": {
        "type": "Point",
        "coordinates": [
          19.4898907,
          41.3153065
        ]
      },
      "properties": {
        "id": 10061398717,
        "osm_type": "node",
        "name": "Durrës",
        "tourism": "guest_house"
      }
    },
    {
      "type": "Feature",
      "geometry": {
        "type": "Point",
        "coordinates": [
          19.7788453,
          42.3551467
        ]
      },
      "properties": {
        "id": 10231503332,
        "osm_type": "node",
        "name": "Agrotourist",
        "tourism": "guest_house"
      }
    },
    {
      "type": "Feature",
      "geometry": {
        "type": "Point",
        "coordinates": [
          19.7803527,
          42.3876904
        ]
      },
      "properties": {
        "id": 10231657942,
        "osm_type": "node",
        "name": "Bujtina \"Lek Gerla\"",
        "tourism": "caravan_site",
        "opening_hours": "May-Oct",
        "phone": "+355682301955"
      }
    },
    {
      "type": "Feature",
      "geometry": {
        "type": "Point",
        "coordinates": [
          20.3942261,
          42.0160866
        ]
      },
      "properties": {
        "id": 10250368579,
        "osm_type": "node",
        "name": "Guesthouse SuperPanorama",
        "tourism": "guest_house"
      }
    },
    {
      "type": "Feature",
      "geometry": {
        "type": "Point",
        "coordinates": [
          19.5175388,
          42.0674074
        ]
      },
      "properties": {
        "id": 10274921700,
        "osm_type": "node",
        "name": "Rooms for rent",
        "tourism": "guest_house",
        "phone": "+393409046757"
      }
    },
    {
      "type": "Feature",
      "geometry": {
        "type": "Point",
        "coordinates": [
          19.5190129,
          41.5203518
        ]
      },
      "properties": {
        "id": 10316525718,
        "osm_type": "node",
        "name": "Meliá Durres Albania",
        "tourism": "hotel",
        "website": "https://www.melia.com/en/hotels/albania/durres/melia-durres-albania"
      }
    },
    {
      "type": "Feature",
      "geometry": {
        "type": "Point",
        "coordinates": [
          20.3830634,
          41.9287595
        ]
      },
      "properties": {
        "id": 10683433304,
        "osm_type": "node",
        "name": "Bujtina Gjana",
        "tourism": "hotel",
        "check_date": "2025-09-08"
      }
    },
    {
      "type": "Feature",
      "geometry": {
        "type": "Point",
        "coordinates": [
          19.529897,
          41.5236197
        ]
      },
      "properties": {
        "id": 10700263346,
        "osm_type": "node",
        "name": "BellavistaVilla",
        "tourism": "hotel",
        "phone": "+355686213338"
      }
    },
    {
      "type": "Feature",
      "geometry": {
        "type": "Point",
        "coordinates": [
          19.7731832,
          42.4578032
        ]
      },
      "properties": {
        "id": 10769578008,
        "osm_type": "node",
        "tourism": "camp_site",
        "tents": "yes"
      }
    },
    {
      "type": "Feature",
      "geometry": {
        "type": "Point",
        "coordinates": [
          19.4347868,
          41.3124068
        ]
      },
      "properties": {
        "id": 10812279605,
        "osm_type": "node",
        "name": "Hotel Nais Currila",
        "tourism": "apartment"
      }
    },
    {
      "type": "Feature",
      "geometry": {
        "type": "Point",
        "coordinates": [
          19.7095484,
          41.4196012
        ]
      },
      "properties": {
        "id": 10813846113,
        "osm_type": "node",
        "name": "N Hotel BY NOSHI",
        "tourism": "hotel",
        "opening_hours": "24/7",
        "phone": "+355674088808",
        "website": "https://www.nhotelbynoshi.com/",
        "check_date": "2024-03-27"
      }
    },
    {
      "type": "Feature",
      "geometry": {
        "type": "Point",
        "coordinates": [
          19.5114534,
          41.2849198
        ]
      },
      "properties": {
        "id": 10816814723,
        "osm_type": "node",
        "name": "relax apartment",
        "tourism": "apartment"
      }
    },
    {
      "type": "Feature",
      "geometry": {
        "type": "Point",
        "coordinates": [
          19.5073146,
          41.2937759
        ]
      },
      "properties": {
        "id": 10857037113,
        "osm_type": "node",
        "tourism": "apartment"
      }
    },
    {
      "type": "Feature",
      "geometry": {
        "type": "Point",
        "coordinates": [
          19.793789,
          41.508238
        ]
      },
      "properties": {
        "id": 10873737388,
        "osm_type": "node",
        "name": "Hotel Kroi",
        "tourism": "hotel"
      }
    },
    {
      "type": "Feature",
      "geometry": {
        "type": "Point",
        "coordinates": [
          19.5955038,
          41.8122198
        ]
      },
      "properties": {
        "id": 10914763705,
        "osm_type": "node",
        "name": "Twin Towers",
        "tourism": "hotel"
      }
    },
    {
      "type": "Feature",
      "geometry": {
        "type": "Point",
        "coordinates": [
          19.596817,
          41.8099339
        ]
      },
      "properties": {
        "id": 10914763707,
        "osm_type": "node",
        "name": "Grand London",
        "tourism": "hotel"
      }
    },
    {
      "type": "Feature",
      "geometry": {
        "type": "Point",
        "coordinates": [
          19.5990629,
          41.8060457
        ]
      },
      "properties": {
        "id": 10914763709,
        "osm_type": "node",
        "name": "Hotel Leon",
        "tourism": "hotel"
      }
    },
    {
      "type": "Feature",
      "geometry": {
        "type": "Point",
        "coordinates": [
          19.8874174,
          42.448033
        ]
      },
      "properties": {
        "id": 10959661305,
        "osm_type": "node",
        "name": "Bujtina Arlindi",
        "tourism": "guest_house",
        "phone": "355672770184"
      }
    },
    {
      "type": "Feature",
      "geometry": {
        "type": "Point",
        "coordinates": [
          19.5506368,
          42.2443898
        ]
      },
      "properties": {
        "id": 10962175813,
        "osm_type": "node",
        "tourism": "guest_house"
      }
    },
    {
      "type": "Feature",
      "geometry": {
        "type": "Point",
        "coordinates": [
          19.7752812,
          42.3961372
        ]
      },
      "properties": {
        "id": 10965849705,
        "osm_type": "node",
        "name": "Agostini",
        "tourism": "guest_house"
      }
    },
    {
      "type": "Feature",
      "geometry": {
        "type": "Point",
        "coordinates": [
          19.8343846,
          41.6919812
        ]
      },
      "properties": {
        "id": 10984620405,
        "osm_type": "node",
        "tourism": "camp_site"
      }
    },
    {
      "type": "Feature",
      "geometry": {
        "type": "Point",
        "coordinates": [
          19.5160977,
          42.0693543
        ]
      },
      "properties": {
        "id": 10989134105,
        "osm_type": "node",
        "tourism": "hotel",
        "opening_hours": "24/7",
        "phone": "+355684433432"
      }
    },
    {
      "type": "Feature",
      "geometry": {
        "type": "Point",
        "coordinates": [
          19.4402776,
          41.3121053
        ]
      },
      "properties": {
        "id": 10992911605,
        "osm_type": "node",
        "tourism": "hotel"
      }
    },
    {
      "type": "Feature",
      "geometry": {
        "type": "Point",
        "coordinates": [
          19.440328,
          41.3120453
        ]
      },
      "properties": {
        "id": 10992911705,
        "osm_type": "node",
        "tourism": "hostel"
      }
    },
    {
      "type": "Feature",
      "geometry": {
        "type": "Point",
        "coordinates": [
          19.440271,
          41.3121204
        ]
      },
      "properties": {
        "id": 10992911805,
        "osm_type": "node",
        "tourism": "hotel"
      }
    },
    {
      "type": "Feature",
      "geometry": {
        "type": "Point",
        "coordinates": [
          19.600407,
          41.8046729
        ]
      },
      "properties": {
        "id": 11005219105,
        "osm_type": "node",
        "name": "Hotel Gledi",
        "tourism": "apartment"
      }
    },
    {
      "type": "Feature",
      "geometry": {
        "type": "Point",
        "coordinates": [
          19.4867303,
          41.3089229
        ]
      },
      "properties": {
        "id": 11005461811,
        "osm_type": "node",
        "name": "Hotel Vila Mare",
        "tourism": "hotel",
        "check_date": "2023-06-25"
      }
    },
    {
      "type": "Feature",
      "geometry": {
        "type": "Point",
        "coordinates": [
          19.7821887,
          42.3861332
        ]
      },
      "properties": {
        "id": 11006025276,
        "osm_type": "node",
        "name": "Shpella Garden",
        "tourism": "camp_site"
      }
    },
    {
      "type": "Feature",
      "geometry": {
        "type": "Point",
        "coordinates": [
          20.4866511,
          41.8136528
        ]
      },
      "properties": {
        "id": 11010106728,
        "osm_type": "node",
        "tourism": "camp_site"
      }
    },
    {
      "type": "Feature",
      "geometry": {
        "type": "Point",
        "coordinates": [
          20.4880383,
          41.8143653
        ]
      },
      "properties": {
        "id": 11012615694,
        "osm_type": "node",
        "name": "Hotel Radomire",
        "tourism": "hotel"
      }
    },
    {
      "type": "Feature",
      "geometry": {
        "type": "Point",
        "coordinates": [
          19.6047593,
          41.7946727
        ]
      },
      "properties": {
        "id": 11014510405,
        "osm_type": "node",
        "name": "Hotel Gjinaj",
        "tourism": "hostel"
      }
    },
    {
      "type": "Feature",
      "geometry": {
        "type": "Point",
        "coordinates": [
          19.4260883,
          41.8630641
        ]
      },
      "properties": {
        "id": 11026334447,
        "osm_type": "node",
        "name": "Corner Hotel",
        "tourism": "hotel",
        "check_date": "2023-07-04"
      }
    },
    {
      "type": "Feature",
      "geometry": {
        "type": "Point",
        "coordinates": [
          19.4265326,
          41.8627205
        ]
      },
      "properties": {
        "id": 11026334448,
        "osm_type": "node",
        "name": "Elvin Deluxe",
        "tourism": "hotel",
        "check_date": "2023-07-08"
      }
    },
    {
      "type": "Feature",
      "geometry": {
        "type": "Point",
        "coordinates": [
          20.5265213,
          41.8185072
        ]
      },
      "properties": {
        "id": 11033281325,
        "osm_type": "node",
        "tourism": "camp_site"
      }
    },
    {
      "type": "Feature",
      "geometry": {
        "type": "Point",
        "coordinates": [
          20.4326714,
          41.880094
        ]
      },
      "properties": {
        "id": 11042843005,
        "osm_type": "node",
        "tourism": "apartment"
      }
    },
    {
      "type": "Feature",
      "geometry": {
        "type": "Point",
        "coordinates": [
          20.3750481,
          42.2471284
        ]
      },
      "properties": {
        "id": 11043868440,
        "osm_type": "node",
        "tourism": "hotel"
      }
    },
    {
      "type": "Feature",
      "geometry": {
        "type": "Point",
        "coordinates": [
          20.4617546,
          41.6284877
        ]
      },
      "properties": {
        "id": 11052364505,
        "osm_type": "node",
        "name": "Camping Erebar stone",
        "tourism": "camp_site",
        "website": "https://m.facebook.com/people/Camping-Erebar-Stone/100083146698663/"
      }
    },
    {
      "type": "Feature",
      "geometry": {
        "type": "Point",
        "coordinates": [
          19.5150729,
          42.0624561
        ]
      },
      "properties": {
        "id": 11059549761,
        "osm_type": "node",
        "name": "at Gjergj Fishta",
        "tourism": "guest_house",
        "phone": "+355677373717"
      }
    },
    {
      "type": "Feature",
      "geometry": {
        "type": "Point",
        "coordinates": [
          19.9113022,
          42.4584652
        ]
      },
      "properties": {
        "id": 11064922360,
        "osm_type": "node",
        "name": "Mehmeti Guest House",
        "tourism": "guest_house"
      }
    },
    {
      "type": "Feature",
      "geometry": {
        "type": "Point",
        "coordinates": [
          19.7609542,
          42.4165635
        ]
      },
      "properties": {
        "id": 11066862453,
        "osm_type": "node",
        "name": "Bujtina Milani",
        "tourism": "guest_house",
        "phone": "+355683832765"
      }
    },
    {
      "type": "Feature",
      "geometry": {
        "type": "Point",
        "coordinates": [
          19.4653247,
          41.8606828
        ]
      },
      "properties": {
        "id": 11086715405,
        "osm_type": "node",
        "name": "Eco Camping Emotione",
        "tourism": "camp_site",
        "phone": "+355 69 534 9755",
        "website": "https://m.facebook.com/Emozione.Campzone.Albania"
      }
    },
    {
      "type": "Feature",
      "geometry": {
        "type": "Point",
        "coordinates": [
          20.4142522,
          42.1975314
        ]
      },
      "properties": {
        "id": 11088505255,
        "osm_type": "node",
        "name": "Hotel",
        "tourism": "hotel"
      }
    },
    {
      "type": "Feature",
      "geometry": {
        "type": "Point",
        "coordinates": [
          19.510178,
          41.28564
        ]
      },
      "properties": {
        "id": 11091258005,
        "osm_type": "node",
        "name": "Camping Scoturk",
        "tourism": "camp_site",
        "phone": "+355 69 537 5958"
      }
    },
    {
      "type": "Feature",
      "geometry": {
        "type": "Point",
        "coordinates": [
          19.5173176,
          41.5300458
        ]
      },
      "properties": {
        "id": 11096417205,
        "osm_type": "node",
        "name": "Elite Bay Hotel",
        "tourism": "hotel"
      }
    },
    {
      "type": "Feature",
      "geometry": {
        "type": "Point",
        "coordinates": [
          19.7883536,
          42.3870457
        ]
      },
      "properties": {
        "id": 11096559205,
        "osm_type": "node",
        "name": "Bujtina Tirana Theth",
        "tourism": "hostel"
      }
    },
    {
      "type": "Feature",
      "geometry": {
        "type": "Point",
        "coordinates": [
          19.7793442,
          42.3911407
        ]
      },
      "properties": {
        "id": 11096997405,
        "osm_type": "node",
        "name": "Bujtina Tinari",
        "tourism": "hostel"
      }
    },
    {
      "type": "Feature",
      "geometry": {
        "type": "Point",
        "coordinates": [
          19.78627,
          42.3880488
        ]
      },
      "properties": {
        "id": 11097770005,
        "osm_type": "node",
        "tourism": "alpine_hut"
      }
    },
    {
      "type": "Feature",
      "geometry": {
        "type": "Point",
        "coordinates": [
          19.5163364,
          42.0753438
        ]
      },
      "properties": {
        "id": 11101298305,
        "osm_type": "node",
        "tourism": "hostel",
        "website": "https://iatraveler.com/"
      }
    },
    {
      "type": "Feature",
      "geometry": {
        "type": "Point",
        "coordinates": [
          19.7840687,
          42.3882311
        ]
      },
      "properties": {
        "id": 11105617205,
        "osm_type": "node",
        "name": "Pashko",
        "tourism": "guest_house"
      }
    },
    {
      "type": "Feature",
      "geometry": {
        "type": "Point",
        "coordinates": [
          19.7603829,
          42.3986168
        ]
      },
      "properties": {
        "id": 11107078605,
        "osm_type": "node",
        "tourism": "chalet",
        "phone": "+306948374571",
        "website": "https://vidis-chalet-boutique-hotel.business.site/"
      }
    },
    {
      "type": "Feature",
      "geometry": {
        "type": "Point",
        "coordinates": [
          19.7886314,
          42.3674618
        ]
      },
      "properties": {
        "id": 11112069405,
        "osm_type": "node",
        "tourism": "camp_site"
      }
    },
    {
      "type": "Feature",
      "geometry": {
        "type": "Point",
        "coordinates": [
          19.8752886,
          42.4209799
        ]
      },
      "properties": {
        "id": 11112322705,
        "osm_type": "node",
        "name": "Bujtina Malaj",
        "tourism": "guest_house"
      }
    },
    {
      "type": "Feature",
      "geometry": {
        "type": "Point",
        "coordinates": [
          19.7933414,
          41.507045
        ]
      },
      "properties": {
        "id": 11119136908,
        "osm_type": "node",
        "name": "Kruja",
        "tourism": "hotel"
      }
    },
    {
      "type": "Feature",
      "geometry": {
        "type": "Point",
        "coordinates": [
          19.4591372,
          42.0576481
        ]
      },
      "properties": {
        "id": 11123906780,
        "osm_type": "node",
        "name": "THE STONE HOUSE",
        "tourism": "guest_house"
      }
    },
    {
      "type": "Feature",
      "geometry": {
        "type": "Point",
        "coordinates": [
          19.5099596,
          42.0688197
        ]
      },
      "properties": {
        "id": 11125866607,
        "osm_type": "node",
        "tourism": "hostel",
        "opening_hours": "Mo-Su 07:00-23:30",
        "website": "https://www.booking.com/Share-PdpCNs"
      }
    },
    {
      "type": "Feature",
      "geometry": {
        "type": "Point",
        "coordinates": [
          19.755485,
          41.7656033
        ]
      },
      "properties": {
        "id": 11129488605,
        "osm_type": "node",
        "tourism": "hotel"
      }
    },
    {
      "type": "Feature",
      "geometry": {
        "type": "Point",
        "coordinates": [
          19.4690043,
          41.3150783
        ]
      },
      "properties": {
        "id": 11154241205,
        "osm_type": "node",
        "tourism": "hotel",
        "website": "https://www.amarahotel.al/",
        "check_date": "2024-07-05"
      }
    },
    {
      "type": "Feature",
      "geometry": {
        "type": "Point",
        "coordinates": [
          19.8895785,
          41.7614847
        ]
      },
      "properties": {
        "id": 11168957589,
        "osm_type": "node",
        "name": "Camping Lakoza",
        "tourism": "camp_site"
      }
    },
    {
      "type": "Feature",
      "geometry": {
        "type": "Point",
        "coordinates": [
          19.6010239,
          41.8021722
        ]
      },
      "properties": {
        "id": 11176260837,
        "osm_type": "node",
        "name": "Suite Hotel",
        "tourism": "hotel"
      }
    },
    {
      "type": "Feature",
      "geometry": {
        "type": "Point",
        "coordinates": [
          19.8844132,
          42.4427696
        ]
      },
      "properties": {
        "id": 11187175993,
        "osm_type": "node",
        "name": "Ekonomike Mbeshtetese",
        "tourism": "guest_house"
      }
    },
    {
      "type": "Feature",
      "geometry": {
        "type": "Point",
        "coordinates": [
          19.519371,
          41.5139733
        ]
      },
      "properties": {
        "id": 11189055751,
        "osm_type": "node",
        "name": "Rosemarine Villas",
        "tourism": "apartment",
        "phone": "+355673870600"
      }
    },
    {
      "type": "Feature",
      "geometry": {
        "type": "Point",
        "coordinates": [
          19.5914419,
          41.698826
        ]
      },
      "properties": {
        "id": 11189090716,
        "osm_type": "node",
        "name": "Vila Deda Guest House",
        "tourism": "guest_house",
        "phone": "+355682772198",
        "website": "https://viladeda.business.site/"
      }
    },
    {
      "type": "Feature",
      "geometry": {
        "type": "Point",
        "coordinates": [
          20.4293515,
          42.0714807
        ]
      },
      "properties": {
        "id": 11197688737,
        "osm_type": "node",
        "name": "ARBI Guest House",
        "tourism": "guest_house",
        "opening_hours": "24/7",
        "phone": "+355683307851"
      }
    },
    {
      "type": "Feature",
      "geometry": {
        "type": "Point",
        "coordinates": [
          19.5102251,
          41.2855807
        ]
      },
      "properties": {
        "id": 11201809082,
        "osm_type": "node",
        "name": "Scoturk",
        "tourism": "camp_site"
      }
    },
    {
      "type": "Feature",
      "geometry": {
        "type": "Point",
        "coordinates": [
          19.5990392,
          41.7677196
        ]
      },
      "properties": {
        "id": 11223011215,
        "osm_type": "node",
        "name": "Laguna Park",
        "tourism": "camp_site"
      }
    },
    {
      "type": "Feature",
      "geometry": {
        "type": "Point",
        "coordinates": [
          19.7802998,
          42.3870998
        ]
      },
      "properties": {
        "id": 11227536738,
        "osm_type": "node",
        "name": "Bujtina Miqesia",
        "tourism": "hotel"
      }
    },
    {
      "type": "Feature",
      "geometry": {
        "type": "Point",
        "coordinates": [
          19.5501776,
          41.2941008
        ]
      },
      "properties": {
        "id": 11232244704,
        "osm_type": "node",
        "name": "Villa Agnes",
        "tourism": "apartment",
        "check_date": "2023-10-02"
      }
    },
    {
      "type": "Feature",
      "geometry": {
        "type": "Point",
        "coordinates": [
          19.487403,
          41.5692806
        ]
      },
      "properties": {
        "id": 11233621764,
        "osm_type": "node",
        "name": "Saint Michell",
        "tourism": "hotel"
      }
    },
    {
      "type": "Feature",
      "geometry": {
        "type": "Point",
        "coordinates": [
          19.4575398,
          41.5711589
        ]
      },
      "properties": {
        "id": 11233621765,
        "osm_type": "node",
        "name": "Resort Arbeni",
        "tourism": "hotel",
        "check_date": "2023-10-02"
      }
    },
    {
      "type": "Feature",
      "geometry": {
        "type": "Point",
        "coordinates": [
          19.4583294,
          41.5703711
        ]
      },
      "properties": {
        "id": 11234010543,
        "osm_type": "node",
        "tourism": "camp_site",
        "tents": "no",
        "check_date": "2023-10-02"
      }
    },
    {
      "type": "Feature",
      "geometry": {
        "type": "Point",
        "coordinates": [
          19.5079471,
          41.2964933
        ]
      },
      "properties": {
        "id": 11234957399,
        "osm_type": "node",
        "name": "Hotel Continental",
        "tourism": "hotel"
      }
    },
    {
      "type": "Feature",
      "geometry": {
        "type": "Point",
        "coordinates": [
          19.5891223,
          41.3704805
        ]
      },
      "properties": {
        "id": 11236634231,
        "osm_type": "node",
        "tourism": "hotel"
      }
    },
    {
      "type": "Feature",
      "geometry": {
        "type": "Point",
        "coordinates": [
          19.5242815,
          41.3535404
        ]
      },
      "properties": {
        "id": 11238379526,
        "osm_type": "node",
        "tourism": "hotel"
      }
    },
    {
      "type": "Feature",
      "geometry": {
        "type": "Point",
        "coordinates": [
          19.6044787,
          41.7958121
        ]
      },
      "properties": {
        "id": 11288869069,
        "osm_type": "node",
        "name": "Marigona",
        "tourism": "hotel"
      }
    },
    {
      "type": "Feature",
      "geometry": {
        "type": "Point",
        "coordinates": [
          19.4669715,
          42.1381191
        ]
      },
      "properties": {
        "id": 11327627298,
        "osm_type": "node",
        "name": "Lake Shkodra Resort (outer camp)",
        "tourism": "camp_site",
        "tents": "yes"
      }
    },
    {
      "type": "Feature",
      "geometry": {
        "type": "Point",
        "coordinates": [
          20.2994473,
          42.2497531
        ]
      },
      "properties": {
        "id": 11332787200,
        "osm_type": "node",
        "name": "Camping Helsan",
        "tourism": "camp_site"
      }
    },
    {
      "type": "Feature",
      "geometry": {
        "type": "Point",
        "coordinates": [
          19.8897064,
          42.4672644
        ]
      },
      "properties": {
        "id": 11332910310,
        "osm_type": "node",
        "tourism": "camp_site"
      }
    },
    {
      "type": "Feature",
      "geometry": {
        "type": "Point",
        "coordinates": [
          19.9154046,
          42.4613532
        ]
      },
      "properties": {
        "id": 11332910335,
        "osm_type": "node",
        "name": "Riverside",
        "tourism": "hotel"
      }
    },
    {
      "type": "Feature",
      "geometry": {
        "type": "Point",
        "coordinates": [
          19.9385548,
          42.4574767
        ]
      },
      "properties": {
        "id": 11332910336,
        "osm_type": "node",
        "name": "4stinet",
        "tourism": "hotel"
      }
    },
    {
      "type": "Feature",
      "geometry": {
        "type": "Point",
        "coordinates": [
          19.8372531,
          42.4100607
        ]
      },
      "properties": {
        "id": 11332962762,
        "osm_type": "node",
        "name": "Leka",
        "tourism": "camp_site"
      }
    },
    {
      "type": "Feature",
      "geometry": {
        "type": "Point",
        "coordinates": [
          19.839128,
          42.4101795
        ]
      },
      "properties": {
        "id": 11332962764,
        "osm_type": "node",
        "tourism": "camp_site"
      }
    },
    {
      "type": "Feature",
      "geometry": {
        "type": "Point",
        "coordinates": [
          19.7435305,
          42.3672898
        ]
      },
      "properties": {
        "id": 11362707369,
        "osm_type": "node",
        "tourism": "camp_site"
      }
    },
    {
      "type": "Feature",
      "geometry": {
        "type": "Point",
        "coordinates": [
          19.5046914,
          41.4359305
        ]
      },
      "properties": {
        "id": 11384394701,
        "osm_type": "node",
        "name": "Infinity Villa",
        "tourism": "hotel"
      }
    },
    {
      "type": "Feature",
      "geometry": {
        "type": "Point",
        "coordinates": [
          19.5166439,
          42.0663618
        ]
      },
      "properties": {
        "id": 11435768469,
        "osm_type": "node",
        "tourism": "hotel",
        "opening_hours": "24/7",
        "phone": "+355676649066",
        "website": "https://www.petithotelelita.com/"
      }
    },
    {
      "type": "Feature",
      "geometry": {
        "type": "Point",
        "coordinates": [
          19.8654531,
          42.4199544
        ]
      },
      "properties": {
        "id": 11601268774,
        "osm_type": "node",
        "tourism": "camp_site"
      }
    },
    {
      "type": "Feature",
      "geometry": {
        "type": "Point",
        "coordinates": [
          19.6433862,
          41.7662817
        ]
      },
      "properties": {
        "id": 11672674490,
        "osm_type": "node",
        "name": "Camping Ishull Lezhe",
        "tourism": "camp_site",
        "tents": "yes"
      }
    },
    {
      "type": "Feature",
      "geometry": {
        "type": "Point",
        "coordinates": [
          20.4950563,
          41.6844528
        ]
      },
      "properties": {
        "id": 11753466135,
        "osm_type": "node",
        "name": "Sabriu",
        "tourism": "guest_house",
        "phone": "+355 695114003",
        "check_date": "2025-06-24"
      }
    },
    {
      "type": "Feature",
      "geometry": {
        "type": "Point",
        "coordinates": [
          19.7737775,
          42.3966692
        ]
      },
      "properties": {
        "id": 11760310270,
        "osm_type": "node",
        "name": "Bujtina Harusha",
        "tourism": "hotel"
      }
    },
    {
      "type": "Feature",
      "geometry": {
        "type": "Point",
        "coordinates": [
          19.7749348,
          42.395806
        ]
      },
      "properties": {
        "id": 11761779469,
        "osm_type": "node",
        "tourism": "hostel"
      }
    },
    {
      "type": "Feature",
      "geometry": {
        "type": "Point",
        "coordinates": [
          19.4427663,
          41.3122621
        ]
      },
      "properties": {
        "id": 11811452669,
        "osm_type": "node",
        "name": "Villa Olympia",
        "tourism": "hotel",
        "phone": "+355693232677"
      }
    },
    {
      "type": "Feature",
      "geometry": {
        "type": "Point",
        "coordinates": [
          19.6774198,
          41.6611625
        ]
      },
      "properties": {
        "id": 11811512369,
        "osm_type": "node",
        "tourism": "hostel"
      }
    },
    {
      "type": "Feature",
      "geometry": {
        "type": "Point",
        "coordinates": [
          19.6802837,
          41.6639791
        ]
      },
      "properties": {
        "id": 11811512469,
        "osm_type": "node",
        "tourism": "hostel"
      }
    },
    {
      "type": "Feature",
      "geometry": {
        "type": "Point",
        "coordinates": [
          20.4211731,
          42.077787
        ]
      },
      "properties": {
        "id": 11818387380,
        "osm_type": "node",
        "name": "GRAND JNK Boutique Hotel",
        "tourism": "hotel"
      }
    },
    {
      "type": "Feature",
      "geometry": {
        "type": "Point",
        "coordinates": [
          19.4744765,
          41.3139008
        ]
      },
      "properties": {
        "id": 11842083311,
        "osm_type": "node",
        "name": "Gent's Inn",
        "tourism": "hotel",
        "check_date": "2024-04-23"
      }
    },
    {
      "type": "Feature",
      "geometry": {
        "type": "Point",
        "coordinates": [
          19.8105834,
          42.0852558
        ]
      },
      "properties": {
        "id": 11861832969,
        "osm_type": "node",
        "name": "Hotel Davids",
        "tourism": "hotel"
      }
    },
    {
      "type": "Feature",
      "geometry": {
        "type": "Point",
        "coordinates": [
          19.7677614,
          42.3988235
        ]
      },
      "properties": {
        "id": 11872568269,
        "osm_type": "node",
        "name": "Villa Ujëvara e vogël",
        "tourism": "hotel",
        "website": "https://www.booking.com/Share-sGbO5W"
      }
    },
    {
      "type": "Feature",
      "geometry": {
        "type": "Point",
        "coordinates": [
          19.7677531,
          42.3988065
        ]
      },
      "properties": {
        "id": 11872568369,
        "osm_type": "node",
        "name": "Villa Ujëvara e vogël",
        "tourism": "hotel",
        "website": "https://www.booking.com/Share-sGbO5W"
      }
    },
    {
      "type": "Feature",
      "geometry": {
        "type": "Point",
        "coordinates": [
          19.4733844,
          41.3148559
        ]
      },
      "properties": {
        "id": 11879337668,
        "osm_type": "node",
        "name": "ALEXANDER Luxury Estates",
        "tourism": "hotel",
        "phone": "+35569 900 6666",
        "website": "https://www.booking.com/hotel/al/alexander-apartments.en-gb.html"
      }
    },
    {
      "type": "Feature",
      "geometry": {
        "type": "Point",
        "coordinates": [
          19.6023418,
          41.7954806
        ]
      },
      "properties": {
        "id": 11884695269,
        "osm_type": "node",
        "name": "Milenium",
        "tourism": "hotel"
      }
    },
    {
      "type": "Feature",
      "geometry": {
        "type": "Point",
        "coordinates": [
          19.6008666,
          41.8026983
        ]
      },
      "properties": {
        "id": 11891340238,
        "osm_type": "node",
        "name": "Apartament Shengjini",
        "tourism": "apartment",
        "phone": "+355695630299",
        "website": "https://www.instagram.com/apartament__shengjini1?igsh=MWpmaTd3OXlycDg3bw=="
      }
    },
    {
      "type": "Feature",
      "geometry": {
        "type": "Point",
        "coordinates": [
          20.218246,
          41.8096526
        ]
      },
      "properties": {
        "id": 11899161337,
        "osm_type": "node",
        "name": "Oxhaku i Docit",
        "tourism": "guest_house"
      }
    },
    {
      "type": "Feature",
      "geometry": {
        "type": "Point",
        "coordinates": [
          19.5796795,
          41.8114761
        ]
      },
      "properties": {
        "id": 11936490056,
        "osm_type": "node",
        "name": "Great White Hotel",
        "tourism": "hotel",
        "opening_hours": "24/7",
        "phone": "+355 68 600 4444",
        "website": "https://greatwhite.al/"
      }
    },
    {
      "type": "Feature",
      "geometry": {
        "type": "Point",
        "coordinates": [
          19.6984504,
          41.6103204
        ]
      },
      "properties": {
        "id": 11950785255,
        "osm_type": "node",
        "name": "Lahuta e Vjetër Agroturizëm",
        "tourism": "hotel",
        "phone": "+355 68 207 2390"
      }
    },
    {
      "type": "Feature",
      "geometry": {
        "type": "Point",
        "coordinates": [
          19.5863156,
          41.6963764
        ]
      },
      "properties": {
        "id": 11970163969,
        "osm_type": "node",
        "tourism": "apartment"
      }
    },
    {
      "type": "Feature",
      "geometry": {
        "type": "Point",
        "coordinates": [
          19.4506056,
          42.0583299
        ]
      },
      "properties": {
        "id": 11985909369,
        "osm_type": "node",
        "name": "IART Residence",
        "tourism": "guest_house"
      }
    },
    {
      "type": "Feature",
      "geometry": {
        "type": "Point",
        "coordinates": [
          19.7832897,
          42.3891336
        ]
      },
      "properties": {
        "id": 11987102212,
        "osm_type": "node",
        "name": "Hotel Restorant Villa Golden",
        "tourism": "guest_house",
        "phone": "+355694211192"
      }
    },
    {
      "type": "Feature",
      "geometry": {
        "type": "Point",
        "coordinates": [
          19.782654,
          42.3887681
        ]
      },
      "properties": {
        "id": 11987102213,
        "osm_type": "node",
        "tourism": "camp_site",
        "tents": "yes"
      }
    },
    {
      "type": "Feature",
      "geometry": {
        "type": "Point",
        "coordinates": [
          19.7752408,
          42.3963308
        ]
      },
      "properties": {
        "id": 11999205404,
        "osm_type": "node",
        "name": "Agostini Theth Guest House",
        "tourism": "guest_house",
        "phone": "+355685501135"
      }
    },
    {
      "type": "Feature",
      "geometry": {
        "type": "Point",
        "coordinates": [
          19.6030531,
          41.792616
        ]
      },
      "properties": {
        "id": 12005751084,
        "osm_type": "node",
        "name": "Hotel Saca",
        "tourism": "hotel"
      }
    },
    {
      "type": "Feature",
      "geometry": {
        "type": "Point",
        "coordinates": [
          19.6037666,
          41.792426
        ]
      },
      "properties": {
        "id": 12005751085,
        "osm_type": "node",
        "name": "Hotel Frojd",
        "tourism": "hotel"
      }
    },
    {
      "type": "Feature",
      "geometry": {
        "type": "Point",
        "coordinates": [
          19.5555458,
          41.342609
        ]
      },
      "properties": {
        "id": 12009199178,
        "osm_type": "node",
        "name": "Ajman Park",
        "tourism": "hotel"
      }
    },
    {
      "type": "Feature",
      "geometry": {
        "type": "Point",
        "coordinates": [
          19.8943466,
          41.5201615
        ]
      },
      "properties": {
        "id": 12015860306,
        "osm_type": "node",
        "name": "Restorant Hotel Sajmiri",
        "tourism": "hotel"
      }
    },
    {
      "type": "Feature",
      "geometry": {
        "type": "Point",
        "coordinates": [
          19.4970999,
          41.3009481
        ]
      },
      "properties": {
        "id": 12018526769,
        "osm_type": "node",
        "tourism": "guest_house"
      }
    },
    {
      "type": "Feature",
      "geometry": {
        "type": "Point",
        "coordinates": [
          19.5191866,
          42.0696367
        ]
      },
      "properties": {
        "id": 12029938732,
        "osm_type": "node",
        "name": "Guest House Zadeja",
        "tourism": "apartment"
      }
    },
    {
      "type": "Feature",
      "geometry": {
        "type": "Point",
        "coordinates": [
          20.25063,
          41.6244727
        ]
      },
      "properties": {
        "id": 12049825969,
        "osm_type": "node",
        "name": "Bar cafe",
        "tourism": "alpine_hut"
      }
    },
    {
      "type": "Feature",
      "geometry": {
        "type": "Point",
        "coordinates": [
          19.8874335,
          42.4481625
        ]
      },
      "properties": {
        "id": 12065218755,
        "osm_type": "node",
        "name": "Bujtina Arturi",
        "tourism": "guest_house",
        "phone": "+355 67 309 3226",
        "check_date": "2024-07-20"
      }
    },
    {
      "type": "Feature",
      "geometry": {
        "type": "Point",
        "coordinates": [
          19.7625382,
          42.4043259
        ]
      },
      "properties": {
        "id": 12066379520,
        "osm_type": "node",
        "name": "Kompleksi Gjoni",
        "tourism": "guest_house",
        "check_date": "2024-07-21"
      }
    },
    {
      "type": "Feature",
      "geometry": {
        "type": "Point",
        "coordinates": [
          19.7814416,
          42.3877795
        ]
      },
      "properties": {
        "id": 12069331169,
        "osm_type": "node",
        "name": "Bujtina Vellezerit Grrela",
        "tourism": "guest_house",
        "phone": "+355693363331"
      }
    },
    {
      "type": "Feature",
      "geometry": {
        "type": "Point",
        "coordinates": [
          19.7170968,
          41.5321225
        ]
      },
      "properties": {
        "id": 12073988969,
        "osm_type": "node",
        "name": "Free camping",
        "tourism": "camp_site"
      }
    },
    {
      "type": "Feature",
      "geometry": {
        "type": "Point",
        "coordinates": [
          19.5897724,
          41.6362393
        ]
      },
      "properties": {
        "id": 12075549969,
        "osm_type": "node",
        "name": "Pata Camping",
        "tourism": "camp_site"
      }
    },
    {
      "type": "Feature",
      "geometry": {
        "type": "Point",
        "coordinates": [
          19.5126041,
          42.079949
        ]
      },
      "properties": {
        "id": 12085495669,
        "osm_type": "node",
        "name": "Camping Bandula",
        "tourism": "camp_site"
      }
    },
    {
      "type": "Feature",
      "geometry": {
        "type": "Point",
        "coordinates": [
          19.4935909,
          42.0392473
        ]
      },
      "properties": {
        "id": 12134736966,
        "osm_type": "node",
        "name": "Hideaway Guesthouse",
        "tourism": "apartment"
      }
    },
    {
      "type": "Feature",
      "geometry": {
        "type": "Point",
        "coordinates": [
          20.1580161,
          42.0849442
        ]
      },
      "properties": {
        "id": 12135495466,
        "osm_type": "node",
        "tourism": "camp_site"
      }
    },
    {
      "type": "Feature",
      "geometry": {
        "type": "Point",
        "coordinates": [
          20.1420984,
          42.1965544
        ]
      },
      "properties": {
        "id": 12135495646,
        "osm_type": "node",
        "tourism": "camp_site"
      }
    },
    {
      "type": "Feature",
      "geometry": {
        "type": "Point",
        "coordinates": [
          19.7599095,
          42.414881
        ]
      },
      "properties": {
        "id": 12138315330,
        "osm_type": "node",
        "name": "free camping",
        "tourism": "camp_site"
      }
    },
    {
      "type": "Feature",
      "geometry": {
        "type": "Point",
        "coordinates": [
          19.4103406,
          41.8639697
        ]
      },
      "properties": {
        "id": 12142941942,
        "osm_type": "node",
        "name": "Camping familja Velipoje",
        "tourism": "camp_site",
        "phone": "+355693044701",
        "website": "https://www.campingfamilja.com/?utm_source=google&utm_medium=wix_google_business_profile&utm_campaign=10877564315262450400"
      }
    },
    {
      "type": "Feature",
      "geometry": {
        "type": "Point",
        "coordinates": [
          19.7655253,
          42.4030776
        ]
      },
      "properties": {
        "id": 12174551749,
        "osm_type": "node",
        "name": "Royal Land Hotel & Restaurant",
        "tourism": "hotel",
        "phone": "067 599 1939"
      }
    },
    {
      "type": "Feature",
      "geometry": {
        "type": "Point",
        "coordinates": [
          19.5106909,
          42.0660469
        ]
      },
      "properties": {
        "id": 12177076501,
        "osm_type": "node",
        "name": "Oro Inn",
        "tourism": "hotel"
      }
    },
    {
      "type": "Feature",
      "geometry": {
        "type": "Point",
        "coordinates": [
          19.6349611,
          42.4768745
        ]
      },
      "properties": {
        "id": 12192291201,
        "osm_type": "node",
        "name": "Hotel Restaurant PEPUSHAJ",
        "tourism": "hotel",
        "opening_hours": "24/7",
        "phone": "+355693292910"
      }
    },
    {
      "type": "Feature",
      "geometry": {
        "type": "Point",
        "coordinates": [
          19.7667373,
          42.35411
        ]
      },
      "properties": {
        "id": 12194213624,
        "osm_type": "node",
        "name": "Camping Gjyshit",
        "tourism": "camp_site",
        "tents": "yes"
      }
    },
    {
      "type": "Feature",
      "geometry": {
        "type": "Point",
        "coordinates": [
          19.9578588,
          42.4951518
        ]
      },
      "properties": {
        "id": 12218094342,
        "osm_type": "node",
        "name": "Guest House Afrimi",
        "tourism": "guest_house"
      }
    },
    {
      "type": "Feature",
      "geometry": {
        "type": "Point",
        "coordinates": [
          19.9300912,
          42.2748001
        ]
      },
      "properties": {
        "id": 12222847190,
        "osm_type": "node",
        "name": "Lulebore Guesthouse",
        "tourism": "guest_house"
      }
    },
    {
      "type": "Feature",
      "geometry": {
        "type": "Point",
        "coordinates": [
          19.4804399,
          42.2354533
        ]
      },
      "properties": {
        "id": 12229870801,
        "osm_type": "node",
        "tourism": "camp_site"
      }
    },
    {
      "type": "Feature",
      "geometry": {
        "type": "Point",
        "coordinates": [
          19.4899285,
          42.2477293
        ]
      },
      "properties": {
        "id": 12229871001,
        "osm_type": "node",
        "name": "Porte e Alpeve",
        "tourism": "hotel"
      }
    },
    {
      "type": "Feature",
      "geometry": {
        "type": "Point",
        "coordinates": [
          19.6480143,
          42.3988989
        ]
      },
      "properties": {
        "id": 12238638501,
        "osm_type": "node",
        "name": "Camping Tradicional",
        "tourism": "camp_site",
        "tents": "yes"
      }
    },
    {
      "type": "Feature",
      "geometry": {
        "type": "Point",
        "coordinates": [
          19.6265232,
          41.8295147
        ]
      },
      "properties": {
        "id": 12281781044,
        "osm_type": "node",
        "name": "On my way",
        "tourism": "camp_site"
      }
    },
    {
      "type": "Feature",
      "geometry": {
        "type": "Point",
        "coordinates": [
          19.5156495,
          42.0706319
        ]
      },
      "properties": {
        "id": 12294676668,
        "osm_type": "node",
        "name": "90 Pods hostel & co-working",
        "tourism": "hostel",
        "website": "https://www.instagram.com/90pods_hostel/"
      }
    },
    {
      "type": "Feature",
      "geometry": {
        "type": "Point",
        "coordinates": [
          19.5156676,
          42.0706052
        ]
      },
      "properties": {
        "id": 12351624801,
        "osm_type": "node",
        "name": "90 Pods hostel & co-working",
        "tourism": "hostel",
        "opening_hours": "24/7"
      }
    },
    {
      "type": "Feature",
      "geometry": {
        "type": "Point",
        "coordinates": [
          19.709909,
          41.4210624
        ]
      },
      "properties": {
        "id": 12376570201,
        "osm_type": "node",
        "name": "CacaHotel",
        "tourism": "hotel",
        "phone": "+355 68 2285884",
        "website": "https://www.cacahotel.com/"
      }
    },
    {
      "type": "Feature",
      "geometry": {
        "type": "Point",
        "coordinates": [
          19.488748,
          41.3134577
        ]
      },
      "properties": {
        "id": 12400579102,
        "osm_type": "node",
        "name": "Vila Thaçi",
        "tourism": "guest_house"
      }
    },
    {
      "type": "Feature",
      "geometry": {
        "type": "Point",
        "coordinates": [
          19.4885382,
          41.3135687
        ]
      },
      "properties": {
        "id": 12400613040,
        "osm_type": "node",
        "name": "Vila Eljus",
        "tourism": "guest_house"
      }
    },
    {
      "type": "Feature",
      "geometry": {
        "type": "Point",
        "coordinates": [
          19.5095698,
          42.0732638
        ]
      },
      "properties": {
        "id": 12485243555,
        "osm_type": "node",
        "name": "Sunset View Apartment Shkoder Rooftop",
        "tourism": "apartment",
        "phone": "+355672057140",
        "website": "https://sunsetviewapartmentshkoder.al/apartments/sunset-view-apartment-shkoder-rooftop/"
      }
    },
    {
      "type": "Feature",
      "geometry": {
        "type": "Point",
        "coordinates": [
          19.7830726,
          41.5059023
        ]
      },
      "properties": {
        "id": 12584923701,
        "osm_type": "node",
        "tourism": "camp_site"
      }
    },
    {
      "type": "Feature",
      "geometry": {
        "type": "Point",
        "coordinates": [
          20.4317421,
          42.0686698
        ]
      },
      "properties": {
        "id": 12596990801,
        "osm_type": "node",
        "name": "Kukes Camping",
        "tourism": "camp_site",
        "phone": "+355 68 475 3012"
      }
    },
    {
      "type": "Feature",
      "geometry": {
        "type": "Point",
        "coordinates": [
          19.7929027,
          41.5160578
        ]
      },
      "properties": {
        "id": 12621257801,
        "osm_type": "node",
        "name": "Camping Ledinga",
        "tourism": "camp_site"
      }
    },
    {
      "type": "Feature",
      "geometry": {
        "type": "Point",
        "coordinates": [
          19.5201254,
          41.3046609
        ]
      },
      "properties": {
        "id": 12685192401,
        "osm_type": "node",
        "name": "Wonderful Camping",
        "tourism": "camp_site",
        "opening_hours": "Mo-Su 07:00-01:00",
        "tents": "yes",
        "phone": "+355 69 479 0800",
        "website": "https://wonderfulcamping.al/"
      }
    },
    {
      "type": "Feature",
      "geometry": {
        "type": "Point",
        "coordinates": [
          19.5027978,
          41.8506879
        ]
      },
      "properties": {
        "id": 12702713753,
        "osm_type": "node",
        "name": "Pjeter Nikoll Marku",
        "tourism": "apartment",
        "phone": "+355 695630299"
      }
    },
    {
      "type": "Feature",
      "geometry": {
        "type": "Point",
        "coordinates": [
          19.5225438,
          41.2676909
        ]
      },
      "properties": {
        "id": 12709840219,
        "osm_type": "node",
        "name": "Eden Apartment",
        "tourism": "apartment",
        "phone": "+420725099934"
      }
    },
    {
      "type": "Feature",
      "geometry": {
        "type": "Point",
        "coordinates": [
          19.4600909,
          41.3136994
        ]
      },
      "properties": {
        "id": 12800720501,
        "osm_type": "node",
        "tourism": "hotel"
      }
    },
    {
      "type": "Feature",
      "geometry": {
        "type": "Point",
        "coordinates": [
          19.5200671,
          41.508654
        ]
      },
      "properties": {
        "id": 12852754460,
        "osm_type": "node",
        "name": "Blue Paradise",
        "tourism": "apartment"
      }
    },
    {
      "type": "Feature",
      "geometry": {
        "type": "Point",
        "coordinates": [
          20.0221141,
          42.286578
        ]
      },
      "properties": {
        "id": 12861071801,
        "osm_type": "node",
        "name": "Vila Adora",
        "tourism": "hotel"
      }
    },
    {
      "type": "Feature",
      "geometry": {
        "type": "Point",
        "coordinates": [
          19.5145236,
          42.0579397
        ]
      },
      "properties": {
        "id": 12892431001,
        "osm_type": "node",
        "name": "Miqt Guest House",
        "tourism": "hotel"
      }
    },
    {
      "type": "Feature",
      "geometry": {
        "type": "Point",
        "coordinates": [
          19.5168978,
          42.0676002
        ]
      },
      "properties": {
        "id": 12899245525,
        "osm_type": "node",
        "name": "Ikona",
        "tourism": "hotel",
        "website": "https://ikonahotel.com/"
      }
    },
    {
      "type": "Feature",
      "geometry": {
        "type": "Point",
        "coordinates": [
          19.5007119,
          42.0425936
        ]
      },
      "properties": {
        "id": 12921718901,
        "osm_type": "node",
        "tourism": "camp_site"
      }
    },
    {
      "type": "Feature",
      "geometry": {
        "type": "Point",
        "coordinates": [
          19.5937567,
          41.8120169
        ]
      },
      "properties": {
        "id": 12921818953,
        "osm_type": "node",
        "name": "HOTEL PROGNI",
        "tourism": "hotel",
        "phone": "+355 69 582 4414"
      }
    },
    {
      "type": "Feature",
      "geometry": {
        "type": "Point",
        "coordinates": [
          20.5051925,
          41.8762754
        ]
      },
      "properties": {
        "id": 12937172426,
        "osm_type": "node",
        "name": "Bujtina Musaj Cajë",
        "tourism": "hostel"
      }
    },
    {
      "type": "Feature",
      "geometry": {
        "type": "Point",
        "coordinates": [
          20.4384954,
          41.6860198
        ]
      },
      "properties": {
        "id": 12943305531,
        "osm_type": "node",
        "name": "Camping Kapxhiu",
        "tourism": "camp_site"
      }
    },
    {
      "type": "Feature",
      "geometry": {
        "type": "Point",
        "coordinates": [
          19.8789418,
          42.4332348
        ]
      },
      "properties": {
        "id": 12945151401,
        "osm_type": "node",
        "tourism": "camp_site"
      }
    },
    {
      "type": "Feature",
      "geometry": {
        "type": "Point",
        "coordinates": [
          19.7886853,
          42.370518
        ]
      },
      "properties": {
        "id": 12945921901,
        "osm_type": "node",
        "tourism": "camp_site"
      }
    },
    {
      "type": "Feature",
      "geometry": {
        "type": "Point",
        "coordinates": [
          20.4289447,
          41.6851235
        ]
      },
      "properties": {
        "id": 12946015177,
        "osm_type": "node",
        "name": "Piazza",
        "tourism": "hotel",
        "check_date": "2025-06-24"
      }
    },
    {
      "type": "Feature",
      "geometry": {
        "type": "Point",
        "coordinates": [
          19.5916488,
          41.8140544
        ]
      },
      "properties": {
        "id": 12953611202,
        "osm_type": "node",
        "name": "Hotel San Giovanni",
        "tourism": "hotel",
        "phone": "+355 67 749 9652"
      }
    },
    {
      "type": "Feature",
      "geometry": {
        "type": "Point",
        "coordinates": [
          20.5066522,
          41.64655
        ]
      },
      "properties": {
        "id": 12953894753,
        "osm_type": "node",
        "name": "Stanet e Hinoskes",
        "tourism": "apartment"
      }
    },
    {
      "type": "Feature",
      "geometry": {
        "type": "Point",
        "coordinates": [
          19.7723963,
          42.3971734
        ]
      },
      "properties": {
        "id": 12974229601,
        "osm_type": "node",
        "name": "Hotel Jezerca",
        "tourism": "hotel"
      }
    },
    {
      "type": "Feature",
      "geometry": {
        "type": "Point",
        "coordinates": [
          19.6699752,
          41.9008821
        ]
      },
      "properties": {
        "id": 12988233001,
        "osm_type": "node",
        "name": "Guesthouse Vitoria",
        "tourism": "guest_house"
      }
    },
    {
      "type": "Feature",
      "geometry": {
        "type": "Point",
        "coordinates": [
          19.7694156,
          42.3542508
        ]
      },
      "properties": {
        "id": 12995878801,
        "osm_type": "node",
        "name": "Monark Villas",
        "tourism": "guest_house"
      }
    },
    {
      "type": "Feature",
      "geometry": {
        "type": "Point",
        "coordinates": [
          19.7794482,
          42.3989542
        ]
      },
      "properties": {
        "id": 12997233101,
        "osm_type": "node",
        "name": "Bujtina Shkambi",
        "tourism": "guest_house"
      }
    },
    {
      "type": "Feature",
      "geometry": {
        "type": "Point",
        "coordinates": [
          19.8069881,
          42.1990071
        ]
      },
      "properties": {
        "id": 13001544001,
        "osm_type": "node",
        "name": "Villa's Gio Bar-Restorant Hotel",
        "tourism": "guest_house"
      }
    },
    {
      "type": "Feature",
      "geometry": {
        "type": "Point",
        "coordinates": [
          19.794061,
          41.5130444
        ]
      },
      "properties": {
        "id": 13004497401,
        "osm_type": "node",
        "name": "The view guest house",
        "tourism": "guest_house"
      }
    },
    {
      "type": "Feature",
      "geometry": {
        "type": "Point",
        "coordinates": [
          19.6033691,
          41.791157
        ]
      },
      "properties": {
        "id": 13006295576,
        "osm_type": "node",
        "name": "Tanushaj Beach Resort 2",
        "tourism": "hotel"
      }
    },
    {
      "type": "Feature",
      "geometry": {
        "type": "Point",
        "coordinates": [
          19.9619465,
          42.4950829
        ]
      },
      "properties": {
        "id": 13048564763,
        "osm_type": "node",
        "name": "GuestHouse VITA",
        "tourism": "hotel",
        "website": "+355 69 535 7227"
      }
    },
    {
      "type": "Feature",
      "geometry": {
        "type": "Point",
        "coordinates": [
          19.8766465,
          42.4391951
        ]
      },
      "properties": {
        "id": 13082059601,
        "osm_type": "node",
        "name": "Lola's Guesthouse",
        "tourism": "guest_house"
      }
    },
    {
      "type": "Feature",
      "geometry": {
        "type": "Point",
        "coordinates": [
          19.7792867,
          42.3983164
        ]
      },
      "properties": {
        "id": 13096122501,
        "osm_type": "node",
        "name": "Vellezrit Shkambi",
        "tourism": "guest_house"
      }
    },
    {
      "type": "Feature",
      "geometry": {
        "type": "Point",
        "coordinates": [
          19.7670519,
          42.3538735
        ]
      },
      "properties": {
        "id": 13096152501,
        "osm_type": "node",
        "name": "Xhovani Zelna",
        "tourism": "guest_house"
      }
    },
    {
      "type": "Feature",
      "geometry": {
        "type": "Point",
        "coordinates": [
          20.4879022,
          41.8138247
        ]
      },
      "properties": {
        "id": 13105415603,
        "osm_type": "node",
        "tourism": "caravan_site"
      }
    },
    {
      "type": "Feature",
      "geometry": {
        "type": "Point",
        "coordinates": [
          19.8923808,
          41.6809808
        ]
      },
      "properties": {
        "id": 13130931498,
        "osm_type": "node",
        "name": "Tani",
        "tourism": "hotel"
      }
    },
    {
      "type": "Feature",
      "geometry": {
        "type": "Point",
        "coordinates": [
          19.6020749,
          41.797636
        ]
      },
      "properties": {
        "id": 13136245377,
        "osm_type": "node",
        "name": "Tanushaj Beach Resort",
        "tourism": "hotel"
      }
    },
    {
      "type": "Feature",
      "geometry": {
        "type": "Point",
        "coordinates": [
          19.6021446,
          41.7982399
        ]
      },
      "properties": {
        "id": 13136245378,
        "osm_type": "node",
        "name": "Delfin Resort",
        "tourism": "hotel"
      }
    },
    {
      "type": "Feature",
      "geometry": {
        "type": "Point",
        "coordinates": [
          19.6016126,
          41.8000157
        ]
      },
      "properties": {
        "id": 13136245379,
        "osm_type": "node",
        "name": "Hotel Amare",
        "tourism": "hotel"
      }
    },
    {
      "type": "Feature",
      "geometry": {
        "type": "Point",
        "coordinates": [
          19.5998008,
          41.8084977
        ]
      },
      "properties": {
        "id": 13136246456,
        "osm_type": "node",
        "name": "Rafaello Resort",
        "tourism": "hotel"
      }
    },
    {
      "type": "Feature",
      "geometry": {
        "type": "Point",
        "coordinates": [
          19.6022766,
          41.7936708
        ]
      },
      "properties": {
        "id": 13136348982,
        "osm_type": "node",
        "name": "Hotel Flamingo",
        "tourism": "hotel"
      }
    },
    {
      "type": "Feature",
      "geometry": {
        "type": "Point",
        "coordinates": [
          20.0656627,
          42.5466487
        ]
      },
      "properties": {
        "id": 13162284841,
        "osm_type": "node",
        "name": "Bashkimi",
        "tourism": "camp_site",
        "tents": "yes",
        "check_date": "2025-09-06"
      }
    },
    {
      "type": "Feature",
      "geometry": {
        "type": "Point",
        "coordinates": [
          19.6525331,
          42.0469729
        ]
      },
      "properties": {
        "id": 13162988627,
        "osm_type": "node",
        "tourism": "camp_site"
      }
    },
    {
      "type": "Feature",
      "geometry": {
        "type": "Point",
        "coordinates": [
          19.6028064,
          41.7736714
        ]
      },
      "properties": {
        "id": 13164430501,
        "osm_type": "node",
        "name": "DEMI Camping",
        "tourism": "camp_site"
      }
    },
    {
      "type": "Feature",
      "geometry": {
        "type": "Point",
        "coordinates": [
          19.9266602,
          42.3625603
        ]
      },
      "properties": {
        "id": 13171693380,
        "osm_type": "node",
        "name": "Camping Qerec",
        "tourism": "camp_site",
        "tents": "no"
      }
    },
    {
      "type": "Feature",
      "geometry": {
        "type": "Point",
        "coordinates": [
          19.442504,
          41.3102413
        ]
      },
      "properties": {
        "id": 13173850001,
        "osm_type": "node",
        "name": "Villa Pascucci Mare",
        "tourism": "hotel"
      }
    },
    {
      "type": "Feature",
      "geometry": {
        "type": "Point",
        "coordinates": [
          20.014966,
          41.6097634
        ]
      },
      "properties": {
        "id": 13175068657,
        "osm_type": "node",
        "name": "Skura",
        "tourism": "hotel"
      }
    },
    {
      "type": "Feature",
      "geometry": {
        "type": "Point",
        "coordinates": [
          20.013019,
          41.6104045
        ]
      },
      "properties": {
        "id": 13176739186,
        "osm_type": "node",
        "name": "Turizmi",
        "tourism": "hotel"
      }
    },
    {
      "type": "Feature",
      "geometry": {
        "type": "Point",
        "coordinates": [
          19.7421909,
          42.0720068
        ]
      },
      "properties": {
        "id": 13181459955,
        "osm_type": "node",
        "name": "Wooden Villas Karme",
        "tourism": "camp_site",
        "phone": "+355 68 542 4890"
      }
    },
    {
      "type": "Feature",
      "geometry": {
        "type": "Point",
        "coordinates": [
          19.8063098,
          42.1999032
        ]
      },
      "properties": {
        "id": 13185928401,
        "osm_type": "node",
        "name": "Livadhi Guesthouse",
        "tourism": "hotel"
      }
    },
    {
      "type": "Feature",
      "geometry": {
        "type": "Point",
        "coordinates": [
          20.0273297,
          42.5349164
        ]
      },
      "properties": {
        "id": 13186552647,
        "osm_type": "node",
        "name": "Wild camp",
        "tourism": "camp_site"
      }
    },
    {
      "type": "Feature",
      "geometry": {
        "type": "Point",
        "coordinates": [
          19.9474282,
          42.4648114
        ]
      },
      "properties": {
        "id": 13186567621,
        "osm_type": "node",
        "name": "Wild Camping Spot for a 2P tent",
        "tourism": "camp_site"
      }
    },
    {
      "type": "Feature",
      "geometry": {
        "type": "Point",
        "coordinates": [
          19.9665401,
          42.5027053
        ]
      },
      "properties": {
        "id": 13186579404,
        "osm_type": "node",
        "name": "Wild camp",
        "tourism": "camp_site"
      }
    },
    {
      "type": "Feature",
      "geometry": {
        "type": "Point",
        "coordinates": [
          19.9640163,
          42.4974672
        ]
      },
      "properties": {
        "id": 13186582847,
        "osm_type": "node",
        "name": "Wild camp",
        "tourism": "camp_site"
      }
    },
    {
      "type": "Feature",
      "geometry": {
        "type": "Point",
        "coordinates": [
          19.9657773,
          42.5012446
        ]
      },
      "properties": {
        "id": 13186588509,
        "osm_type": "node",
        "name": "Small wild camp",
        "tourism": "camp_site"
      }
    },
    {
      "type": "Feature",
      "geometry": {
        "type": "Point",
        "coordinates": [
          19.7879784,
          42.4018174
        ]
      },
      "properties": {
        "id": 13186590068,
        "osm_type": "node",
        "name": "Wild Camp",
        "tourism": "camp_site"
      }
    },
    {
      "type": "Feature",
      "geometry": {
        "type": "Point",
        "coordinates": [
          19.7757847,
          42.3972962
        ]
      },
      "properties": {
        "id": 13241278932,
        "osm_type": "node",
        "name": "Hotel Alpet",
        "tourism": "hotel",
        "check_date": "2025-10-18"
      }
    },
    {
      "type": "Feature",
      "geometry": {
        "type": "Point",
        "coordinates": [
          19.4452566,
          42.1564395
        ]
      },
      "properties": {
        "id": 13249840949,
        "osm_type": "node",
        "name": "Hysaj Agroturizëm Camping",
        "tourism": "camp_site"
      }
    },
    {
      "type": "Feature",
      "geometry": {
        "type": "Point",
        "coordinates": [
          19.5209992,
          42.0699875
        ]
      },
      "properties": {
        "id": 13263108019,
        "osm_type": "node",
        "name": "Stairway to Heaven",
        "tourism": "guest_house"
      }
    },
    {
      "type": "Feature",
      "geometry": {
        "type": "Point",
        "coordinates": [
          19.7915897,
          41.5116694
        ]
      },
      "properties": {
        "id": 13665282135,
        "osm_type": "node",
        "name": "Vila Hk",
        "tourism": "guest_house",
        "website": "https://www.booking.com/Share-x7IP700"
      }
    },
    {
      "type": "Feature",
      "geometry": {
        "type": "Point",
        "coordinates": [
          19.3889241,
          42.2791741
        ]
      },
      "properties": {
        "id": 13713683901,
        "osm_type": "node",
        "tourism": "camp_site"
      }
    },
    {
      "type": "Feature",
      "geometry": {
        "type": "Point",
        "coordinates": [
          19.5175114,
          41.2709126
        ]
      },
      "properties": {
        "id": 13755465502,
        "osm_type": "node",
        "name": "Hotel Elba",
        "tourism": "hotel"
      }
    },
    {
      "type": "Feature",
      "geometry": {
        "type": "Point",
        "coordinates": [
          20.0973112,
          42.3546921
        ]
      },
      "properties": {
        "id": 13765790962,
        "osm_type": "node",
        "name": "Valbona River Hotel & Restaurant",
        "tourism": "hotel"
      }
    },
    {
      "type": "Feature",
      "geometry": {
        "type": "Point",
        "coordinates": [
          19.5146474,
          42.0675239
        ]
      },
      "properties": {
        "id": 151789628,
        "osm_type": "way",
        "name": "Hotel Colosseo",
        "tourism": "hotel",
        "opening_hours": "24/7",
        "phone": "+35522247513;+35522247514",
        "website": "https://www.colosseohotel.com/"
      }
    },
    {
      "type": "Feature",
      "geometry": {
        "type": "Point",
        "coordinates": [
          19.4966286,
          41.3049526
        ]
      },
      "properties": {
        "id": 152290456,
        "osm_type": "way",
        "name": "Hotel Albion",
        "tourism": "hotel",
        "website": "www.hotelalbion.al"
      }
    },
    {
      "type": "Feature",
      "geometry": {
        "type": "Point",
        "coordinates": [
          19.5615778,
          41.3059558
        ]
      },
      "properties": {
        "id": 172176829,
        "osm_type": "way",
        "name": "Coco",
        "tourism": "hotel"
      }
    },
    {
      "type": "Feature",
      "geometry": {
        "type": "Point",
        "coordinates": [
          20.073371,
          42.3557455
        ]
      },
      "properties": {
        "id": 172822864,
        "osm_type": "way",
        "tourism": "hotel"
      }
    },
    {
      "type": "Feature",
      "geometry": {
        "type": "Point",
        "coordinates": [
          20.4271053,
          41.6858878
        ]
      },
      "properties": {
        "id": 175904742,
        "osm_type": "way",
        "name": "Korabi",
        "tourism": "hotel",
        "opening_hours": "24/7",
        "phone": "0692070107"
      }
    },
    {
      "type": "Feature",
      "geometry": {
        "type": "Point",
        "coordinates": [
          19.4542275,
          41.3272603
        ]
      },
      "properties": {
        "id": 180994948,
        "osm_type": "way",
        "name": "Hotel Nais Beach",
        "tourism": "hotel"
      }
    },
    {
      "type": "Feature",
      "geometry": {
        "type": "Point",
        "coordinates": [
          19.7119102,
          41.4205704
        ]
      },
      "properties": {
        "id": 196954411,
        "osm_type": "way",
        "name": "Premier Ark Hotel",
        "tourism": "hotel",
        "phone": "+35544500515",
        "website": "https://www.arkhotel.al/"
      }
    },
    {
      "type": "Feature",
      "geometry": {
        "type": "Point",
        "coordinates": [
          19.7095019,
          41.4204482
        ]
      },
      "properties": {
        "id": 196954441,
        "osm_type": "way",
        "name": "Vila Zeus Hotel",
        "tourism": "hotel",
        "phone": "+355 69 8877010",
        "website": "https://www.hotelvilazeus.com/"
      }
    },
    {
      "type": "Feature",
      "geometry": {
        "type": "Point",
        "coordinates": [
          19.711439,
          41.4201666
        ]
      },
      "properties": {
        "id": 196954443,
        "osm_type": "way",
        "name": "Airport Garden Hotel",
        "tourism": "hotel",
        "phone": "+355 69 455 3350"
      }
    },
    {
      "type": "Feature",
      "geometry": {
        "type": "Point",
        "coordinates": [
          19.5104968,
          42.0657556
        ]
      },
      "properties": {
        "id": 198479509,
        "osm_type": "way",
        "name": "Grand Hotel Europa",
        "tourism": "hotel",
        "phone": "+35522241211",
        "website": "http://www.europagrandhotel.com"
      }
    },
    {
      "type": "Feature",
      "geometry": {
        "type": "Point",
        "coordinates": [
          19.5117675,
          42.0674655
        ]
      },
      "properties": {
        "id": 198835347,
        "osm_type": "way",
        "name": "Red Bricks Hotel",
        "tourism": "hotel",
        "phone": "+35522900888;+35521570035;+355675242200",
        "website": "https://www.theredbricks-al.com/"
      }
    },
    {
      "type": "Feature",
      "geometry": {
        "type": "Point",
        "coordinates": [
          19.5224419,
          42.0613189
        ]
      },
      "properties": {
        "id": 199130927,
        "osm_type": "way",
        "name": "Shkodra Hotel",
        "tourism": "hotel",
        "phone": "+35522249284"
      }
    },
    {
      "type": "Feature",
      "geometry": {
        "type": "Point",
        "coordinates": [
          19.4404251,
          41.8635285
        ]
      },
      "properties": {
        "id": 199146543,
        "osm_type": "way",
        "name": "Laguna",
        "tourism": "hotel"
      }
    },
    {
      "type": "Feature",
      "geometry": {
        "type": "Point",
        "coordinates": [
          19.4094967,
          41.8646555
        ]
      },
      "properties": {
        "id": 199146592,
        "osm_type": "way",
        "name": "Progni",
        "tourism": "hotel"
      }
    },
    {
      "type": "Feature",
      "geometry": {
        "type": "Point",
        "coordinates": [
          19.4395623,
          41.863557
        ]
      },
      "properties": {
        "id": 199146612,
        "osm_type": "way",
        "name": "Jurgen",
        "tourism": "hotel"
      }
    },
    {
      "type": "Feature",
      "geometry": {
        "type": "Point",
        "coordinates": [
          19.4381348,
          41.8632765
        ]
      },
      "properties": {
        "id": 199146614,
        "osm_type": "way",
        "tourism": "hotel"
      }
    },
    {
      "type": "Feature",
      "geometry": {
        "type": "Point",
        "coordinates": [
          19.4296668,
          41.8632555
        ]
      },
      "properties": {
        "id": 199583643,
        "osm_type": "way",
        "name": "Muja",
        "tourism": "hotel",
        "phone": "+355692088900"
      }
    },
    {
      "type": "Feature",
      "geometry": {
        "type": "Point",
        "coordinates": [
          19.4304541,
          41.8646033
        ]
      },
      "properties": {
        "id": 199583679,
        "osm_type": "way",
        "name": "Hotel ADRIATIK",
        "tourism": "hotel"
      }
    },
    {
      "type": "Feature",
      "geometry": {
        "type": "Point",
        "coordinates": [
          19.4339301,
          41.863743
        ]
      },
      "properties": {
        "id": 199583738,
        "osm_type": "way",
        "name": "Mesdheu",
        "tourism": "hotel"
      }
    },
    {
      "type": "Feature",
      "geometry": {
        "type": "Point",
        "coordinates": [
          19.4348895,
          41.863117
        ]
      },
      "properties": {
        "id": 199583759,
        "osm_type": "way",
        "tourism": "hotel"
      }
    },
    {
      "type": "Feature",
      "geometry": {
        "type": "Point",
        "coordinates": [
          19.4332616,
          41.8629851
        ]
      },
      "properties": {
        "id": 199583769,
        "osm_type": "way",
        "name": "Vllazen Kaçi",
        "tourism": "hotel"
      }
    },
    {
      "type": "Feature",
      "geometry": {
        "type": "Point",
        "coordinates": [
          19.4298079,
          41.8635412
        ]
      },
      "properties": {
        "id": 199583796,
        "osm_type": "way",
        "name": "Hotel Bunishta",
        "tourism": "hotel",
        "phone": "+355672870210"
      }
    },
    {
      "type": "Feature",
      "geometry": {
        "type": "Point",
        "coordinates": [
          19.4326687,
          41.8654993
        ]
      },
      "properties": {
        "id": 199583860,
        "osm_type": "way",
        "name": "Athina",
        "tourism": "hotel"
      }
    },
    {
      "type": "Feature",
      "geometry": {
        "type": "Point",
        "coordinates": [
          19.4293201,
          41.8631465
        ]
      },
      "properties": {
        "id": 199583886,
        "osm_type": "way",
        "name": "Nicolo",
        "tourism": "hotel"
      }
    },
    {
      "type": "Feature",
      "geometry": {
        "type": "Point",
        "coordinates": [
          19.4329233,
          41.8630431
        ]
      },
      "properties": {
        "id": 199583904,
        "osm_type": "way",
        "tourism": "hotel"
      }
    },
    {
      "type": "Feature",
      "geometry": {
        "type": "Point",
        "coordinates": [
          19.4258508,
          41.8667078
        ]
      },
      "properties": {
        "id": 199583953,
        "osm_type": "way",
        "name": "Skenderbeg",
        "tourism": "hotel"
      }
    },
    {
      "type": "Feature",
      "geometry": {
        "type": "Point",
        "coordinates": [
          19.4328778,
          41.8653036
        ]
      },
      "properties": {
        "id": 199583963,
        "osm_type": "way",
        "name": "Gardelend",
        "tourism": "hotel"
      }
    },
    {
      "type": "Feature",
      "geometry": {
        "type": "Point",
        "coordinates": [
          19.4340074,
          41.8654476
        ]
      },
      "properties": {
        "id": 199583988,
        "osm_type": "way",
        "name": "Hotel 3 Luanët",
        "tourism": "hotel",
        "phone": "00355692797029"
      }
    },
    {
      "type": "Feature",
      "geometry": {
        "type": "Point",
        "coordinates": [
          19.4306207,
          41.8651158
        ]
      },
      "properties": {
        "id": 199583990,
        "osm_type": "way",
        "name": "Hotel ARDA",
        "tourism": "hotel"
      }
    },
    {
      "type": "Feature",
      "geometry": {
        "type": "Point",
        "coordinates": [
          19.4306697,
          41.8679743
        ]
      },
      "properties": {
        "id": 199584017,
        "osm_type": "way",
        "tourism": "hotel"
      }
    },
    {
      "type": "Feature",
      "geometry": {
        "type": "Point",
        "coordinates": [
          19.4109797,
          41.8659992
        ]
      },
      "properties": {
        "id": 199760389,
        "osm_type": "way",
        "name": "Vivian",
        "tourism": "hotel",
        "phone": "+355673965955",
        "website": "https://hotelvivian.webs.com/"
      }
    },
    {
      "type": "Feature",
      "geometry": {
        "type": "Point",
        "coordinates": [
          19.4156923,
          41.8634099
        ]
      },
      "properties": {
        "id": 199760400,
        "osm_type": "way",
        "name": "Firenze",
        "tourism": "hotel"
      }
    },
    {
      "type": "Feature",
      "geometry": {
        "type": "Point",
        "coordinates": [
          19.4228091,
          41.8656344
        ]
      },
      "properties": {
        "id": 199760402,
        "osm_type": "way",
        "name": "Bledi",
        "tourism": "hotel"
      }
    },
    {
      "type": "Feature",
      "geometry": {
        "type": "Point",
        "coordinates": [
          19.4235354,
          41.8662028
        ]
      },
      "properties": {
        "id": 199760412,
        "osm_type": "way",
        "tourism": "hotel"
      }
    },
    {
      "type": "Feature",
      "geometry": {
        "type": "Point",
        "coordinates": [
          19.4184879,
          41.863471
        ]
      },
      "properties": {
        "id": 199760430,
        "osm_type": "way",
        "name": "Silbela",
        "tourism": "hotel",
        "phone": "+355683220986"
      }
    },
    {
      "type": "Feature",
      "geometry": {
        "type": "Point",
        "coordinates": [
          19.4131828,
          41.8637382
        ]
      },
      "properties": {
        "id": 199760433,
        "osm_type": "way",
        "name": "Hotel Otrant",
        "tourism": "hotel",
        "phone": "+355682085193",
        "check_date": "2023-07-07"
      }
    },
    {
      "type": "Feature",
      "geometry": {
        "type": "Point",
        "coordinates": [
          19.4147942,
          41.8635393
        ]
      },
      "properties": {
        "id": 199760442,
        "osm_type": "way",
        "name": "Luka",
        "tourism": "hotel",
        "phone": "+355684089528"
      }
    },
    {
      "type": "Feature",
      "geometry": {
        "type": "Point",
        "coordinates": [
          19.4218697,
          41.8659125
        ]
      },
      "properties": {
        "id": 199760444,
        "osm_type": "way",
        "name": "Paulin Nevila",
        "tourism": "apartment"
      }
    },
    {
      "type": "Feature",
      "geometry": {
        "type": "Point",
        "coordinates": [
          19.4127251,
          41.8657267
        ]
      },
      "properties": {
        "id": 199760452,
        "osm_type": "way",
        "name": "La Suisse",
        "tourism": "hotel",
        "phone": "+355672814408;+35544617955"
      }
    },
    {
      "type": "Feature",
      "geometry": {
        "type": "Point",
        "coordinates": [
          19.4123955,
          41.8646962
        ]
      },
      "properties": {
        "id": 199760470,
        "osm_type": "way",
        "name": "Devi",
        "tourism": "hotel"
      }
    },
    {
      "type": "Feature",
      "geometry": {
        "type": "Point",
        "coordinates": [
          19.421713,
          41.8669236
        ]
      },
      "properties": {
        "id": 199760482,
        "osm_type": "way",
        "name": "Kopliku",
        "tourism": "hotel"
      }
    },
    {
      "type": "Feature",
      "geometry": {
        "type": "Point",
        "coordinates": [
          19.4221202,
          41.864287
        ]
      },
      "properties": {
        "id": 199760484,
        "osm_type": "way",
        "name": "Perdja",
        "tourism": "hotel",
        "phone": "+355692184069"
      }
    },
    {
      "type": "Feature",
      "geometry": {
        "type": "Point",
        "coordinates": [
          19.4164581,
          41.8633935
        ]
      },
      "properties": {
        "id": 199760489,
        "osm_type": "way",
        "name": "Andrea",
        "tourism": "hotel",
        "phone": "+355683052647;+355682569461"
      }
    },
    {
      "type": "Feature",
      "geometry": {
        "type": "Point",
        "coordinates": [
          19.423106,
          41.8662141
        ]
      },
      "properties": {
        "id": 199760491,
        "osm_type": "way",
        "name": "Holiday",
        "tourism": "hotel",
        "phone": "+355672239690"
      }
    },
    {
      "type": "Feature",
      "geometry": {
        "type": "Point",
        "coordinates": [
          19.4223655,
          41.8642859
        ]
      },
      "properties": {
        "id": 199760498,
        "osm_type": "way",
        "name": "Center Park",
        "tourism": "hotel",
        "phone": "+355672880560"
      }
    },
    {
      "type": "Feature",
      "geometry": {
        "type": "Point",
        "coordinates": [
          19.4149135,
          41.8641646
        ]
      },
      "properties": {
        "id": 199760522,
        "osm_type": "way",
        "name": "Halilaj",
        "tourism": "hotel",
        "phone": "+355673326606;+355693024985"
      }
    },
    {
      "type": "Feature",
      "geometry": {
        "type": "Point",
        "coordinates": [
          19.4237063,
          41.8646836
        ]
      },
      "properties": {
        "id": 199760523,
        "osm_type": "way",
        "name": "Jakaj",
        "tourism": "hotel",
        "phone": "+355672879814"
      }
    },
    {
      "type": "Feature",
      "geometry": {
        "type": "Point",
        "coordinates": [
          19.4217012,
          41.8662454
        ]
      },
      "properties": {
        "id": 199760525,
        "osm_type": "way",
        "name": "Rilindja",
        "tourism": "hotel",
        "phone": "+355673080903;+355673074286"
      }
    },
    {
      "type": "Feature",
      "geometry": {
        "type": "Point",
        "coordinates": [
          19.4223994,
          41.8660347
        ]
      },
      "properties": {
        "id": 199760545,
        "osm_type": "way",
        "name": "Greis & John",
        "tourism": "hotel",
        "phone": "+355672341492;+355683878814"
      }
    },
    {
      "type": "Feature",
      "geometry": {
        "type": "Point",
        "coordinates": [
          19.4253002,
          41.8659932
        ]
      },
      "properties": {
        "id": 199760550,
        "osm_type": "way",
        "name": "Belgjika",
        "tourism": "hotel",
        "opening_hours": "24/7",
        "phone": "+355693355445"
      }
    },
    {
      "type": "Feature",
      "geometry": {
        "type": "Point",
        "coordinates": [
          19.4106885,
          41.8656338
        ]
      },
      "properties": {
        "id": 199760567,
        "osm_type": "way",
        "name": "Fredi Rezidenc",
        "tourism": "hotel"
      }
    },
    {
      "type": "Feature",
      "geometry": {
        "type": "Point",
        "coordinates": [
          19.4172954,
          41.8629853
        ]
      },
      "properties": {
        "id": 199760581,
        "osm_type": "way",
        "name": "Temali 1",
        "tourism": "hotel",
        "phone": "+355685442087"
      }
    },
    {
      "type": "Feature",
      "geometry": {
        "type": "Point",
        "coordinates": [
          19.4233534,
          41.8652845
        ]
      },
      "properties": {
        "id": 199760583,
        "osm_type": "way",
        "name": "London",
        "tourism": "hotel",
        "phone": "+355692095772",
        "website": "www.londonhotel-al.com"
      }
    },
    {
      "type": "Feature",
      "geometry": {
        "type": "Point",
        "coordinates": [
          19.4255828,
          41.8641759
        ]
      },
      "properties": {
        "id": 199760589,
        "osm_type": "way",
        "name": "Droni",
        "tourism": "hotel"
      }
    },
    {
      "type": "Feature",
      "geometry": {
        "type": "Point",
        "coordinates": [
          19.4170712,
          41.8633579
        ]
      },
      "properties": {
        "id": 199760591,
        "osm_type": "way",
        "name": "Temali 2",
        "tourism": "hotel",
        "phone": "+355683667468"
      }
    },
    {
      "type": "Feature",
      "geometry": {
        "type": "Point",
        "coordinates": [
          19.4211552,
          41.8631262
        ]
      },
      "properties": {
        "id": 199760593,
        "osm_type": "way",
        "name": "Bregdeti",
        "tourism": "hotel"
      }
    },
    {
      "type": "Feature",
      "geometry": {
        "type": "Point",
        "coordinates": [
          19.4224564,
          41.8675724
        ]
      },
      "properties": {
        "id": 199760595,
        "osm_type": "way",
        "name": "Metvelaj",
        "tourism": "hotel",
        "phone": "+355692268121"
      }
    },
    {
      "type": "Feature",
      "geometry": {
        "type": "Point",
        "coordinates": [
          19.4200612,
          41.8639188
        ]
      },
      "properties": {
        "id": 199760616,
        "osm_type": "way",
        "tourism": "hotel"
      }
    },
    {
      "type": "Feature",
      "geometry": {
        "type": "Point",
        "coordinates": [
          19.4223181,
          41.8662825
        ]
      },
      "properties": {
        "id": 199760622,
        "osm_type": "way",
        "name": "Aldisi",
        "tourism": "hotel"
      }
    },
    {
      "type": "Feature",
      "geometry": {
        "type": "Point",
        "coordinates": [
          19.4093654,
          41.8638451
        ]
      },
      "properties": {
        "id": 199760628,
        "osm_type": "way",
        "name": "Vila 2x2",
        "tourism": "hotel",
        "phone": "+355689034853"
      }
    },
    {
      "type": "Feature",
      "geometry": {
        "type": "Point",
        "coordinates": [
          19.4135934,
          41.8632708
        ]
      },
      "properties": {
        "id": 199760629,
        "osm_type": "way",
        "name": "Vila 9",
        "tourism": "hotel"
      }
    },
    {
      "type": "Feature",
      "geometry": {
        "type": "Point",
        "coordinates": [
          19.4216389,
          41.8664328
        ]
      },
      "properties": {
        "id": 199760631,
        "osm_type": "way",
        "name": "Vila Lukaj",
        "tourism": "hotel"
      }
    },
    {
      "type": "Feature",
      "geometry": {
        "type": "Point",
        "coordinates": [
          19.4232222,
          41.8647634
        ]
      },
      "properties": {
        "id": 199760639,
        "osm_type": "way",
        "name": "Hotel Fezal",
        "tourism": "hotel"
      }
    },
    {
      "type": "Feature",
      "geometry": {
        "type": "Point",
        "coordinates": [
          19.4217578,
          41.8639022
        ]
      },
      "properties": {
        "id": 199760644,
        "osm_type": "way",
        "name": "Perdja",
        "tourism": "hotel",
        "phone": "+355692184069"
      }
    },
    {
      "type": "Feature",
      "geometry": {
        "type": "Point",
        "coordinates": [
          19.4230608,
          41.8654084
        ]
      },
      "properties": {
        "id": 199760650,
        "osm_type": "way",
        "name": "Selita",
        "tourism": "hotel",
        "phone": "+355672341490"
      }
    },
    {
      "type": "Feature",
      "geometry": {
        "type": "Point",
        "coordinates": [
          19.4221947,
          41.8646468
        ]
      },
      "properties": {
        "id": 199760667,
        "osm_type": "way",
        "name": "Argenti",
        "tourism": "hotel",
        "phone": "+355692055067"
      }
    },
    {
      "type": "Feature",
      "geometry": {
        "type": "Point",
        "coordinates": [
          19.4166671,
          41.8631193
        ]
      },
      "properties": {
        "id": 199760672,
        "osm_type": "way",
        "name": "Toka",
        "tourism": "hotel",
        "phone": "+355683301399"
      }
    },
    {
      "type": "Feature",
      "geometry": {
        "type": "Point",
        "coordinates": [
          19.4238937,
          41.8661827
        ]
      },
      "properties": {
        "id": 199760675,
        "osm_type": "way",
        "tourism": "hotel"
      }
    },
    {
      "type": "Feature",
      "geometry": {
        "type": "Point",
        "coordinates": [
          19.4228623,
          41.8662003
        ]
      },
      "properties": {
        "id": 199760722,
        "osm_type": "way",
        "name": "KING's Star",
        "tourism": "hotel",
        "phone": "+355684031160"
      }
    },
    {
      "type": "Feature",
      "geometry": {
        "type": "Point",
        "coordinates": [
          19.4214659,
          41.8630936
        ]
      },
      "properties": {
        "id": 199760733,
        "osm_type": "way",
        "name": "Erjani",
        "tourism": "hotel",
        "phone": "+355693825163"
      }
    },
    {
      "type": "Feature",
      "geometry": {
        "type": "Point",
        "coordinates": [
          19.4042676,
          41.8800092
        ]
      },
      "properties": {
        "id": 199764848,
        "osm_type": "way",
        "name": "Velipoja Park",
        "tourism": "hotel",
        "phone": "+355674346426"
      }
    },
    {
      "type": "Feature",
      "geometry": {
        "type": "Point",
        "coordinates": [
          19.4201057,
          41.8629327
        ]
      },
      "properties": {
        "id": 200175138,
        "osm_type": "way",
        "name": "Fantazia",
        "tourism": "hotel",
        "phone": "+355672556622",
        "check_date": "2023-07-05"
      }
    },
    {
      "type": "Feature",
      "geometry": {
        "type": "Point",
        "coordinates": [
          19.4225157,
          41.8627046
        ]
      },
      "properties": {
        "id": 200175140,
        "osm_type": "way",
        "name": "Bristol",
        "tourism": "hotel",
        "phone": "+355692216616",
        "check_date": "2023-07-05"
      }
    },
    {
      "type": "Feature",
      "geometry": {
        "type": "Point",
        "coordinates": [
          19.4231668,
          41.8642498
        ]
      },
      "properties": {
        "id": 200182784,
        "osm_type": "way",
        "tourism": "hotel"
      }
    },
    {
      "type": "Feature",
      "geometry": {
        "type": "Point",
        "coordinates": [
          19.4227149,
          41.8642058
        ]
      },
      "properties": {
        "id": 200182790,
        "osm_type": "way",
        "name": "Renti",
        "tourism": "hotel",
        "phone": "+355662077720"
      }
    },
    {
      "type": "Feature",
      "geometry": {
        "type": "Point",
        "coordinates": [
          19.4166576,
          41.862978
        ]
      },
      "properties": {
        "id": 200182849,
        "osm_type": "way",
        "name": "Bar Restorant Piceri Drion",
        "tourism": "hotel",
        "check_date": "2023-07-07"
      }
    },
    {
      "type": "Feature",
      "geometry": {
        "type": "Point",
        "coordinates": [
          19.4149233,
          41.8644211
        ]
      },
      "properties": {
        "id": 200182884,
        "osm_type": "way",
        "name": "Princi i vogël",
        "tourism": "hotel",
        "phone": "+355692093569",
        "website": "booking.albanianwatersports.com"
      }
    },
    {
      "type": "Feature",
      "geometry": {
        "type": "Point",
        "coordinates": [
          19.416032,
          41.8645943
        ]
      },
      "properties": {
        "id": 200182889,
        "osm_type": "way",
        "name": "Domeniko",
        "tourism": "hotel",
        "phone": "+355673080026"
      }
    },
    {
      "type": "Feature",
      "geometry": {
        "type": "Point",
        "coordinates": [
          19.4158249,
          41.8632077
        ]
      },
      "properties": {
        "id": 200182890,
        "osm_type": "way",
        "name": "Freskia",
        "tourism": "hotel",
        "phone": "+355683301300",
        "website": "www.hotel-freskia.com",
        "check_date": "2023-07-07"
      }
    },
    {
      "type": "Feature",
      "geometry": {
        "type": "Point",
        "coordinates": [
          19.4062699,
          41.8670836
        ]
      },
      "properties": {
        "id": 200190362,
        "osm_type": "way",
        "name": "Detari",
        "tourism": "hotel"
      }
    },
    {
      "type": "Feature",
      "geometry": {
        "type": "Point",
        "coordinates": [
          19.4091471,
          41.8653558
        ]
      },
      "properties": {
        "id": 200190377,
        "osm_type": "way",
        "name": "Hotel Bora Bora",
        "tourism": "hotel",
        "phone": "+355 673158811"
      }
    },
    {
      "type": "Feature",
      "geometry": {
        "type": "Point",
        "coordinates": [
          19.4079582,
          41.8636876
        ]
      },
      "properties": {
        "id": 200362148,
        "osm_type": "way",
        "name": "Zef Dodani",
        "tourism": "hotel",
        "phone": "+355683389382"
      }
    },
    {
      "type": "Feature",
      "geometry": {
        "type": "Point",
        "coordinates": [
          19.4074995,
          41.8645595
        ]
      },
      "properties": {
        "id": 200362152,
        "osm_type": "way",
        "name": "Vila Tufi",
        "tourism": "hotel",
        "phone": "+355672894427"
      }
    },
    {
      "type": "Feature",
      "geometry": {
        "type": "Point",
        "coordinates": [
          20.4402403,
          41.66914
        ]
      },
      "properties": {
        "id": 203364527,
        "osm_type": "way",
        "tourism": "hotel"
      }
    },
    {
      "type": "Feature",
      "geometry": {
        "type": "Point",
        "coordinates": [
          19.5117731,
          42.0642464
        ]
      },
      "properties": {
        "id": 223839067,
        "osm_type": "way",
        "name": "Lille France Apartments",
        "tourism": "guest_house"
      }
    },
    {
      "type": "Feature",
      "geometry": {
        "type": "Point",
        "coordinates": [
          19.5126731,
          42.0649653
        ]
      },
      "properties": {
        "id": 223839072,
        "osm_type": "way",
        "name": "ALIS Hotel",
        "tourism": "hotel",
        "phone": "+35522800333"
      }
    },
    {
      "type": "Feature",
      "geometry": {
        "type": "Point",
        "coordinates": [
          19.6049209,
          41.7962434
        ]
      },
      "properties": {
        "id": 232262874,
        "osm_type": "way",
        "name": "Antag",
        "tourism": "hotel"
      }
    },
    {
      "type": "Feature",
      "geometry": {
        "type": "Point",
        "coordinates": [
          19.8737993,
          42.4232983
        ]
      },
      "properties": {
        "id": 239009380,
        "osm_type": "way",
        "name": "Hotel Margjeka",
        "tourism": "hotel",
        "phone": "+355 673382162",
        "contact:website": "https://hotelmargjeka.al",
        "check_date": "2025-06-14"
      }
    },
    {
      "type": "Feature",
      "geometry": {
        "type": "Point",
        "coordinates": [
          19.8717999,
          42.4304681
        ]
      },
      "properties": {
        "id": 239010400,
        "osm_type": "way",
        "name": "Hotel Krojet e Rrogamit",
        "tourism": "hotel",
        "phone": "+355 67 2897046"
      }
    },
    {
      "type": "Feature",
      "geometry": {
        "type": "Point",
        "coordinates": [
          19.7773917,
          42.3959435
        ]
      },
      "properties": {
        "id": 241407323,
        "osm_type": "way",
        "name": "Bujtina \"Zorgji\"",
        "tourism": "guest_house",
        "opening_hours": "Jan-Dec",
        "phone": "+355682319610"
      }
    },
    {
      "type": "Feature",
      "geometry": {
        "type": "Point",
        "coordinates": [
          19.7804,
          42.3914234
        ]
      },
      "properties": {
        "id": 241407326,
        "osm_type": "way",
        "name": "Bujtina Pllumi",
        "tourism": "guest_house",
        "check_date": "2025-06-11"
      }
    },
    {
      "type": "Feature",
      "geometry": {
        "type": "Point",
        "coordinates": [
          19.7716806,
          42.3539257
        ]
      },
      "properties": {
        "id": 241407330,
        "osm_type": "way",
        "name": "Bujtina & Ferma \"Ded Nika\"",
        "tourism": "alpine_hut",
        "opening_hours": "May-Oct",
        "phone": "+355693346423"
      }
    },
    {
      "type": "Feature",
      "geometry": {
        "type": "Point",
        "coordinates": [
          19.7815394,
          42.3883977
        ]
      },
      "properties": {
        "id": 241407337,
        "osm_type": "way",
        "name": "Bujtina \"Polia\"",
        "tourism": "guest_house",
        "opening_hours": "Jan-Dec",
        "phone": "+355693016781"
      }
    },
    {
      "type": "Feature",
      "geometry": {
        "type": "Point",
        "coordinates": [
          19.7646894,
          42.4026578
        ]
      },
      "properties": {
        "id": 241407339,
        "osm_type": "way",
        "name": "Bujtina Terthorja",
        "tourism": "hotel",
        "phone": "+355 68 386 5055"
      }
    },
    {
      "type": "Feature",
      "geometry": {
        "type": "Point",
        "coordinates": [
          19.7760479,
          42.3950742
        ]
      },
      "properties": {
        "id": 241407353,
        "osm_type": "way",
        "name": "'Gurra Family' Guesthouse",
        "tourism": "guest_house"
      }
    },
    {
      "type": "Feature",
      "geometry": {
        "type": "Point",
        "coordinates": [
          19.7583766,
          42.40251
        ]
      },
      "properties": {
        "id": 241407354,
        "osm_type": "way",
        "name": "Bujtina \"Kroi Micanit\"",
        "tourism": "guest_house",
        "opening_hours": "May-Nov",
        "phone": "+355693595906"
      }
    },
    {
      "type": "Feature",
      "geometry": {
        "type": "Point",
        "coordinates": [
          19.7804545,
          42.3865294
        ]
      },
      "properties": {
        "id": 241407363,
        "osm_type": "way",
        "name": "Bujtina \"Martin Gjoni\"",
        "tourism": "guest_house",
        "opening_hours": "Jun-Oct",
        "phone": "+355692083126"
      }
    },
    {
      "type": "Feature",
      "geometry": {
        "type": "Point",
        "coordinates": [
          19.7653236,
          42.4098631
        ]
      },
      "properties": {
        "id": 241407365,
        "osm_type": "way",
        "name": "Bar Restaurant Kamping \"Bujtina Zemra e Traditës\"",
        "tourism": "guest_house",
        "opening_hours": "May-Nov",
        "phone": "+355682445182"
      }
    },
    {
      "type": "Feature",
      "geometry": {
        "type": "Point",
        "coordinates": [
          19.7594987,
          42.4053805
        ]
      },
      "properties": {
        "id": 241407375,
        "osm_type": "way",
        "name": "Bujtina \"Lek Franishta\"",
        "tourism": "guest_house",
        "opening_hours": "May-Nov",
        "phone": "+355683356741"
      }
    },
    {
      "type": "Feature",
      "geometry": {
        "type": "Point",
        "coordinates": [
          19.7817813,
          42.3861263
        ]
      },
      "properties": {
        "id": 241407381,
        "osm_type": "way",
        "name": "Bujtina & Restaurant \"Gjon Shpella\"",
        "tourism": "guest_house",
        "opening_hours": "Apr-Nov",
        "phone": "+355693774851"
      }
    },
    {
      "type": "Feature",
      "geometry": {
        "type": "Point",
        "coordinates": [
          19.7766241,
          42.4021202
        ]
      },
      "properties": {
        "id": 241407385,
        "osm_type": "way",
        "name": "Bujtina \"Lek Shkafja\"",
        "tourism": "guest_house",
        "opening_hours": "May-Nov",
        "phone": "+355693269809",
        "check_date": "2024-06-14"
      }
    },
    {
      "type": "Feature",
      "geometry": {
        "type": "Point",
        "coordinates": [
          19.7756476,
          42.396089
        ]
      },
      "properties": {
        "id": 241407392,
        "osm_type": "way",
        "name": "Bujtina \"Prel Harusha\"",
        "tourism": "guest_house",
        "opening_hours": "May-Nov",
        "phone": "+355682138902"
      }
    },
    {
      "type": "Feature",
      "geometry": {
        "type": "Point",
        "coordinates": [
          19.7763529,
          42.3973729
        ]
      },
      "properties": {
        "id": 241407402,
        "osm_type": "way",
        "name": "Bujtina - Kamping \"Fran Breishta\"",
        "tourism": "guest_house",
        "opening_hours": "May-Nov",
        "phone": "+355688418634"
      }
    },
    {
      "type": "Feature",
      "geometry": {
        "type": "Point",
        "coordinates": [
          19.7629121,
          42.4037204
        ]
      },
      "properties": {
        "id": 241407403,
        "osm_type": "way",
        "name": "Bujtina \"Prek Terthorja\"",
        "tourism": "guest_house",
        "opening_hours": "May-Nov",
        "phone": "+355 68 550 7906"
      }
    },
    {
      "type": "Feature",
      "geometry": {
        "type": "Point",
        "coordinates": [
          19.775903,
          42.3976694
        ]
      },
      "properties": {
        "id": 241407409,
        "osm_type": "way",
        "name": "Guesthouse \"Gjin Thana\"",
        "tourism": "guest_house",
        "opening_hours": "May-Nov 07:00-23:00",
        "phone": "+355683029375;+355686875399"
      }
    },
    {
      "type": "Feature",
      "geometry": {
        "type": "Point",
        "coordinates": [
          19.7543152,
          42.4077233
        ]
      },
      "properties": {
        "id": 241407413,
        "osm_type": "way",
        "name": "Bujtina \"Alpbes\"",
        "tourism": "guest_house",
        "opening_hours": "May-Nov",
        "phone": "+355682374727"
      }
    },
    {
      "type": "Feature",
      "geometry": {
        "type": "Point",
        "coordinates": [
          19.774094,
          42.3959002
        ]
      },
      "properties": {
        "id": 241407417,
        "osm_type": "way",
        "name": "Bujtine - Restaurant \"Gurra\"",
        "tourism": "guest_house",
        "opening_hours": "May-Nov",
        "phone": "+355672931302"
      }
    },
    {
      "type": "Feature",
      "geometry": {
        "type": "Point",
        "coordinates": [
          19.7639445,
          42.4047894
        ]
      },
      "properties": {
        "id": 241407425,
        "osm_type": "way",
        "name": "Molla Guest House",
        "tourism": "guest_house",
        "phone": "+355 67 314 4374"
      }
    },
    {
      "type": "Feature",
      "geometry": {
        "type": "Point",
        "coordinates": [
          19.7738649,
          42.3966349
        ]
      },
      "properties": {
        "id": 241407426,
        "osm_type": "way",
        "name": "Bujtina - Kamping \"Prek Harusha\"",
        "tourism": "guest_house",
        "opening_hours": "Jan-Dec",
        "phone": "+355692770294"
      }
    },
    {
      "type": "Feature",
      "geometry": {
        "type": "Point",
        "coordinates": [
          19.7714893,
          42.3540835
        ]
      },
      "properties": {
        "id": 241407436,
        "osm_type": "way",
        "name": "Bujtina \"MARJAN ÇARDAKU\"",
        "tourism": "alpine_hut",
        "opening_hours": "May-Oct",
        "phone": "+355685203911"
      }
    },
    {
      "type": "Feature",
      "geometry": {
        "type": "Point",
        "coordinates": [
          19.7615835,
          42.3982259
        ]
      },
      "properties": {
        "id": 241407451,
        "osm_type": "way",
        "name": "Guesthouse \"Bec Villi\"",
        "tourism": "guest_house",
        "opening_hours": "May-Nov",
        "phone": "+355682302928"
      }
    },
    {
      "type": "Feature",
      "geometry": {
        "type": "Point",
        "coordinates": [
          19.7735853,
          42.3556806
        ]
      },
      "properties": {
        "id": 241407459,
        "osm_type": "way",
        "name": "Bujtina & Restaurant \"Prek Bjeshka\"",
        "tourism": "alpine_hut",
        "phone": "+355685690845"
      }
    },
    {
      "type": "Feature",
      "geometry": {
        "type": "Point",
        "coordinates": [
          19.778736,
          42.4018853
        ]
      },
      "properties": {
        "id": 241407469,
        "osm_type": "way",
        "name": "Bujtina \"Ndue Shyti\"",
        "tourism": "guest_house",
        "opening_hours": "May-Nov",
        "phone": "+355686759200"
      }
    },
    {
      "type": "Feature",
      "geometry": {
        "type": "Point",
        "coordinates": [
          19.7740213,
          42.3978285
        ]
      },
      "properties": {
        "id": 241407472,
        "osm_type": "way",
        "name": "Bujtina \"Gjon Gjeçaj\"",
        "tourism": "guest_house",
        "opening_hours": "May-Nov",
        "phone": "+355699194521"
      }
    },
    {
      "type": "Feature",
      "geometry": {
        "type": "Point",
        "coordinates": [
          19.7803779,
          42.3870075
        ]
      },
      "properties": {
        "id": 241407474,
        "osm_type": "way",
        "name": "Bujtina \"Arben Marashi\"",
        "tourism": "guest_house",
        "opening_hours": "May-Nov",
        "phone": "+355683133900"
      }
    },
    {
      "type": "Feature",
      "geometry": {
        "type": "Point",
        "coordinates": [
          19.7822729,
          42.3894371
        ]
      },
      "properties": {
        "id": 241407477,
        "osm_type": "way",
        "name": "Bujtina \"Gjovalin Lokthi\"",
        "tourism": "guest_house",
        "opening_hours": "Jan-Dec",
        "phone": "+355682393992"
      }
    },
    {
      "type": "Feature",
      "geometry": {
        "type": "Point",
        "coordinates": [
          19.7812113,
          42.3877486
        ]
      },
      "properties": {
        "id": 241407480,
        "osm_type": "way",
        "name": "Bujtina \"Gjergj Gerla\"",
        "tourism": "guest_house",
        "opening_hours": "May-Oct",
        "phone": "+355685585688"
      }
    },
    {
      "type": "Feature",
      "geometry": {
        "type": "Point",
        "coordinates": [
          19.7737122,
          42.3551996
        ]
      },
      "properties": {
        "id": 241407483,
        "osm_type": "way",
        "name": "Bujtina \"Gzim Stani\"",
        "tourism": "alpine_hut",
        "opening_hours": "May-Oct",
        "phone": "+355685825221"
      }
    },
    {
      "type": "Feature",
      "geometry": {
        "type": "Point",
        "coordinates": [
          19.7836405,
          42.388929
        ]
      },
      "properties": {
        "id": 241407489,
        "osm_type": "way",
        "name": "Bujtina \"Gjin Prrocka\"",
        "tourism": "guest_house",
        "phone": "+355685156915"
      }
    },
    {
      "type": "Feature",
      "geometry": {
        "type": "Point",
        "coordinates": [
          19.7811031,
          42.3877296
        ]
      },
      "properties": {
        "id": 241407492,
        "osm_type": "way",
        "name": "Bujtina \"Lek Gerla\"",
        "tourism": "guest_house",
        "opening_hours": "May-Oct",
        "phone": "+355682301955"
      }
    },
    {
      "type": "Feature",
      "geometry": {
        "type": "Point",
        "coordinates": [
          19.77336,
          42.4040819
        ]
      },
      "properties": {
        "id": 241407495,
        "osm_type": "way",
        "name": "Bujtina \"Luigj Shyti\"",
        "tourism": "guest_house",
        "opening_hours": "May-Nov",
        "phone": "+355692465784"
      }
    },
    {
      "type": "Feature",
      "geometry": {
        "type": "Point",
        "coordinates": [
          19.7682746,
          42.3993658
        ]
      },
      "properties": {
        "id": 241407498,
        "osm_type": "way",
        "name": "Bujtina \"Kulla Praçja\"",
        "tourism": "guest_house",
        "opening_hours": "May-Nov",
        "phone": "+355673957180",
        "check_date": "2024-08-26"
      }
    },
    {
      "type": "Feature",
      "geometry": {
        "type": "Point",
        "coordinates": [
          19.7826904,
          42.3857671
        ]
      },
      "properties": {
        "id": 241407501,
        "osm_type": "way",
        "name": "Bujtina \"Koçeku\"",
        "tourism": "guest_house",
        "opening_hours": "May-Oct"
      }
    },
    {
      "type": "Feature",
      "geometry": {
        "type": "Point",
        "coordinates": [
          19.7632971,
          42.4037598
        ]
      },
      "properties": {
        "id": 241407527,
        "osm_type": "way",
        "name": "Villa Molla",
        "tourism": "guest_house",
        "phone": "+355 67 314 4374"
      }
    },
    {
      "type": "Feature",
      "geometry": {
        "type": "Point",
        "coordinates": [
          19.7593212,
          42.4047564
        ]
      },
      "properties": {
        "id": 241407531,
        "osm_type": "way",
        "name": "Bjeshket e Namuna",
        "tourism": "hotel",
        "opening_hours": "May-Nov",
        "phone": "+355693916781"
      }
    },
    {
      "type": "Feature",
      "geometry": {
        "type": "Point",
        "coordinates": [
          19.7788246,
          42.3919971
        ]
      },
      "properties": {
        "id": 241407532,
        "osm_type": "way",
        "name": "Bujtina \"Pal Rupa\"",
        "tourism": "guest_house",
        "opening_hours": "May-Nov",
        "tents": "yes",
        "phone": "+355 68 200 3393",
        "website": "guesthouse-rupa-thethi.com",
        "check_date": "2024-06-18"
      }
    },
    {
      "type": "Feature",
      "geometry": {
        "type": "Point",
        "coordinates": [
          19.7744472,
          42.3971801
        ]
      },
      "properties": {
        "id": 241407535,
        "osm_type": "way",
        "name": "Villa Gjeçaj",
        "tourism": "guest_house",
        "opening_hours": "May-Nov",
        "phone": "+355692046333",
        "website": "https://villagjecaj.com/",
        "check_date": "2025-10-18"
      }
    },
    {
      "type": "Feature",
      "geometry": {
        "type": "Point",
        "coordinates": [
          19.869761,
          42.4260976
        ]
      },
      "properties": {
        "id": 241408833,
        "osm_type": "way",
        "name": "Hotel Fusha e Gjesë",
        "tourism": "hotel"
      }
    },
    {
      "type": "Feature",
      "geometry": {
        "type": "Point",
        "coordinates": [
          19.8897822,
          42.4517607
        ]
      },
      "properties": {
        "id": 241545864,
        "osm_type": "way",
        "name": "Grand Hotel Valbona",
        "tourism": "hotel",
        "website": "https://grandhotelvalbona.al/"
      }
    },
    {
      "type": "Feature",
      "geometry": {
        "type": "Point",
        "coordinates": [
          19.9737221,
          42.4462281
        ]
      },
      "properties": {
        "id": 241646293,
        "osm_type": "way",
        "name": "Stani i Arif Kadris",
        "tourism": "hostel"
      }
    },
    {
      "type": "Feature",
      "geometry": {
        "type": "Point",
        "coordinates": [
          19.826253,
          42.1084654
        ]
      },
      "properties": {
        "id": 241853580,
        "osm_type": "way",
        "name": "Rozafa",
        "tourism": "hotel"
      }
    },
    {
      "type": "Feature",
      "geometry": {
        "type": "Point",
        "coordinates": [
          19.4691596,
          42.165154
        ]
      },
      "properties": {
        "id": 241902995,
        "osm_type": "way",
        "name": "Motel Zamiri",
        "tourism": "motel"
      }
    },
    {
      "type": "Feature",
      "geometry": {
        "type": "Point",
        "coordinates": [
          19.757602,
          42.4160466
        ]
      },
      "properties": {
        "id": 242171986,
        "osm_type": "way",
        "name": "Kulla e Sadri Lukes",
        "tourism": "guest_house",
        "opening_hours": "May-Nov",
        "phone": "+355682191405"
      }
    },
    {
      "type": "Feature",
      "geometry": {
        "type": "Point",
        "coordinates": [
          19.7609477,
          42.4161553
        ]
      },
      "properties": {
        "id": 242172004,
        "osm_type": "way",
        "name": "Bujtina \"Mirash Kometa\"",
        "tourism": "guest_house",
        "opening_hours": "May-Nov"
      }
    },
    {
      "type": "Feature",
      "geometry": {
        "type": "Point",
        "coordinates": [
          19.9166714,
          42.34107
        ]
      },
      "properties": {
        "id": 242174125,
        "osm_type": "way",
        "name": "Guesthouse Prebibaj",
        "tourism": "guest_house",
        "phone": "+355 69 526 1947",
        "website": "https://www.facebook.com/people/Guesthouse-Prebibaj/100056595739411/"
      }
    },
    {
      "type": "Feature",
      "geometry": {
        "type": "Point",
        "coordinates": [
          19.9149853,
          42.3407375
        ]
      },
      "properties": {
        "id": 242174243,
        "osm_type": "way",
        "name": "Ndue Mitri Guesthouse",
        "tourism": "guest_house",
        "phone": "+355695454241",
        "website": "https://www.instagram.com/guesthouse_ndue_mitri/"
      }
    },
    {
      "type": "Feature",
      "geometry": {
        "type": "Point",
        "coordinates": [
          19.5081761,
          41.2903835
        ]
      },
      "properties": {
        "id": 246663471,
        "osm_type": "way",
        "name": "Tropikal Resort",
        "tourism": "hotel",
        "phone": "+355 522 62 669",
        "website": "https://tropikalresort.com/"
      }
    },
    {
      "type": "Feature",
      "geometry": {
        "type": "Point",
        "coordinates": [
          19.601826,
          41.2823529
        ]
      },
      "properties": {
        "id": 256329759,
        "osm_type": "way",
        "name": "Motel Andi",
        "tourism": "motel"
      }
    },
    {
      "type": "Feature",
      "geometry": {
        "type": "Point",
        "coordinates": [
          19.5138992,
          41.280711
        ]
      },
      "properties": {
        "id": 266545321,
        "osm_type": "way",
        "name": "Hotel Bleart",
        "tourism": "hotel",
        "phone": "+35552263711",
        "website": "https://www.hotelbleart.com/"
      }
    },
    {
      "type": "Feature",
      "geometry": {
        "type": "Point",
        "coordinates": [
          19.5137802,
          41.2811497
        ]
      },
      "properties": {
        "id": 266545330,
        "osm_type": "way",
        "name": "Leonardo",
        "tourism": "hotel",
        "website": "https://www.hotelleonardo.al/eng/index.html"
      }
    },
    {
      "type": "Feature",
      "geometry": {
        "type": "Point",
        "coordinates": [
          19.5135323,
          41.2848781
        ]
      },
      "properties": {
        "id": 266550918,
        "osm_type": "way",
        "name": "Hotel & Pike Karburanti Kastrati (Muhamet Alicka)",
        "tourism": "motel",
        "phone": "+355682021953",
        "check_date": "2024-05-11"
      }
    },
    {
      "type": "Feature",
      "geometry": {
        "type": "Point",
        "coordinates": [
          19.6979621,
          41.434945
        ]
      },
      "properties": {
        "id": 289432353,
        "osm_type": "way",
        "name": "Vila Aeroport",
        "tourism": "hotel"
      }
    },
    {
      "type": "Feature",
      "geometry": {
        "type": "Point",
        "coordinates": [
          19.7125659,
          41.4164811
        ]
      },
      "properties": {
        "id": 289432361,
        "osm_type": "way",
        "name": "Hotel Airport Tirana",
        "tourism": "hotel",
        "phone": "+355 68 2004243;+355 44 500190",
        "website": "https://www.hotel-airportirana.com/"
      }
    },
    {
      "type": "Feature",
      "geometry": {
        "type": "Point",
        "coordinates": [
          19.7983703,
          42.2369655
        ]
      },
      "properties": {
        "id": 294485567,
        "osm_type": "way",
        "tourism": "camp_site",
        "tents": "yes"
      }
    },
    {
      "type": "Feature",
      "geometry": {
        "type": "Point",
        "coordinates": [
          19.375371,
          42.0177422
        ]
      },
      "properties": {
        "id": 295363751,
        "osm_type": "way",
        "name": "Kompleksi Çeliku",
        "tourism": "hotel"
      }
    },
    {
      "type": "Feature",
      "geometry": {
        "type": "Point",
        "coordinates": [
          19.5762468,
          41.811515
        ]
      },
      "properties": {
        "id": 306811680,
        "osm_type": "way",
        "name": "Inheritor",
        "tourism": "hotel",
        "phone": "+355682071669"
      }
    },
    {
      "type": "Feature",
      "geometry": {
        "type": "Point",
        "coordinates": [
          19.4265909,
          41.8654571
        ]
      },
      "properties": {
        "id": 309569567,
        "osm_type": "way",
        "name": "Hotel Valz",
        "tourism": "hotel"
      }
    },
    {
      "type": "Feature",
      "geometry": {
        "type": "Point",
        "coordinates": [
          19.4124044,
          41.8655383
        ]
      },
      "properties": {
        "id": 309569576,
        "osm_type": "way",
        "tourism": "hotel"
      }
    },
    {
      "type": "Feature",
      "geometry": {
        "type": "Point",
        "coordinates": [
          19.4120163,
          41.8646271
        ]
      },
      "properties": {
        "id": 309569592,
        "osm_type": "way",
        "name": "Albion Shabaj",
        "tourism": "hotel",
        "phone": "+355692028410;+355692042810"
      }
    },
    {
      "type": "Feature",
      "geometry": {
        "type": "Point",
        "coordinates": [
          19.4113269,
          41.8648829
        ]
      },
      "properties": {
        "id": 309569614,
        "osm_type": "way",
        "name": "Brian",
        "tourism": "hotel",
        "phone": "+355673073717"
      }
    },
    {
      "type": "Feature",
      "geometry": {
        "type": "Point",
        "coordinates": [
          19.4339642,
          41.8644077
        ]
      },
      "properties": {
        "id": 309569699,
        "osm_type": "way",
        "name": "Viktoria",
        "tourism": "hotel"
      }
    },
    {
      "type": "Feature",
      "geometry": {
        "type": "Point",
        "coordinates": [
          19.4120064,
          41.8634054
        ]
      },
      "properties": {
        "id": 309569763,
        "osm_type": "way",
        "name": "Flat Ergli",
        "tourism": "hotel"
      }
    },
    {
      "type": "Feature",
      "geometry": {
        "type": "Point",
        "coordinates": [
          19.4093086,
          41.8634397
        ]
      },
      "properties": {
        "id": 309569796,
        "osm_type": "way",
        "name": "Kamberi-A",
        "tourism": "hotel"
      }
    },
    {
      "type": "Feature",
      "geometry": {
        "type": "Point",
        "coordinates": [
          19.4122973,
          41.8634237
        ]
      },
      "properties": {
        "id": 309569799,
        "osm_type": "way",
        "tourism": "hotel"
      }
    },
    {
      "type": "Feature",
      "geometry": {
        "type": "Point",
        "coordinates": [
          19.4088186,
          41.8639286
        ]
      },
      "properties": {
        "id": 309569968,
        "osm_type": "way",
        "tourism": "hotel"
      }
    },
    {
      "type": "Feature",
      "geometry": {
        "type": "Point",
        "coordinates": [
          19.4164334,
          41.8631012
        ]
      },
      "properties": {
        "id": 309569996,
        "osm_type": "way",
        "name": "Rikardo",
        "tourism": "hotel"
      }
    },
    {
      "type": "Feature",
      "geometry": {
        "type": "Point",
        "coordinates": [
          19.4214613,
          41.8648943
        ]
      },
      "properties": {
        "id": 309570060,
        "osm_type": "way",
        "name": "Almen",
        "tourism": "hotel",
        "phone": "+355692331527"
      }
    },
    {
      "type": "Feature",
      "geometry": {
        "type": "Point",
        "coordinates": [
          19.5194917,
          42.0643443
        ]
      },
      "properties": {
        "id": 310502555,
        "osm_type": "way",
        "name": "Rose Garden Hotel",
        "tourism": "hotel",
        "opening_hours": "Mo-Su 08:00-22:00",
        "phone": "+3556945528445",
        "website": "http://www.rosegardenhotel.al"
      }
    },
    {
      "type": "Feature",
      "geometry": {
        "type": "Point",
        "coordinates": [
          19.5225576,
          42.0636525
        ]
      },
      "properties": {
        "id": 310502587,
        "osm_type": "way",
        "name": "Our Way Guest House",
        "tourism": "guest_house",
        "website": "https://www.booking.com/hotel/al/our-way-guest-house.en-gb.html"
      }
    },
    {
      "type": "Feature",
      "geometry": {
        "type": "Point",
        "coordinates": [
          19.4393752,
          41.8618641
        ]
      },
      "properties": {
        "id": 310594691,
        "osm_type": "way",
        "name": "Leo",
        "tourism": "hotel"
      }
    },
    {
      "type": "Feature",
      "geometry": {
        "type": "Point",
        "coordinates": [
          19.4922142,
          42.0481138
        ]
      },
      "properties": {
        "id": 310596433,
        "osm_type": "way",
        "name": "Hotel Arlindi",
        "tourism": "hotel"
      }
    },
    {
      "type": "Feature",
      "geometry": {
        "type": "Point",
        "coordinates": [
          19.521594,
          42.0670663
        ]
      },
      "properties": {
        "id": 314727866,
        "osm_type": "way",
        "name": "Hotel Kolping",
        "tourism": "hotel",
        "phone": "+35522245492",
        "website": "http://www.kolpingshkoder.al/"
      }
    },
    {
      "type": "Feature",
      "geometry": {
        "type": "Point",
        "coordinates": [
          19.527691,
          42.0662904
        ]
      },
      "properties": {
        "id": 317916164,
        "osm_type": "way",
        "name": "Amberyellowbnb",
        "tourism": "guest_house"
      }
    },
    {
      "type": "Feature",
      "geometry": {
        "type": "Point",
        "coordinates": [
          19.4566273,
          42.0590858
        ]
      },
      "properties": {
        "id": 322381727,
        "osm_type": "way",
        "name": "Hostel KM Zero",
        "tourism": "hostel",
        "opening_hours": "Mo-Su 06:00-22:00",
        "phone": "+355694668833"
      }
    },
    {
      "type": "Feature",
      "geometry": {
        "type": "Point",
        "coordinates": [
          19.4239606,
          42.0674584
        ]
      },
      "properties": {
        "id": 322381771,
        "osm_type": "way",
        "name": "Princi i Liqenit",
        "tourism": "hotel",
        "opening_hours": "Mo-Su 08:00-20:00",
        "phone": "+355696597496"
      }
    },
    {
      "type": "Feature",
      "geometry": {
        "type": "Point",
        "coordinates": [
          19.4572581,
          42.0588125
        ]
      },
      "properties": {
        "id": 322381805,
        "osm_type": "way",
        "name": "Natyra",
        "tourism": "hotel",
        "phone": "+355696145687;+355672032111"
      }
    },
    {
      "type": "Feature",
      "geometry": {
        "type": "Point",
        "coordinates": [
          19.487199,
          42.0534339
        ]
      },
      "properties": {
        "id": 322384492,
        "osm_type": "way",
        "tourism": "hotel"
      }
    },
    {
      "type": "Feature",
      "geometry": {
        "type": "Point",
        "coordinates": [
          19.485684,
          42.0457826
        ]
      },
      "properties": {
        "id": 322891889,
        "osm_type": "way",
        "name": "Vëllezërit Vataksi",
        "tourism": "hotel",
        "opening_hours": "Mo-Su 06:00-24:00",
        "phone": "+355 69 333 4356"
      }
    },
    {
      "type": "Feature",
      "geometry": {
        "type": "Point",
        "coordinates": [
          19.4792652,
          42.0363768
        ]
      },
      "properties": {
        "id": 322891903,
        "osm_type": "way",
        "name": "Fantasia",
        "tourism": "hotel"
      }
    },
    {
      "type": "Feature",
      "geometry": {
        "type": "Point",
        "coordinates": [
          19.5154679,
          42.0639626
        ]
      },
      "properties": {
        "id": 323672883,
        "osm_type": "way",
        "name": "Eco Garten Guest House",
        "tourism": "guest_house",
        "phone": "+355697298050"
      }
    },
    {
      "type": "Feature",
      "geometry": {
        "type": "Point",
        "coordinates": [
          19.5171781,
          42.0677784
        ]
      },
      "properties": {
        "id": 323742310,
        "osm_type": "way",
        "name": "The Wanderers Hostel",
        "tourism": "hostel",
        "phone": "+355692121062",
        "website": "https://www.thewanderershostel.com/"
      }
    },
    {
      "type": "Feature",
      "geometry": {
        "type": "Point",
        "coordinates": [
          19.515667,
          42.0705182
        ]
      },
      "properties": {
        "id": 324463621,
        "osm_type": "way",
        "name": "Hotel Djepi",
        "tourism": "hotel"
      }
    },
    {
      "type": "Feature",
      "geometry": {
        "type": "Point",
        "coordinates": [
          19.5181784,
          42.0709375
        ]
      },
      "properties": {
        "id": 324463860,
        "osm_type": "way",
        "name": "Shkodra Hotel.L",
        "tourism": "hotel",
        "phone": "+35522802121;+355684433432",
        "website": "https://www.hotelshkodra-l.com/"
      }
    },
    {
      "type": "Feature",
      "geometry": {
        "type": "Point",
        "coordinates": [
          19.5161073,
          42.0693453
        ]
      },
      "properties": {
        "id": 324463865,
        "osm_type": "way",
        "name": "Eposi",
        "tourism": "hotel",
        "phone": "+35522244450; +355673573900; +355686970442",
        "website": "hotel-eposi.com"
      }
    },
    {
      "type": "Feature",
      "geometry": {
        "type": "Point",
        "coordinates": [
          19.5178502,
          42.0699632
        ]
      },
      "properties": {
        "id": 324735369,
        "osm_type": "way",
        "name": "Hotel Ideal",
        "tourism": "hotel"
      }
    },
    {
      "type": "Feature",
      "geometry": {
        "type": "Point",
        "coordinates": [
          19.5173346,
          42.0692909
        ]
      },
      "properties": {
        "id": 324735409,
        "osm_type": "way",
        "name": "B Albania Hostel",
        "tourism": "hostel"
      }
    },
    {
      "type": "Feature",
      "geometry": {
        "type": "Point",
        "coordinates": [
          19.517847,
          42.055439
        ]
      },
      "properties": {
        "id": 325152250,
        "osm_type": "way",
        "name": "Hotel Vila Giorgio",
        "tourism": "hotel"
      }
    },
    {
      "type": "Feature",
      "geometry": {
        "type": "Point",
        "coordinates": [
          19.5032279,
          42.0709709
        ]
      },
      "properties": {
        "id": 325166277,
        "osm_type": "way",
        "name": "Guest House City Shkodra",
        "tourism": "hotel",
        "phone": "+355666602093"
      }
    },
    {
      "type": "Feature",
      "geometry": {
        "type": "Point",
        "coordinates": [
          19.5092326,
          42.0668892
        ]
      },
      "properties": {
        "id": 326194663,
        "osm_type": "way",
        "name": "12 B&B",
        "tourism": "guest_house"
      }
    },
    {
      "type": "Feature",
      "geometry": {
        "type": "Point",
        "coordinates": [
          19.4231319,
          41.8633915
        ]
      },
      "properties": {
        "id": 329196786,
        "osm_type": "way",
        "name": "OAZ",
        "tourism": "hotel",
        "phone": "+355673917162"
      }
    },
    {
      "type": "Feature",
      "geometry": {
        "type": "Point",
        "coordinates": [
          19.4044935,
          41.8722495
        ]
      },
      "properties": {
        "id": 329318785,
        "osm_type": "way",
        "tourism": "hotel"
      }
    },
    {
      "type": "Feature",
      "geometry": {
        "type": "Point",
        "coordinates": [
          19.4544142,
          42.0593437
        ]
      },
      "properties": {
        "id": 329376834,
        "osm_type": "way",
        "name": "Hotel",
        "tourism": "hotel",
        "opening_hours": "Mo-Su 08:00-20:00"
      }
    },
    {
      "type": "Feature",
      "geometry": {
        "type": "Point",
        "coordinates": [
          19.5100207,
          42.0683928
        ]
      },
      "properties": {
        "id": 330233680,
        "osm_type": "way",
        "name": "Hotel CENTRAL",
        "tourism": "hotel",
        "opening_hours": "24/7",
        "phone": "+355693568640"
      }
    },
    {
      "type": "Feature",
      "geometry": {
        "type": "Point",
        "coordinates": [
          19.5105085,
          42.0695445
        ]
      },
      "properties": {
        "id": 331357026,
        "osm_type": "way",
        "name": "Hotel Kurtabegu",
        "tourism": "hotel"
      }
    },
    {
      "type": "Feature",
      "geometry": {
        "type": "Point",
        "coordinates": [
          19.7120358,
          41.4244603
        ]
      },
      "properties": {
        "id": 331877540,
        "osm_type": "way",
        "name": "Hotel Verzaci",
        "tourism": "hotel"
      }
    },
    {
      "type": "Feature",
      "geometry": {
        "type": "Point",
        "coordinates": [
          19.525943,
          42.0759339
        ]
      },
      "properties": {
        "id": 332043253,
        "osm_type": "way",
        "name": "Hotel Restaurant \"Kasneci\"",
        "tourism": "hotel"
      }
    },
    {
      "type": "Feature",
      "geometry": {
        "type": "Point",
        "coordinates": [
          19.528144,
          42.0567023
        ]
      },
      "properties": {
        "id": 332163127,
        "osm_type": "way",
        "tourism": "hotel"
      }
    },
    {
      "type": "Feature",
      "geometry": {
        "type": "Point",
        "coordinates": [
          19.5265663,
          42.0611035
        ]
      },
      "properties": {
        "id": 332163292,
        "osm_type": "way",
        "name": "Hotel",
        "tourism": "hotel"
      }
    },
    {
      "type": "Feature",
      "geometry": {
        "type": "Point",
        "coordinates": [
          19.5202113,
          42.0636725
        ]
      },
      "properties": {
        "id": 332163507,
        "osm_type": "way",
        "name": "Rose Garden Hotel",
        "tourism": "hotel",
        "phone": "+355 22 245296",
        "website": "www.rosegardenhotel.al"
      }
    },
    {
      "type": "Feature",
      "geometry": {
        "type": "Point",
        "coordinates": [
          19.525584,
          42.0614307
        ]
      },
      "properties": {
        "id": 332166798,
        "osm_type": "way",
        "name": "Hotel Vila Gimaj",
        "tourism": "hotel"
      }
    },
    {
      "type": "Feature",
      "geometry": {
        "type": "Point",
        "coordinates": [
          19.5215212,
          42.0597257
        ]
      },
      "properties": {
        "id": 332166805,
        "osm_type": "way",
        "name": "Hotel Floga",
        "tourism": "hotel",
        "opening_hours": "Mo-Su 06:00-22:00",
        "phone": "+355672847635;+355672336644",
        "website": "https://hotelfloga.com/"
      }
    },
    {
      "type": "Feature",
      "geometry": {
        "type": "Point",
        "coordinates": [
          19.4960928,
          42.0395304
        ]
      },
      "properties": {
        "id": 332244192,
        "osm_type": "way",
        "name": "Ambasador",
        "tourism": "hotel",
        "opening_hours": "Mo-Su 06:00-21:00",
        "phone": "+355682024433"
      }
    },
    {
      "type": "Feature",
      "geometry": {
        "type": "Point",
        "coordinates": [
          19.4992355,
          42.0551426
        ]
      },
      "properties": {
        "id": 332246384,
        "osm_type": "way",
        "name": "Arifi",
        "tourism": "hotel",
        "phone": "+35522801097",
        "website": "http://www.kompleksiarifi.com/"
      }
    },
    {
      "type": "Feature",
      "geometry": {
        "type": "Point",
        "coordinates": [
          19.4070206,
          41.8630824
        ]
      },
      "properties": {
        "id": 334378630,
        "osm_type": "way",
        "name": "Belavista",
        "tourism": "hotel",
        "phone": "+355692294415",
        "check_date": "2023-07-08"
      }
    },
    {
      "type": "Feature",
      "geometry": {
        "type": "Point",
        "coordinates": [
          19.4062467,
          41.8669124
        ]
      },
      "properties": {
        "id": 334378635,
        "osm_type": "way",
        "name": "Tarzani",
        "tourism": "hotel",
        "phone": "+355672931520"
      }
    },
    {
      "type": "Feature",
      "geometry": {
        "type": "Point",
        "coordinates": [
          19.8197231,
          42.1120418
        ]
      },
      "properties": {
        "id": 337025760,
        "osm_type": "way",
        "name": "Bujtina Bashota",
        "tourism": "guest_house",
        "phone": "+436781244301",
        "website": "https://balbania.com/"
      }
    },
    {
      "type": "Feature",
      "geometry": {
        "type": "Point",
        "coordinates": [
          19.4669125,
          42.1387874
        ]
      },
      "properties": {
        "id": 337540706,
        "osm_type": "way",
        "name": "Lake Shkodra Resort",
        "tourism": "camp_site",
        "tents": "yes",
        "phone": "+355692750337",
        "website": "https://www.lakeshkodraresort.com/"
      }
    },
    {
      "type": "Feature",
      "geometry": {
        "type": "Point",
        "coordinates": [
          19.4974716,
          42.0541547
        ]
      },
      "properties": {
        "id": 338081420,
        "osm_type": "way",
        "name": "Hotel Blini",
        "tourism": "hotel",
        "website": "http://hotelblini.com"
      }
    },
    {
      "type": "Feature",
      "geometry": {
        "type": "Point",
        "coordinates": [
          19.5107244,
          41.2845724
        ]
      },
      "properties": {
        "id": 339373031,
        "osm_type": "way",
        "name": "Majestic",
        "tourism": "hotel",
        "phone": "+355 52 261 115",
        "website": "https://hotelmajestic.al"
      }
    },
    {
      "type": "Feature",
      "geometry": {
        "type": "Point",
        "coordinates": [
          19.5195429,
          41.2764234
        ]
      },
      "properties": {
        "id": 339373060,
        "osm_type": "way",
        "name": "Shkelzeni",
        "tourism": "hotel"
      }
    },
    {
      "type": "Feature",
      "geometry": {
        "type": "Point",
        "coordinates": [
          19.5167046,
          41.2768516
        ]
      },
      "properties": {
        "id": 339373090,
        "osm_type": "way",
        "name": "Vila Belvedere",
        "tourism": "hotel"
      }
    },
    {
      "type": "Feature",
      "geometry": {
        "type": "Point",
        "coordinates": [
          20.2218857,
          41.8082546
        ]
      },
      "properties": {
        "id": 345295809,
        "osm_type": "way",
        "name": "Hotel Lura",
        "tourism": "hotel",
        "opening_hours": "24/7",
        "phone": "+355 684546888"
      }
    },
    {
      "type": "Feature",
      "geometry": {
        "type": "Point",
        "coordinates": [
          19.9971413,
          42.1882621
        ]
      },
      "properties": {
        "id": 345641980,
        "osm_type": "way",
        "name": "Vila L Hotel",
        "tourism": "hotel"
      }
    },
    {
      "type": "Feature",
      "geometry": {
        "type": "Point",
        "coordinates": [
          19.9972383,
          42.1881532
        ]
      },
      "properties": {
        "id": 345641987,
        "osm_type": "way",
        "name": "Vila-L",
        "tourism": "guest_house"
      }
    },
    {
      "type": "Feature",
      "geometry": {
        "type": "Point",
        "coordinates": [
          19.9090859,
          42.4587951
        ]
      },
      "properties": {
        "id": 345806321,
        "osm_type": "way",
        "name": "Bujtina Sherifaj",
        "tourism": "guest_house"
      }
    },
    {
      "type": "Feature",
      "geometry": {
        "type": "Point",
        "coordinates": [
          19.927529,
          42.3338862
        ]
      },
      "properties": {
        "id": 347940905,
        "osm_type": "way",
        "name": "Guesthouse Ndrevataj",
        "tourism": "guest_house",
        "phone": "+355683895666"
      }
    },
    {
      "type": "Feature",
      "geometry": {
        "type": "Point",
        "coordinates": [
          19.494838,
          41.3016966
        ]
      },
      "properties": {
        "id": 355792247,
        "osm_type": "way",
        "name": "Iliria Internacional",
        "tourism": "hotel",
        "phone": "+355 52 260 965",
        "website": "http://www.iliriainternacional.com/default.htm"
      }
    },
    {
      "type": "Feature",
      "geometry": {
        "type": "Point",
        "coordinates": [
          19.4956175,
          41.3012824
        ]
      },
      "properties": {
        "id": 355792251,
        "osm_type": "way",
        "name": "Vila Lule",
        "tourism": "hotel"
      }
    },
    {
      "type": "Feature",
      "geometry": {
        "type": "Point",
        "coordinates": [
          19.4758486,
          41.3135132
        ]
      },
      "properties": {
        "id": 356914503,
        "osm_type": "way",
        "name": "Vivas",
        "tourism": "hotel"
      }
    },
    {
      "type": "Feature",
      "geometry": {
        "type": "Point",
        "coordinates": [
          19.4741676,
          41.3140887
        ]
      },
      "properties": {
        "id": 358623468,
        "osm_type": "way",
        "name": "Pałace Hotel",
        "tourism": "hotel",
        "check_date": "2024-09-15"
      }
    },
    {
      "type": "Feature",
      "geometry": {
        "type": "Point",
        "coordinates": [
          19.5119207,
          42.0671407
        ]
      },
      "properties": {
        "id": 365014448,
        "osm_type": "way",
        "name": "Hotel Kaduku",
        "tourism": "hotel",
        "phone": "+35522242216",
        "website": "http://www.hotel-kaduku.com"
      }
    },
    {
      "type": "Feature",
      "geometry": {
        "type": "Point",
        "coordinates": [
          19.5508121,
          42.3401312
        ]
      },
      "properties": {
        "id": 366319881,
        "osm_type": "way",
        "name": "Vila Alpini",
        "tourism": "hotel"
      }
    },
    {
      "type": "Feature",
      "geometry": {
        "type": "Point",
        "coordinates": [
          19.636896,
          42.4895147
        ]
      },
      "properties": {
        "id": 366947689,
        "osm_type": "way",
        "name": "Guesthouse \"Pashko Bracaj\"",
        "tourism": "guest_house"
      }
    },
    {
      "type": "Feature",
      "geometry": {
        "type": "Point",
        "coordinates": [
          19.6476978,
          42.3998319
        ]
      },
      "properties": {
        "id": 367429746,
        "osm_type": "way",
        "name": "Boga Alpine Resort",
        "tourism": "camp_site",
        "tents": "yes"
      }
    },
    {
      "type": "Feature",
      "geometry": {
        "type": "Point",
        "coordinates": [
          19.6466281,
          42.3998907
        ]
      },
      "properties": {
        "id": 367429775,
        "osm_type": "way",
        "name": "Boga Alpine Resort",
        "tourism": "guest_house",
        "check_date": "2025-09-03"
      }
    },
    {
      "type": "Feature",
      "geometry": {
        "type": "Point",
        "coordinates": [
          19.7583821,
          42.3999705
        ]
      },
      "properties": {
        "id": 367653796,
        "osm_type": "way",
        "name": "Objekti",
        "tourism": "guest_house",
        "opening_hours": "May-Nov",
        "phone": "+355686775400"
      }
    },
    {
      "type": "Feature",
      "geometry": {
        "type": "Point",
        "coordinates": [
          19.7640536,
          42.4018028
        ]
      },
      "properties": {
        "id": 367653804,
        "osm_type": "way",
        "name": "Panorama",
        "tourism": "guest_house"
      }
    },
    {
      "type": "Feature",
      "geometry": {
        "type": "Point",
        "coordinates": [
          19.7646873,
          42.4025631
        ]
      },
      "properties": {
        "id": 367653807,
        "osm_type": "way",
        "name": "Bujtina \"Dritan Terthorja\"",
        "tourism": "guest_house",
        "opening_hours": "May-Nov",
        "phone": "+355683644788"
      }
    },
    {
      "type": "Feature",
      "geometry": {
        "type": "Point",
        "coordinates": [
          19.7466746,
          42.3642122
        ]
      },
      "properties": {
        "id": 367660120,
        "osm_type": "way",
        "name": "Bujtina \"Blue Eye Kaprre\"",
        "tourism": "alpine_hut",
        "opening_hours": "Apr-Nov",
        "phone": "+355682919392"
      }
    },
    {
      "type": "Feature",
      "geometry": {
        "type": "Point",
        "coordinates": [
          19.7841614,
          42.3881105
        ]
      },
      "properties": {
        "id": 367663465,
        "osm_type": "way",
        "name": "Bujtina \"Pashko Pisha\"",
        "tourism": "guest_house",
        "opening_hours": "Jan-Dec",
        "phone": "+355693256415"
      }
    },
    {
      "type": "Feature",
      "geometry": {
        "type": "Point",
        "coordinates": [
          19.7701448,
          42.3559784
        ]
      },
      "properties": {
        "id": 367806867,
        "osm_type": "way",
        "name": "Driti",
        "tourism": "guest_house"
      }
    },
    {
      "type": "Feature",
      "geometry": {
        "type": "Point",
        "coordinates": [
          19.5162681,
          42.0683155
        ]
      },
      "properties": {
        "id": 372951977,
        "osm_type": "way",
        "name": "North of Albania Travel & Hostel",
        "tourism": "hostel",
        "opening_hours": "Mo-Su 08:00-20:00",
        "phone": "+355673922119",
        "website": "http://www.northofalbaniatravel.com/"
      }
    },
    {
      "type": "Feature",
      "geometry": {
        "type": "Point",
        "coordinates": [
          19.5154435,
          42.0681414
        ]
      },
      "properties": {
        "id": 372951995,
        "osm_type": "way",
        "name": "Hotel \"Oborri Shkodran\"",
        "tourism": "hotel",
        "check_date": "2025-06-09"
      }
    },
    {
      "type": "Feature",
      "geometry": {
        "type": "Point",
        "coordinates": [
          19.5169925,
          42.0684964
        ]
      },
      "properties": {
        "id": 373212094,
        "osm_type": "way",
        "name": "Loredano",
        "tourism": "hotel",
        "opening_hours": "Mo-Su 09:00-21:00"
      }
    },
    {
      "type": "Feature",
      "geometry": {
        "type": "Point",
        "coordinates": [
          19.5161134,
          42.0687946
        ]
      },
      "properties": {
        "id": 374120876,
        "osm_type": "way",
        "name": "Hotel Carmen",
        "tourism": "hotel",
        "phone": "+35522249064;+355692074772",
        "website": "http://hotelcarmen.al"
      }
    },
    {
      "type": "Feature",
      "geometry": {
        "type": "Point",
        "coordinates": [
          19.516494,
          42.0991231
        ]
      },
      "properties": {
        "id": 374245231,
        "osm_type": "way",
        "name": "Guesthouse Florian",
        "tourism": "guest_house",
        "phone": "+355682335921",
        "website": "https://florianguesthouse.wordpress.com/"
      }
    },
    {
      "type": "Feature",
      "geometry": {
        "type": "Point",
        "coordinates": [
          19.4931721,
          42.0505585
        ]
      },
      "properties": {
        "id": 374245232,
        "osm_type": "way",
        "name": "Favorit",
        "tourism": "hotel"
      }
    },
    {
      "type": "Feature",
      "geometry": {
        "type": "Point",
        "coordinates": [
          19.5087046,
          42.0856282
        ]
      },
      "properties": {
        "id": 374245233,
        "osm_type": "way",
        "name": "Hotel Buza",
        "tourism": "hotel"
      }
    },
    {
      "type": "Feature",
      "geometry": {
        "type": "Point",
        "coordinates": [
          19.4886481,
          42.0430611
        ]
      },
      "properties": {
        "id": 374419702,
        "osm_type": "way",
        "name": "Kamping Legjenda",
        "tourism": "camp_site",
        "tents": "yes",
        "website": "https://www.campinglegjenda.com"
      }
    },
    {
      "type": "Feature",
      "geometry": {
        "type": "Point",
        "coordinates": [
          19.5230376,
          42.0587602
        ]
      },
      "properties": {
        "id": 378657402,
        "osm_type": "way",
        "name": "Hotel Bicaj",
        "tourism": "hotel",
        "opening_hours": "24/7",
        "phone": "+35522400068",
        "website": "https://hotelbicaj.com/"
      }
    },
    {
      "type": "Feature",
      "geometry": {
        "type": "Point",
        "coordinates": [
          19.5146909,
          42.0656853
        ]
      },
      "properties": {
        "id": 378666231,
        "osm_type": "way",
        "name": "Shkodra Backpackers Hostel - MI CASA ES TU CASA",
        "tourism": "hostel",
        "phone": "+355693812054",
        "website": "https://www.micasaestucasa.it/"
      }
    },
    {
      "type": "Feature",
      "geometry": {
        "type": "Point",
        "coordinates": [
          19.527278,
          42.0651992
        ]
      },
      "properties": {
        "id": 384631024,
        "osm_type": "way",
        "name": "Temali 4 Hostel",
        "tourism": "hostel",
        "phone": "+355685442087"
      }
    },
    {
      "type": "Feature",
      "geometry": {
        "type": "Point",
        "coordinates": [
          19.6492126,
          41.7754183
        ]
      },
      "properties": {
        "id": 387451878,
        "osm_type": "way",
        "tourism": "hotel"
      }
    },
    {
      "type": "Feature",
      "geometry": {
        "type": "Point",
        "coordinates": [
          19.6433476,
          41.7747085
        ]
      },
      "properties": {
        "id": 387454488,
        "osm_type": "way",
        "name": "Ambasador",
        "tourism": "hotel"
      }
    },
    {
      "type": "Feature",
      "geometry": {
        "type": "Point",
        "coordinates": [
          19.460183,
          42.0264223
        ]
      },
      "properties": {
        "id": 389291688,
        "osm_type": "way",
        "tourism": "hostel",
        "opening_hours": "24/7",
        "phone": "+355 68 202 6559",
        "website": "https://www.ecosocialfarm.com/",
        "check_date": "2024-05-01"
      }
    },
    {
      "type": "Feature",
      "geometry": {
        "type": "Point",
        "coordinates": [
          19.5351309,
          42.0940023
        ]
      },
      "properties": {
        "id": 391885351,
        "osm_type": "way",
        "name": "Hotel Emigranti",
        "tourism": "hotel",
        "opening_hours": "24/7",
        "phone": "+355682306403"
      }
    },
    {
      "type": "Feature",
      "geometry": {
        "type": "Point",
        "coordinates": [
          19.4400445,
          41.3105756
        ]
      },
      "properties": {
        "id": 397225958,
        "osm_type": "way",
        "name": "Hotel Kristal",
        "tourism": "hotel"
      }
    },
    {
      "type": "Feature",
      "geometry": {
        "type": "Point",
        "coordinates": [
          19.4472821,
          41.3103486
        ]
      },
      "properties": {
        "id": 397424091,
        "osm_type": "way",
        "name": "Hotel Veliera",
        "tourism": "hotel"
      }
    },
    {
      "type": "Feature",
      "geometry": {
        "type": "Point",
        "coordinates": [
          19.4464214,
          41.3110743
        ]
      },
      "properties": {
        "id": 397424107,
        "osm_type": "way",
        "tourism": "hotel"
      }
    },
    {
      "type": "Feature",
      "geometry": {
        "type": "Point",
        "coordinates": [
          19.9139252,
          42.3465208
        ]
      },
      "properties": {
        "id": 398492189,
        "osm_type": "way",
        "tourism": "camp_site",
        "tents": "yes"
      }
    },
    {
      "type": "Feature",
      "geometry": {
        "type": "Point",
        "coordinates": [
          19.4465567,
          41.3115393
        ]
      },
      "properties": {
        "id": 400780678,
        "osm_type": "way",
        "tourism": "hotel"
      }
    },
    {
      "type": "Feature",
      "geometry": {
        "type": "Point",
        "coordinates": [
          19.5456519,
          41.9389125
        ]
      },
      "properties": {
        "id": 408093790,
        "osm_type": "way",
        "name": "GARDENLAND Resort",
        "tourism": "hotel",
        "phone": "+355692060525",
        "website": "https://www.gardenlandresort.al"
      }
    },
    {
      "type": "Feature",
      "geometry": {
        "type": "Point",
        "coordinates": [
          19.5439956,
          41.9387628
        ]
      },
      "properties": {
        "id": 408093791,
        "osm_type": "way",
        "name": "Camping Gardenland",
        "tourism": "camp_site",
        "tents": "yes",
        "phone": "+355692060524",
        "website": "http://www.gardenlandresort.al/"
      }
    },
    {
      "type": "Feature",
      "geometry": {
        "type": "Point",
        "coordinates": [
          19.4842922,
          42.0507696
        ]
      },
      "properties": {
        "id": 414599828,
        "osm_type": "way",
        "name": "Camping Taraboshi",
        "tourism": "camp_site"
      }
    },
    {
      "type": "Feature",
      "geometry": {
        "type": "Point",
        "coordinates": [
          19.4872898,
          42.0529831
        ]
      },
      "properties": {
        "id": 414599829,
        "osm_type": "way",
        "name": "Park Hotel Marku",
        "tourism": "hotel",
        "opening_hours": "Mo-Su 06:00-24:00",
        "phone": "+355682049690"
      }
    },
    {
      "type": "Feature",
      "geometry": {
        "type": "Point",
        "coordinates": [
          19.5181331,
          42.0742139
        ]
      },
      "properties": {
        "id": 414633755,
        "osm_type": "way",
        "name": "Hotel 045",
        "tourism": "hotel"
      }
    },
    {
      "type": "Feature",
      "geometry": {
        "type": "Point",
        "coordinates": [
          19.7842621,
          42.3883895
        ]
      },
      "properties": {
        "id": 414802228,
        "osm_type": "way",
        "name": "Bujtine - Restaurant \"Zaraklis\"",
        "tourism": "guest_house",
        "phone": "+355682220586"
      }
    },
    {
      "type": "Feature",
      "geometry": {
        "type": "Point",
        "coordinates": [
          19.775468,
          42.3975076
        ]
      },
      "properties": {
        "id": 414807723,
        "osm_type": "way",
        "name": "Bujtina \"Ardian Breishta\"",
        "tourism": "guest_house",
        "opening_hours": "May-Nov",
        "phone": "+355672836950"
      }
    },
    {
      "type": "Feature",
      "geometry": {
        "type": "Point",
        "coordinates": [
          19.7634297,
          42.4008973
        ]
      },
      "properties": {
        "id": 414866802,
        "osm_type": "way",
        "name": "Bujtina \"Astrit Vidhi\"",
        "tourism": "guest_house",
        "opening_hours": "May-Nov",
        "phone": "+355683241330"
      }
    },
    {
      "type": "Feature",
      "geometry": {
        "type": "Point",
        "coordinates": [
          19.7741825,
          42.4016749
        ]
      },
      "properties": {
        "id": 414866803,
        "osm_type": "way",
        "name": "Bujtina Lek Shkafja",
        "tourism": "guest_house",
        "opening_hours": "May-Nov",
        "phone": "+355693269809"
      }
    },
    {
      "type": "Feature",
      "geometry": {
        "type": "Point",
        "coordinates": [
          19.77866,
          42.4008966
        ]
      },
      "properties": {
        "id": 414866804,
        "osm_type": "way",
        "name": "Bujtina \"Marash Rrgalla\"",
        "tourism": "guest_house",
        "opening_hours": "May-Nov",
        "phone": "+355682543204"
      }
    },
    {
      "type": "Feature",
      "geometry": {
        "type": "Point",
        "coordinates": [
          19.7590546,
          42.4032276
        ]
      },
      "properties": {
        "id": 414866805,
        "osm_type": "way",
        "name": "Bujtina \"Mhill Çarku\"",
        "tourism": "guest_house",
        "opening_hours": "May-Nov",
        "phone": "+355693164211"
      }
    },
    {
      "type": "Feature",
      "geometry": {
        "type": "Point",
        "coordinates": [
          19.7727023,
          42.3981692
        ]
      },
      "properties": {
        "id": 414866806,
        "osm_type": "way",
        "name": "Bujtina \"Ndue Blini\"",
        "tourism": "guest_house",
        "opening_hours": "May-Nov",
        "phone": "+355682338495"
      }
    },
    {
      "type": "Feature",
      "geometry": {
        "type": "Point",
        "coordinates": [
          19.77753,
          42.4020318
        ]
      },
      "properties": {
        "id": 414866807,
        "osm_type": "way",
        "name": "Bujtina \"Tom Shyti\"",
        "tourism": "guest_house",
        "opening_hours": "May-Nov",
        "phone": "+355685829567"
      }
    },
    {
      "type": "Feature",
      "geometry": {
        "type": "Point",
        "coordinates": [
          19.7438013,
          42.2383485
        ]
      },
      "properties": {
        "id": 417662197,
        "osm_type": "way",
        "name": "Kamping",
        "tourism": "camp_site"
      }
    },
    {
      "type": "Feature",
      "geometry": {
        "type": "Point",
        "coordinates": [
          19.5230793,
          42.0820853
        ]
      },
      "properties": {
        "id": 425003156,
        "osm_type": "way",
        "name": "Green Garden Hostel",
        "tourism": "hostel",
        "phone": "+355698549933"
      }
    },
    {
      "type": "Feature",
      "geometry": {
        "type": "Point",
        "coordinates": [
          19.395962,
          42.0725992
        ]
      },
      "properties": {
        "id": 427341961,
        "osm_type": "way",
        "name": "Camping",
        "tourism": "camp_site",
        "phone": "+355695111657"
      }
    },
    {
      "type": "Feature",
      "geometry": {
        "type": "Point",
        "coordinates": [
          19.4857698,
          42.0468319
        ]
      },
      "properties": {
        "id": 429470228,
        "osm_type": "way",
        "name": "Camping Buna Park",
        "tourism": "camp_site",
        "phone": "+355694261875;+355695272768"
      }
    },
    {
      "type": "Feature",
      "geometry": {
        "type": "Point",
        "coordinates": [
          19.4128304,
          41.8638846
        ]
      },
      "properties": {
        "id": 431520850,
        "osm_type": "way",
        "tourism": "caravan_site"
      }
    },
    {
      "type": "Feature",
      "geometry": {
        "type": "Point",
        "coordinates": [
          19.4177271,
          41.8630476
        ]
      },
      "properties": {
        "id": 431520853,
        "osm_type": "way",
        "tourism": "caravan_site"
      }
    },
    {
      "type": "Feature",
      "geometry": {
        "type": "Point",
        "coordinates": [
          19.4088859,
          41.8636937
        ]
      },
      "properties": {
        "id": 431520855,
        "osm_type": "way",
        "name": "Gonaj",
        "tourism": "hotel",
        "phone": "+355682572750"
      }
    },
    {
      "type": "Feature",
      "geometry": {
        "type": "Point",
        "coordinates": [
          19.4055074,
          41.8626607
        ]
      },
      "properties": {
        "id": 431520856,
        "osm_type": "way",
        "name": "KAMPI VEROR",
        "tourism": "camp_site"
      }
    },
    {
      "type": "Feature",
      "geometry": {
        "type": "Point",
        "coordinates": [
          19.4079633,
          41.8644077
        ]
      },
      "properties": {
        "id": 431520857,
        "osm_type": "way",
        "name": "Kolonia e Artistit",
        "tourism": "guest_house"
      }
    },
    {
      "type": "Feature",
      "geometry": {
        "type": "Point",
        "coordinates": [
          19.4075676,
          41.8637976
        ]
      },
      "properties": {
        "id": 431520862,
        "osm_type": "way",
        "name": "Peja",
        "tourism": "hotel",
        "phone": "+355692131817"
      }
    },
    {
      "type": "Feature",
      "geometry": {
        "type": "Point",
        "coordinates": [
          19.4081269,
          41.8656488
        ]
      },
      "properties": {
        "id": 431520867,
        "osm_type": "way",
        "tourism": "hotel"
      }
    },
    {
      "type": "Feature",
      "geometry": {
        "type": "Point",
        "coordinates": [
          19.417807,
          41.8645171
        ]
      },
      "properties": {
        "id": 431520871,
        "osm_type": "way",
        "name": "Hotel Classic",
        "tourism": "hotel"
      }
    },
    {
      "type": "Feature",
      "geometry": {
        "type": "Point",
        "coordinates": [
          19.4159301,
          41.8633851
        ]
      },
      "properties": {
        "id": 431520873,
        "osm_type": "way",
        "tourism": "hotel",
        "phone": "+355692164725"
      }
    },
    {
      "type": "Feature",
      "geometry": {
        "type": "Point",
        "coordinates": [
          19.4223698,
          41.8644728
        ]
      },
      "properties": {
        "id": 431588274,
        "osm_type": "way",
        "tourism": "hotel"
      }
    },
    {
      "type": "Feature",
      "geometry": {
        "type": "Point",
        "coordinates": [
          19.4399521,
          41.8634279
        ]
      },
      "properties": {
        "id": 431588960,
        "osm_type": "way",
        "name": "Imperial",
        "tourism": "hotel"
      }
    },
    {
      "type": "Feature",
      "geometry": {
        "type": "Point",
        "coordinates": [
          19.442156,
          41.8633047
        ]
      },
      "properties": {
        "id": 431588961,
        "osm_type": "way",
        "name": "Kamping - Laguna e Vilunit",
        "tourism": "caravan_site",
        "tents": "yes",
        "phone": "+355672341386",
        "website": "www.laguna.com"
      }
    },
    {
      "type": "Feature",
      "geometry": {
        "type": "Point",
        "coordinates": [
          19.890973,
          41.5204557
        ]
      },
      "properties": {
        "id": 433836171,
        "osm_type": "way",
        "name": "Hotel Restorant Qafshtama",
        "tourism": "guest_house",
        "phone": "+355 68 558 7545",
        "website": "https://www.facebook.com/Hotel-Restorant-Qafshtama-308307285962495"
      }
    },
    {
      "type": "Feature",
      "geometry": {
        "type": "Point",
        "coordinates": [
          20.4886748,
          41.8140116
        ]
      },
      "properties": {
        "id": 460220733,
        "osm_type": "way",
        "name": "Hotel Restaurant Korabi",
        "tourism": "hotel",
        "phone": "+355692538172;+355684392187",
        "check_date": "2025-06-21"
      }
    },
    {
      "type": "Feature",
      "geometry": {
        "type": "Point",
        "coordinates": [
          19.90046,
          42.0425094
        ]
      },
      "properties": {
        "id": 461524579,
        "osm_type": "way",
        "name": "Hotel Turizmi Pukë",
        "tourism": "hotel"
      }
    },
    {
      "type": "Feature",
      "geometry": {
        "type": "Point",
        "coordinates": [
          19.8944223,
          42.0392484
        ]
      },
      "properties": {
        "id": 462346393,
        "osm_type": "way",
        "name": "Perparim Laci",
        "tourism": "guest_house",
        "phone": "+355 68 205 6472",
        "website": "www.facebook.com/ HaniPerparimLacitPuke"
      }
    },
    {
      "type": "Feature",
      "geometry": {
        "type": "Point",
        "coordinates": [
          19.8701952,
          41.7720009
        ]
      },
      "properties": {
        "id": 466917659,
        "osm_type": "way",
        "name": "Nikos Camping",
        "tourism": "camp_site",
        "phone": "+355 68 901 8031"
      }
    },
    {
      "type": "Feature",
      "geometry": {
        "type": "Point",
        "coordinates": [
          20.0128976,
          41.6139816
        ]
      },
      "properties": {
        "id": 469532571,
        "osm_type": "way",
        "name": "Vila Bruci Burrel",
        "tourism": "hotel",
        "opening_hours": "24/7",
        "phone": "+355 217 22387"
      }
    },
    {
      "type": "Feature",
      "geometry": {
        "type": "Point",
        "coordinates": [
          19.7121766,
          41.4196855
        ]
      },
      "properties": {
        "id": 479670670,
        "osm_type": "way",
        "name": "Hotel Jurgen",
        "tourism": "hotel",
        "phone": "+355 68 519 6073"
      }
    },
    {
      "type": "Feature",
      "geometry": {
        "type": "Point",
        "coordinates": [
          19.4269478,
          41.8622347
        ]
      },
      "properties": {
        "id": 481187622,
        "osm_type": "way",
        "name": "Hotel Fishta 1",
        "tourism": "hotel"
      }
    },
    {
      "type": "Feature",
      "geometry": {
        "type": "Point",
        "coordinates": [
          19.4275059,
          41.8621821
        ]
      },
      "properties": {
        "id": 481187623,
        "osm_type": "way",
        "name": "Hotel Fishta 2",
        "tourism": "hotel"
      }
    },
    {
      "type": "Feature",
      "geometry": {
        "type": "Point",
        "coordinates": [
          19.4120664,
          41.865499
        ]
      },
      "properties": {
        "id": 481192432,
        "osm_type": "way",
        "tourism": "hotel"
      }
    },
    {
      "type": "Feature",
      "geometry": {
        "type": "Point",
        "coordinates": [
          19.4263571,
          41.8665161
        ]
      },
      "properties": {
        "id": 481196159,
        "osm_type": "way",
        "name": "Te Rexhepi",
        "tourism": "hotel",
        "phone": "+355692844339"
      }
    },
    {
      "type": "Feature",
      "geometry": {
        "type": "Point",
        "coordinates": [
          19.5576456,
          41.824253
        ]
      },
      "properties": {
        "id": 481792705,
        "osm_type": "way",
        "name": "Hotel Prince Adriatic Resort",
        "tourism": "hotel",
        "phone": "+355686688900",
        "website": "https://princeadriatic.com/"
      }
    },
    {
      "type": "Feature",
      "geometry": {
        "type": "Point",
        "coordinates": [
          19.6050041,
          41.7787451
        ]
      },
      "properties": {
        "id": 481971684,
        "osm_type": "way",
        "name": "Kompleksi Turistik \"Leonardo\"",
        "tourism": "camp_site"
      }
    },
    {
      "type": "Feature",
      "geometry": {
        "type": "Point",
        "coordinates": [
          19.6033772,
          41.7808291
        ]
      },
      "properties": {
        "id": 481980422,
        "osm_type": "way",
        "name": "Kompleksi Veror \"Sunrise",
        "tourism": "camp_site"
      }
    },
    {
      "type": "Feature",
      "geometry": {
        "type": "Point",
        "coordinates": [
          19.6042095,
          41.779949
        ]
      },
      "properties": {
        "id": 481980424,
        "osm_type": "way",
        "name": "Camp Torino",
        "tourism": "camp_site"
      }
    },
    {
      "type": "Feature",
      "geometry": {
        "type": "Point",
        "coordinates": [
          19.6042903,
          41.7908065
        ]
      },
      "properties": {
        "id": 481985687,
        "osm_type": "way",
        "tourism": "hotel"
      }
    },
    {
      "type": "Feature",
      "geometry": {
        "type": "Point",
        "coordinates": [
          19.6034223,
          41.7897284
        ]
      },
      "properties": {
        "id": 481985705,
        "osm_type": "way",
        "tourism": "hotel"
      }
    },
    {
      "type": "Feature",
      "geometry": {
        "type": "Point",
        "coordinates": [
          19.6034348,
          41.7894249
        ]
      },
      "properties": {
        "id": 481985706,
        "osm_type": "way",
        "tourism": "hotel"
      }
    },
    {
      "type": "Feature",
      "geometry": {
        "type": "Point",
        "coordinates": [
          19.602742,
          41.7939894
        ]
      },
      "properties": {
        "id": 481992190,
        "osm_type": "way",
        "name": "Hotel Molla",
        "tourism": "hotel",
        "opening_hours": "24/7",
        "phone": "+355694041673"
      }
    },
    {
      "type": "Feature",
      "geometry": {
        "type": "Point",
        "coordinates": [
          19.6024748,
          41.7947047
        ]
      },
      "properties": {
        "id": 481993655,
        "osm_type": "way",
        "name": "La Perla",
        "tourism": "hotel"
      }
    },
    {
      "type": "Feature",
      "geometry": {
        "type": "Point",
        "coordinates": [
          19.6042905,
          41.7976845
        ]
      },
      "properties": {
        "id": 482001896,
        "osm_type": "way",
        "tourism": "hotel"
      }
    },
    {
      "type": "Feature",
      "geometry": {
        "type": "Point",
        "coordinates": [
          19.601783,
          41.7989153
        ]
      },
      "properties": {
        "id": 482001899,
        "osm_type": "way",
        "tourism": "hotel"
      }
    },
    {
      "type": "Feature",
      "geometry": {
        "type": "Point",
        "coordinates": [
          19.6020899,
          41.7969158
        ]
      },
      "properties": {
        "id": 482001929,
        "osm_type": "way",
        "name": "White House Hotel",
        "tourism": "hotel",
        "phone": "+355685933599"
      }
    },
    {
      "type": "Feature",
      "geometry": {
        "type": "Point",
        "coordinates": [
          19.6045073,
          41.7958347
        ]
      },
      "properties": {
        "id": 482001933,
        "osm_type": "way",
        "tourism": "hotel"
      }
    },
    {
      "type": "Feature",
      "geometry": {
        "type": "Point",
        "coordinates": [
          19.5168862,
          42.0617075
        ]
      },
      "properties": {
        "id": 482274042,
        "osm_type": "way",
        "name": "Pashko Vasa Guesthouse",
        "tourism": "guest_house",
        "phone": "+355692564682"
      }
    },
    {
      "type": "Feature",
      "geometry": {
        "type": "Point",
        "coordinates": [
          19.5155562,
          42.0625814
        ]
      },
      "properties": {
        "id": 482274044,
        "osm_type": "way",
        "name": "Tradita G&T",
        "tourism": "hotel",
        "opening_hours": "Mo-Su 06:00-24:00",
        "phone": "+35522809683;+355682086056;+355686263770",
        "website": "http://www.hoteltradita.com/"
      }
    },
    {
      "type": "Feature",
      "geometry": {
        "type": "Point",
        "coordinates": [
          19.5127185,
          42.0672627
        ]
      },
      "properties": {
        "id": 482423232,
        "osm_type": "way",
        "name": "Hotel Rozafa",
        "tourism": "hotel",
        "website": "https://hotelrozafa.al/"
      }
    },
    {
      "type": "Feature",
      "geometry": {
        "type": "Point",
        "coordinates": [
          19.5196466,
          42.0755753
        ]
      },
      "properties": {
        "id": 482814452,
        "osm_type": "way",
        "name": "Florian's Backpackers",
        "tourism": "hostel",
        "phone": "+355692751294"
      }
    },
    {
      "type": "Feature",
      "geometry": {
        "type": "Point",
        "coordinates": [
          19.5219671,
          42.074725
        ]
      },
      "properties": {
        "id": 482814858,
        "osm_type": "way",
        "name": "Pemaj Hostel",
        "tourism": "hostel",
        "phone": "+355673214463",
        "website": "http://pemajhostel.comyr.com/"
      }
    },
    {
      "type": "Feature",
      "geometry": {
        "type": "Point",
        "coordinates": [
          19.4286561,
          41.8640036
        ]
      },
      "properties": {
        "id": 483175070,
        "osm_type": "way",
        "name": "Godija",
        "tourism": "hotel",
        "phone": "+355672782735"
      }
    },
    {
      "type": "Feature",
      "geometry": {
        "type": "Point",
        "coordinates": [
          19.4014659,
          41.8688003
        ]
      },
      "properties": {
        "id": 483185154,
        "osm_type": "way",
        "name": "Hotel Aquarius",
        "tourism": "hotel",
        "phone": "+355692176323;+31623310637",
        "website": "www.hotel-aquariusvelipoje.nl"
      }
    },
    {
      "type": "Feature",
      "geometry": {
        "type": "Point",
        "coordinates": [
          19.4874162,
          42.0477433
        ]
      },
      "properties": {
        "id": 484099521,
        "osm_type": "way",
        "name": "Buna Park Resort",
        "tourism": "hotel",
        "opening_hours": "Mo-Su 06:00-22:00",
        "phone": "+355694261875",
        "website": "http://bunapark.com/"
      }
    },
    {
      "type": "Feature",
      "geometry": {
        "type": "Point",
        "coordinates": [
          19.5222748,
          42.0631595
        ]
      },
      "properties": {
        "id": 491464302,
        "osm_type": "way",
        "name": "Our Way Hostel",
        "tourism": "hostel"
      }
    },
    {
      "type": "Feature",
      "geometry": {
        "type": "Point",
        "coordinates": [
          20.011231,
          42.1883003
        ]
      },
      "properties": {
        "id": 497436318,
        "osm_type": "way",
        "name": "Mark Zeqiri",
        "tourism": "guest_house",
        "phone": "+355682662004"
      }
    },
    {
      "type": "Feature",
      "geometry": {
        "type": "Point",
        "coordinates": [
          19.4822004,
          42.0393875
        ]
      },
      "properties": {
        "id": 497697035,
        "osm_type": "way",
        "name": "Prince of Lake",
        "tourism": "hotel",
        "opening_hours": "Mo-Su 07:00-22:00",
        "phone": "+35522 800 200",
        "website": "http://www.princeoflake.al"
      }
    },
    {
      "type": "Feature",
      "geometry": {
        "type": "Point",
        "coordinates": [
          19.517501,
          42.0683439
        ]
      },
      "properties": {
        "id": 497822204,
        "osm_type": "way",
        "name": "Kultura",
        "tourism": "hostel",
        "opening_hours": "06:30-23:00"
      }
    },
    {
      "type": "Feature",
      "geometry": {
        "type": "Point",
        "coordinates": [
          19.7844361,
          42.3872885
        ]
      },
      "properties": {
        "id": 499218511,
        "osm_type": "way",
        "name": "Buni Shqipes",
        "tourism": "guest_house",
        "opening_hours": "24/7",
        "phone": "+355674619592",
        "website": "https://www.booking.com/hotel/al/buni-shqipes.en-gb.html"
      }
    },
    {
      "type": "Feature",
      "geometry": {
        "type": "Point",
        "coordinates": [
          19.7656555,
          42.4101845
        ]
      },
      "properties": {
        "id": 499218518,
        "osm_type": "way",
        "tourism": "chalet"
      }
    },
    {
      "type": "Feature",
      "geometry": {
        "type": "Point",
        "coordinates": [
          19.7655925,
          42.4101963
        ]
      },
      "properties": {
        "id": 499218520,
        "osm_type": "way",
        "tourism": "chalet"
      }
    },
    {
      "type": "Feature",
      "geometry": {
        "type": "Point",
        "coordinates": [
          19.7655282,
          42.4102014
        ]
      },
      "properties": {
        "id": 499218521,
        "osm_type": "way",
        "tourism": "chalet"
      }
    },
    {
      "type": "Feature",
      "geometry": {
        "type": "Point",
        "coordinates": [
          19.7654611,
          42.4101885
        ]
      },
      "properties": {
        "id": 499218522,
        "osm_type": "way",
        "tourism": "chalet"
      }
    },
    {
      "type": "Feature",
      "geometry": {
        "type": "Point",
        "coordinates": [
          19.7653914,
          42.4101726
        ]
      },
      "properties": {
        "id": 499218523,
        "osm_type": "way",
        "tourism": "chalet"
      }
    },
    {
      "type": "Feature",
      "geometry": {
        "type": "Point",
        "coordinates": [
          19.7653363,
          42.4101419
        ]
      },
      "properties": {
        "id": 499218524,
        "osm_type": "way",
        "tourism": "chalet"
      }
    },
    {
      "type": "Feature",
      "geometry": {
        "type": "Point",
        "coordinates": [
          19.7652855,
          42.4101103
        ]
      },
      "properties": {
        "id": 499218525,
        "osm_type": "way",
        "tourism": "chalet"
      }
    },
    {
      "type": "Feature",
      "geometry": {
        "type": "Point",
        "coordinates": [
          19.7652272,
          42.4100788
        ]
      },
      "properties": {
        "id": 499218527,
        "osm_type": "way",
        "tourism": "chalet"
      }
    },
    {
      "type": "Feature",
      "geometry": {
        "type": "Point",
        "coordinates": [
          19.5267851,
          42.0573774
        ]
      },
      "properties": {
        "id": 499332890,
        "osm_type": "way",
        "name": "Hotel Luani Arte",
        "tourism": "hotel",
        "phone": "+355672222205",
        "website": "www.luani-a.com"
      }
    },
    {
      "type": "Feature",
      "geometry": {
        "type": "Point",
        "coordinates": [
          19.7940403,
          41.5099948
        ]
      },
      "properties": {
        "id": 505076738,
        "osm_type": "way",
        "name": "Panorama",
        "tourism": "hotel",
        "opening_hours": "24/7"
      }
    },
    {
      "type": "Feature",
      "geometry": {
        "type": "Point",
        "coordinates": [
          20.4231742,
          41.5332159
        ]
      },
      "properties": {
        "id": 507930405,
        "osm_type": "way",
        "tourism": "hotel"
      }
    },
    {
      "type": "Feature",
      "geometry": {
        "type": "Point",
        "coordinates": [
          19.7586796,
          42.3998166
        ]
      },
      "properties": {
        "id": 511230868,
        "osm_type": "way",
        "name": "Objekti",
        "tourism": "guest_house",
        "opening_hours": "May-Nov",
        "phone": "+355686775400"
      }
    },
    {
      "type": "Feature",
      "geometry": {
        "type": "Point",
        "coordinates": [
          19.7769872,
          42.3940488
        ]
      },
      "properties": {
        "id": 512229749,
        "osm_type": "way",
        "name": "Kamping \"Zorgji\"",
        "tourism": "camp_site",
        "opening_hours": "May-Nov",
        "tents": "yes",
        "phone": "+355682319610"
      }
    },
    {
      "type": "Feature",
      "geometry": {
        "type": "Point",
        "coordinates": [
          19.7764904,
          42.3943142
        ]
      },
      "properties": {
        "id": 512229750,
        "osm_type": "way",
        "name": "Restorant \"Zorgji\"",
        "tourism": "guest_house",
        "opening_hours": "May-Nov",
        "tents": "yes",
        "phone": "+355 68 231 9610",
        "check_date": "2024-06-18"
      }
    },
    {
      "type": "Feature",
      "geometry": {
        "type": "Point",
        "coordinates": [
          19.7841045,
          42.3876834
        ]
      },
      "properties": {
        "id": 513973558,
        "osm_type": "way",
        "tourism": "caravan_site"
      }
    },
    {
      "type": "Feature",
      "geometry": {
        "type": "Point",
        "coordinates": [
          19.6717068,
          41.6530528
        ]
      },
      "properties": {
        "id": 515571400,
        "osm_type": "way",
        "tourism": "hotel"
      }
    },
    {
      "type": "Feature",
      "geometry": {
        "type": "Point",
        "coordinates": [
          19.6729589,
          41.6557878
        ]
      },
      "properties": {
        "id": 515571410,
        "osm_type": "way",
        "tourism": "hotel"
      }
    },
    {
      "type": "Feature",
      "geometry": {
        "type": "Point",
        "coordinates": [
          20.0035431,
          42.2640701
        ]
      },
      "properties": {
        "id": 515669004,
        "osm_type": "way",
        "name": "Raja",
        "tourism": "hotel",
        "check_date": "2025-07-13"
      }
    },
    {
      "type": "Feature",
      "geometry": {
        "type": "Point",
        "coordinates": [
          19.6736289,
          41.5574465
        ]
      },
      "properties": {
        "id": 516107435,
        "osm_type": "way",
        "name": "Hotel Europa Park",
        "tourism": "hotel"
      }
    },
    {
      "type": "Feature",
      "geometry": {
        "type": "Point",
        "coordinates": [
          20.0056344,
          41.8611674
        ]
      },
      "properties": {
        "id": 516816112,
        "osm_type": "way",
        "name": "NBT Oil",
        "tourism": "hotel",
        "check_date": "2023-06-13"
      }
    },
    {
      "type": "Feature",
      "geometry": {
        "type": "Point",
        "coordinates": [
          20.4731175,
          41.5869279
        ]
      },
      "properties": {
        "id": 519113094,
        "osm_type": "way",
        "tourism": "hotel"
      }
    },
    {
      "type": "Feature",
      "geometry": {
        "type": "Point",
        "coordinates": [
          19.8684175,
          41.7721045
        ]
      },
      "properties": {
        "id": 532990251,
        "osm_type": "way",
        "name": "Vila Livio",
        "tourism": "hotel"
      }
    },
    {
      "type": "Feature",
      "geometry": {
        "type": "Point",
        "coordinates": [
          19.4677009,
          41.8592858
        ]
      },
      "properties": {
        "id": 575229691,
        "osm_type": "way",
        "name": "Clandestino Camping",
        "tourism": "camp_site",
        "tents": "yes",
        "phone": "+355693812054",
        "website": "https://campingclandestino.wixsite.com/campingclandestino"
      }
    },
    {
      "type": "Feature",
      "geometry": {
        "type": "Point",
        "coordinates": [
          20.1296187,
          42.5090397
        ]
      },
      "properties": {
        "id": 576709075,
        "osm_type": "way",
        "name": "Guesthouse Halil Qerimi",
        "tourism": "alpine_hut",
        "phone": "+355683724938"
      }
    },
    {
      "type": "Feature",
      "geometry": {
        "type": "Point",
        "coordinates": [
          19.6730108,
          41.6702701
        ]
      },
      "properties": {
        "id": 577773570,
        "osm_type": "way",
        "name": "Hotel Univers",
        "tourism": "hotel"
      }
    },
    {
      "type": "Feature",
      "geometry": {
        "type": "Point",
        "coordinates": [
          19.9412015,
          42.2850081
        ]
      },
      "properties": {
        "id": 580807699,
        "osm_type": "way",
        "name": "Guesthouse Chehaja (Qehaja)",
        "tourism": "guest_house",
        "phone": "+355 685 645 062"
      }
    },
    {
      "type": "Feature",
      "geometry": {
        "type": "Point",
        "coordinates": [
          20.0331595,
          42.0687474
        ]
      },
      "properties": {
        "id": 581542868,
        "osm_type": "way",
        "name": "Hotel Dardania",
        "tourism": "hotel"
      }
    },
    {
      "type": "Feature",
      "geometry": {
        "type": "Point",
        "coordinates": [
          20.1313494,
          42.5088833
        ]
      },
      "properties": {
        "id": 582336677,
        "osm_type": "way",
        "name": "Guesthouse Halil Qerimi",
        "tourism": "alpine_hut",
        "phone": "+355683724938"
      }
    },
    {
      "type": "Feature",
      "geometry": {
        "type": "Point",
        "coordinates": [
          19.8076763,
          42.1976041
        ]
      },
      "properties": {
        "id": 583581361,
        "osm_type": "way",
        "name": "Park Blini Guesthouse",
        "tourism": "guest_house"
      }
    },
    {
      "type": "Feature",
      "geometry": {
        "type": "Point",
        "coordinates": [
          20.0264211,
          42.2808543
        ]
      },
      "properties": {
        "id": 583720352,
        "osm_type": "way",
        "name": "Diamant",
        "tourism": "hotel"
      }
    },
    {
      "type": "Feature",
      "geometry": {
        "type": "Point",
        "coordinates": [
          20.4440972,
          41.6878614
        ]
      },
      "properties": {
        "id": 589440949,
        "osm_type": "way",
        "name": "Hotel Natyra e Qete",
        "tourism": "hotel"
      }
    },
    {
      "type": "Feature",
      "geometry": {
        "type": "Point",
        "coordinates": [
          19.4176544,
          41.8645356
        ]
      },
      "properties": {
        "id": 589520544,
        "osm_type": "way",
        "name": "Hotel Relax",
        "tourism": "hotel",
        "phone": "+355 67 559 8671",
        "website": "https://www.facebook.com/indritmeaj1/"
      }
    },
    {
      "type": "Feature",
      "geometry": {
        "type": "Point",
        "coordinates": [
          19.5939062,
          42.5214665
        ]
      },
      "properties": {
        "id": 609905385,
        "osm_type": "way",
        "tourism": "camp_site",
        "tents": "yes"
      }
    },
    {
      "type": "Feature",
      "geometry": {
        "type": "Point",
        "coordinates": [
          19.9377521,
          42.4574551
        ]
      },
      "properties": {
        "id": 610150774,
        "osm_type": "way",
        "name": "Relax",
        "tourism": "hotel"
      }
    },
    {
      "type": "Feature",
      "geometry": {
        "type": "Point",
        "coordinates": [
          19.5180961,
          42.0558759
        ]
      },
      "properties": {
        "id": 617761096,
        "osm_type": "way",
        "tourism": "hotel"
      }
    },
    {
      "type": "Feature",
      "geometry": {
        "type": "Point",
        "coordinates": [
          19.5143586,
          42.0787026
        ]
      },
      "properties": {
        "id": 620333681,
        "osm_type": "way",
        "name": "Malësia e Madhe",
        "tourism": "hotel",
        "phone": "+355673582296"
      }
    },
    {
      "type": "Feature",
      "geometry": {
        "type": "Point",
        "coordinates": [
          19.7917018,
          41.5106177
        ]
      },
      "properties": {
        "id": 622299696,
        "osm_type": "way",
        "name": "Mervin",
        "tourism": "hotel",
        "phone": "+35551124869",
        "website": "http://www.mervinhotel.com",
        "check_date": "2024-05-10"
      }
    },
    {
      "type": "Feature",
      "geometry": {
        "type": "Point",
        "coordinates": [
          19.5034242,
          42.0571655
        ]
      },
      "properties": {
        "id": 623035116,
        "osm_type": "way",
        "name": "Argenti",
        "tourism": "hotel",
        "phone": "+355692055067;+355694023994;+35522243909",
        "website": "www.kompleksi-argenti.com"
      }
    },
    {
      "type": "Feature",
      "geometry": {
        "type": "Point",
        "coordinates": [
          19.4923059,
          42.0481922
        ]
      },
      "properties": {
        "id": 624372243,
        "osm_type": "way",
        "name": "Hotel Arlindi",
        "tourism": "hotel"
      }
    },
    {
      "type": "Feature",
      "geometry": {
        "type": "Point",
        "coordinates": [
          19.4890146,
          41.3082499
        ]
      },
      "properties": {
        "id": 638768083,
        "osm_type": "way",
        "name": "Empire Hotel",
        "tourism": "hotel",
        "phone": "+355 69 447 9112",
        "website": "https://empirehotel.al/",
        "check_date": "2024-05-09"
      }
    },
    {
      "type": "Feature",
      "geometry": {
        "type": "Point",
        "coordinates": [
          19.5243794,
          41.4894664
        ]
      },
      "properties": {
        "id": 671581117,
        "osm_type": "way",
        "name": "Me Plan",
        "tourism": "caravan_site",
        "opening_hours": "sunrise-sunset",
        "phone": "+355682662004"
      }
    },
    {
      "type": "Feature",
      "geometry": {
        "type": "Point",
        "coordinates": [
          19.5341783,
          41.3150036
        ]
      },
      "properties": {
        "id": 728857628,
        "osm_type": "way",
        "name": "Vinea Resort & Spa",
        "tourism": "hotel"
      }
    },
    {
      "type": "Feature",
      "geometry": {
        "type": "Point",
        "coordinates": [
          19.510095,
          41.2965569
        ]
      },
      "properties": {
        "id": 728902819,
        "osm_type": "way",
        "name": "Villa Pascucci",
        "tourism": "hotel"
      }
    },
    {
      "type": "Feature",
      "geometry": {
        "type": "Point",
        "coordinates": [
          19.5069495,
          41.3110749
        ]
      },
      "properties": {
        "id": 729194397,
        "osm_type": "way",
        "tourism": "hotel"
      }
    },
    {
      "type": "Feature",
      "geometry": {
        "type": "Point",
        "coordinates": [
          19.5149652,
          41.292464
        ]
      },
      "properties": {
        "id": 729968289,
        "osm_type": "way",
        "name": "Bar Hotel Rexhaj",
        "tourism": "hotel"
      }
    },
    {
      "type": "Feature",
      "geometry": {
        "type": "Point",
        "coordinates": [
          19.5270685,
          41.3379459
        ]
      },
      "properties": {
        "id": 730028905,
        "osm_type": "way",
        "name": "Shahini",
        "tourism": "hotel"
      }
    },
    {
      "type": "Feature",
      "geometry": {
        "type": "Point",
        "coordinates": [
          19.5104776,
          41.3348147
        ]
      },
      "properties": {
        "id": 730036394,
        "osm_type": "way",
        "name": "Drini Hotel",
        "tourism": "hotel"
      }
    },
    {
      "type": "Feature",
      "geometry": {
        "type": "Point",
        "coordinates": [
          19.5157989,
          42.0660806
        ]
      },
      "properties": {
        "id": 730132428,
        "osm_type": "way",
        "name": "ARKA Hostel",
        "tourism": "hostel",
        "opening_hours": "07:30-23:00",
        "phone": "+355 69 206 4706"
      }
    },
    {
      "type": "Feature",
      "geometry": {
        "type": "Point",
        "coordinates": [
          19.511856,
          42.0705224
        ]
      },
      "properties": {
        "id": 730132430,
        "osm_type": "way",
        "name": "@Home Hostel",
        "tourism": "hostel",
        "tents": "yes",
        "phone": "+355 69 867 0887",
        "website": "www.athomehostelshkoder.com"
      }
    },
    {
      "type": "Feature",
      "geometry": {
        "type": "Point",
        "coordinates": [
          19.5082044,
          41.3467482
        ]
      },
      "properties": {
        "id": 730324993,
        "osm_type": "way",
        "name": "Hotel Delta",
        "tourism": "hotel"
      }
    },
    {
      "type": "Feature",
      "geometry": {
        "type": "Point",
        "coordinates": [
          19.497379,
          41.342562
        ]
      },
      "properties": {
        "id": 730333307,
        "osm_type": "way",
        "name": "Crystal Hotel",
        "tourism": "hotel"
      }
    },
    {
      "type": "Feature",
      "geometry": {
        "type": "Point",
        "coordinates": [
          19.5169712,
          41.2759553
        ]
      },
      "properties": {
        "id": 731203244,
        "osm_type": "way",
        "name": "Sanremo Hotel",
        "tourism": "hotel"
      }
    },
    {
      "type": "Feature",
      "geometry": {
        "type": "Point",
        "coordinates": [
          19.5185927,
          41.2719166
        ]
      },
      "properties": {
        "id": 731203245,
        "osm_type": "way",
        "name": "Hotel Blendi",
        "tourism": "hotel"
      }
    },
    {
      "type": "Feature",
      "geometry": {
        "type": "Point",
        "coordinates": [
          19.8171989,
          42.0992153
        ]
      },
      "properties": {
        "id": 732570524,
        "osm_type": "way",
        "name": "Natura",
        "tourism": "camp_site"
      }
    },
    {
      "type": "Feature",
      "geometry": {
        "type": "Point",
        "coordinates": [
          19.4412233,
          41.3144345
        ]
      },
      "properties": {
        "id": 733326370,
        "osm_type": "way",
        "name": "Hotel Bar Gega",
        "tourism": "hotel"
      }
    },
    {
      "type": "Feature",
      "geometry": {
        "type": "Point",
        "coordinates": [
          19.6020105,
          41.371616
        ]
      },
      "properties": {
        "id": 735335002,
        "osm_type": "way",
        "name": "Adorions Palace",
        "tourism": "hotel"
      }
    },
    {
      "type": "Feature",
      "geometry": {
        "type": "Point",
        "coordinates": [
          19.4695812,
          41.315104
        ]
      },
      "properties": {
        "id": 751033341,
        "osm_type": "way",
        "name": "Cosmo Beach Hotel",
        "tourism": "hotel",
        "check_date": "2024-03-26"
      }
    },
    {
      "type": "Feature",
      "geometry": {
        "type": "Point",
        "coordinates": [
          19.4788959,
          41.3143265
        ]
      },
      "properties": {
        "id": 751143115,
        "osm_type": "way",
        "name": "Villa Dedej",
        "tourism": "hotel"
      }
    },
    {
      "type": "Feature",
      "geometry": {
        "type": "Point",
        "coordinates": [
          19.4553249,
          41.326088
        ]
      },
      "properties": {
        "id": 751231059,
        "osm_type": "way",
        "name": "BS Hotel",
        "tourism": "hotel"
      }
    },
    {
      "type": "Feature",
      "geometry": {
        "type": "Point",
        "coordinates": [
          19.5330169,
          41.3129927
        ]
      },
      "properties": {
        "id": 753683079,
        "osm_type": "way",
        "name": "Hotel Lubjana",
        "tourism": "hotel"
      }
    },
    {
      "type": "Feature",
      "geometry": {
        "type": "Point",
        "coordinates": [
          19.427431,
          41.8635969
        ]
      },
      "properties": {
        "id": 761177170,
        "osm_type": "way",
        "name": "Nolea Boutique Hotel",
        "tourism": "hotel",
        "website": "https://www.noleaboutiquehotel.com"
      }
    },
    {
      "type": "Feature",
      "geometry": {
        "type": "Point",
        "coordinates": [
          19.4930559,
          42.0501366
        ]
      },
      "properties": {
        "id": 789986946,
        "osm_type": "way",
        "name": "Amerika",
        "tourism": "motel"
      }
    },
    {
      "type": "Feature",
      "geometry": {
        "type": "Point",
        "coordinates": [
          19.4893569,
          42.1335173
        ]
      },
      "properties": {
        "id": 791885537,
        "osm_type": "way",
        "name": "Hotel Havana",
        "tourism": "hotel",
        "website": "https://www.facebook.com/HavanaHotelShkoder/"
      }
    },
    {
      "type": "Feature",
      "geometry": {
        "type": "Point",
        "coordinates": [
          19.456295,
          42.2000254
        ]
      },
      "properties": {
        "id": 794337365,
        "osm_type": "way",
        "tourism": "hotel"
      }
    },
    {
      "type": "Feature",
      "geometry": {
        "type": "Point",
        "coordinates": [
          19.5030751,
          42.1077992
        ]
      },
      "properties": {
        "id": 803670301,
        "osm_type": "way",
        "name": "Hotel Meteor",
        "tourism": "hotel",
        "phone": "+355 68 411 37 53"
      }
    },
    {
      "type": "Feature",
      "geometry": {
        "type": "Point",
        "coordinates": [
          19.5941915,
          41.8120438
        ]
      },
      "properties": {
        "id": 815875788,
        "osm_type": "way",
        "tourism": "hotel",
        "phone": "+355692409234",
        "website": "https://hotelfrojd.com"
      }
    },
    {
      "type": "Feature",
      "geometry": {
        "type": "Point",
        "coordinates": [
          19.7836163,
          42.3857609
        ]
      },
      "properties": {
        "id": 818316269,
        "osm_type": "way",
        "name": "Bujtina Dreni",
        "tourism": "guest_house"
      }
    },
    {
      "type": "Feature",
      "geometry": {
        "type": "Point",
        "coordinates": [
          19.7764651,
          42.3950646
        ]
      },
      "properties": {
        "id": 818320145,
        "osm_type": "way",
        "name": "Alpine House",
        "tourism": "hotel",
        "check_date": "2023-06-25"
      }
    },
    {
      "type": "Feature",
      "geometry": {
        "type": "Point",
        "coordinates": [
          19.7801335,
          42.3870251
        ]
      },
      "properties": {
        "id": 818320156,
        "osm_type": "way",
        "name": "Marashi",
        "tourism": "guest_house",
        "phone": "+355683133900"
      }
    },
    {
      "type": "Feature",
      "geometry": {
        "type": "Point",
        "coordinates": [
          19.615242,
          41.7481256
        ]
      },
      "properties": {
        "id": 821810406,
        "osm_type": "way",
        "name": "Hoteli i Gjuetisë",
        "tourism": "hotel",
        "opening_hours": "Mo-Su 08:00-22:00"
      }
    },
    {
      "type": "Feature",
      "geometry": {
        "type": "Point",
        "coordinates": [
          19.5798858,
          41.7368853
        ]
      },
      "properties": {
        "id": 821828483,
        "osm_type": "way",
        "name": "Laguna Blu \"Te Nazi\"",
        "tourism": "hotel",
        "opening_hours": "sunrise-sunset",
        "tents": "yes",
        "phone": "+355683227322"
      }
    },
    {
      "type": "Feature",
      "geometry": {
        "type": "Point",
        "coordinates": [
          19.5799817,
          41.8107228
        ]
      },
      "properties": {
        "id": 917960532,
        "osm_type": "way",
        "name": "Hotel Benelux",
        "tourism": "hotel"
      }
    },
    {
      "type": "Feature",
      "geometry": {
        "type": "Point",
        "coordinates": [
          20.4258341,
          41.6196573
        ]
      },
      "properties": {
        "id": 956638831,
        "osm_type": "way",
        "name": "Kampingu i Fluturave",
        "tourism": "camp_site",
        "opening_hours": "24/7"
      }
    },
    {
      "type": "Feature",
      "geometry": {
        "type": "Point",
        "coordinates": [
          19.5018645,
          41.4331662
        ]
      },
      "properties": {
        "id": 966263842,
        "osm_type": "way",
        "name": "Villa 3A",
        "tourism": "apartment"
      }
    },
    {
      "type": "Feature",
      "geometry": {
        "type": "Point",
        "coordinates": [
          19.7251404,
          42.3897379
        ]
      },
      "properties": {
        "id": 970026109,
        "osm_type": "way",
        "name": "8",
        "tourism": "guest_house"
      }
    },
    {
      "type": "Feature",
      "geometry": {
        "type": "Point",
        "coordinates": [
          19.725109,
          42.3896657
        ]
      },
      "properties": {
        "id": 970026110,
        "osm_type": "way",
        "name": "7",
        "tourism": "guest_house"
      }
    },
    {
      "type": "Feature",
      "geometry": {
        "type": "Point",
        "coordinates": [
          19.7252025,
          42.3897202
        ]
      },
      "properties": {
        "id": 970026111,
        "osm_type": "way",
        "name": "5",
        "tourism": "guest_house"
      }
    },
    {
      "type": "Feature",
      "geometry": {
        "type": "Point",
        "coordinates": [
          19.7254076,
          42.3895995
        ]
      },
      "properties": {
        "id": 970026112,
        "osm_type": "way",
        "name": "1",
        "tourism": "guest_house"
      }
    },
    {
      "type": "Feature",
      "geometry": {
        "type": "Point",
        "coordinates": [
          19.7258392,
          42.3895043
        ]
      },
      "properties": {
        "id": 970026113,
        "osm_type": "way",
        "tourism": "guest_house"
      }
    },
    {
      "type": "Feature",
      "geometry": {
        "type": "Point",
        "coordinates": [
          19.7258858,
          42.3895241
        ]
      },
      "properties": {
        "id": 970026114,
        "osm_type": "way",
        "tourism": "guest_house"
      }
    },
    {
      "type": "Feature",
      "geometry": {
        "type": "Point",
        "coordinates": [
          19.7257896,
          42.3894882
        ]
      },
      "properties": {
        "id": 970026115,
        "osm_type": "way",
        "tourism": "guest_house"
      }
    },
    {
      "type": "Feature",
      "geometry": {
        "type": "Point",
        "coordinates": [
          20.0708316,
          42.3575996
        ]
      },
      "properties": {
        "id": 976390905,
        "osm_type": "way",
        "name": "Hotel Eurobushi",
        "tourism": "hotel"
      }
    },
    {
      "type": "Feature",
      "geometry": {
        "type": "Point",
        "coordinates": [
          20.0749954,
          42.3566218
        ]
      },
      "properties": {
        "id": 976390909,
        "osm_type": "way",
        "tourism": "hotel"
      }
    },
    {
      "type": "Feature",
      "geometry": {
        "type": "Point",
        "coordinates": [
          19.7253366,
          42.3896161
        ]
      },
      "properties": {
        "id": 980854612,
        "osm_type": "way",
        "name": "2",
        "tourism": "guest_house"
      }
    },
    {
      "type": "Feature",
      "geometry": {
        "type": "Point",
        "coordinates": [
          19.7254117,
          42.3896764
        ]
      },
      "properties": {
        "id": 980854613,
        "osm_type": "way",
        "name": "3",
        "tourism": "guest_house"
      }
    },
    {
      "type": "Feature",
      "geometry": {
        "type": "Point",
        "coordinates": [
          19.7253483,
          42.389691
        ]
      },
      "properties": {
        "id": 980854614,
        "osm_type": "way",
        "name": "4",
        "tourism": "guest_house"
      }
    },
    {
      "type": "Feature",
      "geometry": {
        "type": "Point",
        "coordinates": [
          19.7251776,
          42.3896472
        ]
      },
      "properties": {
        "id": 980854615,
        "osm_type": "way",
        "name": "6",
        "tourism": "guest_house"
      }
    },
    {
      "type": "Feature",
      "geometry": {
        "type": "Point",
        "coordinates": [
          19.894149,
          42.4527896
        ]
      },
      "properties": {
        "id": 981939235,
        "osm_type": "way",
        "tourism": "camp_site"
      }
    },
    {
      "type": "Feature",
      "geometry": {
        "type": "Point",
        "coordinates": [
          19.4942032,
          42.0695741
        ]
      },
      "properties": {
        "id": 986311426,
        "osm_type": "way",
        "name": "Windmill Shkodra Gesthouse Camping",
        "tourism": "camp_site",
        "tents": "yes"
      }
    },
    {
      "type": "Feature",
      "geometry": {
        "type": "Point",
        "coordinates": [
          19.8699913,
          42.4262483
        ]
      },
      "properties": {
        "id": 986318049,
        "osm_type": "way",
        "tourism": "hotel"
      }
    },
    {
      "type": "Feature",
      "geometry": {
        "type": "Point",
        "coordinates": [
          19.6164061,
          42.0011455
        ]
      },
      "properties": {
        "id": 986673920,
        "osm_type": "way",
        "name": "Bar Restorant Hotel Hasmegaj",
        "tourism": "hotel"
      }
    },
    {
      "type": "Feature",
      "geometry": {
        "type": "Point",
        "coordinates": [
          19.4601131,
          42.0289972
        ]
      },
      "properties": {
        "id": 987530476,
        "osm_type": "way",
        "name": "Bujtina e Muriqit",
        "tourism": "alpine_hut",
        "opening_hours": "Mo-Su 07:00-23:00"
      }
    },
    {
      "type": "Feature",
      "geometry": {
        "type": "Point",
        "coordinates": [
          19.4589316,
          42.0293513
        ]
      },
      "properties": {
        "id": 987530496,
        "osm_type": "way",
        "tourism": "alpine_hut"
      }
    },
    {
      "type": "Feature",
      "geometry": {
        "type": "Point",
        "coordinates": [
          19.4587639,
          42.029437
        ]
      },
      "properties": {
        "id": 987530497,
        "osm_type": "way",
        "tourism": "alpine_hut"
      }
    },
    {
      "type": "Feature",
      "geometry": {
        "type": "Point",
        "coordinates": [
          19.4585923,
          42.0295158
        ]
      },
      "properties": {
        "id": 987530498,
        "osm_type": "way",
        "tourism": "alpine_hut"
      }
    },
    {
      "type": "Feature",
      "geometry": {
        "type": "Point",
        "coordinates": [
          19.4584272,
          42.0296033
        ]
      },
      "properties": {
        "id": 987530499,
        "osm_type": "way",
        "tourism": "alpine_hut"
      }
    },
    {
      "type": "Feature",
      "geometry": {
        "type": "Point",
        "coordinates": [
          19.4582543,
          42.0296865
        ]
      },
      "properties": {
        "id": 987530500,
        "osm_type": "way",
        "tourism": "alpine_hut"
      }
    },
    {
      "type": "Feature",
      "geometry": {
        "type": "Point",
        "coordinates": [
          19.5125354,
          41.5380211
        ]
      },
      "properties": {
        "id": 988395411,
        "osm_type": "way",
        "tourism": "hotel"
      }
    },
    {
      "type": "Feature",
      "geometry": {
        "type": "Point",
        "coordinates": [
          19.5120803,
          41.5378022
        ]
      },
      "properties": {
        "id": 988395412,
        "osm_type": "way",
        "tourism": "hotel"
      }
    },
    {
      "type": "Feature",
      "geometry": {
        "type": "Point",
        "coordinates": [
          19.5117433,
          41.537638
        ]
      },
      "properties": {
        "id": 988395413,
        "osm_type": "way",
        "tourism": "hotel"
      }
    },
    {
      "type": "Feature",
      "geometry": {
        "type": "Point",
        "coordinates": [
          19.512882,
          41.5381775
        ]
      },
      "properties": {
        "id": 988395414,
        "osm_type": "way",
        "tourism": "hotel"
      }
    },
    {
      "type": "Feature",
      "geometry": {
        "type": "Point",
        "coordinates": [
          19.4411092,
          41.3989346
        ]
      },
      "properties": {
        "id": 995790044,
        "osm_type": "way",
        "name": "Blue paradise",
        "tourism": "hotel"
      }
    },
    {
      "type": "Feature",
      "geometry": {
        "type": "Point",
        "coordinates": [
          19.4461478,
          41.3111681
        ]
      },
      "properties": {
        "id": 996898451,
        "osm_type": "way",
        "name": "vila Brais",
        "tourism": "hotel"
      }
    },
    {
      "type": "Feature",
      "geometry": {
        "type": "Point",
        "coordinates": [
          19.5021074,
          41.4336092
        ]
      },
      "properties": {
        "id": 1056863327,
        "osm_type": "way",
        "name": "La Mirage Villa",
        "tourism": "guest_house"
      }
    },
    {
      "type": "Feature",
      "geometry": {
        "type": "Point",
        "coordinates": [
          19.7736112,
          42.4024441
        ]
      },
      "properties": {
        "id": 1084564429,
        "osm_type": "way",
        "name": "Magic Space Petros Skafias",
        "tourism": "hotel"
      }
    },
    {
      "type": "Feature",
      "geometry": {
        "type": "Point",
        "coordinates": [
          19.4467955,
          41.8615061
        ]
      },
      "properties": {
        "id": 1088268452,
        "osm_type": "way",
        "name": "Kalaj",
        "tourism": "camp_site",
        "check_date": "2023-07-05"
      }
    },
    {
      "type": "Feature",
      "geometry": {
        "type": "Point",
        "coordinates": [
          19.6951916,
          42.3971012
        ]
      },
      "properties": {
        "id": 1088867904,
        "osm_type": "way",
        "name": "Hotel Spa Kulla e Bajraktarit",
        "tourism": "hotel"
      }
    },
    {
      "type": "Feature",
      "geometry": {
        "type": "Point",
        "coordinates": [
          19.7832558,
          41.5176666
        ]
      },
      "properties": {
        "id": 1089411499,
        "osm_type": "way",
        "name": "Mali Camping Kruja",
        "tourism": "camp_site",
        "phone": "+355 69 274 6600",
        "website": "https://www.malicamp.com"
      }
    },
    {
      "type": "Feature",
      "geometry": {
        "type": "Point",
        "coordinates": [
          20.4546855,
          42.1890612
        ]
      },
      "properties": {
        "id": 1092684418,
        "osm_type": "way",
        "tourism": "camp_site"
      }
    },
    {
      "type": "Feature",
      "geometry": {
        "type": "Point",
        "coordinates": [
          20.0132628,
          41.6113446
        ]
      },
      "properties": {
        "id": 1117234794,
        "osm_type": "way",
        "name": "Vila Stafa",
        "tourism": "hotel"
      }
    },
    {
      "type": "Feature",
      "geometry": {
        "type": "Point",
        "coordinates": [
          19.4593687,
          41.4162933
        ]
      },
      "properties": {
        "id": 1118469703,
        "osm_type": "way",
        "name": "Camper Park Durazzo",
        "tourism": "caravan_site",
        "website": "https://camperparkdurazzo.altervista.org/"
      }
    },
    {
      "type": "Feature",
      "geometry": {
        "type": "Point",
        "coordinates": [
          19.7560405,
          42.4023942
        ]
      },
      "properties": {
        "id": 1118704029,
        "osm_type": "way",
        "name": "Guesthouse Freskia",
        "tourism": "guest_house"
      }
    },
    {
      "type": "Feature",
      "geometry": {
        "type": "Point",
        "coordinates": [
          20.3830515,
          41.9287617
        ]
      },
      "properties": {
        "id": 1148239388,
        "osm_type": "way",
        "tourism": "hotel"
      }
    },
    {
      "type": "Feature",
      "geometry": {
        "type": "Point",
        "coordinates": [
          20.4402175,
          41.6694811
        ]
      },
      "properties": {
        "id": 1163054054,
        "osm_type": "way",
        "tourism": "hotel"
      }
    },
    {
      "type": "Feature",
      "geometry": {
        "type": "Point",
        "coordinates": [
          20.4398779,
          41.6693626
        ]
      },
      "properties": {
        "id": 1163054055,
        "osm_type": "way",
        "tourism": "hotel"
      }
    },
    {
      "type": "Feature",
      "geometry": {
        "type": "Point",
        "coordinates": [
          19.614664,
          41.7494633
        ]
      },
      "properties": {
        "id": 1169370473,
        "osm_type": "way",
        "tourism": "hotel"
      }
    },
    {
      "type": "Feature",
      "geometry": {
        "type": "Point",
        "coordinates": [
          19.4875071,
          41.5698074
        ]
      },
      "properties": {
        "id": 1173885427,
        "osm_type": "way",
        "name": "Camping Saint Michell",
        "tourism": "camp_site",
        "tents": "no"
      }
    },
    {
      "type": "Feature",
      "geometry": {
        "type": "Point",
        "coordinates": [
          19.6059806,
          41.7975859
        ]
      },
      "properties": {
        "id": 1174602508,
        "osm_type": "way",
        "tourism": "hotel"
      }
    },
    {
      "type": "Feature",
      "geometry": {
        "type": "Point",
        "coordinates": [
          19.6012712,
          41.8019481
        ]
      },
      "properties": {
        "id": 1175977199,
        "osm_type": "way",
        "name": "Triumf Hotel",
        "tourism": "hotel"
      }
    },
    {
      "type": "Feature",
      "geometry": {
        "type": "Point",
        "coordinates": [
          19.6062091,
          41.7975903
        ]
      },
      "properties": {
        "id": 1190828670,
        "osm_type": "way",
        "tourism": "hotel"
      }
    },
    {
      "type": "Feature",
      "geometry": {
        "type": "Point",
        "coordinates": [
          19.7658586,
          42.409965
        ]
      },
      "properties": {
        "id": 1200233741,
        "osm_type": "way",
        "name": "Free camping",
        "tourism": "camp_site"
      }
    },
    {
      "type": "Feature",
      "geometry": {
        "type": "Point",
        "coordinates": [
          19.7901903,
          42.4017478
        ]
      },
      "properties": {
        "id": 1200234554,
        "osm_type": "way",
        "tourism": "camp_site"
      }
    },
    {
      "type": "Feature",
      "geometry": {
        "type": "Point",
        "coordinates": [
          19.4043569,
          41.8597987
        ]
      },
      "properties": {
        "id": 1201456235,
        "osm_type": "way",
        "name": "Velipoja Grand Europa Resort",
        "tourism": "hotel"
      }
    },
    {
      "type": "Feature",
      "geometry": {
        "type": "Point",
        "coordinates": [
          20.0093924,
          42.2643013
        ]
      },
      "properties": {
        "id": 1298810111,
        "osm_type": "way",
        "tourism": "camp_site"
      }
    },
    {
      "type": "Feature",
      "geometry": {
        "type": "Point",
        "coordinates": [
          20.4536697,
          41.8424666
        ]
      },
      "properties": {
        "id": 1307935535,
        "osm_type": "way",
        "tourism": "guest_house",
        "phone": "+355 68 206 0480"
      }
    },
    {
      "type": "Feature",
      "geometry": {
        "type": "Point",
        "coordinates": [
          19.4200507,
          42.1912636
        ]
      },
      "properties": {
        "id": 1311699055,
        "osm_type": "way",
        "name": "Hotel culaj",
        "tourism": "hotel",
        "opening_hours": "08:00-23:00",
        "phone": "+355695555479",
        "website": "https://www.hotelculaj.com/"
      }
    },
    {
      "type": "Feature",
      "geometry": {
        "type": "Point",
        "coordinates": [
          19.7938788,
          41.5164067
        ]
      },
      "properties": {
        "id": 1315293714,
        "osm_type": "way",
        "name": "Pamja e Qyteteve",
        "tourism": "hotel",
        "phone": "068 311 4847"
      }
    },
    {
      "type": "Feature",
      "geometry": {
        "type": "Point",
        "coordinates": [
          19.4661395,
          42.0179825
        ]
      },
      "properties": {
        "id": 1323583032,
        "osm_type": "way",
        "name": "Camping Australia",
        "tourism": "camp_site",
        "tents": "yes",
        "phone": "+355 67 344 8877",
        "website": "https://www.campingaustraliainshkoder.com"
      }
    },
    {
      "type": "Feature",
      "geometry": {
        "type": "Point",
        "coordinates": [
          20.4434416,
          41.6878017
        ]
      },
      "properties": {
        "id": 1331972408,
        "osm_type": "way",
        "name": "Bujtina Vrenezi",
        "tourism": "hotel"
      }
    },
    {
      "type": "Feature",
      "geometry": {
        "type": "Point",
        "coordinates": [
          19.8301074,
          42.1931347
        ]
      },
      "properties": {
        "id": 1360179060,
        "osm_type": "way",
        "name": "Neomalsore Agrotourism",
        "tourism": "hotel",
        "website": "https://neomalsore.com"
      }
    },
    {
      "type": "Feature",
      "geometry": {
        "type": "Point",
        "coordinates": [
          20.438561,
          41.685774
        ]
      },
      "properties": {
        "id": 1388501414,
        "osm_type": "way",
        "tourism": "camp_site",
        "tents": "yes"
      }
    },
    {
      "type": "Feature",
      "geometry": {
        "type": "Point",
        "coordinates": [
          19.8936693,
          42.4528595
        ]
      },
      "properties": {
        "id": 1401075269,
        "osm_type": "way",
        "tourism": "hotel"
      }
    },
    {
      "type": "Feature",
      "geometry": {
        "type": "Point",
        "coordinates": [
          19.893479,
          42.453154
        ]
      },
      "properties": {
        "id": 1401075270,
        "osm_type": "way",
        "tourism": "hotel"
      }
    },
    {
      "type": "Feature",
      "geometry": {
        "type": "Point",
        "coordinates": [
          19.8935804,
          42.4528286
        ]
      },
      "properties": {
        "id": 1401075271,
        "osm_type": "way",
        "tourism": "hotel"
      }
    },
    {
      "type": "Feature",
      "geometry": {
        "type": "Point",
        "coordinates": [
          19.8936322,
          42.4530339
        ]
      },
      "properties": {
        "id": 1401075272,
        "osm_type": "way",
        "tourism": "hotel"
      }
    },
    {
      "type": "Feature",
      "geometry": {
        "type": "Point",
        "coordinates": [
          19.8936243,
          42.4528442
        ]
      },
      "properties": {
        "id": 1401075273,
        "osm_type": "way",
        "tourism": "hotel"
      }
    },
    {
      "type": "Feature",
      "geometry": {
        "type": "Point",
        "coordinates": [
          19.8937553,
          42.4528892
        ]
      },
      "properties": {
        "id": 1401075274,
        "osm_type": "way",
        "tourism": "hotel"
      }
    },
    {
      "type": "Feature",
      "geometry": {
        "type": "Point",
        "coordinates": [
          19.8937123,
          42.4528752
        ]
      },
      "properties": {
        "id": 1401075275,
        "osm_type": "way",
        "tourism": "hotel"
      }
    },
    {
      "type": "Feature",
      "geometry": {
        "type": "Point",
        "coordinates": [
          19.4451581,
          42.1563882
        ]
      },
      "properties": {
        "id": 1443936643,
        "osm_type": "way",
        "name": "Hysaj Agroturizëm Camping",
        "tourism": "camp_site"
      }
    },
    {
      "type": "Feature",
      "geometry": {
        "type": "Point",
        "coordinates": [
          19.6406709,
          41.6897888
        ]
      },
      "properties": {
        "id": 1487787440,
        "osm_type": "way",
        "name": "Agri Camping italiano  Eucalyptus",
        "tourism": "camp_site"
      }
    },
    {
      "type": "Feature",
      "geometry": {
        "type": "Point",
        "coordinates": [
          19.581959,
          41.6908906
        ]
      },
      "properties": {
        "id": 1491661887,
        "osm_type": "way",
        "tourism": "camp_site"
      }
    },
    {
      "type": "Feature",
      "geometry": {
        "type": "Point",
        "coordinates": [
          19.7916934,
          41.5122097
        ]
      },
      "properties": {
        "id": 7374365,
        "osm_type": "relation",
        "name": "Grand Hotel",
        "tourism": "hotel"
      }
    },
    {
      "type": "Feature",
      "geometry": {
        "type": "Point",
        "coordinates": [
          19.803793,
          41.5155594
        ]
      },
      "properties": {
        "id": 19079628,
        "osm_type": "relation",
        "tourism": "camp_site"
      }
    }
  ]
}