{
  "type": "FeatureCollection",
  "features": [
    {
      "type": "Feature",
      "geometry": {
        "type": "Point",
        "coordinates": [
          6.2099375,
          49.6332429
        ]
      },
      "properties": {
        "id": 269037586,
        "osm_type": "node",
        "name": "ibis budget Luxembourg Aéroport",
        "tourism": "hotel",
        "phone": "+35242261310"
      }
    },
    {
      "type": "Feature",
      "geometry": {
        "type": "Point",
        "coordinates": [
          6.2079274,
          49.9339791
        ]
      },
      "properties": {
        "id": 291231546,
        "osm_type": "node",
        "name": "Auberge de l'Our",
        "tourism": "hotel",
        "website": "https://aubergedelour.com/"
      }
    },
    {
      "type": "Feature",
      "geometry": {
        "type": "Point",
        "coordinates": [
          6.203616,
          49.9333375
        ]
      },
      "properties": {
        "id": 291231984,
        "osm_type": "node",
        "name": "Auberge du Château",
        "tourism": "hotel",
        "phone": "+352 621184186",
        "website": "https://www.auberge-du-chateau.lu/home/",
        "check_date": "2025-05-18"
      }
    },
    {
      "type": "Feature",
      "geometry": {
        "type": "Point",
        "coordinates": [
          6.2018243,
          49.9341742
        ]
      },
      "properties": {
        "id": 291232070,
        "osm_type": "node",
        "name": "Auberge Aal Veianen « Beim Hunn »",
        "tourism": "hotel",
        "phone": "+352 834368",
        "website": "https://www.beimhunn.lu/de/hotel-de",
        "check_date": "2025-05-18"
      }
    },
    {
      "type": "Feature",
      "geometry": {
        "type": "Point",
        "coordinates": [
          6.2220393,
          49.9289761
        ]
      },
      "properties": {
        "id": 291281227,
        "osm_type": "node",
        "name": "Nagel",
        "tourism": "hotel"
      }
    },
    {
      "type": "Feature",
      "geometry": {
        "type": "Point",
        "coordinates": [
          5.9882584,
          50.1137164
        ]
      },
      "properties": {
        "id": 300797559,
        "osm_type": "node",
        "name": "Hôtel Restaurant Lamy",
        "tourism": "hotel",
        "website": "https://www.lamy.restaurant/de/"
      }
    },
    {
      "type": "Feature",
      "geometry": {
        "type": "Point",
        "coordinates": [
          6.1254923,
          49.9836761
        ]
      },
      "properties": {
        "id": 329213807,
        "osm_type": "node",
        "tourism": "guest_house"
      }
    },
    {
      "type": "Feature",
      "geometry": {
        "type": "Point",
        "coordinates": [
          6.1298091,
          49.6033676
        ]
      },
      "properties": {
        "id": 378493479,
        "osm_type": "node",
        "name": "Hôtel des Ducs",
        "tourism": "hotel",
        "check_date": "2026-04-28"
      }
    },
    {
      "type": "Feature",
      "geometry": {
        "type": "Point",
        "coordinates": [
          6.2791118,
          49.5079315
        ]
      },
      "properties": {
        "id": 443614074,
        "osm_type": "node",
        "name": "Casino 2000",
        "tourism": "hotel"
      }
    },
    {
      "type": "Feature",
      "geometry": {
        "type": "Point",
        "coordinates": [
          6.1670606,
          49.6099817
        ]
      },
      "properties": {
        "id": 472600419,
        "osm_type": "node",
        "name": "Il Piccolo Mondo",
        "tourism": "hotel"
      }
    },
    {
      "type": "Feature",
      "geometry": {
        "type": "Point",
        "coordinates": [
          6.1430608,
          49.5866449
        ]
      },
      "properties": {
        "id": 497292195,
        "osm_type": "node",
        "name": "Hôtel-Restaurant Chez Anna et Jean",
        "tourism": "hotel"
      }
    },
    {
      "type": "Feature",
      "geometry": {
        "type": "Point",
        "coordinates": [
          6.1922222,
          49.9593752
        ]
      },
      "properties": {
        "id": 559478759,
        "osm_type": "node",
        "name": "Gîte rural Bivels",
        "tourism": "guest_house"
      }
    },
    {
      "type": "Feature",
      "geometry": {
        "type": "Point",
        "coordinates": [
          6.1258784,
          49.6020545
        ]
      },
      "properties": {
        "id": 673390521,
        "osm_type": "node",
        "name": "Hôtel Le Chatelet",
        "tourism": "hotel",
        "phone": "+352402101",
        "website": "https://www.chatelet.lu/"
      }
    },
    {
      "type": "Feature",
      "geometry": {
        "type": "Point",
        "coordinates": [
          6.1311621,
          49.6007447
        ]
      },
      "properties": {
        "id": 674739966,
        "osm_type": "node",
        "name": "Ibis Styles",
        "tourism": "hotel",
        "phone": "+352492496",
        "website": "https://all.accor.com/hotel/1458/index.fr.shtml",
        "check_date": "2024-10-13"
      }
    },
    {
      "type": "Feature",
      "geometry": {
        "type": "Point",
        "coordinates": [
          6.0364601,
          50.0575094
        ]
      },
      "properties": {
        "id": 1069839432,
        "osm_type": "node",
        "name": "Tourisme Rural",
        "tourism": "guest_house"
      }
    },
    {
      "type": "Feature",
      "geometry": {
        "type": "Point",
        "coordinates": [
          6.1299224,
          49.6033879
        ]
      },
      "properties": {
        "id": 1312595416,
        "osm_type": "node",
        "name": "Christophe Colomb",
        "tourism": "hotel",
        "phone": "+352 40 84 14 1",
        "website": "https://www.christophe-colomb.lu/",
        "check_date": "2026-04-28"
      }
    },
    {
      "type": "Feature",
      "geometry": {
        "type": "Point",
        "coordinates": [
          6.2836277,
          49.5031162
        ]
      },
      "properties": {
        "id": 1415219717,
        "osm_type": "node",
        "name": "Parc Hotel",
        "tourism": "hotel"
      }
    },
    {
      "type": "Feature",
      "geometry": {
        "type": "Point",
        "coordinates": [
          6.1009308,
          49.5265281
        ]
      },
      "properties": {
        "id": 1415227592,
        "osm_type": "node",
        "name": "Bernini",
        "tourism": "hotel"
      }
    },
    {
      "type": "Feature",
      "geometry": {
        "type": "Point",
        "coordinates": [
          6.1317214,
          49.6012306
        ]
      },
      "properties": {
        "id": 1445291589,
        "osm_type": "node",
        "name": "Hotel Bristol",
        "tourism": "hotel",
        "phone": "+352 48 58 30",
        "website": "https://www.hotel-bristol.lu/",
        "check_date": "2026-03-04"
      }
    },
    {
      "type": "Feature",
      "geometry": {
        "type": "Point",
        "coordinates": [
          5.9463482,
          49.5009913
        ]
      },
      "properties": {
        "id": 1468376518,
        "osm_type": "node",
        "name": "Ibis Esch Belval",
        "tourism": "hotel",
        "phone": "261731",
        "website": "https://all.accor.com/hotel/7071/index.de.shtml",
        "check_date": "2024-10-07"
      }
    },
    {
      "type": "Feature",
      "geometry": {
        "type": "Point",
        "coordinates": [
          6.36917,
          49.5441892
        ]
      },
      "properties": {
        "id": 1524863949,
        "osm_type": "node",
        "name": "Hôtel de l'Esplanade",
        "tourism": "hotel",
        "phone": "+352 23 66 91 71"
      }
    },
    {
      "type": "Feature",
      "geometry": {
        "type": "Point",
        "coordinates": [
          5.9374064,
          49.9661225
        ]
      },
      "properties": {
        "id": 1662721636,
        "osm_type": "node",
        "name": "Hotel-Restaurant Beim Schlass",
        "tourism": "hotel",
        "phone": "+352 691610466",
        "website": "https://www.beimschlass.lu/"
      }
    },
    {
      "type": "Feature",
      "geometry": {
        "type": "Point",
        "coordinates": [
          6.1342548,
          49.6014268
        ]
      },
      "properties": {
        "id": 1762527224,
        "osm_type": "node",
        "name": "Belappart",
        "tourism": "hotel",
        "check_date": "2024-08-27"
      }
    },
    {
      "type": "Feature",
      "geometry": {
        "type": "Point",
        "coordinates": [
          6.398897,
          49.6773722
        ]
      },
      "properties": {
        "id": 1769509773,
        "osm_type": "node",
        "name": "Simon's Plaza",
        "tourism": "hotel",
        "contact:phone": "+352 267444",
        "contact:website": "http://www.simons-plaza.com/"
      }
    },
    {
      "type": "Feature",
      "geometry": {
        "type": "Point",
        "coordinates": [
          6.1319161,
          49.6012768
        ]
      },
      "properties": {
        "id": 1783876393,
        "osm_type": "node",
        "name": "Hôtel Perrin",
        "tourism": "hotel",
        "phone": "+352 29 96 60",
        "website": "https://hotel-perrin.lu/"
      }
    },
    {
      "type": "Feature",
      "geometry": {
        "type": "Point",
        "coordinates": [
          6.1325405,
          49.6014239
        ]
      },
      "properties": {
        "id": 1783876399,
        "osm_type": "node",
        "name": "City Hotel",
        "tourism": "hotel",
        "phone": "+352 29 11 22",
        "website": "https://cityhotel.lu/",
        "check_date": "2026-04-27"
      }
    },
    {
      "type": "Feature",
      "geometry": {
        "type": "Point",
        "coordinates": [
          5.9552327,
          49.9043756
        ]
      },
      "properties": {
        "id": 1787266486,
        "osm_type": "node",
        "name": "Hôtel Bissen",
        "tourism": "hotel"
      }
    },
    {
      "type": "Feature",
      "geometry": {
        "type": "Point",
        "coordinates": [
          5.9347945,
          49.9118396
        ]
      },
      "properties": {
        "id": 1817497422,
        "osm_type": "node",
        "name": "Gourmet & Relax Hotel De La Sure",
        "tourism": "hotel"
      }
    },
    {
      "type": "Feature",
      "geometry": {
        "type": "Point",
        "coordinates": [
          5.9328575,
          49.9116766
        ]
      },
      "properties": {
        "id": 1831733464,
        "osm_type": "node",
        "name": "Hôtel Beau Site",
        "tourism": "hotel"
      }
    },
    {
      "type": "Feature",
      "geometry": {
        "type": "Point",
        "coordinates": [
          5.9353076,
          49.9100115
        ]
      },
      "properties": {
        "id": 1831734601,
        "osm_type": "node",
        "name": "Le Postillon",
        "tourism": "hotel",
        "website": "https://lepostillon.lu/"
      }
    },
    {
      "type": "Feature",
      "geometry": {
        "type": "Point",
        "coordinates": [
          6.1251297,
          49.6103338
        ]
      },
      "properties": {
        "id": 1832458406,
        "osm_type": "node",
        "name": "Hôtel Domus",
        "tourism": "hotel"
      }
    },
    {
      "type": "Feature",
      "geometry": {
        "type": "Point",
        "coordinates": [
          6.1646083,
          49.6222698
        ]
      },
      "properties": {
        "id": 1939682888,
        "osm_type": "node",
        "name": "Mercure Luxembourg",
        "tourism": "hotel"
      }
    },
    {
      "type": "Feature",
      "geometry": {
        "type": "Point",
        "coordinates": [
          6.0374063,
          49.7028155
        ]
      },
      "properties": {
        "id": 1968919896,
        "osm_type": "node",
        "name": "Temps d'Or",
        "tourism": "hotel",
        "phone": "+352 2610 2595",
        "website": "https://www.tempsdor.com/"
      }
    },
    {
      "type": "Feature",
      "geometry": {
        "type": "Point",
        "coordinates": [
          6.1414472,
          49.5904152
        ]
      },
      "properties": {
        "id": 2056803067,
        "osm_type": "node",
        "name": "Hôtel Pax",
        "tourism": "hotel",
        "check_date": "2025-10-08"
      }
    },
    {
      "type": "Feature",
      "geometry": {
        "type": "Point",
        "coordinates": [
          6.130835,
          49.6008348
        ]
      },
      "properties": {
        "id": 2130487401,
        "osm_type": "node",
        "name": "Hotel Zurich",
        "tourism": "hotel",
        "website": "https://hotel-zurich.hotels-in-luxembourg.com",
        "check_date": "2026-03-17"
      }
    },
    {
      "type": "Feature",
      "geometry": {
        "type": "Point",
        "coordinates": [
          6.1308696,
          49.6006442
        ]
      },
      "properties": {
        "id": 2130812369,
        "osm_type": "node",
        "name": "Hôtel Yasha",
        "tourism": "hotel",
        "phone": "+352493070",
        "website": "https://yasha.hoteltop.de/"
      }
    },
    {
      "type": "Feature",
      "geometry": {
        "type": "Point",
        "coordinates": [
          6.1316097,
          49.6012049
        ]
      },
      "properties": {
        "id": 2130812375,
        "osm_type": "node",
        "name": "Kazakiwi",
        "tourism": "hotel",
        "phone": "+352 28 3265",
        "website": "https://kazakiwi.lu/",
        "check_date": "2026-03-04"
      }
    },
    {
      "type": "Feature",
      "geometry": {
        "type": "Point",
        "coordinates": [
          6.1269087,
          49.6019161
        ]
      },
      "properties": {
        "id": 2138273393,
        "osm_type": "node",
        "name": "Delta",
        "tourism": "hotel"
      }
    },
    {
      "type": "Feature",
      "geometry": {
        "type": "Point",
        "coordinates": [
          6.1312348,
          49.6024751
        ]
      },
      "properties": {
        "id": 2138273413,
        "osm_type": "node",
        "name": "Four Stars",
        "tourism": "hotel"
      }
    },
    {
      "type": "Feature",
      "geometry": {
        "type": "Point",
        "coordinates": [
          5.9868414,
          50.0380112
        ]
      },
      "properties": {
        "id": 2148263963,
        "osm_type": "node",
        "name": "Chalet des Ardennes",
        "tourism": "guest_house"
      }
    },
    {
      "type": "Feature",
      "geometry": {
        "type": "Point",
        "coordinates": [
          6.1250861,
          49.6186719
        ]
      },
      "properties": {
        "id": 2217683174,
        "osm_type": "node",
        "name": "Grand Hotel Victor Hugo - Annexe",
        "tourism": "hotel"
      }
    },
    {
      "type": "Feature",
      "geometry": {
        "type": "Point",
        "coordinates": [
          6.1328293,
          49.5996378
        ]
      },
      "properties": {
        "id": 2231594494,
        "osm_type": "node",
        "name": "Empire",
        "tourism": "hotel",
        "check_date": "2024-06-28"
      }
    },
    {
      "type": "Feature",
      "geometry": {
        "type": "Point",
        "coordinates": [
          6.1890756,
          49.6226162
        ]
      },
      "properties": {
        "id": 2272066746,
        "osm_type": "node",
        "name": "Trust Inn",
        "tourism": "hotel"
      }
    },
    {
      "type": "Feature",
      "geometry": {
        "type": "Point",
        "coordinates": [
          6.0182174,
          49.7011881
        ]
      },
      "properties": {
        "id": 2388529955,
        "osm_type": "node",
        "name": "Gwendy",
        "tourism": "hotel",
        "website": "https://www.hotelgwendy.com/"
      }
    },
    {
      "type": "Feature",
      "geometry": {
        "type": "Point",
        "coordinates": [
          6.1209327,
          49.6036997
        ]
      },
      "properties": {
        "id": 2405656498,
        "osm_type": "node",
        "name": "Fort Reinsheim",
        "tourism": "hotel"
      }
    },
    {
      "type": "Feature",
      "geometry": {
        "type": "Point",
        "coordinates": [
          6.1201233,
          49.6022977
        ]
      },
      "properties": {
        "id": 2408327639,
        "osm_type": "node",
        "name": "Piemont",
        "tourism": "hotel"
      }
    },
    {
      "type": "Feature",
      "geometry": {
        "type": "Point",
        "coordinates": [
          6.0707895,
          50.1436999
        ]
      },
      "properties": {
        "id": 2443201335,
        "osm_type": "node",
        "name": "Hôtel Keup",
        "tourism": "hotel",
        "phone": "+352 99 75 99 400"
      }
    },
    {
      "type": "Feature",
      "geometry": {
        "type": "Point",
        "coordinates": [
          6.0062004,
          49.9246139
        ]
      },
      "properties": {
        "id": 2456952740,
        "osm_type": "node",
        "name": "Camping Berkel",
        "tourism": "guest_house",
        "website": "https://www.campingberkel.com/",
        "check_date": "2024-04-26"
      }
    },
    {
      "type": "Feature",
      "geometry": {
        "type": "Point",
        "coordinates": [
          6.0605109,
          49.9072691
        ]
      },
      "properties": {
        "id": 2635298064,
        "osm_type": "node",
        "name": "Saint-Fiacre",
        "tourism": "hotel",
        "phone": "+352 99 00 23",
        "website": "https://www.st-fiacre.lu/"
      }
    },
    {
      "type": "Feature",
      "geometry": {
        "type": "Point",
        "coordinates": [
          6.2202608,
          49.7835937
        ]
      },
      "properties": {
        "id": 2766892411,
        "osm_type": "node",
        "name": "Op der Bleech",
        "tourism": "hotel"
      }
    },
    {
      "type": "Feature",
      "geometry": {
        "type": "Point",
        "coordinates": [
          6.1337925,
          49.6015241
        ]
      },
      "properties": {
        "id": 3762322350,
        "osm_type": "node",
        "name": "Auberge Gaglioti",
        "tourism": "hotel",
        "opening_hours": "Mo-Su 11:30-14:30,18:00-23:00",
        "phone": "+352 49 00 39",
        "check_date": "2025-06-24"
      }
    },
    {
      "type": "Feature",
      "geometry": {
        "type": "Point",
        "coordinates": [
          5.9803303,
          49.4955918
        ]
      },
      "properties": {
        "id": 3925594874,
        "osm_type": "node",
        "name": "Topaz",
        "tourism": "hotel"
      }
    },
    {
      "type": "Feature",
      "geometry": {
        "type": "Point",
        "coordinates": [
          5.9224492,
          50.0998295
        ]
      },
      "properties": {
        "id": 3972334638,
        "osm_type": "node",
        "name": "Barteshaus",
        "tourism": "guest_house",
        "website": "https://www.gites.lu/de/stecker/locations/barteshaus-340"
      }
    },
    {
      "type": "Feature",
      "geometry": {
        "type": "Point",
        "coordinates": [
          6.3615792,
          49.567056
        ]
      },
      "properties": {
        "id": 3997618352,
        "osm_type": "node",
        "name": "Ecluse",
        "tourism": "hotel",
        "contact:phone": "+352 2361911",
        "contact:website": "http://hotel-ecluse.lu/"
      }
    },
    {
      "type": "Feature",
      "geometry": {
        "type": "Point",
        "coordinates": [
          6.1540116,
          49.6240967
        ]
      },
      "properties": {
        "id": 4018493319,
        "osm_type": "node",
        "name": "Coque Hotel",
        "tourism": "hotel",
        "contact:phone": "+352 43 60 60 222",
        "contact:website": "https://www.coque.lu/en/coque-hotel-superior/coque-hotel-superior",
        "check_date": "2025-01-04"
      }
    },
    {
      "type": "Feature",
      "geometry": {
        "type": "Point",
        "coordinates": [
          6.0016554,
          49.6410287
        ]
      },
      "properties": {
        "id": 4088657771,
        "osm_type": "node",
        "name": "Motel Drive-In",
        "tourism": "motel",
        "phone": "+352 309153",
        "website": "http://www.moteldrivein.lu"
      }
    },
    {
      "type": "Feature",
      "geometry": {
        "type": "Point",
        "coordinates": [
          5.9791259,
          49.4930649
        ]
      },
      "properties": {
        "id": 4099591952,
        "osm_type": "node",
        "name": "Hôtel de la Poste",
        "tourism": "hotel",
        "phone": "+352 54 00 18",
        "website": "https://www.hoteldelaposte-luxembourg.com/"
      }
    },
    {
      "type": "Feature",
      "geometry": {
        "type": "Point",
        "coordinates": [
          5.9760789,
          49.4842885
        ]
      },
      "properties": {
        "id": 4325517092,
        "osm_type": "node",
        "name": "Casa de sapalee",
        "tourism": "chalet"
      }
    },
    {
      "type": "Feature",
      "geometry": {
        "type": "Point",
        "coordinates": [
          6.0498353,
          49.7127898
        ]
      },
      "properties": {
        "id": 4362952295,
        "osm_type": "node",
        "name": "chu'mani asbl",
        "tourism": "guest_house",
        "website": "http://www.tipi.lu"
      }
    },
    {
      "type": "Feature",
      "geometry": {
        "type": "Point",
        "coordinates": [
          6.0919391,
          49.8072621
        ]
      },
      "properties": {
        "id": 4776771845,
        "osm_type": "node",
        "tourism": "hostel"
      }
    },
    {
      "type": "Feature",
      "geometry": {
        "type": "Point",
        "coordinates": [
          6.1613638,
          49.5653063
        ]
      },
      "properties": {
        "id": 4813862474,
        "osm_type": "node",
        "name": "AlzInn",
        "tourism": "hotel",
        "website": "http://www.hotelalzinn.com/index.php"
      }
    },
    {
      "type": "Feature",
      "geometry": {
        "type": "Point",
        "coordinates": [
          6.1366862,
          49.5990103
        ]
      },
      "properties": {
        "id": 4815066321,
        "osm_type": "node",
        "name": "Piso Bea Moroy",
        "tourism": "guest_house"
      }
    },
    {
      "type": "Feature",
      "geometry": {
        "type": "Point",
        "coordinates": [
          6.2783203,
          49.7847383
        ]
      },
      "properties": {
        "id": 6039297539,
        "osm_type": "node",
        "name": "B&B White Pearl",
        "tourism": "guest_house",
        "phone": "+352 836630",
        "website": "https://www.white-pearl.lu/de/bb-in-christnach/"
      }
    },
    {
      "type": "Feature",
      "geometry": {
        "type": "Point",
        "coordinates": [
          6.1008622,
          49.6274481
        ]
      },
      "properties": {
        "id": 6064605431,
        "osm_type": "node",
        "name": "Siweburen",
        "tourism": "hotel"
      }
    },
    {
      "type": "Feature",
      "geometry": {
        "type": "Point",
        "coordinates": [
          6.1239472,
          49.5932534
        ]
      },
      "properties": {
        "id": 6183313787,
        "osm_type": "node",
        "name": "Aurore",
        "tourism": "hotel"
      }
    },
    {
      "type": "Feature",
      "geometry": {
        "type": "Point",
        "coordinates": [
          5.8433772,
          49.8600843
        ]
      },
      "properties": {
        "id": 6639993087,
        "osm_type": "node",
        "name": "La Diligence",
        "tourism": "hotel"
      }
    },
    {
      "type": "Feature",
      "geometry": {
        "type": "Point",
        "coordinates": [
          6.1310312,
          49.6007982
        ]
      },
      "properties": {
        "id": 7235881899,
        "osm_type": "node",
        "name": "JJ32",
        "tourism": "hotel",
        "phone": "+352 20 33 32 68",
        "website": "https://www.jj32.lu",
        "check_date": "2026-03-18"
      }
    },
    {
      "type": "Feature",
      "geometry": {
        "type": "Point",
        "coordinates": [
          5.9339174,
          49.7791023
        ]
      },
      "properties": {
        "id": 7799406923,
        "osm_type": "node",
        "name": "Auberge Roudbaach",
        "tourism": "hotel",
        "phone": "+352 23 62 07 97"
      }
    },
    {
      "type": "Feature",
      "geometry": {
        "type": "Point",
        "coordinates": [
          6.1333146,
          49.6023184
        ]
      },
      "properties": {
        "id": 8078313798,
        "osm_type": "node",
        "name": "Park Inn",
        "tourism": "hotel",
        "phone": "+352 26 89 18 1",
        "website": "https://www.radissonhotels.com/en-us/hotels/park-inn-luxembourg-city",
        "check_date": "2026-04-27"
      }
    },
    {
      "type": "Feature",
      "geometry": {
        "type": "Point",
        "coordinates": [
          6.1383871,
          49.6332169
        ]
      },
      "properties": {
        "id": 8088918336,
        "osm_type": "node",
        "name": "Hostellerie du Grünewald",
        "tourism": "hotel",
        "contact:phone": "+352 2451 4920",
        "contact:website": "https://hdg.lu/"
      }
    },
    {
      "type": "Feature",
      "geometry": {
        "type": "Point",
        "coordinates": [
          5.9158144,
          49.644844
        ]
      },
      "properties": {
        "id": 8227101805,
        "osm_type": "node",
        "name": "Hôtel Jacoby",
        "tourism": "hotel",
        "phone": "+352 39 01 98 1",
        "website": "https://www.hoteljacoby.lu/"
      }
    },
    {
      "type": "Feature",
      "geometry": {
        "type": "Point",
        "coordinates": [
          6.1584055,
          49.866015
        ]
      },
      "properties": {
        "id": 8583983328,
        "osm_type": "node",
        "name": "Hôtel du Parc",
        "tourism": "hotel"
      }
    },
    {
      "type": "Feature",
      "geometry": {
        "type": "Point",
        "coordinates": [
          6.1297334,
          49.6097801
        ]
      },
      "properties": {
        "id": 8617012058,
        "osm_type": "node",
        "name": "Grand Hotel Cravat",
        "tourism": "hotel",
        "website": "https://www.hotelcravat.lu/",
        "check_date": "2025-09-02"
      }
    },
    {
      "type": "Feature",
      "geometry": {
        "type": "Point",
        "coordinates": [
          6.3872718,
          49.7653021
        ]
      },
      "properties": {
        "id": 8838067121,
        "osm_type": "node",
        "tourism": "apartment"
      }
    },
    {
      "type": "Feature",
      "geometry": {
        "type": "Point",
        "coordinates": [
          6.0922289,
          49.6225547
        ]
      },
      "properties": {
        "id": 8869354817,
        "osm_type": "node",
        "tourism": "apartment"
      }
    },
    {
      "type": "Feature",
      "geometry": {
        "type": "Point",
        "coordinates": [
          5.9451116,
          49.9638172
        ]
      },
      "properties": {
        "id": 8962772681,
        "osm_type": "node",
        "name": "Camp 10 - Sangliers - Wild Boar - Wildschwein",
        "tourism": "camp_site",
        "phone": "+352958199",
        "website": "https://scoutswiltz.lu/"
      }
    },
    {
      "type": "Feature",
      "geometry": {
        "type": "Point",
        "coordinates": [
          6.099135,
          49.8464974
        ]
      },
      "properties": {
        "id": 8980139570,
        "osm_type": "node",
        "name": "Hôtel Herckmans",
        "tourism": "hotel",
        "phone": "+352 81 74 28",
        "website": "https://www.hotel-herckmans.lu/"
      }
    },
    {
      "type": "Feature",
      "geometry": {
        "type": "Point",
        "coordinates": [
          6.3531885,
          49.8239304
        ]
      },
      "properties": {
        "id": 8989294474,
        "osm_type": "node",
        "name": "Berdorfer Eck",
        "tourism": "guest_house",
        "phone": "+352 26 78 44 34",
        "website": "https://www.berdorfereck.lu/fr/bed-breakfast/"
      }
    },
    {
      "type": "Feature",
      "geometry": {
        "type": "Point",
        "coordinates": [
          5.9440771,
          49.5024707
        ]
      },
      "properties": {
        "id": 9103463110,
        "osm_type": "node",
        "name": "Residhome",
        "tourism": "hotel",
        "phone": "+352 27 86 78 22",
        "website": "https://www.myresidhome.com/uk/esch-sur-alzette/residhome-luxembourg-esch-belval/hotel-residence-aparthotel.html",
        "check_date": "2025-04-06"
      }
    },
    {
      "type": "Feature",
      "geometry": {
        "type": "Point",
        "coordinates": [
          6.0427324,
          49.9260503
        ]
      },
      "properties": {
        "id": 9117358617,
        "osm_type": "node",
        "name": "Lodgetent",
        "tourism": "chalet",
        "check_date": "2025-10-14"
      }
    },
    {
      "type": "Feature",
      "geometry": {
        "type": "Point",
        "coordinates": [
          6.1640252,
          49.6229116
        ]
      },
      "properties": {
        "id": 9259048927,
        "osm_type": "node",
        "name": "The Central Luxembourg Kirchberg",
        "tourism": "hotel",
        "phone": "+35220600359",
        "website": "https://thecentral.lu/smart-aparthotel-luxembourg-kirchberg/"
      }
    },
    {
      "type": "Feature",
      "geometry": {
        "type": "Point",
        "coordinates": [
          6.4081318,
          49.7801213
        ]
      },
      "properties": {
        "id": 9680033204,
        "osm_type": "node",
        "name": "Fromburger Hof, Apartment C",
        "tourism": "apartment",
        "website": "https://www.fromburg.lu/"
      }
    },
    {
      "type": "Feature",
      "geometry": {
        "type": "Point",
        "coordinates": [
          6.4080901,
          49.7800844
        ]
      },
      "properties": {
        "id": 9680033205,
        "osm_type": "node",
        "name": "Fromburger Hof, Apartment D",
        "tourism": "apartment",
        "website": "https://www.fromburg.lu/"
      }
    },
    {
      "type": "Feature",
      "geometry": {
        "type": "Point",
        "coordinates": [
          6.4082132,
          49.7801618
        ]
      },
      "properties": {
        "id": 9680033206,
        "osm_type": "node",
        "name": "Fromburger Hof, Apartment B",
        "tourism": "apartment",
        "website": "https://www.fromburg.lu/"
      }
    },
    {
      "type": "Feature",
      "geometry": {
        "type": "Point",
        "coordinates": [
          6.4082591,
          49.780203
        ]
      },
      "properties": {
        "id": 9680033207,
        "osm_type": "node",
        "name": "Fromburger Hof, Apartment A",
        "tourism": "apartment",
        "website": "https://www.fromburg.lu/"
      }
    },
    {
      "type": "Feature",
      "geometry": {
        "type": "Point",
        "coordinates": [
          6.2866607,
          49.8591825
        ]
      },
      "properties": {
        "id": 9854985491,
        "osm_type": "node",
        "name": "Novasol Ferienwohnung Marianne Wolter-Linden",
        "tourism": "apartment",
        "website": "https://www.novasol.nl/vakantiehuis/luxemburg/appartement-bigelbach-lux005"
      }
    },
    {
      "type": "Feature",
      "geometry": {
        "type": "Point",
        "coordinates": [
          5.8946106,
          49.5444712
        ]
      },
      "properties": {
        "id": 10621041924,
        "osm_type": "node",
        "name": "Hôtel 151",
        "tourism": "guest_house",
        "phone": "+352 28 38 730",
        "website": "https://www.hoteln151.com/"
      }
    },
    {
      "type": "Feature",
      "geometry": {
        "type": "Point",
        "coordinates": [
          6.1592974,
          49.8699274
        ]
      },
      "properties": {
        "id": 10700114857,
        "osm_type": "node",
        "name": "Esplanade Hotel",
        "tourism": "hotel"
      }
    },
    {
      "type": "Feature",
      "geometry": {
        "type": "Point",
        "coordinates": [
          6.2267456,
          49.6458101
        ]
      },
      "properties": {
        "id": 10895496963,
        "osm_type": "node",
        "name": "Casa Borghese",
        "tourism": "hotel"
      }
    },
    {
      "type": "Feature",
      "geometry": {
        "type": "Point",
        "coordinates": [
          5.8549204,
          49.5356525
        ]
      },
      "properties": {
        "id": 11052253764,
        "osm_type": "node",
        "name": "Wagon Fond de Gras",
        "tourism": "chalet",
        "website": "https://www.simpleviu.com/kabaisercher"
      }
    },
    {
      "type": "Feature",
      "geometry": {
        "type": "Point",
        "coordinates": [
          6.2800369,
          49.5039339
        ]
      },
      "properties": {
        "id": 11061746198,
        "osm_type": "node",
        "tourism": "hotel",
        "phone": "+352 23 66 80 73",
        "website": "https://dolcevita.lu"
      }
    },
    {
      "type": "Feature",
      "geometry": {
        "type": "Point",
        "coordinates": [
          5.9894335,
          49.8765827
        ]
      },
      "properties": {
        "id": 11097663097,
        "osm_type": "node",
        "name": "Bungalow 265",
        "tourism": "chalet"
      }
    },
    {
      "type": "Feature",
      "geometry": {
        "type": "Point",
        "coordinates": [
          5.9892553,
          49.8769862
        ]
      },
      "properties": {
        "id": 11097663098,
        "osm_type": "node",
        "name": "Bungalow 271",
        "tourism": "chalet"
      }
    },
    {
      "type": "Feature",
      "geometry": {
        "type": "Point",
        "coordinates": [
          5.9905095,
          49.8766769
        ]
      },
      "properties": {
        "id": 11097663099,
        "osm_type": "node",
        "name": "Bunglaow 237",
        "tourism": "chalet"
      }
    },
    {
      "type": "Feature",
      "geometry": {
        "type": "Point",
        "coordinates": [
          5.9892997,
          49.8768393
        ]
      },
      "properties": {
        "id": 11097663100,
        "osm_type": "node",
        "name": "Bungalow 269",
        "tourism": "chalet"
      }
    },
    {
      "type": "Feature",
      "geometry": {
        "type": "Point",
        "coordinates": [
          5.9895954,
          49.8768556
        ]
      },
      "properties": {
        "id": 11097663101,
        "osm_type": "node",
        "name": "Bungalow 266",
        "tourism": "chalet"
      }
    },
    {
      "type": "Feature",
      "geometry": {
        "type": "Point",
        "coordinates": [
          5.9900742,
          49.8765275
        ]
      },
      "properties": {
        "id": 11097663102,
        "osm_type": "node",
        "name": "Bungalow 242",
        "tourism": "chalet"
      }
    },
    {
      "type": "Feature",
      "geometry": {
        "type": "Point",
        "coordinates": [
          5.9907448,
          49.8767406
        ]
      },
      "properties": {
        "id": 11097663103,
        "osm_type": "node",
        "name": "Bunglaow 239",
        "tourism": "chalet"
      }
    },
    {
      "type": "Feature",
      "geometry": {
        "type": "Point",
        "coordinates": [
          5.9895573,
          49.8764534
        ]
      },
      "properties": {
        "id": 11097663104,
        "osm_type": "node",
        "name": "Bungalow 263",
        "tourism": "chalet"
      }
    },
    {
      "type": "Feature",
      "geometry": {
        "type": "Point",
        "coordinates": [
          5.9885235,
          49.8769282
        ]
      },
      "properties": {
        "id": 11097692683,
        "osm_type": "node",
        "name": "Bungalow 297",
        "tourism": "chalet"
      }
    },
    {
      "type": "Feature",
      "geometry": {
        "type": "Point",
        "coordinates": [
          5.9883002,
          49.8769689
        ]
      },
      "properties": {
        "id": 11097692684,
        "osm_type": "node",
        "name": "Bungalow 296",
        "tourism": "chalet"
      }
    },
    {
      "type": "Feature",
      "geometry": {
        "type": "Point",
        "coordinates": [
          5.9890199,
          49.8769548
        ]
      },
      "properties": {
        "id": 11097692685,
        "osm_type": "node",
        "name": "Bungalow 299",
        "tourism": "chalet"
      }
    },
    {
      "type": "Feature",
      "geometry": {
        "type": "Point",
        "coordinates": [
          5.9887552,
          49.8769324
        ]
      },
      "properties": {
        "id": 11097692686,
        "osm_type": "node",
        "name": "Bungalow 298",
        "tourism": "chalet"
      }
    },
    {
      "type": "Feature",
      "geometry": {
        "type": "Point",
        "coordinates": [
          5.9896735,
          49.8767253
        ]
      },
      "properties": {
        "id": 11097732805,
        "osm_type": "node",
        "name": "Bungalow 264",
        "tourism": "chalet"
      }
    },
    {
      "type": "Feature",
      "geometry": {
        "type": "Point",
        "coordinates": [
          5.9895196,
          49.8769912
        ]
      },
      "properties": {
        "id": 11097732806,
        "osm_type": "node",
        "name": "Bungalow 268",
        "tourism": "chalet"
      }
    },
    {
      "type": "Feature",
      "geometry": {
        "type": "Point",
        "coordinates": [
          5.9897652,
          49.8766101
        ]
      },
      "properties": {
        "id": 11097732807,
        "osm_type": "node",
        "name": "Bungalow 262",
        "tourism": "chalet"
      }
    },
    {
      "type": "Feature",
      "geometry": {
        "type": "Point",
        "coordinates": [
          5.989356,
          49.876695
        ]
      },
      "properties": {
        "id": 11097732808,
        "osm_type": "node",
        "name": "Bungalow 267",
        "tourism": "chalet"
      }
    },
    {
      "type": "Feature",
      "geometry": {
        "type": "Point",
        "coordinates": [
          5.9898522,
          49.8764901
        ]
      },
      "properties": {
        "id": 11097732809,
        "osm_type": "node",
        "name": "Bungalow 260",
        "tourism": "chalet"
      }
    },
    {
      "type": "Feature",
      "geometry": {
        "type": "Point",
        "coordinates": [
          5.9908039,
          49.876965
        ]
      },
      "properties": {
        "id": 11098817832,
        "osm_type": "node",
        "name": "Bunglaow 228",
        "tourism": "chalet"
      }
    },
    {
      "type": "Feature",
      "geometry": {
        "type": "Point",
        "coordinates": [
          5.9909621,
          49.8768389
        ]
      },
      "properties": {
        "id": 11098817833,
        "osm_type": "node",
        "name": "Bunglaow 241",
        "tourism": "chalet"
      }
    },
    {
      "type": "Feature",
      "geometry": {
        "type": "Point",
        "coordinates": [
          5.9900036,
          49.8768412
        ]
      },
      "properties": {
        "id": 11098874445,
        "osm_type": "node",
        "name": "Bungalow 236",
        "tourism": "chalet"
      }
    },
    {
      "type": "Feature",
      "geometry": {
        "type": "Point",
        "coordinates": [
          5.9900863,
          49.8767064
        ]
      },
      "properties": {
        "id": 11098874446,
        "osm_type": "node",
        "name": "Bungalow 238",
        "tourism": "chalet"
      }
    },
    {
      "type": "Feature",
      "geometry": {
        "type": "Point",
        "coordinates": [
          5.9902615,
          49.8765684
        ]
      },
      "properties": {
        "id": 11098874447,
        "osm_type": "node",
        "name": "Bungalow 240",
        "tourism": "chalet"
      }
    },
    {
      "type": "Feature",
      "geometry": {
        "type": "Point",
        "coordinates": [
          5.9886319,
          49.8765521
        ]
      },
      "properties": {
        "id": 11107075677,
        "osm_type": "node",
        "name": "Bungalow 291",
        "tourism": "chalet"
      }
    },
    {
      "type": "Feature",
      "geometry": {
        "type": "Point",
        "coordinates": [
          5.9890285,
          49.8764479
        ]
      },
      "properties": {
        "id": 11107075678,
        "osm_type": "node",
        "name": "Bungalow 290",
        "tourism": "chalet"
      }
    },
    {
      "type": "Feature",
      "geometry": {
        "type": "Point",
        "coordinates": [
          5.9889843,
          49.8765517
        ]
      },
      "properties": {
        "id": 11107075679,
        "osm_type": "node",
        "name": "Bungalow 292",
        "tourism": "chalet"
      }
    },
    {
      "type": "Feature",
      "geometry": {
        "type": "Point",
        "coordinates": [
          5.9889639,
          49.8767028
        ]
      },
      "properties": {
        "id": 11107075680,
        "osm_type": "node",
        "name": "Bungalow 294",
        "tourism": "chalet"
      }
    },
    {
      "type": "Feature",
      "geometry": {
        "type": "Point",
        "coordinates": [
          5.9887151,
          49.8767042
        ]
      },
      "properties": {
        "id": 11107075681,
        "osm_type": "node",
        "name": "Bungalow 293",
        "tourism": "chalet"
      }
    },
    {
      "type": "Feature",
      "geometry": {
        "type": "Point",
        "coordinates": [
          5.9884277,
          49.8766853
        ]
      },
      "properties": {
        "id": 11107075682,
        "osm_type": "node",
        "name": "Bungalow 295",
        "tourism": "chalet"
      }
    },
    {
      "type": "Feature",
      "geometry": {
        "type": "Point",
        "coordinates": [
          5.9915205,
          49.877491
        ]
      },
      "properties": {
        "id": 11107075683,
        "osm_type": "node",
        "name": "Bungalow 233",
        "tourism": "chalet"
      }
    },
    {
      "type": "Feature",
      "geometry": {
        "type": "Point",
        "coordinates": [
          5.9911649,
          49.8772761
        ]
      },
      "properties": {
        "id": 11107075684,
        "osm_type": "node",
        "name": "Bungalow 231",
        "tourism": "chalet"
      }
    },
    {
      "type": "Feature",
      "geometry": {
        "type": "Point",
        "coordinates": [
          5.9913815,
          49.8773778
        ]
      },
      "properties": {
        "id": 11107075685,
        "osm_type": "node",
        "name": "Bungalow 232",
        "tourism": "chalet"
      }
    },
    {
      "type": "Feature",
      "geometry": {
        "type": "Point",
        "coordinates": [
          5.9909684,
          49.8771904
        ]
      },
      "properties": {
        "id": 11107075686,
        "osm_type": "node",
        "name": "Bungalow 229",
        "tourism": "chalet"
      }
    },
    {
      "type": "Feature",
      "geometry": {
        "type": "Point",
        "coordinates": [
          5.9907332,
          49.8771396
        ]
      },
      "properties": {
        "id": 11107075687,
        "osm_type": "node",
        "name": "Bungalow 227",
        "tourism": "chalet"
      }
    },
    {
      "type": "Feature",
      "geometry": {
        "type": "Point",
        "coordinates": [
          5.9903028,
          49.877255
        ]
      },
      "properties": {
        "id": 11107075688,
        "osm_type": "node",
        "name": "Bungalow 219",
        "tourism": "chalet"
      }
    },
    {
      "type": "Feature",
      "geometry": {
        "type": "Point",
        "coordinates": [
          5.9898483,
          49.8775755
        ]
      },
      "properties": {
        "id": 11107075689,
        "osm_type": "node",
        "name": "Bungalow 212",
        "tourism": "chalet"
      }
    },
    {
      "type": "Feature",
      "geometry": {
        "type": "Point",
        "coordinates": [
          5.9895489,
          49.8774428
        ]
      },
      "properties": {
        "id": 11107075690,
        "osm_type": "node",
        "name": "Bungalow 280",
        "tourism": "chalet"
      }
    },
    {
      "type": "Feature",
      "geometry": {
        "type": "Point",
        "coordinates": [
          5.9870372,
          49.8768779
        ]
      },
      "properties": {
        "id": 11109029335,
        "osm_type": "node",
        "name": "Bungalow 709",
        "tourism": "chalet"
      }
    },
    {
      "type": "Feature",
      "geometry": {
        "type": "Point",
        "coordinates": [
          5.9872755,
          49.8768706
        ]
      },
      "properties": {
        "id": 11109029336,
        "osm_type": "node",
        "name": "Bungalow 707",
        "tourism": "chalet"
      }
    },
    {
      "type": "Feature",
      "geometry": {
        "type": "Point",
        "coordinates": [
          5.9874987,
          49.8768511
        ]
      },
      "properties": {
        "id": 11109029337,
        "osm_type": "node",
        "name": "Bungalow 705",
        "tourism": "chalet"
      }
    },
    {
      "type": "Feature",
      "geometry": {
        "type": "Point",
        "coordinates": [
          5.9877142,
          49.8768437
        ]
      },
      "properties": {
        "id": 11109029338,
        "osm_type": "node",
        "name": "Bungalow 703",
        "tourism": "chalet"
      }
    },
    {
      "type": "Feature",
      "geometry": {
        "type": "Point",
        "coordinates": [
          5.9903769,
          49.8783135
        ]
      },
      "properties": {
        "id": 11109029339,
        "osm_type": "node",
        "name": "Bungalow 201",
        "tourism": "chalet"
      }
    },
    {
      "type": "Feature",
      "geometry": {
        "type": "Point",
        "coordinates": [
          5.9879828,
          49.876834
        ]
      },
      "properties": {
        "id": 11109029340,
        "osm_type": "node",
        "name": "Bungalow 701",
        "tourism": "chalet"
      }
    },
    {
      "type": "Feature",
      "geometry": {
        "type": "Point",
        "coordinates": [
          5.9898483,
          49.8775755
        ]
      },
      "properties": {
        "id": 11109030119,
        "osm_type": "node",
        "name": "Bungalow 212",
        "tourism": "chalet"
      }
    },
    {
      "type": "Feature",
      "geometry": {
        "type": "Point",
        "coordinates": [
          5.9895489,
          49.8774428
        ]
      },
      "properties": {
        "id": 11109030120,
        "osm_type": "node",
        "name": "Bungalow 280",
        "tourism": "chalet"
      }
    },
    {
      "type": "Feature",
      "geometry": {
        "type": "Point",
        "coordinates": [
          5.9922466,
          49.8755666
        ]
      },
      "properties": {
        "id": 11167643521,
        "osm_type": "node",
        "name": "Bungalow 767",
        "tourism": "chalet"
      }
    },
    {
      "type": "Feature",
      "geometry": {
        "type": "Point",
        "coordinates": [
          5.9919905,
          49.8755576
        ]
      },
      "properties": {
        "id": 11167643522,
        "osm_type": "node",
        "name": "Bungalow 766",
        "tourism": "chalet"
      }
    },
    {
      "type": "Feature",
      "geometry": {
        "type": "Point",
        "coordinates": [
          5.9917273,
          49.8755697
        ]
      },
      "properties": {
        "id": 11167643523,
        "osm_type": "node",
        "name": "Bungalow 764",
        "tourism": "chalet"
      }
    },
    {
      "type": "Feature",
      "geometry": {
        "type": "Point",
        "coordinates": [
          5.9914141,
          49.8755991
        ]
      },
      "properties": {
        "id": 11167643524,
        "osm_type": "node",
        "name": "Bungalow 762",
        "tourism": "chalet"
      }
    },
    {
      "type": "Feature",
      "geometry": {
        "type": "Point",
        "coordinates": [
          5.9911461,
          49.8756341
        ]
      },
      "properties": {
        "id": 11167643525,
        "osm_type": "node",
        "name": "Bungalow 760",
        "tourism": "chalet"
      }
    },
    {
      "type": "Feature",
      "geometry": {
        "type": "Point",
        "coordinates": [
          5.9908317,
          49.875685
        ]
      },
      "properties": {
        "id": 11167643526,
        "osm_type": "node",
        "name": "Bungalow 759",
        "tourism": "chalet"
      }
    },
    {
      "type": "Feature",
      "geometry": {
        "type": "Point",
        "coordinates": [
          5.9905065,
          49.8757339
        ]
      },
      "properties": {
        "id": 11167643527,
        "osm_type": "node",
        "name": "Bungalow 758",
        "tourism": "chalet"
      }
    },
    {
      "type": "Feature",
      "geometry": {
        "type": "Point",
        "coordinates": [
          5.9915933,
          49.8757645
        ]
      },
      "properties": {
        "id": 11167643528,
        "osm_type": "node",
        "name": "Bungalow 763",
        "tourism": "chalet"
      }
    },
    {
      "type": "Feature",
      "geometry": {
        "type": "Point",
        "coordinates": [
          5.9919304,
          49.8757785
        ]
      },
      "properties": {
        "id": 11167643529,
        "osm_type": "node",
        "name": "Bungalow 765",
        "tourism": "chalet"
      }
    },
    {
      "type": "Feature",
      "geometry": {
        "type": "Point",
        "coordinates": [
          5.9909811,
          49.8758597
        ]
      },
      "properties": {
        "id": 11167643530,
        "osm_type": "node",
        "name": "Bungalow 756",
        "tourism": "chalet"
      }
    },
    {
      "type": "Feature",
      "geometry": {
        "type": "Point",
        "coordinates": [
          5.9913063,
          49.8758108
        ]
      },
      "properties": {
        "id": 11167643531,
        "osm_type": "node",
        "name": "Bungalow 761",
        "tourism": "chalet"
      }
    },
    {
      "type": "Feature",
      "geometry": {
        "type": "Point",
        "coordinates": [
          5.9907239,
          49.8758968
        ]
      },
      "properties": {
        "id": 11167643532,
        "osm_type": "node",
        "name": "Bungalow 754",
        "tourism": "chalet"
      }
    },
    {
      "type": "Feature",
      "geometry": {
        "type": "Point",
        "coordinates": [
          5.9903987,
          49.8759456
        ]
      },
      "properties": {
        "id": 11167643533,
        "osm_type": "node",
        "name": "Bungalow 752",
        "tourism": "chalet"
      }
    },
    {
      "type": "Feature",
      "geometry": {
        "type": "Point",
        "coordinates": [
          5.9909899,
          49.8760532
        ]
      },
      "properties": {
        "id": 11167643534,
        "osm_type": "node",
        "name": "Bungalow 757",
        "tourism": "chalet"
      }
    },
    {
      "type": "Feature",
      "geometry": {
        "type": "Point",
        "coordinates": [
          5.9906861,
          49.8761328
        ]
      },
      "properties": {
        "id": 11167643535,
        "osm_type": "node",
        "name": "Bungalow 755",
        "tourism": "chalet"
      }
    },
    {
      "type": "Feature",
      "geometry": {
        "type": "Point",
        "coordinates": [
          5.990376,
          49.8761373
        ]
      },
      "properties": {
        "id": 11167643536,
        "osm_type": "node",
        "name": "Bungalow 753",
        "tourism": "chalet"
      }
    },
    {
      "type": "Feature",
      "geometry": {
        "type": "Point",
        "coordinates": [
          5.9900803,
          49.8760765
        ]
      },
      "properties": {
        "id": 11167643537,
        "osm_type": "node",
        "name": "Bungalow 751",
        "tourism": "chalet"
      }
    },
    {
      "type": "Feature",
      "geometry": {
        "type": "Point",
        "coordinates": [
          5.9917273,
          49.8759747
        ]
      },
      "properties": {
        "id": 11167643538,
        "osm_type": "node",
        "name": "Bungalow 256",
        "tourism": "chalet"
      }
    },
    {
      "type": "Feature",
      "geometry": {
        "type": "Point",
        "coordinates": [
          5.9915379,
          49.8760853
        ]
      },
      "properties": {
        "id": 11167643539,
        "osm_type": "node",
        "name": "Bungalow 254",
        "tourism": "chalet"
      }
    },
    {
      "type": "Feature",
      "geometry": {
        "type": "Point",
        "coordinates": [
          5.9913624,
          49.87617
        ]
      },
      "properties": {
        "id": 11167643540,
        "osm_type": "node",
        "name": "Bungalow 252",
        "tourism": "chalet"
      }
    },
    {
      "type": "Feature",
      "geometry": {
        "type": "Point",
        "coordinates": [
          5.9911754,
          49.8762685
        ]
      },
      "properties": {
        "id": 11167643541,
        "osm_type": "node",
        "name": "Bungalow 250",
        "tourism": "chalet"
      }
    },
    {
      "type": "Feature",
      "geometry": {
        "type": "Point",
        "coordinates": [
          5.9909955,
          49.8763345
        ]
      },
      "properties": {
        "id": 11167643542,
        "osm_type": "node",
        "name": "Bungalow 248",
        "tourism": "chalet"
      }
    },
    {
      "type": "Feature",
      "geometry": {
        "type": "Point",
        "coordinates": [
          5.9908079,
          49.876385
        ]
      },
      "properties": {
        "id": 11167643543,
        "osm_type": "node",
        "name": "Bungalow 246",
        "tourism": "chalet"
      }
    },
    {
      "type": "Feature",
      "geometry": {
        "type": "Point",
        "coordinates": [
          5.9923871,
          49.8756587
        ]
      },
      "properties": {
        "id": 11167643544,
        "osm_type": "node",
        "name": "Bungalow 768",
        "tourism": "chalet"
      }
    },
    {
      "type": "Feature",
      "geometry": {
        "type": "Point",
        "coordinates": [
          5.9922341,
          49.8758002
        ]
      },
      "properties": {
        "id": 11167643545,
        "osm_type": "node",
        "name": "Bungalow 769",
        "tourism": "chalet"
      }
    },
    {
      "type": "Feature",
      "geometry": {
        "type": "Point",
        "coordinates": [
          5.9924735,
          49.8759501
        ]
      },
      "properties": {
        "id": 11167643546,
        "osm_type": "node",
        "name": "Bungalow 258",
        "tourism": "chalet"
      }
    },
    {
      "type": "Feature",
      "geometry": {
        "type": "Point",
        "coordinates": [
          5.992349,
          49.876153
        ]
      },
      "properties": {
        "id": 11167643547,
        "osm_type": "node",
        "name": "Bungalow 259",
        "tourism": "chalet"
      }
    },
    {
      "type": "Feature",
      "geometry": {
        "type": "Point",
        "coordinates": [
          5.9917904,
          49.8762
        ]
      },
      "properties": {
        "id": 11167643548,
        "osm_type": "node",
        "name": "Bungalow 253",
        "tourism": "chalet"
      }
    },
    {
      "type": "Feature",
      "geometry": {
        "type": "Point",
        "coordinates": [
          5.9919607,
          49.8761001
        ]
      },
      "properties": {
        "id": 11167643549,
        "osm_type": "node",
        "name": "Bungalow 255",
        "tourism": "chalet"
      }
    },
    {
      "type": "Feature",
      "geometry": {
        "type": "Point",
        "coordinates": [
          5.9921096,
          49.8760031
        ]
      },
      "properties": {
        "id": 11167643550,
        "osm_type": "node",
        "name": "Bungalow 257",
        "tourism": "chalet"
      }
    },
    {
      "type": "Feature",
      "geometry": {
        "type": "Point",
        "coordinates": [
          5.9916149,
          49.8762847
        ]
      },
      "properties": {
        "id": 11167643551,
        "osm_type": "node",
        "name": "Bungalow 251",
        "tourism": "chalet"
      }
    },
    {
      "type": "Feature",
      "geometry": {
        "type": "Point",
        "coordinates": [
          5.9914279,
          49.8763832
        ]
      },
      "properties": {
        "id": 11167643552,
        "osm_type": "node",
        "name": "Bungalow 249",
        "tourism": "chalet"
      }
    },
    {
      "type": "Feature",
      "geometry": {
        "type": "Point",
        "coordinates": [
          5.991248,
          49.8764493
        ]
      },
      "properties": {
        "id": 11167643553,
        "osm_type": "node",
        "name": "Bungalow 247",
        "tourism": "chalet"
      }
    },
    {
      "type": "Feature",
      "geometry": {
        "type": "Point",
        "coordinates": [
          5.9910604,
          49.8764997
        ]
      },
      "properties": {
        "id": 11167643554,
        "osm_type": "node",
        "name": "Bungalow 245",
        "tourism": "chalet"
      }
    },
    {
      "type": "Feature",
      "geometry": {
        "type": "Point",
        "coordinates": [
          5.9908655,
          49.8765663
        ]
      },
      "properties": {
        "id": 11167643555,
        "osm_type": "node",
        "name": "Bungalow 243",
        "tourism": "chalet"
      }
    },
    {
      "type": "Feature",
      "geometry": {
        "type": "Point",
        "coordinates": [
          5.9905542,
          49.8764462
        ]
      },
      "properties": {
        "id": 11167643556,
        "osm_type": "node",
        "name": "Bungalow 244",
        "tourism": "chalet"
      }
    },
    {
      "type": "Feature",
      "geometry": {
        "type": "Point",
        "coordinates": [
          5.9903274,
          49.8763893
        ]
      },
      "properties": {
        "id": 11167643557,
        "osm_type": "node",
        "name": "Bungalow 261",
        "tourism": "chalet"
      }
    },
    {
      "type": "Feature",
      "geometry": {
        "type": "Point",
        "coordinates": [
          5.9901294,
          49.8763392
        ]
      },
      "properties": {
        "id": 11167643558,
        "osm_type": "node",
        "name": "Bungalow 288",
        "tourism": "chalet"
      }
    },
    {
      "type": "Feature",
      "geometry": {
        "type": "Point",
        "coordinates": [
          5.9899241,
          49.8763041
        ]
      },
      "properties": {
        "id": 11167643559,
        "osm_type": "node",
        "name": "Bungalow 286",
        "tourism": "chalet"
      }
    },
    {
      "type": "Feature",
      "geometry": {
        "type": "Point",
        "coordinates": [
          5.9896816,
          49.876272
        ]
      },
      "properties": {
        "id": 11167643560,
        "osm_type": "node",
        "name": "Bungalow 284",
        "tourism": "chalet"
      }
    },
    {
      "type": "Feature",
      "geometry": {
        "type": "Point",
        "coordinates": [
          5.988664,
          49.8763249
        ]
      },
      "properties": {
        "id": 11167643561,
        "osm_type": "node",
        "name": "Bungalow 733",
        "tourism": "chalet"
      }
    },
    {
      "type": "Feature",
      "geometry": {
        "type": "Point",
        "coordinates": [
          5.9882829,
          49.876133
        ]
      },
      "properties": {
        "id": 11167643562,
        "osm_type": "node",
        "name": "Bungalow 729",
        "tourism": "chalet"
      }
    },
    {
      "type": "Feature",
      "geometry": {
        "type": "Point",
        "coordinates": [
          5.9882424,
          49.8763694
        ]
      },
      "properties": {
        "id": 11167643563,
        "osm_type": "node",
        "name": "Bungalow 731",
        "tourism": "chalet"
      }
    },
    {
      "type": "Feature",
      "geometry": {
        "type": "Point",
        "coordinates": [
          5.9878399,
          49.8762006
        ]
      },
      "properties": {
        "id": 11167643564,
        "osm_type": "node",
        "name": "Bungalow 730",
        "tourism": "chalet"
      }
    },
    {
      "type": "Feature",
      "geometry": {
        "type": "Point",
        "coordinates": [
          5.9876448,
          49.876209
        ]
      },
      "properties": {
        "id": 11167643565,
        "osm_type": "node",
        "name": "Bungalow 728",
        "tourism": "chalet"
      }
    },
    {
      "type": "Feature",
      "geometry": {
        "type": "Point",
        "coordinates": [
          5.9873857,
          49.8762141
        ]
      },
      "properties": {
        "id": 11167643566,
        "osm_type": "node",
        "name": "Bungalow 726",
        "tourism": "chalet"
      }
    },
    {
      "type": "Feature",
      "geometry": {
        "type": "Point",
        "coordinates": [
          5.9871337,
          49.8762384
        ]
      },
      "properties": {
        "id": 11167643567,
        "osm_type": "node",
        "name": "Bungalow 724",
        "tourism": "chalet"
      }
    },
    {
      "type": "Feature",
      "geometry": {
        "type": "Point",
        "coordinates": [
          5.9869063,
          49.8763011
        ]
      },
      "properties": {
        "id": 11167643568,
        "osm_type": "node",
        "name": "Bungalow 722",
        "tourism": "chalet"
      }
    },
    {
      "type": "Feature",
      "geometry": {
        "type": "Point",
        "coordinates": [
          5.9866796,
          49.8763774
        ]
      },
      "properties": {
        "id": 11167643569,
        "osm_type": "node",
        "name": "Bungalow 720",
        "tourism": "chalet"
      }
    },
    {
      "type": "Feature",
      "geometry": {
        "type": "Point",
        "coordinates": [
          5.9878613,
          49.8764047
        ]
      },
      "properties": {
        "id": 11167643570,
        "osm_type": "node",
        "name": "Bungalow 729",
        "tourism": "chalet"
      }
    },
    {
      "type": "Feature",
      "geometry": {
        "type": "Point",
        "coordinates": [
          5.9875903,
          49.8763884
        ]
      },
      "properties": {
        "id": 11167643571,
        "osm_type": "node",
        "name": "Bungalow 727",
        "tourism": "chalet"
      }
    },
    {
      "type": "Feature",
      "geometry": {
        "type": "Point",
        "coordinates": [
          5.9871347,
          49.8764354
        ]
      },
      "properties": {
        "id": 11167643572,
        "osm_type": "node",
        "name": "Bungalow 723",
        "tourism": "chalet"
      }
    },
    {
      "type": "Feature",
      "geometry": {
        "type": "Point",
        "coordinates": [
          5.986908,
          49.8765117
        ]
      },
      "properties": {
        "id": 11167643573,
        "osm_type": "node",
        "name": "Bungalow 721",
        "tourism": "chalet"
      }
    },
    {
      "type": "Feature",
      "geometry": {
        "type": "Point",
        "coordinates": [
          5.9873645,
          49.8764126
        ]
      },
      "properties": {
        "id": 11167643574,
        "osm_type": "node",
        "name": "Bungalow 725",
        "tourism": "chalet"
      }
    },
    {
      "type": "Feature",
      "geometry": {
        "type": "Point",
        "coordinates": [
          5.9876629,
          49.8766586
        ]
      },
      "properties": {
        "id": 11167643575,
        "osm_type": "node",
        "name": "Bungalow 704",
        "tourism": "chalet"
      }
    },
    {
      "type": "Feature",
      "geometry": {
        "type": "Point",
        "coordinates": [
          5.9874117,
          49.8766875
        ]
      },
      "properties": {
        "id": 11167643576,
        "osm_type": "node",
        "name": "Bungalow 706",
        "tourism": "chalet"
      }
    },
    {
      "type": "Feature",
      "geometry": {
        "type": "Point",
        "coordinates": [
          5.9871468,
          49.8766886
        ]
      },
      "properties": {
        "id": 11167643577,
        "osm_type": "node",
        "name": "Bungalow 708",
        "tourism": "chalet"
      }
    },
    {
      "type": "Feature",
      "geometry": {
        "type": "Point",
        "coordinates": [
          5.9879577,
          49.8766405
        ]
      },
      "properties": {
        "id": 11167643578,
        "osm_type": "node",
        "name": "Bungalow 702",
        "tourism": "chalet"
      }
    },
    {
      "type": "Feature",
      "geometry": {
        "type": "Point",
        "coordinates": [
          5.9836375,
          49.4645556
        ]
      },
      "properties": {
        "id": 11174578948,
        "osm_type": "node",
        "name": "Maison Rosati",
        "tourism": "chalet"
      }
    },
    {
      "type": "Feature",
      "geometry": {
        "type": "Point",
        "coordinates": [
          6.0401621,
          49.5229822
        ]
      },
      "properties": {
        "id": 11179624628,
        "osm_type": "node",
        "name": "Kabaischen in Bergem",
        "tourism": "chalet",
        "website": "https://www.minetttrail.lu/hostel-and-rental/kabaisecher-bergem"
      }
    },
    {
      "type": "Feature",
      "geometry": {
        "type": "Point",
        "coordinates": [
          6.0399537,
          49.5228049
        ]
      },
      "properties": {
        "id": 11179624629,
        "osm_type": "node",
        "name": "Kabaischen in Bergem",
        "tourism": "chalet",
        "website": "https://www.minetttrail.lu/hostel-and-rental/kabaisecher-bergem"
      }
    },
    {
      "type": "Feature",
      "geometry": {
        "type": "Point",
        "coordinates": [
          6.0402952,
          49.5228326
        ]
      },
      "properties": {
        "id": 11179624630,
        "osm_type": "node",
        "name": "Kabaischen in Bergem",
        "tourism": "chalet",
        "website": "https://www.minetttrail.lu/hostel-and-rental/kabaisecher-bergem"
      }
    },
    {
      "type": "Feature",
      "geometry": {
        "type": "Point",
        "coordinates": [
          6.1004334,
          49.9912194
        ]
      },
      "properties": {
        "id": 11186408734,
        "osm_type": "node",
        "name": "Aparthotel La Sapinière",
        "tourism": "apartment",
        "opening_hours": "Mo-Sa 09:00-12:00; 13:00-18:00",
        "phone": "+352 92 01 06",
        "website": "https://www.lasapiniere.lu"
      }
    },
    {
      "type": "Feature",
      "geometry": {
        "type": "Point",
        "coordinates": [
          6.5015559,
          49.7441751
        ]
      },
      "properties": {
        "id": 11346899741,
        "osm_type": "node",
        "name": "Veloberge Op Der Millen",
        "tourism": "guest_house",
        "website": "https://www.veloberge.com/"
      }
    },
    {
      "type": "Feature",
      "geometry": {
        "type": "Point",
        "coordinates": [
          6.1179569,
          49.60693
        ]
      },
      "properties": {
        "id": 11416682769,
        "osm_type": "node",
        "name": "Key Inn Serviced Residences Belair",
        "tourism": "hotel",
        "phone": "+352 27 61 61 1",
        "website": "https://www.key-inn.com"
      }
    },
    {
      "type": "Feature",
      "geometry": {
        "type": "Point",
        "coordinates": [
          6.1170644,
          49.6193169
        ]
      },
      "properties": {
        "id": 11449806029,
        "osm_type": "node",
        "name": "Halcyon Days",
        "tourism": "hotel"
      }
    },
    {
      "type": "Feature",
      "geometry": {
        "type": "Point",
        "coordinates": [
          6.1272303,
          49.5234439
        ]
      },
      "properties": {
        "id": 11897989019,
        "osm_type": "node",
        "name": "Il Camino",
        "tourism": "motel"
      }
    },
    {
      "type": "Feature",
      "geometry": {
        "type": "Point",
        "coordinates": [
          6.0555691,
          50.1493709
        ]
      },
      "properties": {
        "id": 11927836249,
        "osm_type": "node",
        "name": "Hôtel Wemperhardt",
        "tourism": "hotel",
        "phone": "+352 26 901-501",
        "website": "https://www.wemperhardt.lu/"
      }
    },
    {
      "type": "Feature",
      "geometry": {
        "type": "Point",
        "coordinates": [
          6.1351794,
          49.6588999
        ]
      },
      "properties": {
        "id": 12216322219,
        "osm_type": "node",
        "name": "Hostellerie Stafelter",
        "tourism": "hotel",
        "website": "https://www.hostellerie-stafelter.lu/en/"
      }
    },
    {
      "type": "Feature",
      "geometry": {
        "type": "Point",
        "coordinates": [
          6.1311207,
          49.6005402
        ]
      },
      "properties": {
        "id": 12241391217,
        "osm_type": "node",
        "name": "Roomeo Love Room",
        "tourism": "hotel",
        "phone": "+352 691 485 110",
        "website": "https://www.roomeo-nights.com/",
        "check_date": "2026-03-17"
      }
    },
    {
      "type": "Feature",
      "geometry": {
        "type": "Point",
        "coordinates": [
          6.3000999,
          49.6646366
        ]
      },
      "properties": {
        "id": 12301464568,
        "osm_type": "node",
        "name": "Auberge Peitry",
        "tourism": "apartment",
        "phone": "+352 26 787598",
        "website": "https://peitry.lu/studios/"
      }
    },
    {
      "type": "Feature",
      "geometry": {
        "type": "Point",
        "coordinates": [
          6.2133104,
          49.633516
        ]
      },
      "properties": {
        "id": 12366603580,
        "osm_type": "node",
        "name": "Moxy Hotel Luxembourg Airport",
        "tourism": "hotel",
        "contact:phone": "+352 20297720",
        "contact:website": "https://www.marriott.com/en-us/hotels/luxox-moxy-luxembourg-airport/overview/"
      }
    },
    {
      "type": "Feature",
      "geometry": {
        "type": "Point",
        "coordinates": [
          6.1457473,
          49.5418316
        ]
      },
      "properties": {
        "id": 12497727256,
        "osm_type": "node",
        "name": "Re'ser Stuff",
        "tourism": "hotel"
      }
    },
    {
      "type": "Feature",
      "geometry": {
        "type": "Point",
        "coordinates": [
          5.9751559,
          49.4752601
        ]
      },
      "properties": {
        "id": 12731681857,
        "osm_type": "node",
        "name": "Minett Trail Kabaisercher: Pump it up!",
        "tourism": "hotel",
        "website": "kabaisercher.lu"
      }
    },
    {
      "type": "Feature",
      "geometry": {
        "type": "Point",
        "coordinates": [
          6.2798883,
          49.5041137
        ]
      },
      "properties": {
        "id": 12917148024,
        "osm_type": "node",
        "name": "Beau Séjour",
        "tourism": "hotel",
        "phone": "+352 26 67 75",
        "website": "https://www.beau-sejour.lu",
        "check_date": "2025-06-15"
      }
    },
    {
      "type": "Feature",
      "geometry": {
        "type": "Point",
        "coordinates": [
          5.8345947,
          49.5243452
        ]
      },
      "properties": {
        "id": 13003616734,
        "osm_type": "node",
        "name": "Simpleviu Lasauvage",
        "tourism": "chalet",
        "website": "https://www.simpleviu.com/kabaisercher"
      }
    },
    {
      "type": "Feature",
      "geometry": {
        "type": "Point",
        "coordinates": [
          5.8349804,
          49.523975
        ]
      },
      "properties": {
        "id": 13003691142,
        "osm_type": "node",
        "name": "Auberge an der Schoul",
        "tourism": "hostel",
        "phone": "+352 58771-1913",
        "website": "https://www.differdange.lu/"
      }
    },
    {
      "type": "Feature",
      "geometry": {
        "type": "Point",
        "coordinates": [
          6.140349,
          49.599418
        ]
      },
      "properties": {
        "id": 13128051602,
        "osm_type": "node",
        "tourism": "hostel"
      }
    },
    {
      "type": "Feature",
      "geometry": {
        "type": "Point",
        "coordinates": [
          6.1187949,
          49.509571
        ]
      },
      "properties": {
        "id": 13197236912,
        "osm_type": "node",
        "name": "Parc Merveilleux",
        "tourism": "hotel",
        "phone": "+3525110481",
        "website": "https://simpleviu.lodgify.com/en/parc-merveilleux"
      }
    },
    {
      "type": "Feature",
      "geometry": {
        "type": "Point",
        "coordinates": [
          6.3296152,
          49.835457
        ]
      },
      "properties": {
        "id": 13257262401,
        "osm_type": "node",
        "name": "Appart Hotel Ernz Noire",
        "tourism": "hotel",
        "website": "https://ernznoire.lu/"
      }
    },
    {
      "type": "Feature",
      "geometry": {
        "type": "Point",
        "coordinates": [
          6.1248484,
          49.6086903
        ]
      },
      "properties": {
        "id": 13482236496,
        "osm_type": "node",
        "name": "Hotel Villa Pétrusse",
        "tourism": "hotel",
        "website": "https://villapetrusse.lu/en/"
      }
    },
    {
      "type": "Feature",
      "geometry": {
        "type": "Point",
        "coordinates": [
          6.1328839,
          49.6003796
        ]
      },
      "properties": {
        "id": 13504755101,
        "osm_type": "node",
        "name": "Hotel Grey",
        "tourism": "hotel",
        "phone": "+352 274 99 31",
        "website": "http://www.hotelgrey.lu",
        "check_date": "2026-03-17"
      }
    },
    {
      "type": "Feature",
      "geometry": {
        "type": "Point",
        "coordinates": [
          6.4195774,
          49.811913
        ]
      },
      "properties": {
        "id": 13686708871,
        "osm_type": "node",
        "name": "Le Postillon SÀRL",
        "tourism": "hotel",
        "phone": "+352 720188",
        "website": "https://www.postillon.lu",
        "check_date": "2026-03-28"
      }
    },
    {
      "type": "Feature",
      "geometry": {
        "type": "Point",
        "coordinates": [
          5.8085551,
          49.8856888
        ]
      },
      "properties": {
        "id": 13732301289,
        "osm_type": "node",
        "tourism": "caravan_site"
      }
    },
    {
      "type": "Feature",
      "geometry": {
        "type": "Point",
        "coordinates": [
          6.0882775,
          49.9133739
        ]
      },
      "properties": {
        "id": 13796985,
        "osm_type": "way",
        "name": "Hôtel du Moulin",
        "tourism": "hotel"
      }
    },
    {
      "type": "Feature",
      "geometry": {
        "type": "Point",
        "coordinates": [
          6.1264731,
          49.6138734
        ]
      },
      "properties": {
        "id": 24486229,
        "osm_type": "way",
        "name": "Hôtel Le Royal",
        "tourism": "hotel",
        "phone": "+352 24 16 16 1",
        "website": "https://www.leroyal.com/en/EUROPE/luxembourg",
        "check_date": "2025-04-20"
      }
    },
    {
      "type": "Feature",
      "geometry": {
        "type": "Point",
        "coordinates": [
          6.2127019,
          49.7829271
        ]
      },
      "properties": {
        "id": 26036823,
        "osm_type": "way",
        "name": "Camping Birkelt",
        "tourism": "camp_site",
        "tents": "yes",
        "contact:phone": "+352 87 9040",
        "website": "http://www.camping-birkelt.lu/"
      }
    },
    {
      "type": "Feature",
      "geometry": {
        "type": "Point",
        "coordinates": [
          6.0810666,
          49.8461991
        ]
      },
      "properties": {
        "id": 26531602,
        "osm_type": "way",
        "name": "Camping Ettelbruck",
        "tourism": "camp_site",
        "tents": "yes",
        "website": "https://www.campingettelbruck.lu/"
      }
    },
    {
      "type": "Feature",
      "geometry": {
        "type": "Point",
        "coordinates": [
          6.2237559,
          49.8383561
        ]
      },
      "properties": {
        "id": 26749751,
        "osm_type": "way",
        "name": "Camping Neumuhle",
        "tourism": "camp_site",
        "tents": "yes",
        "website": "https://www.camping-neumuhle.lu/",
        "check_date": "2025-06-11"
      }
    },
    {
      "type": "Feature",
      "geometry": {
        "type": "Point",
        "coordinates": [
          6.1072893,
          49.5718356
        ]
      },
      "properties": {
        "id": 27754967,
        "osm_type": "way",
        "name": "Kockelscheuer",
        "tourism": "camp_site",
        "tents": "yes",
        "website": "https://en.ccclv.lu/"
      }
    },
    {
      "type": "Feature",
      "geometry": {
        "type": "Point",
        "coordinates": [
          5.940923,
          49.9064807
        ]
      },
      "properties": {
        "id": 27912889,
        "osm_type": "way",
        "name": "Camping \"im Aal\"",
        "tourism": "camp_site",
        "phone": "+352 839 514",
        "website": "http://www.campingaal.lu/"
      }
    },
    {
      "type": "Feature",
      "geometry": {
        "type": "Point",
        "coordinates": [
          6.1657734,
          49.7839138
        ]
      },
      "properties": {
        "id": 27913118,
        "osm_type": "way",
        "name": "Nommerlayen",
        "tourism": "camp_site",
        "phone": "+35 287 80 78",
        "website": "https://www.nommerlayen-ec.lu/"
      }
    },
    {
      "type": "Feature",
      "geometry": {
        "type": "Point",
        "coordinates": [
          6.1887279,
          49.8734422
        ]
      },
      "properties": {
        "id": 28306412,
        "osm_type": "way",
        "name": "Camping Bleesbruck",
        "tourism": "camp_site",
        "tents": "yes",
        "phone": "+352 80 31 34",
        "website": "https://www.camping-bleesbruck.lu/"
      }
    },
    {
      "type": "Feature",
      "geometry": {
        "type": "Point",
        "coordinates": [
          6.2684396,
          49.8707348
        ]
      },
      "properties": {
        "id": 28318668,
        "osm_type": "way",
        "name": "Camping de la Sûre",
        "tourism": "camp_site",
        "website": "https://campingdelasure.lu/"
      }
    },
    {
      "type": "Feature",
      "geometry": {
        "type": "Point",
        "coordinates": [
          6.1368092,
          49.851991
        ]
      },
      "properties": {
        "id": 28335115,
        "osm_type": "way",
        "name": "Camping Gritt",
        "tourism": "camp_site",
        "phone": "+352 80 2018",
        "website": "http://camping-gritt.lu"
      }
    },
    {
      "type": "Feature",
      "geometry": {
        "type": "Point",
        "coordinates": [
          6.1995412,
          49.7996579
        ]
      },
      "properties": {
        "id": 28336780,
        "osm_type": "way",
        "name": "Auf Kengert",
        "tourism": "camp_site",
        "tents": "yes",
        "phone": "+352 83 71 86",
        "website": "https://www.kengert.lu/"
      }
    },
    {
      "type": "Feature",
      "geometry": {
        "type": "Point",
        "coordinates": [
          5.9316047,
          49.9733831
        ]
      },
      "properties": {
        "id": 28372399,
        "osm_type": "way",
        "name": "Camping KAUL",
        "tourism": "camp_site",
        "website": "http://www.wiltz.lu/fr/base-de-loisirs-et-camping-kaul"
      }
    },
    {
      "type": "Feature",
      "geometry": {
        "type": "Point",
        "coordinates": [
          5.9585416,
          49.9057859
        ]
      },
      "properties": {
        "id": 28576308,
        "osm_type": "way",
        "name": "Camping Bissen",
        "tourism": "camp_site",
        "phone": "+352 8390 04",
        "website": "https://camping-bissen.lu/"
      }
    },
    {
      "type": "Feature",
      "geometry": {
        "type": "Point",
        "coordinates": [
          6.1347907,
          50.0176793
        ]
      },
      "properties": {
        "id": 28753969,
        "osm_type": "way",
        "name": "Euro Parcs Kohnenhof",
        "tourism": "camp_site"
      }
    },
    {
      "type": "Feature",
      "geometry": {
        "type": "Point",
        "coordinates": [
          6.1464356,
          50.0030854
        ]
      },
      "properties": {
        "id": 28888458,
        "osm_type": "way",
        "name": "Vallée de l'Our",
        "tourism": "caravan_site",
        "tents": "yes"
      }
    },
    {
      "type": "Feature",
      "geometry": {
        "type": "Point",
        "coordinates": [
          6.1666133,
          49.978799
        ]
      },
      "properties": {
        "id": 28888678,
        "osm_type": "way",
        "name": "Camping du Barrage",
        "tourism": "camp_site",
        "tents": "yes",
        "website": "https://www.campingdubarrage.lu/"
      }
    },
    {
      "type": "Feature",
      "geometry": {
        "type": "Point",
        "coordinates": [
          6.028448,
          49.9553621
        ]
      },
      "properties": {
        "id": 28908923,
        "osm_type": "way",
        "name": "Camping Kautenbach",
        "tourism": "camp_site",
        "tents": "yes",
        "website": "https://www.campingkautenbach.lu/"
      }
    },
    {
      "type": "Feature",
      "geometry": {
        "type": "Point",
        "coordinates": [
          6.2186101,
          49.6373174
        ]
      },
      "properties": {
        "id": 31542941,
        "osm_type": "way",
        "name": "NH Luxembourg",
        "tourism": "hotel"
      }
    },
    {
      "type": "Feature",
      "geometry": {
        "type": "Point",
        "coordinates": [
          6.154271,
          49.6396184
        ]
      },
      "properties": {
        "id": 32394372,
        "osm_type": "way",
        "name": "Parc Hotel Alvisse",
        "tourism": "hotel",
        "phone": "+352 43 56 43",
        "website": "https://alvisse-parc-hotel-luxembourg.hotel-ds.com/en/"
      }
    },
    {
      "type": "Feature",
      "geometry": {
        "type": "Point",
        "coordinates": [
          5.8681875,
          49.5580985
        ]
      },
      "properties": {
        "id": 32546166,
        "osm_type": "way",
        "name": "Threeland",
        "tourism": "hotel",
        "phone": "+352-2650-800",
        "website": "https://www.hotelthreeland.lu/"
      }
    },
    {
      "type": "Feature",
      "geometry": {
        "type": "Point",
        "coordinates": [
          6.0901521,
          49.7421198
        ]
      },
      "properties": {
        "id": 34912681,
        "osm_type": "way",
        "name": "Camping Krounebierg",
        "tourism": "camp_site",
        "tents": "yes",
        "phone": "+352329756",
        "website": "https://campingkrounebierg.lu/de/"
      }
    },
    {
      "type": "Feature",
      "geometry": {
        "type": "Point",
        "coordinates": [
          6.1417901,
          49.6173271
        ]
      },
      "properties": {
        "id": 37847300,
        "osm_type": "way",
        "name": "Hôtel Meliá Luxembourg",
        "tourism": "hotel",
        "contact:phone": "+352 27 3331",
        "website": "https://www.melia.com/en/hotels/luxembourg/luxembourg/melia-luxembourg/index.html",
        "check_date": "2024-07-21"
      }
    },
    {
      "type": "Feature",
      "geometry": {
        "type": "Point",
        "coordinates": [
          6.2175132,
          49.6405356
        ]
      },
      "properties": {
        "id": 40591180,
        "osm_type": "way",
        "name": "Mandarina Hotel",
        "tourism": "hotel",
        "website": "https://mandarina-airport.com/"
      }
    },
    {
      "type": "Feature",
      "geometry": {
        "type": "Point",
        "coordinates": [
          6.1589909,
          49.5697445
        ]
      },
      "properties": {
        "id": 42343638,
        "osm_type": "way",
        "name": "Camping Bon Accueil Alzingen",
        "tourism": "camp_site",
        "tents": "yes",
        "website": "http://www.camping-alzingen.lu/en"
      }
    },
    {
      "type": "Feature",
      "geometry": {
        "type": "Point",
        "coordinates": [
          6.2795168,
          49.8169974
        ]
      },
      "properties": {
        "id": 44027813,
        "osm_type": "way",
        "name": "Camping Relax",
        "tourism": "camp_site",
        "tents": "yes",
        "phone": "+352 836748",
        "website": "http://camprelax.com"
      }
    },
    {
      "type": "Feature",
      "geometry": {
        "type": "Point",
        "coordinates": [
          6.1477273,
          49.6402166
        ]
      },
      "properties": {
        "id": 45245290,
        "osm_type": "way",
        "name": "DoubleTree by Hilton Hotel Luxembourg",
        "tourism": "hotel",
        "phone": "+352 43 781",
        "website": "https://www.hilton.com/en/hotels/lxmhidi-doubletree-luxembourg/"
      }
    },
    {
      "type": "Feature",
      "geometry": {
        "type": "Point",
        "coordinates": [
          6.1451316,
          49.6210344
        ]
      },
      "properties": {
        "id": 51768388,
        "osm_type": "way",
        "name": "Novotel Luxembourg Kirchberg",
        "tourism": "hotel",
        "opening_hours": "24/7",
        "phone": "+3524298481",
        "website": "https://all.accor.com/hotel/1930/index.en.shtml"
      }
    },
    {
      "type": "Feature",
      "geometry": {
        "type": "Point",
        "coordinates": [
          6.1442732,
          49.6205301
        ]
      },
      "properties": {
        "id": 51768389,
        "osm_type": "way",
        "name": "Sofitel Luxembourg Europe",
        "tourism": "hotel"
      }
    },
    {
      "type": "Feature",
      "geometry": {
        "type": "Point",
        "coordinates": [
          6.0014826,
          49.9143363
        ]
      },
      "properties": {
        "id": 51887095,
        "osm_type": "way",
        "name": "Camping Toodlermillen",
        "tourism": "camp_site",
        "phone": "+352 83 9189",
        "website": "https://www.camping-toodlermillen.lu/"
      }
    },
    {
      "type": "Feature",
      "geometry": {
        "type": "Point",
        "coordinates": [
          6.1379468,
          49.6129972
        ]
      },
      "properties": {
        "id": 52091728,
        "osm_type": "way",
        "name": "Youth Hostel Luxembourg-City",
        "tourism": "hostel",
        "phone": "+352 26 27 66 650",
        "website": "https://youthhostels.lu/luxembourg"
      }
    },
    {
      "type": "Feature",
      "geometry": {
        "type": "Point",
        "coordinates": [
          6.0725762,
          49.9074124
        ]
      },
      "properties": {
        "id": 53574209,
        "osm_type": "way",
        "name": "Camping Panorama",
        "tourism": "camp_site",
        "phone": "+352 621 237960"
      }
    },
    {
      "type": "Feature",
      "geometry": {
        "type": "Point",
        "coordinates": [
          6.1290606,
          49.6116606
        ]
      },
      "properties": {
        "id": 55789710,
        "osm_type": "way",
        "name": "Hôtel Français",
        "tourism": "hotel"
      }
    },
    {
      "type": "Feature",
      "geometry": {
        "type": "Point",
        "coordinates": [
          6.3085272,
          49.7913429
        ]
      },
      "properties": {
        "id": 59359038,
        "osm_type": "way",
        "name": "Le Cigalon",
        "tourism": "hotel",
        "phone": "+352 79 94 95"
      }
    },
    {
      "type": "Feature",
      "geometry": {
        "type": "Point",
        "coordinates": [
          5.9237303,
          49.5725747
        ]
      },
      "properties": {
        "id": 62233854,
        "osm_type": "way",
        "name": "Béierhaascht",
        "tourism": "hotel",
        "website": "https://beierhaascht.lu/"
      }
    },
    {
      "type": "Feature",
      "geometry": {
        "type": "Point",
        "coordinates": [
          6.1797648,
          49.9159942
        ]
      },
      "properties": {
        "id": 66985094,
        "osm_type": "way",
        "name": "Camping - Beter Uit Walsdorf",
        "tourism": "camp_site",
        "website": "https://www.beteruitholidayparks.com/walsdorf"
      }
    },
    {
      "type": "Feature",
      "geometry": {
        "type": "Point",
        "coordinates": [
          6.2216581,
          49.9271734
        ]
      },
      "properties": {
        "id": 67879506,
        "osm_type": "way",
        "name": "Camping du Moulin",
        "tourism": "camp_site"
      }
    },
    {
      "type": "Feature",
      "geometry": {
        "type": "Point",
        "coordinates": [
          6.2223401,
          49.9289617
        ]
      },
      "properties": {
        "id": 70309588,
        "osm_type": "way",
        "name": "Camping de l'Our",
        "tourism": "camp_site",
        "phone": "+352 834505",
        "website": "https://www.camping-our-vianden.lu/"
      }
    },
    {
      "type": "Feature",
      "geometry": {
        "type": "Point",
        "coordinates": [
          6.0449685,
          49.9252636
        ]
      },
      "properties": {
        "id": 72439764,
        "osm_type": "way",
        "name": "Camping du Nord",
        "tourism": "camp_site",
        "tents": "yes",
        "phone": "+352 621 509 166",
        "website": "https://www.campingdunord.lu/"
      }
    },
    {
      "type": "Feature",
      "geometry": {
        "type": "Point",
        "coordinates": [
          6.0823562,
          49.4763764
        ]
      },
      "properties": {
        "id": 84055194,
        "osm_type": "way",
        "name": "Cottage Hotel",
        "tourism": "hotel",
        "website": "https://www.logishotels.com/de/hotel/logis-hotel-cottage-dudelange-5578"
      }
    },
    {
      "type": "Feature",
      "geometry": {
        "type": "Point",
        "coordinates": [
          5.8859724,
          49.5649553
        ]
      },
      "properties": {
        "id": 85563817,
        "osm_type": "way",
        "name": "Gîte Red Rock Trail Linger",
        "tourism": "apartment"
      }
    },
    {
      "type": "Feature",
      "geometry": {
        "type": "Point",
        "coordinates": [
          6.4158774,
          49.8014542
        ]
      },
      "properties": {
        "id": 87606144,
        "osm_type": "way",
        "name": "Auberge de Jeunesse d'Echternach",
        "tourism": "hostel",
        "phone": "+352 26 27 66 400",
        "website": "https://youthhostels.lu/echternach",
        "check_date": "2025-12-28"
      }
    },
    {
      "type": "Feature",
      "geometry": {
        "type": "Point",
        "coordinates": [
          6.4053885,
          49.8040729
        ]
      },
      "properties": {
        "id": 87608656,
        "osm_type": "way",
        "name": "Eden au Lac",
        "tourism": "hotel",
        "phone": "+352 72 82 83",
        "website": "https://edenaulac.lu/"
      }
    },
    {
      "type": "Feature",
      "geometry": {
        "type": "Point",
        "coordinates": [
          6.023375,
          50.0539328
        ]
      },
      "properties": {
        "id": 92392957,
        "osm_type": "way",
        "name": "Camping officiel de Clervaux",
        "tourism": "camp_site",
        "phone": "+352 92 00 42",
        "website": "https://www.camping-clervaux.lu/"
      }
    },
    {
      "type": "Feature",
      "geometry": {
        "type": "Point",
        "coordinates": [
          6.1449765,
          49.6201858
        ]
      },
      "properties": {
        "id": 92711489,
        "osm_type": "way",
        "name": "Novotel Suites Luxembourg",
        "tourism": "hotel",
        "phone": "+352 27040",
        "website": "http://www.novotel.com/gb/hotel-1930-novotel-luxembourg-kirchberg/index.shtml",
        "check_date": "2025-11-22"
      }
    },
    {
      "type": "Feature",
      "geometry": {
        "type": "Point",
        "coordinates": [
          6.0016631,
          50.0567181
        ]
      },
      "properties": {
        "id": 93181116,
        "osm_type": "way",
        "name": "Golf de Clervaux",
        "tourism": "hotel",
        "phone": "+352 92 93 95 70"
      }
    },
    {
      "type": "Feature",
      "geometry": {
        "type": "Point",
        "coordinates": [
          6.1045192,
          50.1230309
        ]
      },
      "properties": {
        "id": 93230292,
        "osm_type": "way",
        "name": "Camping Trois Frontières",
        "tourism": "camp_site",
        "phone": "+352 99 86 08"
      }
    },
    {
      "type": "Feature",
      "geometry": {
        "type": "Point",
        "coordinates": [
          5.9940565,
          49.650599
        ]
      },
      "properties": {
        "id": 96002397,
        "osm_type": "way",
        "name": "Auberge Restaurant l'Empire",
        "tourism": "hotel",
        "check_date": "2024-08-11"
      }
    },
    {
      "type": "Feature",
      "geometry": {
        "type": "Point",
        "coordinates": [
          5.8896752,
          49.9092397
        ]
      },
      "properties": {
        "id": 96914605,
        "osm_type": "way",
        "name": "Auberge de Jeunesse Lultzhausen",
        "tourism": "hostel",
        "phone": "+352 26 27 66 600",
        "website": "https://youthhostels.lu/fr/auberges-de-jeunesse/auberge-de-jeunesse-lultzhausen"
      }
    },
    {
      "type": "Feature",
      "geometry": {
        "type": "Point",
        "coordinates": [
          5.8904774,
          49.9089351
        ]
      },
      "properties": {
        "id": 96914606,
        "osm_type": "way",
        "tourism": "hostel"
      }
    },
    {
      "type": "Feature",
      "geometry": {
        "type": "Point",
        "coordinates": [
          5.9532541,
          49.9655064
        ]
      },
      "properties": {
        "id": 97976877,
        "osm_type": "way",
        "tourism": "camp_site"
      }
    },
    {
      "type": "Feature",
      "geometry": {
        "type": "Point",
        "coordinates": [
          5.9433732,
          49.9675572
        ]
      },
      "properties": {
        "id": 98106703,
        "osm_type": "way",
        "name": "Wiltz International Scout Centre / Camp 19 (Renards - Fox - Fuchs)",
        "tourism": "camp_site",
        "website": "https://scoutswiltz.lu"
      }
    },
    {
      "type": "Feature",
      "geometry": {
        "type": "Point",
        "coordinates": [
          6.4207954,
          49.8125219
        ]
      },
      "properties": {
        "id": 100546283,
        "osm_type": "way",
        "name": "Le Petit Poète",
        "tourism": "hotel",
        "phone": "+352 72 00 72",
        "website": "https://lepetitpoete.lu/fr/accueil"
      }
    },
    {
      "type": "Feature",
      "geometry": {
        "type": "Point",
        "coordinates": [
          6.0271378,
          50.0905949
        ]
      },
      "properties": {
        "id": 100828401,
        "osm_type": "way",
        "name": "Camping Woltzdal",
        "tourism": "camp_site",
        "website": "https://www.campingwoltzdal.com/"
      }
    },
    {
      "type": "Feature",
      "geometry": {
        "type": "Point",
        "coordinates": [
          6.321337,
          49.8503808
        ]
      },
      "properties": {
        "id": 104168034,
        "osm_type": "way",
        "name": "Wies-Neu",
        "tourism": "camp_site",
        "tents": "yes",
        "phone": "+352 83 6110",
        "website": "https://www.camping-wies-neu.lu/"
      }
    },
    {
      "type": "Feature",
      "geometry": {
        "type": "Point",
        "coordinates": [
          6.318928,
          49.853983
        ]
      },
      "properties": {
        "id": 104168537,
        "osm_type": "way",
        "name": "Janneke",
        "tourism": "caravan_site",
        "phone": "+352 621 233 481"
      }
    },
    {
      "type": "Feature",
      "geometry": {
        "type": "Point",
        "coordinates": [
          6.3658451,
          49.4701108
        ]
      },
      "properties": {
        "id": 107087762,
        "osm_type": "way",
        "name": "Château de Schengen",
        "tourism": "hotel",
        "website": "https://www.chateauschengen.lu/"
      }
    },
    {
      "type": "Feature",
      "geometry": {
        "type": "Point",
        "coordinates": [
          6.1323662,
          49.6590378
        ]
      },
      "properties": {
        "id": 117667388,
        "osm_type": "way",
        "name": "Moris",
        "tourism": "hotel",
        "phone": "+352 33 01 05 1",
        "website": "https://www.morishotel.lu/"
      }
    },
    {
      "type": "Feature",
      "geometry": {
        "type": "Point",
        "coordinates": [
          6.2712853,
          49.6409429
        ]
      },
      "properties": {
        "id": 118186430,
        "osm_type": "way",
        "name": "Légère Premium Hotel Luxembourg",
        "tourism": "hotel",
        "check_date": "2025-09-10"
      }
    },
    {
      "type": "Feature",
      "geometry": {
        "type": "Point",
        "coordinates": [
          5.9652187,
          49.9059067
        ]
      },
      "properties": {
        "id": 119724157,
        "osm_type": "way",
        "name": "Camping Le Moulin",
        "tourism": "camp_site",
        "phone": "+352 78 8859",
        "website": "https://www.camping-moulin.eu/"
      }
    },
    {
      "type": "Feature",
      "geometry": {
        "type": "Point",
        "coordinates": [
          6.125494,
          50.0935354
        ]
      },
      "properties": {
        "id": 120789965,
        "osm_type": "way",
        "name": "Campingplatz Tintesmühle",
        "tourism": "camp_site",
        "opening_hours": "Apr-Oct",
        "phone": "+352 99 85 06;+352 94 90 26",
        "website": "https://www.campingtintesmuehle.lu/"
      }
    },
    {
      "type": "Feature",
      "geometry": {
        "type": "Point",
        "coordinates": [
          5.874263,
          49.5981542
        ]
      },
      "properties": {
        "id": 122695081,
        "osm_type": "way",
        "name": "Château de Clemency",
        "tourism": "guest_house",
        "website": "https://chateaudeclemency.lu/"
      }
    },
    {
      "type": "Feature",
      "geometry": {
        "type": "Point",
        "coordinates": [
          6.0778813,
          49.4797426
        ]
      },
      "properties": {
        "id": 123179474,
        "osm_type": "way",
        "name": "Gréng Scouten a Guiden",
        "tourism": "chalet",
        "website": "https://grengscouten.lu/"
      }
    },
    {
      "type": "Feature",
      "geometry": {
        "type": "Point",
        "coordinates": [
          5.8609796,
          49.9580936
        ]
      },
      "properties": {
        "id": 126353701,
        "osm_type": "way",
        "name": "Motel Pommerloch",
        "tourism": "motel"
      }
    },
    {
      "type": "Feature",
      "geometry": {
        "type": "Point",
        "coordinates": [
          5.8608275,
          49.9599817
        ]
      },
      "properties": {
        "id": 126353707,
        "osm_type": "way",
        "name": "Hôtel Pommerloch",
        "tourism": "hotel",
        "website": "https://www.hotelpommerloch.lu/de-DE"
      }
    },
    {
      "type": "Feature",
      "geometry": {
        "type": "Point",
        "coordinates": [
          6.4237263,
          49.7913004
        ]
      },
      "properties": {
        "id": 127226258,
        "osm_type": "way",
        "tourism": "guest_house",
        "phone": "+352 720422",
        "website": "https://www.meyer-ernzen.lu/startseite/"
      }
    },
    {
      "type": "Feature",
      "geometry": {
        "type": "Point",
        "coordinates": [
          6.2448714,
          49.6218841
        ]
      },
      "properties": {
        "id": 128934831,
        "osm_type": "way",
        "name": "Centre de Formation et d'Animation Neihaischen",
        "tourism": "camp_site"
      }
    },
    {
      "type": "Feature",
      "geometry": {
        "type": "Point",
        "coordinates": [
          5.86872,
          49.6938892
        ]
      },
      "properties": {
        "id": 129020746,
        "osm_type": "way",
        "name": "La Gaichel",
        "tourism": "hotel"
      }
    },
    {
      "type": "Feature",
      "geometry": {
        "type": "Point",
        "coordinates": [
          6.2017958,
          49.9313279
        ]
      },
      "properties": {
        "id": 129451946,
        "osm_type": "way",
        "name": "Belvédère",
        "tourism": "hotel"
      }
    },
    {
      "type": "Feature",
      "geometry": {
        "type": "Point",
        "coordinates": [
          5.8002793,
          49.8704492
        ]
      },
      "properties": {
        "id": 130294063,
        "osm_type": "way",
        "name": "Moulin de Bigonville",
        "tourism": "hotel"
      }
    },
    {
      "type": "Feature",
      "geometry": {
        "type": "Point",
        "coordinates": [
          6.00646,
          49.5227756
        ]
      },
      "properties": {
        "id": 131300144,
        "osm_type": "way",
        "name": "Stand Inn",
        "tourism": "hotel",
        "website": "https://www.hotel-standinn.lu/de/"
      }
    },
    {
      "type": "Feature",
      "geometry": {
        "type": "Point",
        "coordinates": [
          6.2091918,
          49.9338209
        ]
      },
      "properties": {
        "id": 131696448,
        "osm_type": "way",
        "name": "Petry",
        "tourism": "hotel",
        "phone": "+352 834122",
        "website": "https://www.hotel-petry.com/en",
        "check_date": "2024-07-21"
      }
    },
    {
      "type": "Feature",
      "geometry": {
        "type": "Point",
        "coordinates": [
          6.5047161,
          49.8078864
        ]
      },
      "properties": {
        "id": 132108379,
        "osm_type": "way",
        "name": "Camping Rosport",
        "tourism": "camp_site",
        "phone": "+352 73 01 60",
        "website": "https://www.camping-rosport.lu/"
      }
    },
    {
      "type": "Feature",
      "geometry": {
        "type": "Point",
        "coordinates": [
          6.5020855,
          49.7144197
        ]
      },
      "properties": {
        "id": 133888560,
        "osm_type": "way",
        "name": "Hôtel Hengen",
        "tourism": "hotel",
        "contact:phone": "+352 74 00 68"
      }
    },
    {
      "type": "Feature",
      "geometry": {
        "type": "Point",
        "coordinates": [
          6.3592427,
          49.819928
        ]
      },
      "properties": {
        "id": 135312744,
        "osm_type": "way",
        "name": "Pérékop",
        "tourism": "hotel",
        "phone": "+352 79 93 29",
        "website": "https://hotel-perekop.com/"
      }
    },
    {
      "type": "Feature",
      "geometry": {
        "type": "Point",
        "coordinates": [
          6.1119603,
          49.5326218
        ]
      },
      "properties": {
        "id": 135634897,
        "osm_type": "way",
        "name": "Ibis",
        "tourism": "hotel"
      }
    },
    {
      "type": "Feature",
      "geometry": {
        "type": "Point",
        "coordinates": [
          6.1115623,
          49.5324734
        ]
      },
      "properties": {
        "id": 135635233,
        "osm_type": "way",
        "name": "Ibis Budget",
        "tourism": "hotel"
      }
    },
    {
      "type": "Feature",
      "geometry": {
        "type": "Point",
        "coordinates": [
          6.4196409,
          49.8118063
        ]
      },
      "properties": {
        "id": 135775342,
        "osm_type": "way",
        "name": "Le Postillon",
        "tourism": "hotel",
        "phone": "+352 72 77 59; +352 72 01 88",
        "website": "www.postillon.lu",
        "check_date": "2026-03-28"
      }
    },
    {
      "type": "Feature",
      "geometry": {
        "type": "Point",
        "coordinates": [
          6.4308666,
          49.8118868
        ]
      },
      "properties": {
        "id": 135863300,
        "osm_type": "way",
        "name": "Campingpark Freibad Echternacherbrück",
        "tourism": "camp_site",
        "phone": "+49 65 2534 0",
        "website": "https://www.echternacherbrueck.de/"
      }
    },
    {
      "type": "Feature",
      "geometry": {
        "type": "Point",
        "coordinates": [
          6.5112269,
          49.7864235
        ]
      },
      "properties": {
        "id": 135863526,
        "osm_type": "way",
        "name": "Campingplatz \"Zum Sauertal\"",
        "tourism": "camp_site"
      }
    },
    {
      "type": "Feature",
      "geometry": {
        "type": "Point",
        "coordinates": [
          6.5048515,
          49.7162294
        ]
      },
      "properties": {
        "id": 135863557,
        "osm_type": "way",
        "name": "Camping Schützwiese",
        "tourism": "camp_site",
        "website": "https://www.visitwasserbillig.lu/"
      }
    },
    {
      "type": "Feature",
      "geometry": {
        "type": "Point",
        "coordinates": [
          6.3468909,
          49.8505578
        ]
      },
      "properties": {
        "id": 135864055,
        "osm_type": "way",
        "tourism": "camp_site"
      }
    },
    {
      "type": "Feature",
      "geometry": {
        "type": "Point",
        "coordinates": [
          6.2862772,
          49.8761258
        ]
      },
      "properties": {
        "id": 136170446,
        "osm_type": "way",
        "name": "Campingplatz Sauer-Our",
        "tourism": "camp_site",
        "website": "https://www.eifelidyll.de/campingplatze/campingplatz-sauer-our/"
      }
    },
    {
      "type": "Feature",
      "geometry": {
        "type": "Point",
        "coordinates": [
          6.349179,
          49.8216856
        ]
      },
      "properties": {
        "id": 137078749,
        "osm_type": "way",
        "name": "Trail-Inn",
        "tourism": "hotel",
        "phone": "+352 26 78 42 45",
        "website": "https://www.trail-inn.lu/de/"
      }
    },
    {
      "type": "Feature",
      "geometry": {
        "type": "Point",
        "coordinates": [
          6.0783558,
          49.4714675
        ]
      },
      "properties": {
        "id": 137642252,
        "osm_type": "way",
        "name": "Dudelange Caravaning",
        "tourism": "caravan_site"
      }
    },
    {
      "type": "Feature",
      "geometry": {
        "type": "Point",
        "coordinates": [
          6.0827257,
          49.9116347
        ]
      },
      "properties": {
        "id": 137741687,
        "osm_type": "way",
        "name": "La Rive",
        "tourism": "hotel",
        "website": "https://cocoonhotels.eu/en/hotel-la-rive-luxembourg/"
      }
    },
    {
      "type": "Feature",
      "geometry": {
        "type": "Point",
        "coordinates": [
          6.3330254,
          49.8404716
        ]
      },
      "properties": {
        "id": 138563466,
        "osm_type": "way",
        "name": "Camping-Altschmiede",
        "tourism": "camp_site",
        "opening_hours": "Apr-Oct",
        "tents": "yes",
        "phone": "+49 6526 375",
        "website": "https://www.camping-altschmiede.de/"
      }
    },
    {
      "type": "Feature",
      "geometry": {
        "type": "Point",
        "coordinates": [
          6.3496609,
          49.8184532
        ]
      },
      "properties": {
        "id": 139754099,
        "osm_type": "way",
        "name": "Belle-Vue 2000",
        "tourism": "camp_site",
        "tents": "yes",
        "phone": "+352 79 06 35",
        "website": "https://campingbellevue.lu/"
      }
    },
    {
      "type": "Feature",
      "geometry": {
        "type": "Point",
        "coordinates": [
          6.3677626,
          49.7916736
        ]
      },
      "properties": {
        "id": 139756529,
        "osm_type": "way",
        "tourism": "chalet"
      }
    },
    {
      "type": "Feature",
      "geometry": {
        "type": "Point",
        "coordinates": [
          6.3682076,
          49.7915725
        ]
      },
      "properties": {
        "id": 139756530,
        "osm_type": "way",
        "tourism": "chalet"
      }
    },
    {
      "type": "Feature",
      "geometry": {
        "type": "Point",
        "coordinates": [
          6.4194342,
          49.8129661
        ]
      },
      "properties": {
        "id": 140152657,
        "osm_type": "way",
        "name": "La Maison",
        "tourism": "hotel",
        "phone": "+352729809",
        "website": "https://lamaison-echternach.lu/"
      }
    },
    {
      "type": "Feature",
      "geometry": {
        "type": "Point",
        "coordinates": [
          6.3948819,
          49.820101
        ]
      },
      "properties": {
        "id": 140774479,
        "osm_type": "way",
        "name": "Bel Air",
        "tourism": "hotel",
        "website": "https://www.hotel-belair.lu/",
        "check_date": "2024-06-10"
      }
    },
    {
      "type": "Feature",
      "geometry": {
        "type": "Point",
        "coordinates": [
          6.1657363,
          49.8667684
        ]
      },
      "properties": {
        "id": 143182874,
        "osm_type": "way",
        "name": "Camping de la Sûre",
        "tourism": "camp_site",
        "tents": "yes",
        "phone": "+352 80 9425",
        "website": "https://camping.diekirch.lu/"
      }
    },
    {
      "type": "Feature",
      "geometry": {
        "type": "Point",
        "coordinates": [
          6.1735345,
          49.8669341
        ]
      },
      "properties": {
        "id": 143479689,
        "osm_type": "way",
        "name": "Camping Op der Sauer",
        "tourism": "camp_site",
        "tents": "yes",
        "phone": "+352 80 8590",
        "website": "https://www.campsauer.lu/"
      }
    },
    {
      "type": "Feature",
      "geometry": {
        "type": "Point",
        "coordinates": [
          6.0742478,
          49.6204794
        ]
      },
      "properties": {
        "id": 144455232,
        "osm_type": "way",
        "name": "L'Olivier",
        "tourism": "hotel"
      }
    },
    {
      "type": "Feature",
      "geometry": {
        "type": "Point",
        "coordinates": [
          6.0796728,
          49.6194065
        ]
      },
      "properties": {
        "id": 144659838,
        "osm_type": "way",
        "name": "SHS Suite Home Sweet",
        "tourism": "apartment"
      }
    },
    {
      "type": "Feature",
      "geometry": {
        "type": "Point",
        "coordinates": [
          6.2202692,
          49.8731965
        ]
      },
      "properties": {
        "id": 144894290,
        "osm_type": "way",
        "name": "Um Wirt",
        "tourism": "camp_site",
        "phone": "+352 80 83 86"
      }
    },
    {
      "type": "Feature",
      "geometry": {
        "type": "Point",
        "coordinates": [
          6.0180069,
          49.4618236
        ]
      },
      "properties": {
        "id": 146028404,
        "osm_type": "way",
        "name": "Gonner Haus",
        "tourism": "hotel",
        "phone": "+352691775514",
        "website": "https://www.simpleviu.com/rumelange"
      }
    },
    {
      "type": "Feature",
      "geometry": {
        "type": "Point",
        "coordinates": [
          6.0779622,
          49.480004
        ]
      },
      "properties": {
        "id": 148691045,
        "osm_type": "way",
        "name": "Gréng Scouten a Guiden",
        "tourism": "chalet",
        "website": "https://grengscouten.lu/"
      }
    },
    {
      "type": "Feature",
      "geometry": {
        "type": "Point",
        "coordinates": [
          6.192986,
          49.5156094
        ]
      },
      "properties": {
        "id": 153341447,
        "osm_type": "way",
        "name": "Site Bisons Futés",
        "tourism": "camp_site"
      }
    },
    {
      "type": "Feature",
      "geometry": {
        "type": "Point",
        "coordinates": [
          6.3303977,
          49.8352299
        ]
      },
      "properties": {
        "id": 153420741,
        "osm_type": "way",
        "name": "Brimer",
        "tourism": "hotel",
        "phone": "+352 26 878 71",
        "website": "https://www.hotel-brimer.lu/de/",
        "check_date": "2025-01-04"
      }
    },
    {
      "type": "Feature",
      "geometry": {
        "type": "Point",
        "coordinates": [
          5.9377667,
          49.9674271
        ]
      },
      "properties": {
        "id": 153626869,
        "osm_type": "way",
        "name": "Pappa Klein",
        "tourism": "chalet"
      }
    },
    {
      "type": "Feature",
      "geometry": {
        "type": "Point",
        "coordinates": [
          6.0236563,
          50.0597023
        ]
      },
      "properties": {
        "id": 159509363,
        "osm_type": "way",
        "name": "Le Claravallis",
        "tourism": "hotel",
        "website": "https://www.claravallis.lu/"
      }
    },
    {
      "type": "Feature",
      "geometry": {
        "type": "Point",
        "coordinates": [
          6.1320585,
          50.0426391
        ]
      },
      "properties": {
        "id": 161841639,
        "osm_type": "way",
        "name": "Camping Vallée de l'Our",
        "tourism": "camp_site"
      }
    },
    {
      "type": "Feature",
      "geometry": {
        "type": "Point",
        "coordinates": [
          6.1673494,
          49.9865474
        ]
      },
      "properties": {
        "id": 161841641,
        "osm_type": "way",
        "name": "Alte Mühle",
        "tourism": "camp_site",
        "website": "http://www.gemuend-our.de/camping/Camping.html"
      }
    },
    {
      "type": "Feature",
      "geometry": {
        "type": "Point",
        "coordinates": [
          6.146918,
          49.6271506
        ]
      },
      "properties": {
        "id": 162294038,
        "osm_type": "way",
        "name": "Hôtel Le Lavandin",
        "tourism": "hotel",
        "phone": "+3524395191",
        "website": "http://www.lelavandin.lu"
      }
    },
    {
      "type": "Feature",
      "geometry": {
        "type": "Point",
        "coordinates": [
          6.1105674,
          49.6073104
        ]
      },
      "properties": {
        "id": 163742482,
        "osm_type": "way",
        "name": "Parc Belair",
        "tourism": "hotel",
        "website": "https://www.goereshotels.com/fr/parc-belair-fr/?gclid=EAIaIQobChMIwKbMguOUgwMVsIZoCR0Msg7_EAAYASAAEgJNlPD_BwE&clickid=EAIaIQobChMIwKbMguOUgwMVsIZoCR0Msg7_EAAYASAAEgJNlPD_BwE",
        "check_date": "2025-05-18"
      }
    },
    {
      "type": "Feature",
      "geometry": {
        "type": "Point",
        "coordinates": [
          6.1641974,
          49.6219493
        ]
      },
      "properties": {
        "id": 164075603,
        "osm_type": "way",
        "name": "Appart-Rent Funckenhaus",
        "tourism": "apartment"
      }
    },
    {
      "type": "Feature",
      "geometry": {
        "type": "Point",
        "coordinates": [
          6.1426961,
          49.614919
        ]
      },
      "properties": {
        "id": 164179144,
        "osm_type": "way",
        "name": "Les Jardins d’Anais",
        "tourism": "hotel",
        "phone": "+352 289 980 00",
        "website": "https://www.jardinsdanais.lu/"
      }
    },
    {
      "type": "Feature",
      "geometry": {
        "type": "Point",
        "coordinates": [
          6.1223754,
          49.6066886
        ]
      },
      "properties": {
        "id": 164194685,
        "osm_type": "way",
        "name": "Hôtel Parc Belle-Vue",
        "tourism": "hotel",
        "check_date": "2026-01-30"
      }
    },
    {
      "type": "Feature",
      "geometry": {
        "type": "Point",
        "coordinates": [
          6.1231649,
          49.601179
        ]
      },
      "properties": {
        "id": 164340671,
        "osm_type": "way",
        "name": "Rooms Lux City",
        "tourism": "hotel",
        "website": "https://sites.google.com/view/rooms-lux-city/"
      }
    },
    {
      "type": "Feature",
      "geometry": {
        "type": "Point",
        "coordinates": [
          6.0507628,
          49.7124112
        ]
      },
      "properties": {
        "id": 165276570,
        "osm_type": "way",
        "name": "Auberge de jeunesse Hollenfels",
        "tourism": "hostel",
        "phone": "+352 26 27 500",
        "website": "https://youthhostels.lu/hollenfels"
      }
    },
    {
      "type": "Feature",
      "geometry": {
        "type": "Point",
        "coordinates": [
          6.1298049,
          49.6101159
        ]
      },
      "properties": {
        "id": 170447954,
        "osm_type": "way",
        "name": "Hôtel Simoncini",
        "tourism": "hotel",
        "check_date": "2025-10-27"
      }
    },
    {
      "type": "Feature",
      "geometry": {
        "type": "Point",
        "coordinates": [
          6.1307132,
          49.6109979
        ]
      },
      "properties": {
        "id": 170976869,
        "osm_type": "way",
        "name": "Hôtel Vauban",
        "tourism": "hotel"
      }
    },
    {
      "type": "Feature",
      "geometry": {
        "type": "Point",
        "coordinates": [
          5.8747412,
          49.9108254
        ]
      },
      "properties": {
        "id": 171363575,
        "osm_type": "way",
        "name": "Camping Liefrange",
        "tourism": "camp_site",
        "tents": "yes",
        "phone": "+352 26 8888 1",
        "website": "https://www.camping-liefrange.lu"
      }
    },
    {
      "type": "Feature",
      "geometry": {
        "type": "Point",
        "coordinates": [
          6.1335126,
          49.611494
        ]
      },
      "properties": {
        "id": 171674246,
        "osm_type": "way",
        "name": "d'Gölle Klack",
        "tourism": "hotel"
      }
    },
    {
      "type": "Feature",
      "geometry": {
        "type": "Point",
        "coordinates": [
          6.1011971,
          49.9914432
        ]
      },
      "properties": {
        "id": 171859812,
        "osm_type": "way",
        "name": "La Sapinière",
        "tourism": "apartment",
        "phone": "+352 92 01 06",
        "website": "https://www.lasapiniere.lu"
      }
    },
    {
      "type": "Feature",
      "geometry": {
        "type": "Point",
        "coordinates": [
          6.1008245,
          49.9916145
        ]
      },
      "properties": {
        "id": 171859818,
        "osm_type": "way",
        "name": "La Sapinière",
        "tourism": "apartment",
        "phone": "+352 92 01 06",
        "website": "https://www.lasapiniere.lu"
      }
    },
    {
      "type": "Feature",
      "geometry": {
        "type": "Point",
        "coordinates": [
          6.1005047,
          49.9919015
        ]
      },
      "properties": {
        "id": 171859829,
        "osm_type": "way",
        "name": "La Sapinière",
        "tourism": "apartment",
        "phone": "+352 92 01 06",
        "website": "https://www.lasapiniere.lu"
      }
    },
    {
      "type": "Feature",
      "geometry": {
        "type": "Point",
        "coordinates": [
          6.1375443,
          49.605316
        ]
      },
      "properties": {
        "id": 172668896,
        "osm_type": "way",
        "name": "Novotel Luxembourg Centre",
        "tourism": "hotel"
      }
    },
    {
      "type": "Feature",
      "geometry": {
        "type": "Point",
        "coordinates": [
          6.1356313,
          49.603458
        ]
      },
      "properties": {
        "id": 174903317,
        "osm_type": "way",
        "name": "Marco Polo",
        "tourism": "hotel",
        "check_date": "2024-10-04"
      }
    },
    {
      "type": "Feature",
      "geometry": {
        "type": "Point",
        "coordinates": [
          6.0007203,
          50.1182414
        ]
      },
      "properties": {
        "id": 185069323,
        "osm_type": "way",
        "name": "Camping Troisvierges",
        "tourism": "camp_site",
        "tents": "yes",
        "phone": "+352 - 99 71 41",
        "website": "https://www.camping-troisvierges.lu"
      }
    },
    {
      "type": "Feature",
      "geometry": {
        "type": "Point",
        "coordinates": [
          6.4751384,
          49.8215251
        ]
      },
      "properties": {
        "id": 189029768,
        "osm_type": "way",
        "name": "Minden Beach Camping",
        "tourism": "caravan_site"
      }
    },
    {
      "type": "Feature",
      "geometry": {
        "type": "Point",
        "coordinates": [
          6.0123651,
          49.4786804
        ]
      },
      "properties": {
        "id": 191254295,
        "osm_type": "way",
        "name": "Scout",
        "tourism": "camp_site"
      }
    },
    {
      "type": "Feature",
      "geometry": {
        "type": "Point",
        "coordinates": [
          6.3789621,
          49.5518208
        ]
      },
      "properties": {
        "id": 192419730,
        "osm_type": "way",
        "name": "Casa49",
        "tourism": "hotel",
        "contact:phone": "+352 26 66 05 34",
        "contact:website": "https://www.casa49.lu/"
      }
    },
    {
      "type": "Feature",
      "geometry": {
        "type": "Point",
        "coordinates": [
          6.3787499,
          49.5515669
        ]
      },
      "properties": {
        "id": 192419852,
        "osm_type": "way",
        "name": "Hostellerie des Pêcheurs",
        "tourism": "hotel",
        "contact:phone": "+352 23698067",
        "contact:website": "http://www.hostelleriedespecheurs.lu/"
      }
    },
    {
      "type": "Feature",
      "geometry": {
        "type": "Point",
        "coordinates": [
          6.084644,
          49.6189715
        ]
      },
      "properties": {
        "id": 193443924,
        "osm_type": "way",
        "name": "Dany Hotel",
        "tourism": "hotel"
      }
    },
    {
      "type": "Feature",
      "geometry": {
        "type": "Point",
        "coordinates": [
          6.309869,
          49.593699
        ]
      },
      "properties": {
        "id": 195805825,
        "osm_type": "way",
        "name": "Mercure Luxembourg Kikuoka Golf & Spa",
        "tourism": "hotel"
      }
    },
    {
      "type": "Feature",
      "geometry": {
        "type": "Point",
        "coordinates": [
          6.295107,
          49.8382417
        ]
      },
      "properties": {
        "id": 197195588,
        "osm_type": "way",
        "name": "Youth Hostel Beaufort",
        "tourism": "hostel",
        "phone": "+352 26 27 66 300",
        "website": "https://youthhostels.lu/de/jugendherbergen/jugendherberge-beaufort"
      }
    },
    {
      "type": "Feature",
      "geometry": {
        "type": "Point",
        "coordinates": [
          6.0630534,
          49.6217669
        ]
      },
      "properties": {
        "id": 198015762,
        "osm_type": "way",
        "name": "Mandarina Hotel",
        "tourism": "hotel",
        "phone": "+352 31 98 10",
        "website": "www.mandarina-hotel.com/"
      }
    },
    {
      "type": "Feature",
      "geometry": {
        "type": "Point",
        "coordinates": [
          6.1377254,
          49.6057265
        ]
      },
      "properties": {
        "id": 201399428,
        "osm_type": "way",
        "name": "Sofitel Luxembourg Le Grand Ducal",
        "tourism": "hotel"
      }
    },
    {
      "type": "Feature",
      "geometry": {
        "type": "Point",
        "coordinates": [
          6.1328874,
          49.6007271
        ]
      },
      "properties": {
        "id": 201399433,
        "osm_type": "way",
        "name": "Luxembourg Marriott Hôtel Alfa",
        "tourism": "hotel",
        "phone": "+352 279-40000",
        "website": "https://www.marriott.com/fr/hotels/luxmc-luxembourg-marriott-hotel-alfa/overview/"
      }
    },
    {
      "type": "Feature",
      "geometry": {
        "type": "Point",
        "coordinates": [
          6.0990575,
          49.9912667
        ]
      },
      "properties": {
        "id": 202946629,
        "osm_type": "way",
        "name": "La Sapinière",
        "tourism": "apartment",
        "phone": "+352 92 01 06",
        "website": "https://www.lasapiniere.lu/"
      }
    },
    {
      "type": "Feature",
      "geometry": {
        "type": "Point",
        "coordinates": [
          6.0984544,
          49.9908166
        ]
      },
      "properties": {
        "id": 202946631,
        "osm_type": "way",
        "name": "La Sapinière",
        "tourism": "apartment",
        "phone": "+352 92 01 06",
        "website": "https://www.lasapiniere.lu"
      }
    },
    {
      "type": "Feature",
      "geometry": {
        "type": "Point",
        "coordinates": [
          6.0998416,
          49.9908032
        ]
      },
      "properties": {
        "id": 202946638,
        "osm_type": "way",
        "name": "La Sapinière",
        "tourism": "apartment",
        "phone": "+352 92 01 06",
        "website": "https://www.lasapiniere.lu"
      }
    },
    {
      "type": "Feature",
      "geometry": {
        "type": "Point",
        "coordinates": [
          6.0987737,
          49.9910385
        ]
      },
      "properties": {
        "id": 202946641,
        "osm_type": "way",
        "name": "La Sapinière",
        "tourism": "apartment",
        "phone": "+352 92 01 06",
        "website": "https://www.lasapiniere.lu"
      }
    },
    {
      "type": "Feature",
      "geometry": {
        "type": "Point",
        "coordinates": [
          6.0994879,
          49.9914479
        ]
      },
      "properties": {
        "id": 202946642,
        "osm_type": "way",
        "name": "La Sapinière",
        "tourism": "apartment",
        "phone": "+352 92 01 06",
        "website": "https://www.lasapiniere.lu"
      }
    },
    {
      "type": "Feature",
      "geometry": {
        "type": "Point",
        "coordinates": [
          6.0991486,
          49.990901
        ]
      },
      "properties": {
        "id": 202946643,
        "osm_type": "way",
        "name": "La Sapinière",
        "tourism": "apartment",
        "phone": "+352 92 01 06",
        "website": "https://www.lasapiniere.lu"
      }
    },
    {
      "type": "Feature",
      "geometry": {
        "type": "Point",
        "coordinates": [
          6.0994382,
          49.9906164
        ]
      },
      "properties": {
        "id": 202946726,
        "osm_type": "way",
        "name": "La Sapinière",
        "tourism": "apartment",
        "phone": "+352 92 01 06",
        "website": "https://www.lasapiniere.lu"
      }
    },
    {
      "type": "Feature",
      "geometry": {
        "type": "Point",
        "coordinates": [
          6.0303523,
          50.0531899
        ]
      },
      "properties": {
        "id": 204310358,
        "osm_type": "way",
        "name": "Hôtel International",
        "tourism": "hotel",
        "phone": "+352 92 93 91",
        "website": "https://www.interclervaux.lu/"
      }
    },
    {
      "type": "Feature",
      "geometry": {
        "type": "Point",
        "coordinates": [
          6.0293088,
          50.0539742
        ]
      },
      "properties": {
        "id": 204310359,
        "osm_type": "way",
        "name": "Hôtel du Commerce",
        "tourism": "hotel",
        "phone": "+352 92 10 32",
        "website": "https://www.hotelducommerce.lu/"
      }
    },
    {
      "type": "Feature",
      "geometry": {
        "type": "Point",
        "coordinates": [
          6.0305963,
          50.0535311
        ]
      },
      "properties": {
        "id": 204310498,
        "osm_type": "way",
        "name": "Le Clervaux",
        "tourism": "hotel",
        "website": "https://www.le-clervaux.com/contact_hotel_leclervaux_luxembourg.aspx"
      }
    },
    {
      "type": "Feature",
      "geometry": {
        "type": "Point",
        "coordinates": [
          6.1161744,
          49.6192463
        ]
      },
      "properties": {
        "id": 208442665,
        "osm_type": "way",
        "name": "Key-Inn Serviced Residences Limpertsberg",
        "tourism": "hotel",
        "phone": "+352 27 61 61 1",
        "website": "https://www.key-inn.com"
      }
    },
    {
      "type": "Feature",
      "geometry": {
        "type": "Point",
        "coordinates": [
          6.1873938,
          49.8745529
        ]
      },
      "properties": {
        "id": 209143322,
        "osm_type": "way",
        "name": "Camping Bleesbruck",
        "tourism": "camp_site",
        "website": "https://www.camping-bleesbruck.lu/"
      }
    },
    {
      "type": "Feature",
      "geometry": {
        "type": "Point",
        "coordinates": [
          6.2853691,
          49.5052002
        ]
      },
      "properties": {
        "id": 209196929,
        "osm_type": "way",
        "name": "Hotel am Klouschter",
        "tourism": "hotel",
        "phone": "+352 26 67 39"
      }
    },
    {
      "type": "Feature",
      "geometry": {
        "type": "Point",
        "coordinates": [
          6.1246123,
          49.6186143
        ]
      },
      "properties": {
        "id": 209400969,
        "osm_type": "way",
        "name": "Grand Hotel Victor Hugo",
        "tourism": "hotel",
        "phone": "+352 2627440",
        "website": "http://www.grandhotelvictorhugo.lu"
      }
    },
    {
      "type": "Feature",
      "geometry": {
        "type": "Point",
        "coordinates": [
          6.1217875,
          49.6065932
        ]
      },
      "properties": {
        "id": 210504628,
        "osm_type": "way",
        "name": "Hôtel Parc Plaza",
        "tourism": "hotel",
        "check_date": "2024-08-09"
      }
    },
    {
      "type": "Feature",
      "geometry": {
        "type": "Point",
        "coordinates": [
          5.8000065,
          49.9457247
        ]
      },
      "properties": {
        "id": 214450640,
        "osm_type": "way",
        "name": "Um Bierg",
        "tourism": "caravan_site"
      }
    },
    {
      "type": "Feature",
      "geometry": {
        "type": "Point",
        "coordinates": [
          6.0125521,
          49.5201481
        ]
      },
      "properties": {
        "id": 216445824,
        "osm_type": "way",
        "name": "Dao",
        "tourism": "hotel",
        "check_date": "2024-10-29"
      }
    },
    {
      "type": "Feature",
      "geometry": {
        "type": "Point",
        "coordinates": [
          6.4758278,
          49.701655
        ]
      },
      "properties": {
        "id": 216930230,
        "osm_type": "way",
        "name": "Camping du Parc",
        "tourism": "camp_site"
      }
    },
    {
      "type": "Feature",
      "geometry": {
        "type": "Point",
        "coordinates": [
          5.8703665,
          49.5490035
        ]
      },
      "properties": {
        "id": 219710169,
        "osm_type": "way",
        "name": "Groupe Hl. Franz vun Assisi",
        "tourism": "chalet",
        "phone": "+352 621 294 348",
        "website": "https://lgspeiteng.lu/"
      }
    },
    {
      "type": "Feature",
      "geometry": {
        "type": "Point",
        "coordinates": [
          5.939367,
          49.9690398
        ]
      },
      "properties": {
        "id": 224789933,
        "osm_type": "way",
        "name": "Wiltz International Scout Centre / Camp Castors",
        "tourism": "camp_site"
      }
    },
    {
      "type": "Feature",
      "geometry": {
        "type": "Point",
        "coordinates": [
          6.4491483,
          49.6823806
        ]
      },
      "properties": {
        "id": 224846615,
        "osm_type": "way",
        "name": "Camping de la Route du Vin",
        "tourism": "camp_site",
        "website": "http://grevenmacher-tourist.lu/unterkuenfte/camping/"
      }
    },
    {
      "type": "Feature",
      "geometry": {
        "type": "Point",
        "coordinates": [
          6.2178356,
          49.789306
        ]
      },
      "properties": {
        "id": 229133968,
        "osm_type": "way",
        "name": "Youth hostel Larochette",
        "tourism": "hostel",
        "phone": "+352 26 27 66 550",
        "website": "https://youthhostels.lu/en/youth-hostels/youth-hostel-larochette"
      }
    },
    {
      "type": "Feature",
      "geometry": {
        "type": "Point",
        "coordinates": [
          5.9853809,
          49.4850348
        ]
      },
      "properties": {
        "id": 233235980,
        "osm_type": "way",
        "name": "Camping Gaalgebierg",
        "tourism": "camp_site",
        "tents": "yes"
      }
    },
    {
      "type": "Feature",
      "geometry": {
        "type": "Point",
        "coordinates": [
          5.9851152,
          49.4868797
        ]
      },
      "properties": {
        "id": 233240261,
        "osm_type": "way",
        "name": "The Seven Hotel",
        "tourism": "hotel",
        "website": "http://www.thesevenhotel.lu/"
      }
    },
    {
      "type": "Feature",
      "geometry": {
        "type": "Point",
        "coordinates": [
          5.9039946,
          49.5637853
        ]
      },
      "properties": {
        "id": 233489584,
        "osm_type": "way",
        "name": "Carpini",
        "tourism": "hotel",
        "phone": "+352505999"
      }
    },
    {
      "type": "Feature",
      "geometry": {
        "type": "Point",
        "coordinates": [
          6.3529941,
          49.4914535
        ]
      },
      "properties": {
        "id": 233792951,
        "osm_type": "way",
        "name": "Auberge de Jeunesse Schengen/Remerschen",
        "tourism": "hostel",
        "phone": "+352 26 27 66 700",
        "website": "https://youthhostels.lu/remerschen"
      }
    },
    {
      "type": "Feature",
      "geometry": {
        "type": "Point",
        "coordinates": [
          6.2906781,
          49.8431723
        ]
      },
      "properties": {
        "id": 243976907,
        "osm_type": "way",
        "name": "Camping um Bierg",
        "tourism": "camp_site",
        "phone": "+352 83 60 70"
      }
    },
    {
      "type": "Feature",
      "geometry": {
        "type": "Point",
        "coordinates": [
          6.2867387,
          49.8393108
        ]
      },
      "properties": {
        "id": 244390816,
        "osm_type": "way",
        "name": "Camping Park Beaufort",
        "tourism": "camp_site",
        "tents": "yes",
        "website": "https://campingpark-beaufort.lu/"
      }
    },
    {
      "type": "Feature",
      "geometry": {
        "type": "Point",
        "coordinates": [
          6.2872949,
          49.8427352
        ]
      },
      "properties": {
        "id": 244590218,
        "osm_type": "way",
        "name": "Camping Beau Site",
        "tourism": "camp_site",
        "phone": "+352 836823"
      }
    },
    {
      "type": "Feature",
      "geometry": {
        "type": "Point",
        "coordinates": [
          6.2903809,
          49.8370746
        ]
      },
      "properties": {
        "id": 245572683,
        "osm_type": "way",
        "name": "Hostellerie de Beaufort",
        "tourism": "hostel",
        "phone": "+352 83 60 46",
        "website": "hostelleriebeaufort.lu"
      }
    },
    {
      "type": "Feature",
      "geometry": {
        "type": "Point",
        "coordinates": [
          6.2812874,
          49.8437856
        ]
      },
      "properties": {
        "id": 245580577,
        "osm_type": "way",
        "tourism": "chalet"
      }
    },
    {
      "type": "Feature",
      "geometry": {
        "type": "Point",
        "coordinates": [
          6.2815977,
          49.8439315
        ]
      },
      "properties": {
        "id": 245580580,
        "osm_type": "way",
        "tourism": "chalet"
      }
    },
    {
      "type": "Feature",
      "geometry": {
        "type": "Point",
        "coordinates": [
          6.2818917,
          49.8441132
        ]
      },
      "properties": {
        "id": 245580593,
        "osm_type": "way",
        "tourism": "chalet"
      }
    },
    {
      "type": "Feature",
      "geometry": {
        "type": "Point",
        "coordinates": [
          6.2825557,
          49.8441948
        ]
      },
      "properties": {
        "id": 245580612,
        "osm_type": "way",
        "tourism": "chalet"
      }
    },
    {
      "type": "Feature",
      "geometry": {
        "type": "Point",
        "coordinates": [
          6.2829027,
          49.844178
        ]
      },
      "properties": {
        "id": 245580613,
        "osm_type": "way",
        "tourism": "chalet"
      }
    },
    {
      "type": "Feature",
      "geometry": {
        "type": "Point",
        "coordinates": [
          6.2832417,
          49.8441667
        ]
      },
      "properties": {
        "id": 245580624,
        "osm_type": "way",
        "tourism": "chalet"
      }
    },
    {
      "type": "Feature",
      "geometry": {
        "type": "Point",
        "coordinates": [
          6.2835889,
          49.8441559
        ]
      },
      "properties": {
        "id": 245580625,
        "osm_type": "way",
        "tourism": "chalet"
      }
    },
    {
      "type": "Feature",
      "geometry": {
        "type": "Point",
        "coordinates": [
          6.2839349,
          49.844143
        ]
      },
      "properties": {
        "id": 245580628,
        "osm_type": "way",
        "tourism": "chalet"
      }
    },
    {
      "type": "Feature",
      "geometry": {
        "type": "Point",
        "coordinates": [
          6.2831596,
          49.8431629
        ]
      },
      "properties": {
        "id": 245580633,
        "osm_type": "way",
        "tourism": "chalet"
      }
    },
    {
      "type": "Feature",
      "geometry": {
        "type": "Point",
        "coordinates": [
          6.2829979,
          49.8431686
        ]
      },
      "properties": {
        "id": 245580639,
        "osm_type": "way",
        "tourism": "chalet"
      }
    },
    {
      "type": "Feature",
      "geometry": {
        "type": "Point",
        "coordinates": [
          6.2827113,
          49.8432155
        ]
      },
      "properties": {
        "id": 245580702,
        "osm_type": "way",
        "tourism": "chalet"
      }
    },
    {
      "type": "Feature",
      "geometry": {
        "type": "Point",
        "coordinates": [
          6.2824377,
          49.8432727
        ]
      },
      "properties": {
        "id": 245580704,
        "osm_type": "way",
        "tourism": "chalet"
      }
    },
    {
      "type": "Feature",
      "geometry": {
        "type": "Point",
        "coordinates": [
          6.282167,
          49.843328
        ]
      },
      "properties": {
        "id": 245580710,
        "osm_type": "way",
        "tourism": "chalet"
      }
    },
    {
      "type": "Feature",
      "geometry": {
        "type": "Point",
        "coordinates": [
          6.2901437,
          49.8339969
        ]
      },
      "properties": {
        "id": 246033152,
        "osm_type": "way",
        "name": "Binsfeld",
        "tourism": "hotel",
        "phone": "+352 836013"
      }
    },
    {
      "type": "Feature",
      "geometry": {
        "type": "Point",
        "coordinates": [
          6.4240061,
          49.6284797
        ]
      },
      "properties": {
        "id": 246698402,
        "osm_type": "way",
        "name": "Restaurant Mathes",
        "tourism": "hotel",
        "opening_hours": "We-Su 12:00-14:00,19:00-21:30",
        "phone": "+352 760106",
        "website": "http://www.restaurant-mathes.lu/"
      }
    },
    {
      "type": "Feature",
      "geometry": {
        "type": "Point",
        "coordinates": [
          6.2877494,
          49.8349111
        ]
      },
      "properties": {
        "id": 252773798,
        "osm_type": "way",
        "name": "Auberge Rustique",
        "tourism": "hostel",
        "phone": "+352 836086",
        "website": "https://www.aubergerustique.lu/"
      }
    },
    {
      "type": "Feature",
      "geometry": {
        "type": "Point",
        "coordinates": [
          6.0055281,
          49.5343959
        ]
      },
      "properties": {
        "id": 255705827,
        "osm_type": "way",
        "name": "Monnerecher Scouten",
        "tourism": "camp_site"
      }
    },
    {
      "type": "Feature",
      "geometry": {
        "type": "Point",
        "coordinates": [
          6.4503604,
          49.6838254
        ]
      },
      "properties": {
        "id": 257523382,
        "osm_type": "way",
        "tourism": "camp_site"
      }
    },
    {
      "type": "Feature",
      "geometry": {
        "type": "Point",
        "coordinates": [
          6.2901023,
          49.8739434
        ]
      },
      "properties": {
        "id": 259515237,
        "osm_type": "way",
        "tourism": "hotel"
      }
    },
    {
      "type": "Feature",
      "geometry": {
        "type": "Point",
        "coordinates": [
          6.2911278,
          49.8733297
        ]
      },
      "properties": {
        "id": 259516307,
        "osm_type": "way",
        "name": "Camping du Rivage",
        "tourism": "camp_site",
        "phone": "+352 836516",
        "website": "https://www.durivage.lu/home"
      }
    },
    {
      "type": "Feature",
      "geometry": {
        "type": "Point",
        "coordinates": [
          6.1145606,
          49.7593838
        ]
      },
      "properties": {
        "id": 264929331,
        "osm_type": "way",
        "name": "Hôtel Martha",
        "tourism": "hotel",
        "phone": "+352 26320420",
        "website": "https://www.gudd.lu/hotel/"
      }
    },
    {
      "type": "Feature",
      "geometry": {
        "type": "Point",
        "coordinates": [
          6.3496436,
          49.8214063
        ]
      },
      "properties": {
        "id": 265396852,
        "osm_type": "way",
        "name": "Kinnen",
        "tourism": "hotel",
        "phone": "+352 79 01 83",
        "website": "https://hotelkinnen.com/de/zu-hause/"
      }
    },
    {
      "type": "Feature",
      "geometry": {
        "type": "Point",
        "coordinates": [
          6.225873,
          49.6496257
        ]
      },
      "properties": {
        "id": 269770087,
        "osm_type": "way",
        "name": "Charlie's Gare",
        "tourism": "hotel",
        "opening_hours": "We-Th 11:30-14:30,18:00-22:30; Fr-Sa 11:30-14:30,18:00-23:00; Su-Mo 11:30-14:30,18:00-22:30; Tu off",
        "phone": "+352 34 14 68",
        "website": "http://www.charlys.lu"
      }
    },
    {
      "type": "Feature",
      "geometry": {
        "type": "Point",
        "coordinates": [
          6.033264,
          49.9172016
        ]
      },
      "properties": {
        "id": 272530560,
        "osm_type": "way",
        "name": "Gîte Eechbaach",
        "tourism": "chalet",
        "phone": "+352 691 41 21 91",
        "website": "https://www.gitesardennes.com/html/EECHBAACH_1.html"
      }
    },
    {
      "type": "Feature",
      "geometry": {
        "type": "Point",
        "coordinates": [
          6.1613921,
          49.5652641
        ]
      },
      "properties": {
        "id": 275729096,
        "osm_type": "way",
        "name": "Alzin",
        "tourism": "hotel"
      }
    },
    {
      "type": "Feature",
      "geometry": {
        "type": "Point",
        "coordinates": [
          5.8363743,
          49.5210489
        ]
      },
      "properties": {
        "id": 279438634,
        "osm_type": "way",
        "name": "Le Presbytère",
        "tourism": "hotel",
        "opening_hours": "Mo-Su 11:30-15:30,18:45-24:00",
        "phone": "+352 26 58 62",
        "website": "https://presbytere.lu/"
      }
    },
    {
      "type": "Feature",
      "geometry": {
        "type": "Point",
        "coordinates": [
          6.0800102,
          50.1395703
        ]
      },
      "properties": {
        "id": 279798809,
        "osm_type": "way",
        "name": "Hôtel-restaurant Belvedere Vianden SARL",
        "tourism": "hotel"
      }
    },
    {
      "type": "Feature",
      "geometry": {
        "type": "Point",
        "coordinates": [
          6.0342097,
          50.0533273
        ]
      },
      "properties": {
        "id": 284216622,
        "osm_type": "way",
        "name": "Saint-Hubert",
        "tourism": "hotel",
        "phone": "+352920432",
        "website": "http://www.hotel-sthubert.lu"
      }
    },
    {
      "type": "Feature",
      "geometry": {
        "type": "Point",
        "coordinates": [
          6.4191499,
          49.8133456
        ]
      },
      "properties": {
        "id": 292308476,
        "osm_type": "way",
        "name": "Bon Accueil",
        "tourism": "hotel",
        "phone": "+352 72 00 52"
      }
    },
    {
      "type": "Feature",
      "geometry": {
        "type": "Point",
        "coordinates": [
          6.1446298,
          49.8685853
        ]
      },
      "properties": {
        "id": 305557789,
        "osm_type": "way",
        "name": "Home Prince Jean",
        "tourism": "hostel"
      }
    },
    {
      "type": "Feature",
      "geometry": {
        "type": "Point",
        "coordinates": [
          6.1148523,
          49.7502994
        ]
      },
      "properties": {
        "id": 316690432,
        "osm_type": "way",
        "name": "Hostellerie Val Fleuri",
        "tourism": "hostel",
        "website": "https://www.hostellerie.eu/"
      }
    },
    {
      "type": "Feature",
      "geometry": {
        "type": "Point",
        "coordinates": [
          6.0711976,
          49.7233207
        ]
      },
      "properties": {
        "id": 317783848,
        "osm_type": "way",
        "name": "Chalet Rasmussen / Scout Kuelbecherhaff",
        "tourism": "hostel",
        "contact:website": "https://lgspeiteng.lu/kbh"
      }
    },
    {
      "type": "Feature",
      "geometry": {
        "type": "Point",
        "coordinates": [
          6.0000043,
          49.9876522
        ]
      },
      "properties": {
        "id": 328148146,
        "osm_type": "way",
        "name": "Camping Saint-Willibrord",
        "tourism": "camp_site",
        "tents": "yes",
        "phone": "+352 92 03 23"
      }
    },
    {
      "type": "Feature",
      "geometry": {
        "type": "Point",
        "coordinates": [
          5.96237,
          49.7237695
        ]
      },
      "properties": {
        "id": 349503008,
        "osm_type": "way",
        "name": "Gîte",
        "tourism": "apartment"
      }
    },
    {
      "type": "Feature",
      "geometry": {
        "type": "Point",
        "coordinates": [
          5.994654,
          49.8782574
        ]
      },
      "properties": {
        "id": 353224223,
        "osm_type": "way",
        "name": "Camperhafen Fuussekaul",
        "tourism": "caravan_site",
        "tents": "no",
        "check_date": "2026-02-14"
      }
    },
    {
      "type": "Feature",
      "geometry": {
        "type": "Point",
        "coordinates": [
          5.9322945,
          49.9704299
        ]
      },
      "properties": {
        "id": 353817551,
        "osm_type": "way",
        "name": "Hôtel-Restaurant Aux Tanneries de Wiltz",
        "tourism": "hotel"
      }
    },
    {
      "type": "Feature",
      "geometry": {
        "type": "Point",
        "coordinates": [
          6.3427125,
          49.8260078
        ]
      },
      "properties": {
        "id": 362559214,
        "osm_type": "way",
        "name": "Martbusch",
        "tourism": "camp_site",
        "tents": "yes",
        "phone": "+352 790545",
        "website": "https://camping-martbusch.lu/"
      }
    },
    {
      "type": "Feature",
      "geometry": {
        "type": "Point",
        "coordinates": [
          6.3301355,
          49.8319006
        ]
      },
      "properties": {
        "id": 363709707,
        "osm_type": "way",
        "name": "Letzcamp",
        "tourism": "camp_site",
        "phone": "+352 28 55 55 002",
        "website": "https://letzcamp.lu/"
      }
    },
    {
      "type": "Feature",
      "geometry": {
        "type": "Point",
        "coordinates": [
          6.3074747,
          49.7910105
        ]
      },
      "properties": {
        "id": 365612023,
        "osm_type": "way",
        "tourism": "caravan_site"
      }
    },
    {
      "type": "Feature",
      "geometry": {
        "type": "Point",
        "coordinates": [
          6.0604688,
          49.4931705
        ]
      },
      "properties": {
        "id": 366691807,
        "osm_type": "way",
        "name": "Lëtzebuerger Guiden a Scouten, Saint-Jean Diddeleng",
        "tourism": "camp_site"
      }
    },
    {
      "type": "Feature",
      "geometry": {
        "type": "Point",
        "coordinates": [
          6.2897005,
          49.8740582
        ]
      },
      "properties": {
        "id": 373815269,
        "osm_type": "way",
        "name": "Dimmer \"Al Gare\"",
        "tourism": "hotel"
      }
    },
    {
      "type": "Feature",
      "geometry": {
        "type": "Point",
        "coordinates": [
          5.9242964,
          49.5023487
        ]
      },
      "properties": {
        "id": 383817199,
        "osm_type": "way",
        "name": "Kabaischen Bieles-Réideng",
        "tourism": "chalet",
        "website": "https://www.simpleviu.com/belvaux"
      }
    },
    {
      "type": "Feature",
      "geometry": {
        "type": "Point",
        "coordinates": [
          6.0824041,
          50.0560212
        ]
      },
      "properties": {
        "id": 390383680,
        "osm_type": "way",
        "name": "Manoir Kasselslay",
        "tourism": "hotel",
        "phone": "+352 958471",
        "website": "https://www.manoirkasselslay.com/"
      }
    },
    {
      "type": "Feature",
      "geometry": {
        "type": "Point",
        "coordinates": [
          5.8481639,
          49.9236227
        ]
      },
      "properties": {
        "id": 390469031,
        "osm_type": "way",
        "name": "A Schmetten",
        "tourism": "guest_house",
        "phone": "+352 993330",
        "website": "http://aschmetten.lu/"
      }
    },
    {
      "type": "Feature",
      "geometry": {
        "type": "Point",
        "coordinates": [
          6.3307701,
          49.7798657
        ]
      },
      "properties": {
        "id": 397375584,
        "osm_type": "way",
        "name": "La Pinede",
        "tourism": "camp_site",
        "phone": "+352 79 02 71",
        "website": "https://www.visitconsdorf.lu/fr/loger-manger/campings"
      }
    },
    {
      "type": "Feature",
      "geometry": {
        "type": "Point",
        "coordinates": [
          6.230241,
          49.767481
        ]
      },
      "properties": {
        "id": 398031471,
        "osm_type": "way",
        "name": "Hostellerie de la Vallée",
        "tourism": "hotel",
        "phone": "+352 87 93 93"
      }
    },
    {
      "type": "Feature",
      "geometry": {
        "type": "Point",
        "coordinates": [
          6.3488543,
          49.8112646
        ]
      },
      "properties": {
        "id": 417505922,
        "osm_type": "way",
        "name": "Le Bisdorff",
        "tourism": "hotel",
        "phone": "+352 79 02 08"
      }
    },
    {
      "type": "Feature",
      "geometry": {
        "type": "Point",
        "coordinates": [
          6.1106854,
          49.6059937
        ]
      },
      "properties": {
        "id": 420697824,
        "osm_type": "way",
        "name": "Key-Inn Serviced Residences Parc Merl",
        "tourism": "hotel",
        "phone": "+352 27 61 61 1",
        "website": "https://www.key-inn.com"
      }
    },
    {
      "type": "Feature",
      "geometry": {
        "type": "Point",
        "coordinates": [
          5.8310737,
          49.7564935
        ]
      },
      "properties": {
        "id": 422014069,
        "osm_type": "way",
        "name": "Chalet Rëschweier - Girl Guides Colpach-bas",
        "tourism": "chalet"
      }
    },
    {
      "type": "Feature",
      "geometry": {
        "type": "Point",
        "coordinates": [
          6.2006044,
          49.9351192
        ]
      },
      "properties": {
        "id": 425312914,
        "osm_type": "way",
        "name": "Auberge de Jeunesse Vianden",
        "tourism": "hostel",
        "phone": "+352 26 27 66 800",
        "website": "https://youthhostels.lu/vianden",
        "check_date": "2024-07-21"
      }
    },
    {
      "type": "Feature",
      "geometry": {
        "type": "Point",
        "coordinates": [
          6.1128574,
          49.8654659
        ]
      },
      "properties": {
        "id": 430685976,
        "osm_type": "way",
        "name": "Hôtel Restaurant Dahm",
        "tourism": "hotel",
        "phone": "+352 81 62 55 1",
        "website": "https://www.hotel-dahm.lu/"
      }
    },
    {
      "type": "Feature",
      "geometry": {
        "type": "Point",
        "coordinates": [
          5.9737929,
          49.7004535
        ]
      },
      "properties": {
        "id": 435968868,
        "osm_type": "way",
        "name": "Camping an der Hô",
        "tourism": "camp_site"
      }
    },
    {
      "type": "Feature",
      "geometry": {
        "type": "Point",
        "coordinates": [
          6.4976429,
          49.7849254
        ]
      },
      "properties": {
        "id": 437465124,
        "osm_type": "way",
        "name": "Hazelnut House",
        "tourism": "guest_house",
        "phone": "+352 2674 3113",
        "website": "https://hazelnut-house.com"
      }
    },
    {
      "type": "Feature",
      "geometry": {
        "type": "Point",
        "coordinates": [
          6.0360836,
          49.9208994
        ]
      },
      "properties": {
        "id": 448672792,
        "osm_type": "way",
        "name": "Camping Dirbach",
        "tourism": "camp_site"
      }
    },
    {
      "type": "Feature",
      "geometry": {
        "type": "Point",
        "coordinates": [
          6.1003269,
          49.4749553
        ]
      },
      "properties": {
        "id": 454958110,
        "osm_type": "way",
        "tourism": "camp_site"
      }
    },
    {
      "type": "Feature",
      "geometry": {
        "type": "Point",
        "coordinates": [
          6.0377547,
          49.9204385
        ]
      },
      "properties": {
        "id": 475735259,
        "osm_type": "way",
        "name": "Dirbach Plage",
        "tourism": "hotel"
      }
    },
    {
      "type": "Feature",
      "geometry": {
        "type": "Point",
        "coordinates": [
          6.2234808,
          49.9132985
        ]
      },
      "properties": {
        "id": 492371414,
        "osm_type": "way",
        "tourism": "apartment"
      }
    },
    {
      "type": "Feature",
      "geometry": {
        "type": "Point",
        "coordinates": [
          6.2898956,
          49.8436085
        ]
      },
      "properties": {
        "id": 493538185,
        "osm_type": "way",
        "name": "Meyer",
        "tourism": "hotel",
        "website": "https://www.hotel-meyer.lu/"
      }
    },
    {
      "type": "Feature",
      "geometry": {
        "type": "Point",
        "coordinates": [
          6.2655056,
          49.8692913
        ]
      },
      "properties": {
        "id": 495031534,
        "osm_type": "way",
        "name": "Camping Reisdorf",
        "tourism": "camp_site",
        "tents": "no",
        "website": "https://www.campingreisdorf.com/"
      }
    },
    {
      "type": "Feature",
      "geometry": {
        "type": "Point",
        "coordinates": [
          6.3422582,
          49.8265701
        ]
      },
      "properties": {
        "id": 495945927,
        "osm_type": "way",
        "name": "Quick Stop Martbusch",
        "tourism": "caravan_site",
        "website": "https://www.mullerthal.lu/en/fiche/campingcar/quick-stop-martbusch"
      }
    },
    {
      "type": "Feature",
      "geometry": {
        "type": "Point",
        "coordinates": [
          6.2527555,
          49.8625981
        ]
      },
      "properties": {
        "id": 507912881,
        "osm_type": "way",
        "tourism": "chalet"
      }
    },
    {
      "type": "Feature",
      "geometry": {
        "type": "Point",
        "coordinates": [
          6.2529394,
          49.862706
        ]
      },
      "properties": {
        "id": 507912882,
        "osm_type": "way",
        "tourism": "chalet"
      }
    },
    {
      "type": "Feature",
      "geometry": {
        "type": "Point",
        "coordinates": [
          6.2531595,
          49.8628841
        ]
      },
      "properties": {
        "id": 507912883,
        "osm_type": "way",
        "tourism": "chalet"
      }
    },
    {
      "type": "Feature",
      "geometry": {
        "type": "Point",
        "coordinates": [
          6.2533398,
          49.8630675
        ]
      },
      "properties": {
        "id": 507912884,
        "osm_type": "way",
        "tourism": "chalet"
      }
    },
    {
      "type": "Feature",
      "geometry": {
        "type": "Point",
        "coordinates": [
          6.253493,
          49.8631291
        ]
      },
      "properties": {
        "id": 507912885,
        "osm_type": "way",
        "tourism": "chalet"
      }
    },
    {
      "type": "Feature",
      "geometry": {
        "type": "Point",
        "coordinates": [
          6.2536858,
          49.863297
        ]
      },
      "properties": {
        "id": 507912886,
        "osm_type": "way",
        "tourism": "chalet"
      }
    },
    {
      "type": "Feature",
      "geometry": {
        "type": "Point",
        "coordinates": [
          6.2527835,
          49.862983
        ]
      },
      "properties": {
        "id": 507912887,
        "osm_type": "way",
        "tourism": "chalet"
      }
    },
    {
      "type": "Feature",
      "geometry": {
        "type": "Point",
        "coordinates": [
          6.2546045,
          49.8641841
        ]
      },
      "properties": {
        "id": 507912890,
        "osm_type": "way",
        "tourism": "chalet"
      }
    },
    {
      "type": "Feature",
      "geometry": {
        "type": "Point",
        "coordinates": [
          6.2546138,
          49.8643534
        ]
      },
      "properties": {
        "id": 507912891,
        "osm_type": "way",
        "tourism": "chalet"
      }
    },
    {
      "type": "Feature",
      "geometry": {
        "type": "Point",
        "coordinates": [
          6.2548237,
          49.8645477
        ]
      },
      "properties": {
        "id": 507912893,
        "osm_type": "way",
        "tourism": "chalet"
      }
    },
    {
      "type": "Feature",
      "geometry": {
        "type": "Point",
        "coordinates": [
          6.2556729,
          49.865074
        ]
      },
      "properties": {
        "id": 507912897,
        "osm_type": "way",
        "tourism": "chalet"
      }
    },
    {
      "type": "Feature",
      "geometry": {
        "type": "Point",
        "coordinates": [
          6.2558882,
          49.8653748
        ]
      },
      "properties": {
        "id": 507912898,
        "osm_type": "way",
        "tourism": "chalet"
      }
    },
    {
      "type": "Feature",
      "geometry": {
        "type": "Point",
        "coordinates": [
          6.2555378,
          49.8656397
        ]
      },
      "properties": {
        "id": 507912899,
        "osm_type": "way",
        "tourism": "chalet"
      }
    },
    {
      "type": "Feature",
      "geometry": {
        "type": "Point",
        "coordinates": [
          6.3002309,
          49.863899
        ]
      },
      "properties": {
        "id": 511078111,
        "osm_type": "way",
        "name": "Villa Waldeslust",
        "tourism": "chalet",
        "website": "https://waldeslust.lu"
      }
    },
    {
      "type": "Feature",
      "geometry": {
        "type": "Point",
        "coordinates": [
          6.2896949,
          49.8702742
        ]
      },
      "properties": {
        "id": 511649143,
        "osm_type": "way",
        "tourism": "chalet"
      }
    },
    {
      "type": "Feature",
      "geometry": {
        "type": "Point",
        "coordinates": [
          5.9265497,
          49.9590342
        ]
      },
      "properties": {
        "id": 512399315,
        "osm_type": "way",
        "name": "Ranch Moot",
        "tourism": "chalet",
        "website": "https://scoutswiltz.lu/fr/chalets/"
      }
    },
    {
      "type": "Feature",
      "geometry": {
        "type": "Point",
        "coordinates": [
          5.9282342,
          49.9596217
        ]
      },
      "properties": {
        "id": 512399316,
        "osm_type": "way",
        "name": "Totem",
        "tourism": "chalet"
      }
    },
    {
      "type": "Feature",
      "geometry": {
        "type": "Point",
        "coordinates": [
          5.937952,
          49.9676739
        ]
      },
      "properties": {
        "id": 512399318,
        "osm_type": "way",
        "name": "Mathieu",
        "tourism": "chalet"
      }
    },
    {
      "type": "Feature",
      "geometry": {
        "type": "Point",
        "coordinates": [
          5.9415888,
          49.9652519
        ]
      },
      "properties": {
        "id": 512399320,
        "osm_type": "way",
        "name": "Jitz",
        "tourism": "chalet"
      }
    },
    {
      "type": "Feature",
      "geometry": {
        "type": "Point",
        "coordinates": [
          5.9512417,
          49.9657877
        ]
      },
      "properties": {
        "id": 512399321,
        "osm_type": "way",
        "name": "Jim",
        "tourism": "chalet"
      }
    },
    {
      "type": "Feature",
      "geometry": {
        "type": "Point",
        "coordinates": [
          5.9513453,
          49.9659144
        ]
      },
      "properties": {
        "id": 512399322,
        "osm_type": "way",
        "name": "Pow Wow",
        "tourism": "chalet"
      }
    },
    {
      "type": "Feature",
      "geometry": {
        "type": "Point",
        "coordinates": [
          5.9267221,
          49.9591029
        ]
      },
      "properties": {
        "id": 512399325,
        "osm_type": "way",
        "name": "Scout camp Aigles",
        "tourism": "camp_site"
      }
    },
    {
      "type": "Feature",
      "geometry": {
        "type": "Point",
        "coordinates": [
          5.9417189,
          49.9652448
        ]
      },
      "properties": {
        "id": 512399327,
        "osm_type": "way",
        "name": "Camp 9 Lièvre - Rabbit - Hase",
        "tourism": "camp_site"
      }
    },
    {
      "type": "Feature",
      "geometry": {
        "type": "Point",
        "coordinates": [
          5.9445723,
          49.9664782
        ]
      },
      "properties": {
        "id": 512399328,
        "osm_type": "way",
        "name": "Marmottes",
        "tourism": "camp_site"
      }
    },
    {
      "type": "Feature",
      "geometry": {
        "type": "Point",
        "coordinates": [
          5.9513092,
          49.9656693
        ]
      },
      "properties": {
        "id": 512399329,
        "osm_type": "way",
        "tourism": "camp_site"
      }
    },
    {
      "type": "Feature",
      "geometry": {
        "type": "Point",
        "coordinates": [
          6.3882785,
          49.7974537
        ]
      },
      "properties": {
        "id": 535240485,
        "osm_type": "way",
        "name": "Archibald de Prince",
        "tourism": "hotel",
        "phone": "+352 27 44 25",
        "website": "https://www.archibalddeprince.lu/"
      }
    },
    {
      "type": "Feature",
      "geometry": {
        "type": "Point",
        "coordinates": [
          6.0909116,
          49.6896714
        ]
      },
      "properties": {
        "id": 543124443,
        "osm_type": "way",
        "name": "Hôtel Direndall",
        "tourism": "hotel"
      }
    },
    {
      "type": "Feature",
      "geometry": {
        "type": "Point",
        "coordinates": [
          5.9846556,
          49.4936287
        ]
      },
      "properties": {
        "id": 557580596,
        "osm_type": "way",
        "name": "Auberge de Jeunesse Esch-sur-Alzette",
        "tourism": "hostel",
        "phone": "+352 26 27 66 450",
        "website": "https://youthhostels.lu/esch",
        "check_date": "2025-08-03"
      }
    },
    {
      "type": "Feature",
      "geometry": {
        "type": "Point",
        "coordinates": [
          5.8874442,
          49.5230076
        ]
      },
      "properties": {
        "id": 562320572,
        "osm_type": "way",
        "name": "Hotel De Klenge Casino",
        "tourism": "hotel",
        "opening_hours": "closed \"Bis auf Weiteres geschlossen.\""
      }
    },
    {
      "type": "Feature",
      "geometry": {
        "type": "Point",
        "coordinates": [
          6.2069172,
          49.9298351
        ]
      },
      "properties": {
        "id": 562583571,
        "osm_type": "way",
        "tourism": "chalet"
      }
    },
    {
      "type": "Feature",
      "geometry": {
        "type": "Point",
        "coordinates": [
          6.0455637,
          50.0755081
        ]
      },
      "properties": {
        "id": 574539449,
        "osm_type": "way",
        "name": "Schlass Ischpelt",
        "tourism": "hotel",
        "contact:website": "http://www.chateau-urspelt.lu"
      }
    },
    {
      "type": "Feature",
      "geometry": {
        "type": "Point",
        "coordinates": [
          6.1867387,
          49.874995
        ]
      },
      "properties": {
        "id": 587453521,
        "osm_type": "way",
        "name": "Ferienwohnung Bleesmillen",
        "tourism": "apartment",
        "website": "https://www.camping-bleesbruck.lu/"
      }
    },
    {
      "type": "Feature",
      "geometry": {
        "type": "Point",
        "coordinates": [
          6.1881739,
          49.8737337
        ]
      },
      "properties": {
        "id": 587673558,
        "osm_type": "way",
        "name": "Gitotel",
        "tourism": "chalet"
      }
    },
    {
      "type": "Feature",
      "geometry": {
        "type": "Point",
        "coordinates": [
          6.1889239,
          49.8740576
        ]
      },
      "properties": {
        "id": 587673562,
        "osm_type": "way",
        "name": "Chalet Casa Vino",
        "tourism": "chalet"
      }
    },
    {
      "type": "Feature",
      "geometry": {
        "type": "Point",
        "coordinates": [
          6.1889836,
          49.8741249
        ]
      },
      "properties": {
        "id": 587673564,
        "osm_type": "way",
        "name": "Chalet Casa Vino",
        "tourism": "chalet"
      }
    },
    {
      "type": "Feature",
      "geometry": {
        "type": "Point",
        "coordinates": [
          5.9866055,
          49.5322022
        ]
      },
      "properties": {
        "id": 605280477,
        "osm_type": "way",
        "name": "Monvillage",
        "tourism": "hotel",
        "website": "https://monvillage.lu/"
      }
    },
    {
      "type": "Feature",
      "geometry": {
        "type": "Point",
        "coordinates": [
          6.0775111,
          49.4799541
        ]
      },
      "properties": {
        "id": 611977379,
        "osm_type": "way",
        "name": "Gréng Scouten a Guiden",
        "tourism": "camp_site",
        "tents": "yes",
        "website": "https://scoutcenter.lu/"
      }
    },
    {
      "type": "Feature",
      "geometry": {
        "type": "Point",
        "coordinates": [
          5.8873033,
          49.8221711
        ]
      },
      "properties": {
        "id": 616890369,
        "osm_type": "way",
        "tourism": "chalet",
        "website": "https://simpleviu.lodgify.com/en/eschette-retreat"
      }
    },
    {
      "type": "Feature",
      "geometry": {
        "type": "Point",
        "coordinates": [
          6.0169178,
          49.9523276
        ]
      },
      "properties": {
        "id": 642134743,
        "osm_type": "way",
        "name": "Huberty",
        "tourism": "hotel",
        "phone": "+352 95 85 51",
        "website": "https://www.hotelhuberty.com/contact"
      }
    },
    {
      "type": "Feature",
      "geometry": {
        "type": "Point",
        "coordinates": [
          5.993102,
          50.0379226
        ]
      },
      "properties": {
        "id": 662993565,
        "osm_type": "way",
        "name": "SNJ Center Weicherdange",
        "tourism": "hostel"
      }
    },
    {
      "type": "Feature",
      "geometry": {
        "type": "Point",
        "coordinates": [
          5.9456608,
          49.9083742
        ]
      },
      "properties": {
        "id": 670059707,
        "osm_type": "way",
        "tourism": "camp_site"
      }
    },
    {
      "type": "Feature",
      "geometry": {
        "type": "Point",
        "coordinates": [
          6.037876,
          50.0535922
        ]
      },
      "properties": {
        "id": 674734698,
        "osm_type": "way",
        "name": "Reiler Weier",
        "tourism": "camp_site",
        "phone": "+352 92 01 60",
        "website": "https://reilerweier.lu/de/"
      }
    },
    {
      "type": "Feature",
      "geometry": {
        "type": "Point",
        "coordinates": [
          6.2041721,
          49.9332391
        ]
      },
      "properties": {
        "id": 685333689,
        "osm_type": "way",
        "name": "Heintz",
        "tourism": "hotel",
        "phone": "+352834155",
        "website": "https://hotel-heintz.lu/"
      }
    },
    {
      "type": "Feature",
      "geometry": {
        "type": "Point",
        "coordinates": [
          5.9869113,
          49.6924506
        ]
      },
      "properties": {
        "id": 687912020,
        "osm_type": "way",
        "tourism": "camp_site"
      }
    },
    {
      "type": "Feature",
      "geometry": {
        "type": "Point",
        "coordinates": [
          6.2228895,
          49.9132056
        ]
      },
      "properties": {
        "id": 689688101,
        "osm_type": "way",
        "name": "Chalet Our",
        "tourism": "chalet"
      }
    },
    {
      "type": "Feature",
      "geometry": {
        "type": "Point",
        "coordinates": [
          6.2226696,
          49.913087
        ]
      },
      "properties": {
        "id": 689688102,
        "osm_type": "way",
        "name": "Chalet Sauer",
        "tourism": "chalet"
      }
    },
    {
      "type": "Feature",
      "geometry": {
        "type": "Point",
        "coordinates": [
          6.2224517,
          49.9129652
        ]
      },
      "properties": {
        "id": 689688103,
        "osm_type": "way",
        "name": "Chalet Musel",
        "tourism": "chalet"
      }
    },
    {
      "type": "Feature",
      "geometry": {
        "type": "Point",
        "coordinates": [
          6.2222344,
          49.9128448
        ]
      },
      "properties": {
        "id": 689688104,
        "osm_type": "way",
        "name": "Chalet Iernz",
        "tourism": "chalet"
      }
    },
    {
      "type": "Feature",
      "geometry": {
        "type": "Point",
        "coordinates": [
          6.2220258,
          49.9127149
        ]
      },
      "properties": {
        "id": 689688105,
        "osm_type": "way",
        "name": "Chalet Uelzecht",
        "tourism": "chalet"
      }
    },
    {
      "type": "Feature",
      "geometry": {
        "type": "Point",
        "coordinates": [
          6.2218174,
          49.9125758
        ]
      },
      "properties": {
        "id": 689688106,
        "osm_type": "way",
        "name": "Chalet Péitruss",
        "tourism": "chalet"
      }
    },
    {
      "type": "Feature",
      "geometry": {
        "type": "Point",
        "coordinates": [
          6.222459,
          49.9127822
        ]
      },
      "properties": {
        "id": 689688107,
        "osm_type": "way",
        "name": "Relax & Massage",
        "tourism": "chalet"
      }
    },
    {
      "type": "Feature",
      "geometry": {
        "type": "Point",
        "coordinates": [
          6.1348147,
          49.6083519
        ]
      },
      "properties": {
        "id": 691884766,
        "osm_type": "way",
        "name": "La Pipistrelle",
        "tourism": "hotel",
        "website": "http://www.pipistrelle.lu/"
      }
    },
    {
      "type": "Feature",
      "geometry": {
        "type": "Point",
        "coordinates": [
          5.994683,
          49.8793637
        ]
      },
      "properties": {
        "id": 696206527,
        "osm_type": "way",
        "name": "De Reenert",
        "tourism": "camp_site",
        "tents": "yes",
        "contact:phone": "+352 26 88881",
        "contact:website": "https://www.reenert.lu/"
      }
    },
    {
      "type": "Feature",
      "geometry": {
        "type": "Point",
        "coordinates": [
          6.4414214,
          49.7132397
        ]
      },
      "properties": {
        "id": 712211664,
        "osm_type": "way",
        "name": "Am Fuussebau",
        "tourism": "chalet"
      }
    },
    {
      "type": "Feature",
      "geometry": {
        "type": "Point",
        "coordinates": [
          5.9816522,
          49.7691504
        ]
      },
      "properties": {
        "id": 723511257,
        "osm_type": "way",
        "name": "Ecolodges Péitche Lauer",
        "tourism": "hotel",
        "check_date": "2025-05-09"
      }
    },
    {
      "type": "Feature",
      "geometry": {
        "type": "Point",
        "coordinates": [
          6.4086107,
          49.8162688
        ]
      },
      "properties": {
        "id": 750253676,
        "osm_type": "way",
        "name": "Camping Officiel Wollefsschlucht",
        "tourism": "camp_site",
        "phone": "+352 72 02 72",
        "website": "https://www.visitechternach.lu/de/essen-uebernachten/campingplatze"
      }
    },
    {
      "type": "Feature",
      "geometry": {
        "type": "Point",
        "coordinates": [
          6.1439002,
          49.6210733
        ]
      },
      "properties": {
        "id": 788248913,
        "osm_type": "way",
        "name": "Mama Shelter",
        "tourism": "hotel",
        "website": "https://mamashelter.com/luxembourg/"
      }
    },
    {
      "type": "Feature",
      "geometry": {
        "type": "Point",
        "coordinates": [
          5.970911,
          50.0947943
        ]
      },
      "properties": {
        "id": 792338699,
        "osm_type": "way",
        "name": "Relais Postal",
        "tourism": "hotel",
        "contact:phone": "+352 27 80 96-1",
        "website": "http://relaispostal.lu/"
      }
    },
    {
      "type": "Feature",
      "geometry": {
        "type": "Point",
        "coordinates": [
          6.3150416,
          49.679794
        ]
      },
      "properties": {
        "id": 793441895,
        "osm_type": "way",
        "name": "Brasserie Monkel",
        "tourism": "hotel",
        "phone": "+35227406666",
        "website": "https://monkel.lu/#contact"
      }
    },
    {
      "type": "Feature",
      "geometry": {
        "type": "Point",
        "coordinates": [
          6.0990873,
          49.9383464
        ]
      },
      "properties": {
        "id": 808138193,
        "osm_type": "way",
        "tourism": "apartment",
        "phone": "+352 26 95 96 95"
      }
    },
    {
      "type": "Feature",
      "geometry": {
        "type": "Point",
        "coordinates": [
          5.9921576,
          49.9998118
        ]
      },
      "properties": {
        "id": 809047250,
        "osm_type": "way",
        "name": "Val d'Or",
        "tourism": "camp_site",
        "tents": "yes",
        "phone": "+352 92 06 91",
        "website": "https://www.valdor.lu"
      }
    },
    {
      "type": "Feature",
      "geometry": {
        "type": "Point",
        "coordinates": [
          5.9896971,
          50.0000659
        ]
      },
      "properties": {
        "id": 809158837,
        "osm_type": "way",
        "name": "Rackésmillen, Hotel",
        "tourism": "hotel",
        "website": "https://www.rackesmillen.lu/"
      }
    },
    {
      "type": "Feature",
      "geometry": {
        "type": "Point",
        "coordinates": [
          6.0307986,
          50.0530938
        ]
      },
      "properties": {
        "id": 810486948,
        "osm_type": "way",
        "name": "Koener",
        "tourism": "hotel",
        "website": "https://www.hotelkoener.lu/default.aspx"
      }
    },
    {
      "type": "Feature",
      "geometry": {
        "type": "Point",
        "coordinates": [
          6.0241311,
          50.0613123
        ]
      },
      "properties": {
        "id": 812404968,
        "osm_type": "way",
        "name": "Hôtel des Nations",
        "tourism": "hotel"
      }
    },
    {
      "type": "Feature",
      "geometry": {
        "type": "Point",
        "coordinates": [
          6.0734726,
          50.0759163
        ]
      },
      "properties": {
        "id": 813153562,
        "osm_type": "way",
        "name": "Reiff",
        "tourism": "hotel",
        "phone": "+352 92 15 01",
        "website": "https://www.hotel-reiff.lu/de/"
      }
    },
    {
      "type": "Feature",
      "geometry": {
        "type": "Point",
        "coordinates": [
          5.8775312,
          49.9381567
        ]
      },
      "properties": {
        "id": 847276422,
        "osm_type": "way",
        "tourism": "chalet",
        "website": "http://weiler.lu/"
      }
    },
    {
      "type": "Feature",
      "geometry": {
        "type": "Point",
        "coordinates": [
          5.9532142,
          49.9654921
        ]
      },
      "properties": {
        "id": 858120319,
        "osm_type": "way",
        "name": "Paradiso",
        "tourism": "chalet"
      }
    },
    {
      "type": "Feature",
      "geometry": {
        "type": "Point",
        "coordinates": [
          6.0075699,
          49.9252917
        ]
      },
      "properties": {
        "id": 863540206,
        "osm_type": "way",
        "name": "Camping Berkel",
        "tourism": "camp_site",
        "tents": "yes",
        "phone": "+352 839 054",
        "website": "https://www.campingberkel.com/"
      }
    },
    {
      "type": "Feature",
      "geometry": {
        "type": "Point",
        "coordinates": [
          5.7901435,
          49.9330068
        ]
      },
      "properties": {
        "id": 869125003,
        "osm_type": "way",
        "name": "Saint Hubert",
        "tourism": "camp_site"
      }
    },
    {
      "type": "Feature",
      "geometry": {
        "type": "Point",
        "coordinates": [
          6.2076145,
          49.934135
        ]
      },
      "properties": {
        "id": 875811000,
        "osm_type": "way",
        "name": "Victor Hugo",
        "tourism": "hotel",
        "phone": "+352 8341601",
        "website": "https://www.hotelvictorhugo.lu/",
        "check_date": "2025-05-18"
      }
    },
    {
      "type": "Feature",
      "geometry": {
        "type": "Point",
        "coordinates": [
          6.2868016,
          49.8410324
        ]
      },
      "properties": {
        "id": 886665578,
        "osm_type": "way",
        "name": "Camping Plage, Annexe",
        "tourism": "camp_site"
      }
    },
    {
      "type": "Feature",
      "geometry": {
        "type": "Point",
        "coordinates": [
          6.3989205,
          49.6774234
        ]
      },
      "properties": {
        "id": 888157018,
        "osm_type": "way",
        "name": "Simon's Plaza",
        "tourism": "hotel"
      }
    },
    {
      "type": "Feature",
      "geometry": {
        "type": "Point",
        "coordinates": [
          6.0963862,
          49.8882195
        ]
      },
      "properties": {
        "id": 888477079,
        "osm_type": "way",
        "name": "Camping Um Willspull",
        "tourism": "camp_site",
        "phone": "+352 99 04 49",
        "website": "https://www.umwillspull.lu"
      }
    },
    {
      "type": "Feature",
      "geometry": {
        "type": "Point",
        "coordinates": [
          5.9344097,
          49.9717602
        ]
      },
      "properties": {
        "id": 899177841,
        "osm_type": "way",
        "name": "Camping Kaul",
        "tourism": "caravan_site",
        "opening_hours": "24/7",
        "website": "https://kaul.lu/"
      }
    },
    {
      "type": "Feature",
      "geometry": {
        "type": "Point",
        "coordinates": [
          5.7835994,
          49.8097362
        ]
      },
      "properties": {
        "id": 903306080,
        "osm_type": "way",
        "name": "Camping Héiltzerstee",
        "tourism": "camp_site",
        "phone": "+352 23 64 96 44"
      }
    },
    {
      "type": "Feature",
      "geometry": {
        "type": "Point",
        "coordinates": [
          6.148217,
          50.0074128
        ]
      },
      "properties": {
        "id": 903350844,
        "osm_type": "way",
        "name": "Vieux Moulin",
        "tourism": "camp_site"
      }
    },
    {
      "type": "Feature",
      "geometry": {
        "type": "Point",
        "coordinates": [
          6.0808248,
          49.9103553
        ]
      },
      "properties": {
        "id": 907762791,
        "osm_type": "way",
        "name": "Coccon Hotels",
        "tourism": "hotel",
        "website": "https://cocoonhotels.eu/de/"
      }
    },
    {
      "type": "Feature",
      "geometry": {
        "type": "Point",
        "coordinates": [
          6.2901784,
          49.874359
        ]
      },
      "properties": {
        "id": 909271055,
        "osm_type": "way",
        "name": "Dimmer",
        "tourism": "hotel",
        "phone": "+352 836220",
        "website": "https://www.hoteldimmer.com/de/"
      }
    },
    {
      "type": "Feature",
      "geometry": {
        "type": "Point",
        "coordinates": [
          6.3791812,
          49.55712
        ]
      },
      "properties": {
        "id": 925946779,
        "osm_type": "way",
        "tourism": "camp_site"
      }
    },
    {
      "type": "Feature",
      "geometry": {
        "type": "Point",
        "coordinates": [
          6.1153757,
          49.5810832
        ]
      },
      "properties": {
        "id": 940333181,
        "osm_type": "way",
        "name": "INNSiDE by Meliá",
        "tourism": "hotel",
        "phone": "+352 28 84 53 1",
        "website": "https://www.melia.com/fr/hotels/europe/luxembourg/innside-luxembourg/index.htm"
      }
    },
    {
      "type": "Feature",
      "geometry": {
        "type": "Point",
        "coordinates": [
          6.3973994,
          49.8190593
        ]
      },
      "properties": {
        "id": 961930152,
        "osm_type": "way",
        "name": "Scout Camp Echternach",
        "tourism": "camp_site",
        "website": "https://www.camp-scout.lu/"
      }
    },
    {
      "type": "Feature",
      "geometry": {
        "type": "Point",
        "coordinates": [
          6.3385328,
          49.7781114
        ]
      },
      "properties": {
        "id": 964861361,
        "osm_type": "way",
        "name": "Garden-Parc",
        "tourism": "camp_site",
        "phone": "+352 790040",
        "website": "https://www.camping.lu/fr/campings/garden-park-consdorf"
      }
    },
    {
      "type": "Feature",
      "geometry": {
        "type": "Point",
        "coordinates": [
          6.3677129,
          49.7918312
        ]
      },
      "properties": {
        "id": 966359735,
        "osm_type": "way",
        "tourism": "chalet"
      }
    },
    {
      "type": "Feature",
      "geometry": {
        "type": "Point",
        "coordinates": [
          5.9819194,
          49.7692196
        ]
      },
      "properties": {
        "id": 1047442617,
        "osm_type": "way",
        "name": "Hôtel Ecolodges Péitche Lauer",
        "tourism": "hotel",
        "check_date": "2025-05-09"
      }
    },
    {
      "type": "Feature",
      "geometry": {
        "type": "Point",
        "coordinates": [
          5.9820515,
          49.7692
        ]
      },
      "properties": {
        "id": 1047442618,
        "osm_type": "way",
        "name": "Hôtel Ecolodges Péitche Lauer",
        "tourism": "hotel",
        "check_date": "2025-05-09"
      }
    },
    {
      "type": "Feature",
      "geometry": {
        "type": "Point",
        "coordinates": [
          5.9819576,
          49.769135
        ]
      },
      "properties": {
        "id": 1047442619,
        "osm_type": "way",
        "name": "Hôtel Ecolodges Péitche Lauer",
        "tourism": "hotel",
        "check_date": "2025-05-09"
      }
    },
    {
      "type": "Feature",
      "geometry": {
        "type": "Point",
        "coordinates": [
          6.2111664,
          49.9338385
        ]
      },
      "properties": {
        "id": 1051254500,
        "osm_type": "way",
        "name": "Hôtel Belle-Vue",
        "tourism": "hotel",
        "phone": "+352 834127",
        "website": "https://hotelbv.com/en"
      }
    },
    {
      "type": "Feature",
      "geometry": {
        "type": "Point",
        "coordinates": [
          6.2160332,
          49.9315127
        ]
      },
      "properties": {
        "id": 1051306427,
        "osm_type": "way",
        "name": "Camperpark Um Deich - Vianden",
        "tourism": "caravan_site",
        "phone": "+352 834257",
        "website": "https://www.visitluxembourg.com/camping/camperpark-vianden"
      }
    },
    {
      "type": "Feature",
      "geometry": {
        "type": "Point",
        "coordinates": [
          6.0902405,
          49.9232279
        ]
      },
      "properties": {
        "id": 1052059226,
        "osm_type": "way",
        "name": "Leweck Resort",
        "tourism": "hotel",
        "phone": "+352 990022",
        "website": "http://www.sporthotel.lu/"
      }
    },
    {
      "type": "Feature",
      "geometry": {
        "type": "Point",
        "coordinates": [
          6.3604121,
          49.7818221
        ]
      },
      "properties": {
        "id": 1053265707,
        "osm_type": "way",
        "name": "Bon Repos",
        "tourism": "hotel",
        "phone": "+352 278078",
        "website": "https://lebonrepos.lu/de/"
      }
    },
    {
      "type": "Feature",
      "geometry": {
        "type": "Point",
        "coordinates": [
          6.4748929,
          49.8202303
        ]
      },
      "properties": {
        "id": 1055210271,
        "osm_type": "way",
        "name": "Gruber",
        "tourism": "hotel",
        "phone": "+352 72 04 33 / 72 87 54",
        "website": "https://www.hotelgruber.com/"
      }
    },
    {
      "type": "Feature",
      "geometry": {
        "type": "Point",
        "coordinates": [
          6.0820035,
          49.9100338
        ]
      },
      "properties": {
        "id": 1064012626,
        "osm_type": "way",
        "name": "Bungalow",
        "tourism": "chalet"
      }
    },
    {
      "type": "Feature",
      "geometry": {
        "type": "Point",
        "coordinates": [
          6.0819629,
          49.9099628
        ]
      },
      "properties": {
        "id": 1064012627,
        "osm_type": "way",
        "name": "Bungalow",
        "tourism": "chalet"
      }
    },
    {
      "type": "Feature",
      "geometry": {
        "type": "Point",
        "coordinates": [
          6.0819125,
          49.9098901
        ]
      },
      "properties": {
        "id": 1064012628,
        "osm_type": "way",
        "name": "Bungalow",
        "tourism": "chalet"
      }
    },
    {
      "type": "Feature",
      "geometry": {
        "type": "Point",
        "coordinates": [
          6.0821069,
          49.9102956
        ]
      },
      "properties": {
        "id": 1064012629,
        "osm_type": "way",
        "name": "Bungalow",
        "tourism": "chalet"
      }
    },
    {
      "type": "Feature",
      "geometry": {
        "type": "Point",
        "coordinates": [
          6.0820827,
          49.9102185
        ]
      },
      "properties": {
        "id": 1064012630,
        "osm_type": "way",
        "name": "Bungalow",
        "tourism": "chalet"
      }
    },
    {
      "type": "Feature",
      "geometry": {
        "type": "Point",
        "coordinates": [
          6.0820589,
          49.9101449
        ]
      },
      "properties": {
        "id": 1064012631,
        "osm_type": "way",
        "name": "Bungalow",
        "tourism": "chalet"
      }
    },
    {
      "type": "Feature",
      "geometry": {
        "type": "Point",
        "coordinates": [
          6.082275,
          49.9106238
        ]
      },
      "properties": {
        "id": 1064012632,
        "osm_type": "way",
        "name": "Bungalow",
        "tourism": "chalet"
      }
    },
    {
      "type": "Feature",
      "geometry": {
        "type": "Point",
        "coordinates": [
          6.0822344,
          49.9105529
        ]
      },
      "properties": {
        "id": 1064012633,
        "osm_type": "way",
        "name": "Bungalow",
        "tourism": "chalet"
      }
    },
    {
      "type": "Feature",
      "geometry": {
        "type": "Point",
        "coordinates": [
          6.082184,
          49.9104801
        ]
      },
      "properties": {
        "id": 1064012634,
        "osm_type": "way",
        "name": "Bungalow",
        "tourism": "chalet"
      }
    },
    {
      "type": "Feature",
      "geometry": {
        "type": "Point",
        "coordinates": [
          6.0824378,
          49.910873
        ]
      },
      "properties": {
        "id": 1064012635,
        "osm_type": "way",
        "name": "Bungalow",
        "tourism": "chalet"
      }
    },
    {
      "type": "Feature",
      "geometry": {
        "type": "Point",
        "coordinates": [
          6.0823973,
          49.9108021
        ]
      },
      "properties": {
        "id": 1064012636,
        "osm_type": "way",
        "name": "Bungalow",
        "tourism": "chalet"
      }
    },
    {
      "type": "Feature",
      "geometry": {
        "type": "Point",
        "coordinates": [
          6.0823469,
          49.9107294
        ]
      },
      "properties": {
        "id": 1064012637,
        "osm_type": "way",
        "name": "Bungalow",
        "tourism": "chalet"
      }
    },
    {
      "type": "Feature",
      "geometry": {
        "type": "Point",
        "coordinates": [
          5.8961999,
          49.5562422
        ]
      },
      "properties": {
        "id": 1071197692,
        "osm_type": "way",
        "name": "Gulliver",
        "tourism": "hotel",
        "phone": "+3525044551",
        "website": "https://www.gulliver.lu/"
      }
    },
    {
      "type": "Feature",
      "geometry": {
        "type": "Point",
        "coordinates": [
          6.1964146,
          49.9498329
        ]
      },
      "properties": {
        "id": 1099935346,
        "osm_type": "way",
        "name": "Camping du Lac",
        "tourism": "camp_site",
        "tents": "yes"
      }
    },
    {
      "type": "Feature",
      "geometry": {
        "type": "Point",
        "coordinates": [
          6.3580414,
          49.5479936
        ]
      },
      "properties": {
        "id": 1107192241,
        "osm_type": "way",
        "name": "Domaine la Forêt",
        "tourism": "hotel",
        "website": "https://www.foret.lu/"
      }
    },
    {
      "type": "Feature",
      "geometry": {
        "type": "Point",
        "coordinates": [
          6.0632693,
          50.1391206
        ]
      },
      "properties": {
        "id": 1132209957,
        "osm_type": "way",
        "name": "Hotel Anatura",
        "tourism": "hotel",
        "contact:website": "https://www.anatura.lu/"
      }
    },
    {
      "type": "Feature",
      "geometry": {
        "type": "Point",
        "coordinates": [
          6.4193243,
          49.8129436
        ]
      },
      "properties": {
        "id": 1133180445,
        "osm_type": "way",
        "name": "Le Pavillon",
        "tourism": "hotel",
        "phone": "+352 72 98 09",
        "website": "https://lepavillon.lu"
      }
    },
    {
      "type": "Feature",
      "geometry": {
        "type": "Point",
        "coordinates": [
          6.1503027,
          49.6164609
        ]
      },
      "properties": {
        "id": 1187903711,
        "osm_type": "way",
        "name": "City Rooms",
        "tourism": "guest_house",
        "website": "https://city-rooms-luxembourg.hotelcascades.lu/"
      }
    },
    {
      "type": "Feature",
      "geometry": {
        "type": "Point",
        "coordinates": [
          6.3650747,
          49.5090955
        ]
      },
      "properties": {
        "id": 1188511013,
        "osm_type": "way",
        "name": "Sportboothafen Schwebsange Wohnmobilstellplatz",
        "tourism": "caravan_site",
        "tents": "no",
        "website": "https://www.schengen.lu/port-de-schwebsingen/"
      }
    },
    {
      "type": "Feature",
      "geometry": {
        "type": "Point",
        "coordinates": [
          6.3620867,
          49.5389821
        ]
      },
      "properties": {
        "id": 1212677326,
        "osm_type": "way",
        "name": "Campcar-Parkplaz Remich",
        "tourism": "caravan_site",
        "phone": "+352 27 07 54 16",
        "website": "https://visitremich.lu/lb/loger-et-manger/campcar/"
      }
    },
    {
      "type": "Feature",
      "geometry": {
        "type": "Point",
        "coordinates": [
          6.0825841,
          49.4736567
        ]
      },
      "properties": {
        "id": 1213268735,
        "osm_type": "way",
        "name": "Floater",
        "tourism": "hotel",
        "phone": "+352691775514",
        "website": "https://simpleviu.lodgify.com/en/floater-dudelange"
      }
    },
    {
      "type": "Feature",
      "geometry": {
        "type": "Point",
        "coordinates": [
          6.1014708,
          49.8448259
        ]
      },
      "properties": {
        "id": 1213655006,
        "osm_type": "way",
        "name": "Aire camping-cars Ettelbruck",
        "tourism": "caravan_site",
        "opening_hours": "24/7"
      }
    },
    {
      "type": "Feature",
      "geometry": {
        "type": "Point",
        "coordinates": [
          6.1649778,
          49.8661962
        ]
      },
      "properties": {
        "id": 1296459893,
        "osm_type": "way",
        "name": "Camping de la Sûre - Diekirch",
        "tourism": "caravan_site",
        "tents": "no",
        "website": "https://www.camping-diekirch.lu/preise-2024"
      }
    },
    {
      "type": "Feature",
      "geometry": {
        "type": "Point",
        "coordinates": [
          5.8745742,
          49.9117337
        ]
      },
      "properties": {
        "id": 1296460841,
        "osm_type": "way",
        "name": "Aire de camping-car Camping Liefrange",
        "tourism": "caravan_site",
        "tents": "no",
        "website": "https://www.camping-liefrange.lu/fr/camping/aire-de-camping-car"
      }
    },
    {
      "type": "Feature",
      "geometry": {
        "type": "Point",
        "coordinates": [
          6.2518347,
          49.7050025
        ]
      },
      "properties": {
        "id": 1296662139,
        "osm_type": "way",
        "name": "Emplacements pour camping cars Junglinster",
        "tourism": "caravan_site",
        "website": "https://www.mullerthal.lu/camping/camping-car-spaces-junglinster"
      }
    },
    {
      "type": "Feature",
      "geometry": {
        "type": "Point",
        "coordinates": [
          5.9425269,
          49.6706394
        ]
      },
      "properties": {
        "id": 1296663925,
        "osm_type": "way",
        "name": "Aire camping-car Koerich",
        "tourism": "caravan_site",
        "website": "https://www.koerich.lu/citoyens/culture-loisirs/aire-de-camping-car"
      }
    },
    {
      "type": "Feature",
      "geometry": {
        "type": "Point",
        "coordinates": [
          5.8949729,
          49.7689439
        ]
      },
      "properties": {
        "id": 1296666938,
        "osm_type": "way",
        "name": "Aire de stationnement pour campingcar Redange/Attert",
        "tourism": "caravan_site",
        "website": "https://www.redange.lu/loisirs-culture/campingcar/"
      }
    },
    {
      "type": "Feature",
      "geometry": {
        "type": "Point",
        "coordinates": [
          6.034418,
          49.4777337
        ]
      },
      "properties": {
        "id": 1302832178,
        "osm_type": "way",
        "name": "Den alen Arbed's Büro",
        "tourism": "chalet",
        "phone": "+352691775514",
        "website": "https://www.simpleviu.com/kayl-tetange"
      }
    },
    {
      "type": "Feature",
      "geometry": {
        "type": "Point",
        "coordinates": [
          6.0182648,
          49.4617744
        ]
      },
      "properties": {
        "id": 1303891640,
        "osm_type": "way",
        "name": "Rumelange",
        "tourism": "caravan_site"
      }
    },
    {
      "type": "Feature",
      "geometry": {
        "type": "Point",
        "coordinates": [
          5.9318462,
          49.9704976
        ]
      },
      "properties": {
        "id": 1309104613,
        "osm_type": "way",
        "name": "Hôtel-Restaurant Aux Tanneries de Wiltz",
        "tourism": "hotel"
      }
    },
    {
      "type": "Feature",
      "geometry": {
        "type": "Point",
        "coordinates": [
          5.9128611,
          49.5678766
        ]
      },
      "properties": {
        "id": 1310493624,
        "osm_type": "way",
        "name": "De Brauhotel",
        "tourism": "hotel",
        "website": "https://www.brauhotel.lu/de/index"
      }
    },
    {
      "type": "Feature",
      "geometry": {
        "type": "Point",
        "coordinates": [
          6.0341437,
          50.0531762
        ]
      },
      "properties": {
        "id": 1333081064,
        "osm_type": "way",
        "name": "Saint-Hubert",
        "tourism": "hotel",
        "phone": "+352920432",
        "website": "http://www.hotel-sthubert.lu"
      }
    },
    {
      "type": "Feature",
      "geometry": {
        "type": "Point",
        "coordinates": [
          6.1226542,
          49.5818012
        ]
      },
      "properties": {
        "id": 1410719082,
        "osm_type": "way",
        "name": "B&B Hotels Luxembourg Centre Cloche d'Or",
        "tourism": "hotel",
        "phone": "+352 273530",
        "website": "https://www.hotel-bb.com/en/hotel/luxembourg-centre-cloche-d-or"
      }
    },
    {
      "type": "Feature",
      "geometry": {
        "type": "Point",
        "coordinates": [
          6.3876541,
          49.6009807
        ]
      },
      "properties": {
        "id": 1470091007,
        "osm_type": "way",
        "name": "White Swan",
        "tourism": "hotel",
        "contact:phone": "+352 760 022"
      }
    },
    {
      "type": "Feature",
      "geometry": {
        "type": "Point",
        "coordinates": [
          6.128839,
          49.6116965
        ]
      },
      "properties": {
        "id": 2339438,
        "osm_type": "relation",
        "name": "Le Place d'Armes",
        "tourism": "hotel"
      }
    },
    {
      "type": "Feature",
      "geometry": {
        "type": "Point",
        "coordinates": [
          6.0709602,
          49.7230347
        ]
      },
      "properties": {
        "id": 14363831,
        "osm_type": "relation",
        "tourism": "camp_site"
      }
    },
    {
      "type": "Feature",
      "geometry": {
        "type": "Point",
        "coordinates": [
          6.0860236,
          49.9132192
        ]
      },
      "properties": {
        "id": 15753844,
        "osm_type": "relation",
        "name": "Camping du Moulin",
        "tourism": "camp_site",
        "tents": "yes",
        "phone": "+352 99 03 31",
        "website": "https://www.camp.lu/"
      }
    },
    {
      "type": "Feature",
      "geometry": {
        "type": "Point",
        "coordinates": [
          5.9904067,
          49.8776213
        ]
      },
      "properties": {
        "id": 20035745,
        "osm_type": "relation",
        "name": "Camping Fuussekaul",
        "tourism": "camp_site",
        "tents": "yes",
        "contact:phone": "+352 2688881",
        "contact:website": "https://www.fuussekaul.lu/",
        "check_date": "2025-12-06"
      }
    },
    {
      "type": "Feature",
      "geometry": {
        "type": "Point",
        "coordinates": [
          5.829911,
          49.8664967
        ]
      },
      "properties": {
        "id": 20312127,
        "osm_type": "relation",
        "name": "Misärshaff",
        "tourism": "camp_site",
        "tents": "yes",
        "website": "https://misaershaff.lu/"
      }
    }
  ]
}