{
  "type": "FeatureCollection",
  "features": [
    {
      "type": "Feature",
      "geometry": {
        "type": "Point",
        "coordinates": [
          -8.6448677,
          41.0080642
        ]
      },
      "properties": {
        "id": 441813232,
        "osm_type": "node",
        "name": "Hotel Apartamento Solverde",
        "tourism": "hotel",
        "contact:website": "https://www.gruposolverde.pt/hotel-apartamento-solverde/"
      }
    },
    {
      "type": "Feature",
      "geometry": {
        "type": "Point",
        "coordinates": [
          -8.6235581,
          40.8597322
        ]
      },
      "properties": {
        "id": 933217714,
        "osm_type": "node",
        "name": "Aqua Hotel",
        "tourism": "hotel"
      }
    },
    {
      "type": "Feature",
      "geometry": {
        "type": "Point",
        "coordinates": [
          -8.2757112,
          40.9358757
        ]
      },
      "properties": {
        "id": 1241008328,
        "osm_type": "node",
        "name": "Casa da Azenha",
        "tourism": "guest_house"
      }
    },
    {
      "type": "Feature",
      "geometry": {
        "type": "Point",
        "coordinates": [
          -8.2390571,
          40.9329965
        ]
      },
      "properties": {
        "id": 1241008851,
        "osm_type": "node",
        "name": "Quinta do Bôco",
        "tourism": "hotel"
      }
    },
    {
      "type": "Feature",
      "geometry": {
        "type": "Point",
        "coordinates": [
          -8.4895878,
          40.5519992
        ]
      },
      "properties": {
        "id": 1278188059,
        "osm_type": "node",
        "name": "Quinta do Louredo",
        "tourism": "hotel",
        "phone": "+351234242091",
        "website": "https://www.quintadolouredohotel.pt/"
      }
    },
    {
      "type": "Feature",
      "geometry": {
        "type": "Point",
        "coordinates": [
          -8.7501455,
          40.6113779
        ]
      },
      "properties": {
        "id": 1309602199,
        "osm_type": "node",
        "name": "Hotel Azevedo",
        "tourism": "hotel"
      }
    },
    {
      "type": "Feature",
      "geometry": {
        "type": "Point",
        "coordinates": [
          -8.5096889,
          40.6170705
        ]
      },
      "properties": {
        "id": 1338521937,
        "osm_type": "node",
        "name": "Turismo Rural Casa Fontes",
        "tourism": "guest_house"
      }
    },
    {
      "type": "Feature",
      "geometry": {
        "type": "Point",
        "coordinates": [
          -8.478634,
          40.6925856
        ]
      },
      "properties": {
        "id": 1341761446,
        "osm_type": "node",
        "name": "Pensão Restaurante Parente",
        "tourism": "guest_house"
      }
    },
    {
      "type": "Feature",
      "geometry": {
        "type": "Point",
        "coordinates": [
          -8.4511673,
          40.5820435
        ]
      },
      "properties": {
        "id": 1343991406,
        "osm_type": "node",
        "name": "Pensão Celeste",
        "tourism": "guest_house"
      }
    },
    {
      "type": "Feature",
      "geometry": {
        "type": "Point",
        "coordinates": [
          -8.4632077,
          40.4237742
        ]
      },
      "properties": {
        "id": 1443250407,
        "osm_type": "node",
        "name": "Hotel Parque da Curia",
        "tourism": "hotel"
      }
    },
    {
      "type": "Feature",
      "geometry": {
        "type": "Point",
        "coordinates": [
          -8.6517836,
          40.9612909
        ]
      },
      "properties": {
        "id": 1453024660,
        "osm_type": "node",
        "name": "Surfivor Surf Camp",
        "tourism": "hostel",
        "phone": "+351 939 336 434",
        "website": "https://surfivorcamp.com/",
        "check_date": "2022-12-01"
      }
    },
    {
      "type": "Feature",
      "geometry": {
        "type": "Point",
        "coordinates": [
          -8.4785112,
          40.8385179
        ]
      },
      "properties": {
        "id": 1515540625,
        "osm_type": "node",
        "name": "Dighton",
        "tourism": "hotel",
        "check_date": "2025-01-21"
      }
    },
    {
      "type": "Feature",
      "geometry": {
        "type": "Point",
        "coordinates": [
          -8.7016368,
          40.7580698
        ]
      },
      "properties": {
        "id": 1549276586,
        "osm_type": "node",
        "name": "Parking Lot",
        "tourism": "caravan_site"
      }
    },
    {
      "type": "Feature",
      "geometry": {
        "type": "Point",
        "coordinates": [
          -8.7082726,
          40.7650076
        ]
      },
      "properties": {
        "id": 1549277538,
        "osm_type": "node",
        "name": "Parque Estacionamento Caravanas",
        "tourism": "caravan_site"
      }
    },
    {
      "type": "Feature",
      "geometry": {
        "type": "Point",
        "coordinates": [
          -8.4926455,
          40.5149663
        ]
      },
      "properties": {
        "id": 1656117986,
        "osm_type": "node",
        "name": "Hotel Paraíso",
        "tourism": "hotel"
      }
    },
    {
      "type": "Feature",
      "geometry": {
        "type": "Point",
        "coordinates": [
          -8.6509508,
          40.6379161
        ]
      },
      "properties": {
        "id": 1699728701,
        "osm_type": "node",
        "name": "Hospedaria 5 Bicas",
        "tourism": "guest_house"
      }
    },
    {
      "type": "Feature",
      "geometry": {
        "type": "Point",
        "coordinates": [
          -8.4805686,
          40.3727005
        ]
      },
      "properties": {
        "id": 1711535368,
        "osm_type": "node",
        "tourism": "hotel"
      }
    },
    {
      "type": "Feature",
      "geometry": {
        "type": "Point",
        "coordinates": [
          -8.6568275,
          40.6404725
        ]
      },
      "properties": {
        "id": 1799457048,
        "osm_type": "node",
        "name": "Hotel das Salinas",
        "tourism": "hotel",
        "phone": "+351 234 404 190",
        "website": "https://hoteldassalinas.com/"
      }
    },
    {
      "type": "Feature",
      "geometry": {
        "type": "Point",
        "coordinates": [
          -8.7463523,
          40.6432994
        ]
      },
      "properties": {
        "id": 1799480439,
        "osm_type": "node",
        "name": "Hotel Barra",
        "tourism": "hotel"
      }
    },
    {
      "type": "Feature",
      "geometry": {
        "type": "Point",
        "coordinates": [
          -8.6545027,
          40.6425435
        ]
      },
      "properties": {
        "id": 1799494465,
        "osm_type": "node",
        "name": "Dormidas Ferro",
        "tourism": "guest_house"
      }
    },
    {
      "type": "Feature",
      "geometry": {
        "type": "Point",
        "coordinates": [
          -8.6555197,
          40.6398919
        ]
      },
      "properties": {
        "id": 1799498605,
        "osm_type": "node",
        "name": "Hotel AveiroCenter",
        "tourism": "hotel",
        "phone": "+351 234 380 390",
        "website": "https://hotelaveirocenter.com/"
      }
    },
    {
      "type": "Feature",
      "geometry": {
        "type": "Point",
        "coordinates": [
          -8.7469495,
          40.640852
        ]
      },
      "properties": {
        "id": 1799519126,
        "osm_type": "node",
        "name": "Mar e Sol",
        "tourism": "guest_house"
      }
    },
    {
      "type": "Feature",
      "geometry": {
        "type": "Point",
        "coordinates": [
          -8.653863,
          40.642814
        ]
      },
      "properties": {
        "id": 1799520027,
        "osm_type": "node",
        "name": "Residencial Palmeira",
        "tourism": "guest_house"
      }
    },
    {
      "type": "Feature",
      "geometry": {
        "type": "Point",
        "coordinates": [
          -8.7469443,
          40.6405853
        ]
      },
      "properties": {
        "id": 1799525297,
        "osm_type": "node",
        "name": "Tropicalia",
        "tourism": "guest_house"
      }
    },
    {
      "type": "Feature",
      "geometry": {
        "type": "Point",
        "coordinates": [
          -8.6536546,
          40.6419467
        ]
      },
      "properties": {
        "id": 1799525307,
        "osm_type": "node",
        "name": "Hospedaria dos Arcos",
        "tourism": "guest_house"
      }
    },
    {
      "type": "Feature",
      "geometry": {
        "type": "Point",
        "coordinates": [
          -8.6565414,
          40.6427014
        ]
      },
      "properties": {
        "id": 1799584385,
        "osm_type": "node",
        "name": "Rossio",
        "tourism": "hostel",
        "website": "http://www.aveirorossiohostel.com/aveiro.html"
      }
    },
    {
      "type": "Feature",
      "geometry": {
        "type": "Point",
        "coordinates": [
          -8.6543859,
          40.6423103
        ]
      },
      "properties": {
        "id": 1799607327,
        "osm_type": "node",
        "name": "Residencial Ferro",
        "tourism": "hostel",
        "check_date": "2024-09-09"
      }
    },
    {
      "type": "Feature",
      "geometry": {
        "type": "Point",
        "coordinates": [
          -8.5596611,
          40.6749161
        ]
      },
      "properties": {
        "id": 1824029140,
        "osm_type": "node",
        "name": "Solar do Alambique",
        "tourism": "hotel",
        "phone": "+351 234 918 014;+351 919 175 955",
        "website": "https://www.solardoalambique.com"
      }
    },
    {
      "type": "Feature",
      "geometry": {
        "type": "Point",
        "coordinates": [
          -8.3775509,
          40.3869242
        ]
      },
      "properties": {
        "id": 2001367670,
        "osm_type": "node",
        "name": "A Regional",
        "tourism": "hostel"
      }
    },
    {
      "type": "Feature",
      "geometry": {
        "type": "Point",
        "coordinates": [
          -8.4056322,
          40.3854805
        ]
      },
      "properties": {
        "id": 2003123744,
        "osm_type": "node",
        "name": "Mansão Fátima",
        "tourism": "motel"
      }
    },
    {
      "type": "Feature",
      "geometry": {
        "type": "Point",
        "coordinates": [
          -8.4779049,
          40.8393766
        ]
      },
      "properties": {
        "id": 2006251625,
        "osm_type": "node",
        "name": "Residencial La-Salette",
        "tourism": "guest_house"
      }
    },
    {
      "type": "Feature",
      "geometry": {
        "type": "Point",
        "coordinates": [
          -8.4770538,
          40.8381933
        ]
      },
      "properties": {
        "id": 2006275741,
        "osm_type": "node",
        "name": "Anacleto",
        "tourism": "guest_house"
      }
    },
    {
      "type": "Feature",
      "geometry": {
        "type": "Point",
        "coordinates": [
          -8.4803168,
          40.6905624
        ]
      },
      "properties": {
        "id": 2023701550,
        "osm_type": "node",
        "name": "Casa da Alameda",
        "tourism": "hotel"
      }
    },
    {
      "type": "Feature",
      "geometry": {
        "type": "Point",
        "coordinates": [
          -8.41867,
          40.7074326
        ]
      },
      "properties": {
        "id": 2027426972,
        "osm_type": "node",
        "name": "Casa do Guarda",
        "tourism": "alpine_hut"
      }
    },
    {
      "type": "Feature",
      "geometry": {
        "type": "Point",
        "coordinates": [
          -8.3789956,
          40.8447109
        ]
      },
      "properties": {
        "id": 2305462944,
        "osm_type": "node",
        "name": "Estalagem Quinta-Progresso",
        "tourism": "hotel"
      }
    },
    {
      "type": "Feature",
      "geometry": {
        "type": "Point",
        "coordinates": [
          -8.5501821,
          40.6655659
        ]
      },
      "properties": {
        "id": 2373578426,
        "osm_type": "node",
        "name": "Quinta da Vila Francelina",
        "tourism": "hotel"
      }
    },
    {
      "type": "Feature",
      "geometry": {
        "type": "Point",
        "coordinates": [
          -8.5940453,
          40.6790583
        ]
      },
      "properties": {
        "id": 2443082477,
        "osm_type": "node",
        "name": "Hotel João Padeiro",
        "tourism": "hotel"
      }
    },
    {
      "type": "Feature",
      "geometry": {
        "type": "Point",
        "coordinates": [
          -8.6194047,
          40.5916155
        ]
      },
      "properties": {
        "id": 2460971603,
        "osm_type": "node",
        "name": "Residencial João Capela",
        "tourism": "hotel"
      }
    },
    {
      "type": "Feature",
      "geometry": {
        "type": "Point",
        "coordinates": [
          -8.6618659,
          40.5335833
        ]
      },
      "properties": {
        "id": 2462676468,
        "osm_type": "node",
        "name": "Quinta das Azenhas do Boco",
        "tourism": "hotel"
      }
    },
    {
      "type": "Feature",
      "geometry": {
        "type": "Point",
        "coordinates": [
          -8.3842848,
          40.3889584
        ]
      },
      "properties": {
        "id": 2554223482,
        "osm_type": "node",
        "name": "Villa Duparchy",
        "tourism": "hotel",
        "website": "https://www.viladuparchy.com/"
      }
    },
    {
      "type": "Feature",
      "geometry": {
        "type": "Point",
        "coordinates": [
          -8.7068571,
          40.7186349
        ]
      },
      "properties": {
        "id": 2576361590,
        "osm_type": "node",
        "name": "Hotel e Restaurante Jardins da Ria",
        "tourism": "hotel"
      }
    },
    {
      "type": "Feature",
      "geometry": {
        "type": "Point",
        "coordinates": [
          -8.6692103,
          40.6023636
        ]
      },
      "properties": {
        "id": 2615682782,
        "osm_type": "node",
        "name": "Residencial Galera",
        "tourism": "guest_house"
      }
    },
    {
      "type": "Feature",
      "geometry": {
        "type": "Point",
        "coordinates": [
          -8.2871483,
          40.7578761
        ]
      },
      "properties": {
        "id": 2748603105,
        "osm_type": "node",
        "name": "Quinta Chão Fundeiro",
        "tourism": "chalet"
      }
    },
    {
      "type": "Feature",
      "geometry": {
        "type": "Point",
        "coordinates": [
          -8.6532303,
          40.6416803
        ]
      },
      "properties": {
        "id": 2810609704,
        "osm_type": "node",
        "name": "Residencial Estrela",
        "tourism": "hostel"
      }
    },
    {
      "type": "Feature",
      "geometry": {
        "type": "Point",
        "coordinates": [
          -8.6533889,
          40.6418159
        ]
      },
      "properties": {
        "id": 2810637273,
        "osm_type": "node",
        "name": "Residencial José Estêvão",
        "tourism": "hostel"
      }
    },
    {
      "type": "Feature",
      "geometry": {
        "type": "Point",
        "coordinates": [
          -8.6554991,
          40.6430705
        ]
      },
      "properties": {
        "id": 2810638928,
        "osm_type": "node",
        "name": "Casa do Mercado",
        "tourism": "guest_house"
      }
    },
    {
      "type": "Feature",
      "geometry": {
        "type": "Point",
        "coordinates": [
          -8.6532195,
          40.6418471
        ]
      },
      "properties": {
        "id": 2810645230,
        "osm_type": "node",
        "name": "Residencial Beira",
        "tourism": "hostel"
      }
    },
    {
      "type": "Feature",
      "geometry": {
        "type": "Point",
        "coordinates": [
          -8.6532913,
          40.6421704
        ]
      },
      "properties": {
        "id": 2810656432,
        "osm_type": "node",
        "name": "Hospedaria dos Arcos",
        "tourism": "hostel"
      }
    },
    {
      "type": "Feature",
      "geometry": {
        "type": "Point",
        "coordinates": [
          -8.6539544,
          40.6429929
        ]
      },
      "properties": {
        "id": 2810665294,
        "osm_type": "node",
        "name": "Residencial Palmeira",
        "tourism": "hostel"
      }
    },
    {
      "type": "Feature",
      "geometry": {
        "type": "Point",
        "coordinates": [
          -8.6548607,
          40.6422325
        ]
      },
      "properties": {
        "id": 2810679450,
        "osm_type": "node",
        "name": "Pensão Brasileira",
        "tourism": "hostel"
      }
    },
    {
      "type": "Feature",
      "geometry": {
        "type": "Point",
        "coordinates": [
          -8.4432995,
          40.5711059
        ]
      },
      "properties": {
        "id": 2922606381,
        "osm_type": "node",
        "tourism": "caravan_site"
      }
    },
    {
      "type": "Feature",
      "geometry": {
        "type": "Point",
        "coordinates": [
          -8.4647076,
          40.732618
        ]
      },
      "properties": {
        "id": 2937276578,
        "osm_type": "node",
        "name": "Casa dos Ingleses",
        "tourism": "chalet"
      }
    },
    {
      "type": "Feature",
      "geometry": {
        "type": "Point",
        "coordinates": [
          -8.4636186,
          40.7328172
        ]
      },
      "properties": {
        "id": 2937276583,
        "osm_type": "node",
        "name": "Casa dos Ingleses",
        "tourism": "chalet"
      }
    },
    {
      "type": "Feature",
      "geometry": {
        "type": "Point",
        "coordinates": [
          -8.4638439,
          40.7324554
        ]
      },
      "properties": {
        "id": 2937276584,
        "osm_type": "node",
        "name": "Casa dos Ingleses",
        "tourism": "chalet"
      }
    },
    {
      "type": "Feature",
      "geometry": {
        "type": "Point",
        "coordinates": [
          -8.2754548,
          40.6194353
        ]
      },
      "properties": {
        "id": 3198340623,
        "osm_type": "node",
        "name": "Alcôba Antiga",
        "tourism": "chalet",
        "phone": "+351 964 653 375",
        "website": "https://www.facebook.com/alcobantiga"
      }
    },
    {
      "type": "Feature",
      "geometry": {
        "type": "Point",
        "coordinates": [
          -8.2491765,
          40.6153365
        ]
      },
      "properties": {
        "id": 3198358823,
        "osm_type": "node",
        "name": "Alcôba Antiga",
        "tourism": "chalet",
        "phone": "+351964653375",
        "website": "https://www.facebook.com/alcobantiga"
      }
    },
    {
      "type": "Feature",
      "geometry": {
        "type": "Point",
        "coordinates": [
          -8.6574363,
          40.6432692
        ]
      },
      "properties": {
        "id": 3586472460,
        "osm_type": "node",
        "name": "SaberAmar City & Ria",
        "tourism": "guest_house"
      }
    },
    {
      "type": "Feature",
      "geometry": {
        "type": "Point",
        "coordinates": [
          -8.653659,
          40.6393747
        ]
      },
      "properties": {
        "id": 3670567488,
        "osm_type": "node",
        "name": "OC Salon Charm Hostel & Suites",
        "tourism": "hostel"
      }
    },
    {
      "type": "Feature",
      "geometry": {
        "type": "Point",
        "coordinates": [
          -8.4474391,
          40.5283708
        ]
      },
      "properties": {
        "id": 3811082458,
        "osm_type": "node",
        "name": "Motel Primavera",
        "tourism": "motel"
      }
    },
    {
      "type": "Feature",
      "geometry": {
        "type": "Point",
        "coordinates": [
          -8.4474195,
          40.5086941
        ]
      },
      "properties": {
        "id": 3811084312,
        "osm_type": "node",
        "name": "Pensão Parreira",
        "tourism": "guest_house"
      }
    },
    {
      "type": "Feature",
      "geometry": {
        "type": "Point",
        "coordinates": [
          -8.4592404,
          40.5969321
        ]
      },
      "properties": {
        "id": 3811084313,
        "osm_type": "node",
        "name": "Residencial Castro",
        "tourism": "guest_house"
      }
    },
    {
      "type": "Feature",
      "geometry": {
        "type": "Point",
        "coordinates": [
          -8.6454644,
          40.9550022
        ]
      },
      "properties": {
        "id": 4054177034,
        "osm_type": "node",
        "tourism": "guest_house"
      }
    },
    {
      "type": "Feature",
      "geometry": {
        "type": "Point",
        "coordinates": [
          -8.6552927,
          40.9536771
        ]
      },
      "properties": {
        "id": 4054177048,
        "osm_type": "node",
        "name": "Behappy Lodge",
        "tourism": "apartment"
      }
    },
    {
      "type": "Feature",
      "geometry": {
        "type": "Point",
        "coordinates": [
          -8.650679,
          40.6425116
        ]
      },
      "properties": {
        "id": 4134264789,
        "osm_type": "node",
        "name": "Peters Guesthouse",
        "tourism": "guest_house",
        "opening_hours": "24/7",
        "phone": "+351 919 353 135",
        "website": "http://hospedaria-familiar-pt.book.direct/?utm_source=gmb"
      }
    },
    {
      "type": "Feature",
      "geometry": {
        "type": "Point",
        "coordinates": [
          -8.6494693,
          40.6429623
        ]
      },
      "properties": {
        "id": 4315168593,
        "osm_type": "node",
        "name": "Aveiro Guest House",
        "tourism": "guest_house",
        "opening_hours": "Mo-Su 14:00-22:00"
      }
    },
    {
      "type": "Feature",
      "geometry": {
        "type": "Point",
        "coordinates": [
          -8.239952,
          41.0278582
        ]
      },
      "properties": {
        "id": 4354214810,
        "osm_type": "node",
        "name": "Rio Moment's",
        "tourism": "hotel"
      }
    },
    {
      "type": "Feature",
      "geometry": {
        "type": "Point",
        "coordinates": [
          -8.6736459,
          40.8760472
        ]
      },
      "properties": {
        "id": 4356593402,
        "osm_type": "node",
        "tourism": "caravan_site"
      }
    },
    {
      "type": "Feature",
      "geometry": {
        "type": "Point",
        "coordinates": [
          -8.6438591,
          40.9546528
        ]
      },
      "properties": {
        "id": 4378220289,
        "osm_type": "node",
        "tourism": "guest_house"
      }
    },
    {
      "type": "Feature",
      "geometry": {
        "type": "Point",
        "coordinates": [
          -8.6473701,
          40.7301712
        ]
      },
      "properties": {
        "id": 4408071895,
        "osm_type": "node",
        "name": "camperplek",
        "tourism": "caravan_site"
      }
    },
    {
      "type": "Feature",
      "geometry": {
        "type": "Point",
        "coordinates": [
          -8.4500101,
          40.3910415
        ]
      },
      "properties": {
        "id": 4472768077,
        "osm_type": "node",
        "name": "Albergue de Peregrinos",
        "tourism": "hostel",
        "phone": "+351 914 437 715"
      }
    },
    {
      "type": "Feature",
      "geometry": {
        "type": "Point",
        "coordinates": [
          -8.3848294,
          40.6037263
        ]
      },
      "properties": {
        "id": 4638163699,
        "osm_type": "node",
        "name": "Parque de pernoita da Maçoida",
        "tourism": "caravan_site",
        "tents": "no"
      }
    },
    {
      "type": "Feature",
      "geometry": {
        "type": "Point",
        "coordinates": [
          -8.5647705,
          40.918364
        ]
      },
      "properties": {
        "id": 4664184090,
        "osm_type": "node",
        "tourism": "guest_house"
      }
    },
    {
      "type": "Feature",
      "geometry": {
        "type": "Point",
        "coordinates": [
          -8.4801036,
          40.6843004
        ]
      },
      "properties": {
        "id": 4718506496,
        "osm_type": "node",
        "name": "Casa",
        "tourism": "guest_house"
      }
    },
    {
      "type": "Feature",
      "geometry": {
        "type": "Point",
        "coordinates": [
          -8.5028844,
          40.7808977
        ]
      },
      "properties": {
        "id": 4885277217,
        "osm_type": "node",
        "name": "Albergue/Hostel Moinho Garcia",
        "tourism": "hostel"
      }
    },
    {
      "type": "Feature",
      "geometry": {
        "type": "Point",
        "coordinates": [
          -8.6512698,
          40.6354307
        ]
      },
      "properties": {
        "id": 4888379423,
        "osm_type": "node",
        "name": "Aveiro Inn",
        "tourism": "guest_house",
        "opening_hours": "Mo-Su 08:30-18:30",
        "phone": "+351 967 270 309"
      }
    },
    {
      "type": "Feature",
      "geometry": {
        "type": "Point",
        "coordinates": [
          -8.6589872,
          40.6438753
        ]
      },
      "properties": {
        "id": 4928227021,
        "osm_type": "node",
        "name": "Parque de Caravanas",
        "tourism": "caravan_site",
        "tents": "no"
      }
    },
    {
      "type": "Feature",
      "geometry": {
        "type": "Point",
        "coordinates": [
          -8.4494033,
          40.8080886
        ]
      },
      "properties": {
        "id": 4975035310,
        "osm_type": "node",
        "name": "Vale do Rio Hotel Rural",
        "tourism": "hotel",
        "check_date": "2024-05-12"
      }
    },
    {
      "type": "Feature",
      "geometry": {
        "type": "Point",
        "coordinates": [
          -8.3613656,
          40.8554489
        ]
      },
      "properties": {
        "id": 5016462270,
        "osm_type": "node",
        "name": "Casa da Nininha",
        "tourism": "guest_house",
        "contact:website": "http://www.casadanininha.com"
      }
    },
    {
      "type": "Feature",
      "geometry": {
        "type": "Point",
        "coordinates": [
          -8.1885066,
          40.8601621
        ]
      },
      "properties": {
        "id": 5143780421,
        "osm_type": "node",
        "tourism": "alpine_hut"
      }
    },
    {
      "type": "Feature",
      "geometry": {
        "type": "Point",
        "coordinates": [
          -8.4880139,
          40.7356507
        ]
      },
      "properties": {
        "id": 5393417421,
        "osm_type": "node",
        "name": "Albergue Albergaria-a-Nova",
        "tourism": "hostel",
        "opening_hours": "24/7",
        "phone": "+351234547068",
        "website": "http://www.albergaria.eu"
      }
    },
    {
      "type": "Feature",
      "geometry": {
        "type": "Point",
        "coordinates": [
          -8.6414108,
          40.6426052
        ]
      },
      "properties": {
        "id": 5514846626,
        "osm_type": "node",
        "name": "Condomínio Vera Cruz",
        "tourism": "apartment",
        "check_date": "2024-06-21"
      }
    },
    {
      "type": "Feature",
      "geometry": {
        "type": "Point",
        "coordinates": [
          -8.4497175,
          40.3908892
        ]
      },
      "properties": {
        "id": 5549565000,
        "osm_type": "node",
        "tourism": "guest_house"
      }
    },
    {
      "type": "Feature",
      "geometry": {
        "type": "Point",
        "coordinates": [
          -8.450034,
          40.3826253
        ]
      },
      "properties": {
        "id": 5549565014,
        "osm_type": "node",
        "name": "Oasis",
        "tourism": "hotel"
      }
    },
    {
      "type": "Feature",
      "geometry": {
        "type": "Point",
        "coordinates": [
          -8.4922479,
          40.8993861
        ]
      },
      "properties": {
        "id": 5555292797,
        "osm_type": "node",
        "name": "Residencial Solar São João",
        "tourism": "guest_house",
        "phone": "+351 256 202 540",
        "website": "http://solarsaojoao.pai.pt/"
      }
    },
    {
      "type": "Feature",
      "geometry": {
        "type": "Point",
        "coordinates": [
          -8.2554853,
          41.0578271
        ]
      },
      "properties": {
        "id": 5631159067,
        "osm_type": "node",
        "name": "Quinta das Vessadas",
        "tourism": "hotel"
      }
    },
    {
      "type": "Feature",
      "geometry": {
        "type": "Point",
        "coordinates": [
          -8.5372082,
          40.8903552
        ]
      },
      "properties": {
        "id": 5669344221,
        "osm_type": "node",
        "name": "House 126 Ferral",
        "tourism": "apartment",
        "phone": "+351967395793"
      }
    },
    {
      "type": "Feature",
      "geometry": {
        "type": "Point",
        "coordinates": [
          -8.6535152,
          40.6454179
        ]
      },
      "properties": {
        "id": 5703179523,
        "osm_type": "node",
        "name": "Aveiro Mizu",
        "tourism": "guest_house"
      }
    },
    {
      "type": "Feature",
      "geometry": {
        "type": "Point",
        "coordinates": [
          -8.4529648,
          40.3225938
        ]
      },
      "properties": {
        "id": 5750868122,
        "osm_type": "node",
        "name": "star",
        "tourism": "guest_house"
      }
    },
    {
      "type": "Feature",
      "geometry": {
        "type": "Point",
        "coordinates": [
          -8.544652,
          40.9262253
        ]
      },
      "properties": {
        "id": 5868893196,
        "osm_type": "node",
        "name": "Hotel dos Loios",
        "tourism": "hotel",
        "phone": "+351 256 379 570",
        "website": "http://www.hoteldosloios.com",
        "check_date": "2023-02-10"
      }
    },
    {
      "type": "Feature",
      "geometry": {
        "type": "Point",
        "coordinates": [
          -8.4940705,
          40.6300845
        ]
      },
      "properties": {
        "id": 5944905744,
        "osm_type": "node",
        "name": "Quinta da Fontoura",
        "tourism": "hotel",
        "website": "https://quintadafontoura.pt/"
      }
    },
    {
      "type": "Feature",
      "geometry": {
        "type": "Point",
        "coordinates": [
          -8.5611509,
          40.4122362
        ]
      },
      "properties": {
        "id": 6418393905,
        "osm_type": "node",
        "name": "Casa da Eira da Avó Lucinda",
        "tourism": "guest_house"
      }
    },
    {
      "type": "Feature",
      "geometry": {
        "type": "Point",
        "coordinates": [
          -8.5613414,
          40.4120544
        ]
      },
      "properties": {
        "id": 6418393952,
        "osm_type": "node",
        "name": "Casa da Adega",
        "tourism": "guest_house"
      }
    },
    {
      "type": "Feature",
      "geometry": {
        "type": "Point",
        "coordinates": [
          -8.4347939,
          40.8512169
        ]
      },
      "properties": {
        "id": 6536036230,
        "osm_type": "node",
        "name": "Casa da Torre",
        "tourism": "guest_house",
        "contact:phone": "+351 914100663"
      }
    },
    {
      "type": "Feature",
      "geometry": {
        "type": "Point",
        "coordinates": [
          -8.4519341,
          40.3298986
        ]
      },
      "properties": {
        "id": 6735649729,
        "osm_type": "node",
        "tourism": "hotel"
      }
    },
    {
      "type": "Feature",
      "geometry": {
        "type": "Point",
        "coordinates": [
          -8.2662429,
          40.9094051
        ]
      },
      "properties": {
        "id": 6735649732,
        "osm_type": "node",
        "name": "Toutuço",
        "tourism": "hotel"
      }
    },
    {
      "type": "Feature",
      "geometry": {
        "type": "Point",
        "coordinates": [
          -8.4607246,
          41.010621
        ]
      },
      "properties": {
        "id": 6747296727,
        "osm_type": "node",
        "name": "Orchidee apartment",
        "tourism": "apartment",
        "phone": "+351 256 109 480"
      }
    },
    {
      "type": "Feature",
      "geometry": {
        "type": "Point",
        "coordinates": [
          -8.2738122,
          40.6212576
        ]
      },
      "properties": {
        "id": 6792226068,
        "osm_type": "node",
        "name": "Casa do Tear",
        "tourism": "guest_house",
        "phone": "+351 963 468 854",
        "website": "https://www.facebook.com/pg/casatear.macieiraalcoba/about/"
      }
    },
    {
      "type": "Feature",
      "geometry": {
        "type": "Point",
        "coordinates": [
          -8.2739197,
          41.0396814
        ]
      },
      "properties": {
        "id": 7004299781,
        "osm_type": "node",
        "tourism": "caravan_site"
      }
    },
    {
      "type": "Feature",
      "geometry": {
        "type": "Point",
        "coordinates": [
          -8.44624,
          40.7492423
        ]
      },
      "properties": {
        "id": 7232455584,
        "osm_type": "node",
        "tourism": "chalet"
      }
    },
    {
      "type": "Feature",
      "geometry": {
        "type": "Point",
        "coordinates": [
          -8.4463109,
          40.7489448
        ]
      },
      "properties": {
        "id": 7232465186,
        "osm_type": "node",
        "tourism": "chalet"
      }
    },
    {
      "type": "Feature",
      "geometry": {
        "type": "Point",
        "coordinates": [
          -8.445816,
          40.7492831
        ]
      },
      "properties": {
        "id": 7232465187,
        "osm_type": "node",
        "tourism": "chalet"
      }
    },
    {
      "type": "Feature",
      "geometry": {
        "type": "Point",
        "coordinates": [
          -8.4459924,
          40.7485421
        ]
      },
      "properties": {
        "id": 7232465189,
        "osm_type": "node",
        "tourism": "chalet"
      }
    },
    {
      "type": "Feature",
      "geometry": {
        "type": "Point",
        "coordinates": [
          -8.4464296,
          40.7470038
        ]
      },
      "properties": {
        "id": 7232465190,
        "osm_type": "node",
        "tourism": "chalet"
      }
    },
    {
      "type": "Feature",
      "geometry": {
        "type": "Point",
        "coordinates": [
          -8.4464859,
          40.7467366
        ]
      },
      "properties": {
        "id": 7232465191,
        "osm_type": "node",
        "tourism": "chalet"
      }
    },
    {
      "type": "Feature",
      "geometry": {
        "type": "Point",
        "coordinates": [
          -8.446616,
          40.7457175
        ]
      },
      "properties": {
        "id": 7232465193,
        "osm_type": "node",
        "tourism": "chalet"
      }
    },
    {
      "type": "Feature",
      "geometry": {
        "type": "Point",
        "coordinates": [
          -8.4461359,
          40.7452369
        ]
      },
      "properties": {
        "id": 7232465194,
        "osm_type": "node",
        "tourism": "chalet"
      }
    },
    {
      "type": "Feature",
      "geometry": {
        "type": "Point",
        "coordinates": [
          -8.4451473,
          40.7406304
        ]
      },
      "properties": {
        "id": 7232465199,
        "osm_type": "node",
        "tourism": "chalet"
      }
    },
    {
      "type": "Feature",
      "geometry": {
        "type": "Point",
        "coordinates": [
          -8.4467796,
          40.7453878
        ]
      },
      "properties": {
        "id": 7232465210,
        "osm_type": "node",
        "tourism": "chalet"
      }
    },
    {
      "type": "Feature",
      "geometry": {
        "type": "Point",
        "coordinates": [
          -8.4467288,
          40.7452507
        ]
      },
      "properties": {
        "id": 7232465211,
        "osm_type": "node",
        "tourism": "chalet"
      }
    },
    {
      "type": "Feature",
      "geometry": {
        "type": "Point",
        "coordinates": [
          -8.447052,
          40.7456064
        ]
      },
      "properties": {
        "id": 7232465212,
        "osm_type": "node",
        "tourism": "chalet"
      }
    },
    {
      "type": "Feature",
      "geometry": {
        "type": "Point",
        "coordinates": [
          -8.4471638,
          40.7454062
        ]
      },
      "properties": {
        "id": 7232465213,
        "osm_type": "node",
        "tourism": "chalet"
      }
    },
    {
      "type": "Feature",
      "geometry": {
        "type": "Point",
        "coordinates": [
          -8.4471902,
          40.7452722
        ]
      },
      "properties": {
        "id": 7232465214,
        "osm_type": "node",
        "tourism": "chalet"
      }
    },
    {
      "type": "Feature",
      "geometry": {
        "type": "Point",
        "coordinates": [
          -8.4782404,
          40.6922625
        ]
      },
      "properties": {
        "id": 7249612654,
        "osm_type": "node",
        "name": "Estalagem dos Padres",
        "tourism": "hotel"
      }
    },
    {
      "type": "Feature",
      "geometry": {
        "type": "Point",
        "coordinates": [
          -8.2758279,
          40.9390885
        ]
      },
      "properties": {
        "id": 7810175925,
        "osm_type": "node",
        "name": "Hotel Rural Quinta de Novais",
        "tourism": "hotel"
      }
    },
    {
      "type": "Feature",
      "geometry": {
        "type": "Point",
        "coordinates": [
          -8.4606005,
          40.4317248
        ]
      },
      "properties": {
        "id": 7869574155,
        "osm_type": "node",
        "name": "Curia Clube",
        "tourism": "hotel"
      }
    },
    {
      "type": "Feature",
      "geometry": {
        "type": "Point",
        "coordinates": [
          -8.650703,
          40.6435332
        ]
      },
      "properties": {
        "id": 7891773754,
        "osm_type": "node",
        "name": "Baga de Sal Wine Guesthouse",
        "tourism": "guest_house",
        "phone": "+351 234185512",
        "website": "https://bagadesal.com/"
      }
    },
    {
      "type": "Feature",
      "geometry": {
        "type": "Point",
        "coordinates": [
          -8.6450693,
          41.0053987
        ]
      },
      "properties": {
        "id": 8744828392,
        "osm_type": "node",
        "name": "Watermark Surf House",
        "tourism": "hostel",
        "website": "https://www.watermarksurfhouse.com/"
      }
    },
    {
      "type": "Feature",
      "geometry": {
        "type": "Point",
        "coordinates": [
          -8.3698958,
          40.8583877
        ]
      },
      "properties": {
        "id": 8874414888,
        "osm_type": "node",
        "name": "Quinta Anna Horvath",
        "tourism": "guest_house"
      }
    },
    {
      "type": "Feature",
      "geometry": {
        "type": "Point",
        "coordinates": [
          -8.3419842,
          40.8679398
        ]
      },
      "properties": {
        "id": 8976617273,
        "osm_type": "node",
        "name": "Traços D`Outrora",
        "tourism": "hotel"
      }
    },
    {
      "type": "Feature",
      "geometry": {
        "type": "Point",
        "coordinates": [
          -8.3417647,
          40.8678649
        ]
      },
      "properties": {
        "id": 8976617274,
        "osm_type": "node",
        "name": "Casa Paço de Mato",
        "tourism": "hotel"
      }
    },
    {
      "type": "Feature",
      "geometry": {
        "type": "Point",
        "coordinates": [
          -8.4019641,
          40.8387298
        ]
      },
      "properties": {
        "id": 9000981245,
        "osm_type": "node",
        "name": "Casa de Coelhosa",
        "tourism": "apartment"
      }
    },
    {
      "type": "Feature",
      "geometry": {
        "type": "Point",
        "coordinates": [
          -8.2474186,
          40.9288795
        ]
      },
      "properties": {
        "id": 9186494537,
        "osm_type": "node",
        "name": "Centro Vila Apartment",
        "tourism": "apartment",
        "contact:phone": "+351 917 985 880"
      }
    },
    {
      "type": "Feature",
      "geometry": {
        "type": "Point",
        "coordinates": [
          -8.5688492,
          40.6355728
        ]
      },
      "properties": {
        "id": 9273255017,
        "osm_type": "node",
        "tourism": "camp_site",
        "website": "https://escoteirosaveiro.wixsite.com/website"
      }
    },
    {
      "type": "Feature",
      "geometry": {
        "type": "Point",
        "coordinates": [
          -8.6641256,
          40.871037
        ]
      },
      "properties": {
        "id": 9665304817,
        "osm_type": "node",
        "name": "Golden Waves Surf Lodge",
        "tourism": "hostel"
      }
    },
    {
      "type": "Feature",
      "geometry": {
        "type": "Point",
        "coordinates": [
          -8.5477535,
          40.9275411
        ]
      },
      "properties": {
        "id": 9998287886,
        "osm_type": "node",
        "name": "Casa do Viriato",
        "tourism": "guest_house"
      }
    },
    {
      "type": "Feature",
      "geometry": {
        "type": "Point",
        "coordinates": [
          -8.5432704,
          40.926299
        ]
      },
      "properties": {
        "id": 10004719193,
        "osm_type": "node",
        "name": "Residencial Tony",
        "tourism": "guest_house",
        "check_date": "2024-11-13"
      }
    },
    {
      "type": "Feature",
      "geometry": {
        "type": "Point",
        "coordinates": [
          -8.645854,
          41.0057156
        ]
      },
      "properties": {
        "id": 10009634109,
        "osm_type": "node",
        "name": "myHouse - Guest House",
        "tourism": "guest_house",
        "contact:website": "https://www.mycasa.pt/"
      }
    },
    {
      "type": "Feature",
      "geometry": {
        "type": "Point",
        "coordinates": [
          -8.6446955,
          41.0061352
        ]
      },
      "properties": {
        "id": 10011923117,
        "osm_type": "node",
        "name": "Hotel M",
        "tourism": "hotel",
        "contact:phone": "+351 227 347 364;+351 224 092 100"
      }
    },
    {
      "type": "Feature",
      "geometry": {
        "type": "Point",
        "coordinates": [
          -8.6447367,
          41.0042726
        ]
      },
      "properties": {
        "id": 10011923155,
        "osm_type": "node",
        "name": "Why Not Guest House",
        "tourism": "guest_house",
        "opening_hours": "Mo-Su 09:00-20:00"
      }
    },
    {
      "type": "Feature",
      "geometry": {
        "type": "Point",
        "coordinates": [
          -8.6447221,
          41.0036242
        ]
      },
      "properties": {
        "id": 10011923182,
        "osm_type": "node",
        "name": "Alameda Guest House",
        "tourism": "guest_house"
      }
    },
    {
      "type": "Feature",
      "geometry": {
        "type": "Point",
        "coordinates": [
          -8.6454218,
          41.0036412
        ]
      },
      "properties": {
        "id": 10011923189,
        "osm_type": "node",
        "tourism": "guest_house"
      }
    },
    {
      "type": "Feature",
      "geometry": {
        "type": "Point",
        "coordinates": [
          -8.6455855,
          41.0033879
        ]
      },
      "properties": {
        "id": 10013520386,
        "osm_type": "node",
        "tourism": "guest_house"
      }
    },
    {
      "type": "Feature",
      "geometry": {
        "type": "Point",
        "coordinates": [
          -8.6460635,
          41.0015365
        ]
      },
      "properties": {
        "id": 10016723695,
        "osm_type": "node",
        "name": "A&Z",
        "tourism": "guest_house"
      }
    },
    {
      "type": "Feature",
      "geometry": {
        "type": "Point",
        "coordinates": [
          -8.5186427,
          40.9563504
        ]
      },
      "properties": {
        "id": 10019510487,
        "osm_type": "node",
        "name": "Residencial Solar",
        "tourism": "guest_house"
      }
    },
    {
      "type": "Feature",
      "geometry": {
        "type": "Point",
        "coordinates": [
          -8.6458223,
          41.0059044
        ]
      },
      "properties": {
        "id": 10045459096,
        "osm_type": "node",
        "name": "myCasa - GuestHouse - Villa Mar Lateral",
        "tourism": "guest_house",
        "contact:website": "https://www.mycasa.pt/"
      }
    },
    {
      "type": "Feature",
      "geometry": {
        "type": "Point",
        "coordinates": [
          -8.6458711,
          41.0059041
        ]
      },
      "properties": {
        "id": 10045459097,
        "osm_type": "node",
        "name": "myCasa - GuestHouse - Villa Frente Praia",
        "tourism": "guest_house",
        "contact:website": "https://www.mycasa.pt/"
      }
    },
    {
      "type": "Feature",
      "geometry": {
        "type": "Point",
        "coordinates": [
          -8.676969,
          40.8727319
        ]
      },
      "properties": {
        "id": 10049432420,
        "osm_type": "node",
        "name": "Marias Hostel & Surf",
        "tourism": "hostel"
      }
    },
    {
      "type": "Feature",
      "geometry": {
        "type": "Point",
        "coordinates": [
          -8.4265064,
          40.3981699
        ]
      },
      "properties": {
        "id": 10067088917,
        "osm_type": "node",
        "name": "Quinta das Orquídeas",
        "tourism": "guest_house"
      }
    },
    {
      "type": "Feature",
      "geometry": {
        "type": "Point",
        "coordinates": [
          -8.6391343,
          40.6430421
        ]
      },
      "properties": {
        "id": 10298274018,
        "osm_type": "node",
        "tourism": "caravan_site"
      }
    },
    {
      "type": "Feature",
      "geometry": {
        "type": "Point",
        "coordinates": [
          -8.553035,
          40.7707357
        ]
      },
      "properties": {
        "id": 10563325116,
        "osm_type": "node",
        "tourism": "caravan_site"
      }
    },
    {
      "type": "Feature",
      "geometry": {
        "type": "Point",
        "coordinates": [
          -8.662056,
          40.596778
        ]
      },
      "properties": {
        "id": 10769048671,
        "osm_type": "node",
        "name": "Stellplatz São Salvador/Ilhávo",
        "tourism": "caravan_site"
      }
    },
    {
      "type": "Feature",
      "geometry": {
        "type": "Point",
        "coordinates": [
          -8.5666029,
          40.7538151
        ]
      },
      "properties": {
        "id": 10769083963,
        "osm_type": "node",
        "tourism": "caravan_site"
      }
    },
    {
      "type": "Feature",
      "geometry": {
        "type": "Point",
        "coordinates": [
          -8.645561,
          41.0051086
        ]
      },
      "properties": {
        "id": 11081337914,
        "osm_type": "node",
        "name": "MyCasa - Guest House",
        "tourism": "guest_house",
        "website": "https://www.mycasa.pt/"
      }
    },
    {
      "type": "Feature",
      "geometry": {
        "type": "Point",
        "coordinates": [
          -8.6560687,
          40.9417139
        ]
      },
      "properties": {
        "id": 11136350058,
        "osm_type": "node",
        "tourism": "apartment"
      }
    },
    {
      "type": "Feature",
      "geometry": {
        "type": "Point",
        "coordinates": [
          -8.6584005,
          40.9408398
        ]
      },
      "properties": {
        "id": 11139281384,
        "osm_type": "node",
        "name": "Apartamentos Vista Mare",
        "tourism": "hotel"
      }
    },
    {
      "type": "Feature",
      "geometry": {
        "type": "Point",
        "coordinates": [
          -8.6581774,
          40.9408258
        ]
      },
      "properties": {
        "id": 11141023507,
        "osm_type": "node",
        "tourism": "apartment",
        "check_date": "2023-08-24"
      }
    },
    {
      "type": "Feature",
      "geometry": {
        "type": "Point",
        "coordinates": [
          -8.4928154,
          40.8991242
        ]
      },
      "properties": {
        "id": 11177325928,
        "osm_type": "node",
        "name": "Hotel A.S. São João da Madeira",
        "tourism": "hotel",
        "phone": "+351 256 836 100",
        "website": "https://www.hotel-as-sjmadeira.com/"
      }
    },
    {
      "type": "Feature",
      "geometry": {
        "type": "Point",
        "coordinates": [
          -8.6344036,
          40.77522
        ]
      },
      "properties": {
        "id": 11688203731,
        "osm_type": "node",
        "name": "Casa Da Noquinhas",
        "tourism": "guest_house"
      }
    },
    {
      "type": "Feature",
      "geometry": {
        "type": "Point",
        "coordinates": [
          -8.6453283,
          40.9595477
        ]
      },
      "properties": {
        "id": 11688225537,
        "osm_type": "node",
        "name": "Beachwalk guesthouse",
        "tourism": "guest_house"
      }
    },
    {
      "type": "Feature",
      "geometry": {
        "type": "Point",
        "coordinates": [
          -8.6416081,
          40.6442076
        ]
      },
      "properties": {
        "id": 11739203397,
        "osm_type": "node",
        "name": "Residencial Santa Joana",
        "tourism": "guest_house"
      }
    },
    {
      "type": "Feature",
      "geometry": {
        "type": "Point",
        "coordinates": [
          -8.2831497,
          40.8640294
        ]
      },
      "properties": {
        "id": 11891315545,
        "osm_type": "node",
        "name": "Hotel Rural da Freita",
        "tourism": "hotel",
        "website": "https://hotelruraldafreita.pt"
      }
    },
    {
      "type": "Feature",
      "geometry": {
        "type": "Point",
        "coordinates": [
          -8.6353391,
          40.9628385
        ]
      },
      "properties": {
        "id": 12001337339,
        "osm_type": "node",
        "name": "Cork Train Station Guesthouse",
        "tourism": "guest_house",
        "phone": "+351 919768672;+351 916518558",
        "website": "https://www.corktrainstation.com/"
      }
    },
    {
      "type": "Feature",
      "geometry": {
        "type": "Point",
        "coordinates": [
          -8.48599,
          40.8535145
        ]
      },
      "properties": {
        "id": 12119184901,
        "osm_type": "node",
        "name": "Quintinha de Santiago",
        "tourism": "apartment"
      }
    },
    {
      "type": "Feature",
      "geometry": {
        "type": "Point",
        "coordinates": [
          -8.3611411,
          40.9855904
        ]
      },
      "properties": {
        "id": 12138738295,
        "osm_type": "node",
        "name": "Quintinha",
        "tourism": "guest_house",
        "phone": "+351 919 062 197",
        "website": "https://www.alojamentoquintinha.com/"
      }
    },
    {
      "type": "Feature",
      "geometry": {
        "type": "Point",
        "coordinates": [
          -8.6416832,
          41.0086078
        ]
      },
      "properties": {
        "id": 12209452431,
        "osm_type": "node",
        "name": "Hotel Nova Residencial Espinho",
        "tourism": "hotel"
      }
    },
    {
      "type": "Feature",
      "geometry": {
        "type": "Point",
        "coordinates": [
          -8.6420034,
          41.0084426
        ]
      },
      "properties": {
        "id": 12209452447,
        "osm_type": "node",
        "name": "Residencial Espinho",
        "tourism": "guest_house"
      }
    },
    {
      "type": "Feature",
      "geometry": {
        "type": "Point",
        "coordinates": [
          -8.6457784,
          41.0078555
        ]
      },
      "properties": {
        "id": 12212575206,
        "osm_type": "node",
        "tourism": "guest_house"
      }
    },
    {
      "type": "Feature",
      "geometry": {
        "type": "Point",
        "coordinates": [
          -8.4859287,
          40.7632559
        ]
      },
      "properties": {
        "id": 12297430590,
        "osm_type": "node",
        "name": "Casa Católico",
        "tourism": "hostel",
        "phone": "+351 916 571 106"
      }
    },
    {
      "type": "Feature",
      "geometry": {
        "type": "Point",
        "coordinates": [
          -8.4959223,
          40.8942455
        ]
      },
      "properties": {
        "id": 12299790345,
        "osm_type": "node",
        "name": "Agocida da Santa Casa da Misericórdia",
        "tourism": "guest_house",
        "phone": "+351 256 837 240",
        "website": "https://misericordiasjm.org/"
      }
    },
    {
      "type": "Feature",
      "geometry": {
        "type": "Point",
        "coordinates": [
          -8.4388792,
          40.8577049
        ]
      },
      "properties": {
        "id": 12410473869,
        "osm_type": "node",
        "name": "A Casa do Rego",
        "tourism": "guest_house",
        "website": "https://acasadorego.com/"
      }
    },
    {
      "type": "Feature",
      "geometry": {
        "type": "Point",
        "coordinates": [
          -8.4942769,
          40.8681402
        ]
      },
      "properties": {
        "id": 12445586623,
        "osm_type": "node",
        "name": "Albergue do Apeadeiro",
        "tourism": "hostel",
        "phone": "+351 914 920 501",
        "website": "www.alberguedoapeadeiro.pt"
      }
    },
    {
      "type": "Feature",
      "geometry": {
        "type": "Point",
        "coordinates": [
          -8.641313,
          40.6442048
        ]
      },
      "properties": {
        "id": 12492654489,
        "osm_type": "node",
        "name": "Tricana de Aveiro - Alojamento",
        "tourism": "guest_house"
      }
    },
    {
      "type": "Feature",
      "geometry": {
        "type": "Point",
        "coordinates": [
          -8.6418349,
          40.6440959
        ]
      },
      "properties": {
        "id": 12492654491,
        "osm_type": "node",
        "tourism": "hostel"
      }
    },
    {
      "type": "Feature",
      "geometry": {
        "type": "Point",
        "coordinates": [
          -8.6424278,
          40.6439791
        ]
      },
      "properties": {
        "id": 12492654504,
        "osm_type": "node",
        "name": "Dona Dolores House",
        "tourism": "guest_house"
      }
    },
    {
      "type": "Feature",
      "geometry": {
        "type": "Point",
        "coordinates": [
          -8.3575674,
          40.7081647
        ]
      },
      "properties": {
        "id": 12509183362,
        "osm_type": "node",
        "name": "Cantinho dos Avós - Country House",
        "tourism": "apartment"
      }
    },
    {
      "type": "Feature",
      "geometry": {
        "type": "Point",
        "coordinates": [
          -8.3613737,
          40.7024761
        ]
      },
      "properties": {
        "id": 12509183364,
        "osm_type": "node",
        "name": "Encosta dos Túneis - Turismo e Lazer",
        "tourism": "hotel"
      }
    },
    {
      "type": "Feature",
      "geometry": {
        "type": "Point",
        "coordinates": [
          -8.6478113,
          40.6295278
        ]
      },
      "properties": {
        "id": 12513251099,
        "osm_type": "node",
        "name": "Residencial S. Sebastião",
        "tourism": "guest_house"
      }
    },
    {
      "type": "Feature",
      "geometry": {
        "type": "Point",
        "coordinates": [
          -8.3645921,
          40.7197279
        ]
      },
      "properties": {
        "id": 12519236142,
        "osm_type": "node",
        "name": "Quinta do Cabeço Trigal",
        "tourism": "hotel"
      }
    },
    {
      "type": "Feature",
      "geometry": {
        "type": "Point",
        "coordinates": [
          -8.3190574,
          40.6564004
        ]
      },
      "properties": {
        "id": 12542214170,
        "osm_type": "node",
        "name": "Hotel Rural Vilarinho",
        "tourism": "hotel",
        "phone": "+351234568203"
      }
    },
    {
      "type": "Feature",
      "geometry": {
        "type": "Point",
        "coordinates": [
          -8.3473046,
          40.6527254
        ]
      },
      "properties": {
        "id": 12543443284,
        "osm_type": "node",
        "name": "Quinta da Gaiya",
        "tourism": "hotel"
      }
    },
    {
      "type": "Feature",
      "geometry": {
        "type": "Point",
        "coordinates": [
          -8.3307971,
          40.6653024
        ]
      },
      "properties": {
        "id": 12553580234,
        "osm_type": "node",
        "name": "Casas da Videira",
        "tourism": "hotel"
      }
    },
    {
      "type": "Feature",
      "geometry": {
        "type": "Point",
        "coordinates": [
          -8.5372834,
          40.9786597
        ]
      },
      "properties": {
        "id": 12645746538,
        "osm_type": "node",
        "name": "Bombeiros Voluntários de Lourosa",
        "tourism": "hostel"
      }
    },
    {
      "type": "Feature",
      "geometry": {
        "type": "Point",
        "coordinates": [
          -8.4833522,
          40.8290032
        ]
      },
      "properties": {
        "id": 12645863425,
        "osm_type": "node",
        "name": "Bombeiros Voluntários de Oliveira de Azeméis",
        "tourism": "hostel",
        "phone": "+351 256 682 122"
      }
    },
    {
      "type": "Feature",
      "geometry": {
        "type": "Point",
        "coordinates": [
          -8.4511582,
          40.5821973
        ]
      },
      "properties": {
        "id": 12646694507,
        "osm_type": "node",
        "name": "Albergue de Peregrinos Santo António de Águeda/Celeste",
        "tourism": "hostel",
        "phone": "+351 234 602 871",
        "website": "https://www.alberguedeagueda.com/pt/index"
      }
    },
    {
      "type": "Feature",
      "geometry": {
        "type": "Point",
        "coordinates": [
          -8.6068399,
          40.8675681
        ]
      },
      "properties": {
        "id": 12660137045,
        "osm_type": "node",
        "name": "Vintage Balcony - Guest House",
        "tourism": "guest_house",
        "contact:website": "https://www.vintagebalcony.com"
      }
    },
    {
      "type": "Feature",
      "geometry": {
        "type": "Point",
        "coordinates": [
          -8.3705195,
          40.7320459
        ]
      },
      "properties": {
        "id": 12753929062,
        "osm_type": "node",
        "name": "Casa da Aldeia, Turismo de Habitação",
        "tourism": "hotel"
      }
    },
    {
      "type": "Feature",
      "geometry": {
        "type": "Point",
        "coordinates": [
          -8.3682936,
          40.7338934
        ]
      },
      "properties": {
        "id": 12753929064,
        "osm_type": "node",
        "name": "Santiago Family House",
        "tourism": "hotel",
        "phone": "+351 960 214 241"
      }
    },
    {
      "type": "Feature",
      "geometry": {
        "type": "Point",
        "coordinates": [
          -8.3685773,
          40.7339102
        ]
      },
      "properties": {
        "id": 12753929065,
        "osm_type": "node",
        "name": "Vouga hostel & suites",
        "tourism": "hotel"
      }
    },
    {
      "type": "Feature",
      "geometry": {
        "type": "Point",
        "coordinates": [
          -8.6416822,
          40.6441331
        ]
      },
      "properties": {
        "id": 12816915001,
        "osm_type": "node",
        "name": "Soldouro",
        "tourism": "guest_house"
      }
    },
    {
      "type": "Feature",
      "geometry": {
        "type": "Point",
        "coordinates": [
          -8.2471299,
          40.9276381
        ]
      },
      "properties": {
        "id": 12833363004,
        "osm_type": "node",
        "name": "Mosteiro de Arouca",
        "tourism": "hotel",
        "phone": "+351256245534",
        "website": "https://www.mscollection.pt/arouca"
      }
    },
    {
      "type": "Feature",
      "geometry": {
        "type": "Point",
        "coordinates": [
          -8.3710015,
          40.7335378
        ]
      },
      "properties": {
        "id": 12833959760,
        "osm_type": "node",
        "name": "Casinha da Avó Ana",
        "tourism": "apartment"
      }
    },
    {
      "type": "Feature",
      "geometry": {
        "type": "Point",
        "coordinates": [
          -8.3929389,
          40.7630829
        ]
      },
      "properties": {
        "id": 13015074844,
        "osm_type": "node",
        "name": "Quinta da Gândara",
        "tourism": "guest_house",
        "website": "http://quintagandara.pt/"
      }
    },
    {
      "type": "Feature",
      "geometry": {
        "type": "Point",
        "coordinates": [
          -8.6523536,
          40.6321693
        ]
      },
      "properties": {
        "id": 13043309289,
        "osm_type": "node",
        "name": "Pousada da Juventude - Aveiro",
        "tourism": "hostel"
      }
    },
    {
      "type": "Feature",
      "geometry": {
        "type": "Point",
        "coordinates": [
          -8.313793,
          40.7464019
        ]
      },
      "properties": {
        "id": 13069583795,
        "osm_type": "node",
        "name": "Casa do Gresso",
        "tourism": "guest_house"
      }
    },
    {
      "type": "Feature",
      "geometry": {
        "type": "Point",
        "coordinates": [
          -8.3012056,
          40.7502798
        ]
      },
      "properties": {
        "id": 13070928463,
        "osm_type": "node",
        "name": "Quinta da Olga - Alojamento Local",
        "tourism": "guest_house"
      }
    },
    {
      "type": "Feature",
      "geometry": {
        "type": "Point",
        "coordinates": [
          -8.3021979,
          40.7511502
        ]
      },
      "properties": {
        "id": 13070928464,
        "osm_type": "node",
        "name": "Casa do Bouço Velho - Alojamento Local",
        "tourism": "guest_house"
      }
    },
    {
      "type": "Feature",
      "geometry": {
        "type": "Point",
        "coordinates": [
          -8.3031027,
          40.7518605
        ]
      },
      "properties": {
        "id": 13070928465,
        "osm_type": "node",
        "name": "CASA SOBREIROS | Sever de Vouga",
        "tourism": "guest_house"
      }
    },
    {
      "type": "Feature",
      "geometry": {
        "type": "Point",
        "coordinates": [
          -8.2849228,
          40.9205082
        ]
      },
      "properties": {
        "id": 13093065922,
        "osm_type": "node",
        "name": "Casinha à Porta",
        "tourism": "apartment"
      }
    },
    {
      "type": "Feature",
      "geometry": {
        "type": "Point",
        "coordinates": [
          -8.2849058,
          40.9201963
        ]
      },
      "properties": {
        "id": 13093070444,
        "osm_type": "node",
        "name": "Quinta das Ameixas",
        "tourism": "apartment"
      }
    },
    {
      "type": "Feature",
      "geometry": {
        "type": "Point",
        "coordinates": [
          -8.3070332,
          40.7570524
        ]
      },
      "properties": {
        "id": 13155140785,
        "osm_type": "node",
        "name": "Casa Santo Hilário",
        "tourism": "apartment"
      }
    },
    {
      "type": "Feature",
      "geometry": {
        "type": "Point",
        "coordinates": [
          -8.3055622,
          40.7580298
        ]
      },
      "properties": {
        "id": 13155140802,
        "osm_type": "node",
        "name": "Quinta do Cabeço",
        "tourism": "apartment"
      }
    },
    {
      "type": "Feature",
      "geometry": {
        "type": "Point",
        "coordinates": [
          -8.6477473,
          40.6419913
        ]
      },
      "properties": {
        "id": 13184109501,
        "osm_type": "node",
        "name": "Hotel do Mercado",
        "tourism": "hotel"
      }
    },
    {
      "type": "Feature",
      "geometry": {
        "type": "Point",
        "coordinates": [
          -8.3598417,
          40.7397476
        ]
      },
      "properties": {
        "id": 13254377933,
        "osm_type": "node",
        "name": "Casa Maria Gata A.L.",
        "tourism": "guest_house"
      }
    },
    {
      "type": "Feature",
      "geometry": {
        "type": "Point",
        "coordinates": [
          -8.5064623,
          40.5260778
        ]
      },
      "properties": {
        "id": 13372130283,
        "osm_type": "node",
        "name": "Residencial Estância",
        "tourism": "guest_house"
      }
    },
    {
      "type": "Feature",
      "geometry": {
        "type": "Point",
        "coordinates": [
          -8.4459677,
          40.5722339
        ]
      },
      "properties": {
        "id": 100682380,
        "osm_type": "way",
        "name": "Hostel and Friends",
        "tourism": "hostel"
      }
    },
    {
      "type": "Feature",
      "geometry": {
        "type": "Point",
        "coordinates": [
          -8.7434435,
          40.6390042
        ]
      },
      "properties": {
        "id": 104683407,
        "osm_type": "way",
        "name": "Parque de Campismo da Barra",
        "tourism": "camp_site",
        "opening_hours": "24/7",
        "tents": "yes",
        "contact:phone": "+351 234 369425",
        "contact:website": "https://campingbarra.com/"
      }
    },
    {
      "type": "Feature",
      "geometry": {
        "type": "Point",
        "coordinates": [
          -8.2418343,
          40.9296513
        ]
      },
      "properties": {
        "id": 107882861,
        "osm_type": "way",
        "name": "Hotel São Pedro",
        "tourism": "hotel",
        "contact:phone": "+351 256 944 580;+351 939 100 743",
        "website": "https://www.hotelspedro.com/"
      }
    },
    {
      "type": "Feature",
      "geometry": {
        "type": "Point",
        "coordinates": [
          -8.6513819,
          40.9507241
        ]
      },
      "properties": {
        "id": 108597017,
        "osm_type": "way",
        "name": "Parque de Campismo de Esmoriz",
        "tourism": "camp_site",
        "contact:phone": "+351 256 752 709",
        "contact:website": "https://ccporto.pt/esmoriz",
        "check_date": "2022-12-01"
      }
    },
    {
      "type": "Feature",
      "geometry": {
        "type": "Point",
        "coordinates": [
          -8.6364116,
          41.0133557
        ]
      },
      "properties": {
        "id": 109585506,
        "osm_type": "way",
        "name": "Parque Municipal de Campismo de Espinho",
        "tourism": "camp_site",
        "tents": "yes",
        "phone": "+351 227 335 871"
      }
    },
    {
      "type": "Feature",
      "geometry": {
        "type": "Point",
        "coordinates": [
          -8.4082144,
          40.3722139
        ]
      },
      "properties": {
        "id": 109898270,
        "osm_type": "way",
        "name": "Solar da Vacariça",
        "tourism": "hotel"
      }
    },
    {
      "type": "Feature",
      "geometry": {
        "type": "Point",
        "coordinates": [
          -8.4495561,
          40.3927105
        ]
      },
      "properties": {
        "id": 110942982,
        "osm_type": "way",
        "name": "Best Western - Quinta dos Três Pinheiros",
        "tourism": "hotel"
      }
    },
    {
      "type": "Feature",
      "geometry": {
        "type": "Point",
        "coordinates": [
          -8.7668108,
          40.5650854
        ]
      },
      "properties": {
        "id": 114730588,
        "osm_type": "way",
        "tourism": "caravan_site"
      }
    },
    {
      "type": "Feature",
      "geometry": {
        "type": "Point",
        "coordinates": [
          -8.4511718,
          40.5820497
        ]
      },
      "properties": {
        "id": 119702374,
        "osm_type": "way",
        "name": "Residencial Celeste",
        "tourism": "hotel"
      }
    },
    {
      "type": "Feature",
      "geometry": {
        "type": "Point",
        "coordinates": [
          -8.5389261,
          40.9215032
        ]
      },
      "properties": {
        "id": 125165239,
        "osm_type": "way",
        "name": "Inatel Santa Maria da Feira",
        "tourism": "hotel",
        "contact:phone": "+351 256372048",
        "contact:website": "https://hoteis.inatel.pt/pt/Menu/Hoteis-Alojamento/Natureza/Santa-Maria-da-Feira/Santa-Maria-da-Feira.aspx"
      }
    },
    {
      "type": "Feature",
      "geometry": {
        "type": "Point",
        "coordinates": [
          -8.4644797,
          40.42691
        ]
      },
      "properties": {
        "id": 129471498,
        "osm_type": "way",
        "name": "Hotel das Termas - Curia, Termas, Spa & Golf",
        "tourism": "hotel"
      }
    },
    {
      "type": "Feature",
      "geometry": {
        "type": "Point",
        "coordinates": [
          -8.6815837,
          40.5535974
        ]
      },
      "properties": {
        "id": 131358252,
        "osm_type": "way",
        "name": "Hotel Santiago",
        "tourism": "hotel",
        "contact:website": "https://hotelsantiago.com.pt/"
      }
    },
    {
      "type": "Feature",
      "geometry": {
        "type": "Point",
        "coordinates": [
          -8.5613331,
          40.7577301
        ]
      },
      "properties": {
        "id": 134486088,
        "osm_type": "way",
        "name": "LAM Hotels",
        "tourism": "hotel"
      }
    },
    {
      "type": "Feature",
      "geometry": {
        "type": "Point",
        "coordinates": [
          -8.5565298,
          40.6855079
        ]
      },
      "properties": {
        "id": 134682595,
        "osm_type": "way",
        "name": "Motel Eclipse",
        "tourism": "motel"
      }
    },
    {
      "type": "Feature",
      "geometry": {
        "type": "Point",
        "coordinates": [
          -8.6536073,
          40.6416746
        ]
      },
      "properties": {
        "id": 135671736,
        "osm_type": "way",
        "name": "Hotel Aveiro Palace",
        "tourism": "hotel",
        "phone": "+351 234421885",
        "website": "https://www.hotelaveiropalace.com/"
      }
    },
    {
      "type": "Feature",
      "geometry": {
        "type": "Point",
        "coordinates": [
          -8.6573801,
          40.9377597
        ]
      },
      "properties": {
        "id": 137045408,
        "osm_type": "way",
        "name": "Parque de Campismo de Cortegaça",
        "tourism": "camp_site",
        "tents": "yes"
      }
    },
    {
      "type": "Feature",
      "geometry": {
        "type": "Point",
        "coordinates": [
          -8.6450211,
          40.6384692
        ]
      },
      "properties": {
        "id": 137338405,
        "osm_type": "way",
        "name": "Mélia Ria Hotel & Spa",
        "tourism": "hotel",
        "phone": "+351 234401000",
        "website": "https://www.meliaria.com"
      }
    },
    {
      "type": "Feature",
      "geometry": {
        "type": "Point",
        "coordinates": [
          -8.7025223,
          40.76257
        ]
      },
      "properties": {
        "id": 141542316,
        "osm_type": "way",
        "name": "Parque de Campismo da Torreira",
        "tourism": "camp_site",
        "contact:phone": "+351 234 838 397",
        "contact:website": "https://www.arpurocampings.com"
      }
    },
    {
      "type": "Feature",
      "geometry": {
        "type": "Point",
        "coordinates": [
          -8.4382381,
          40.5744512
        ]
      },
      "properties": {
        "id": 157373755,
        "osm_type": "way",
        "name": "In Gold Hotel & Spa",
        "tourism": "hotel"
      }
    },
    {
      "type": "Feature",
      "geometry": {
        "type": "Point",
        "coordinates": [
          -8.6231172,
          40.9977961
        ]
      },
      "properties": {
        "id": 158563723,
        "osm_type": "way",
        "name": "Pousada da Juventude Espinho",
        "tourism": "hostel"
      }
    },
    {
      "type": "Feature",
      "geometry": {
        "type": "Point",
        "coordinates": [
          -8.3865326,
          40.3824231
        ]
      },
      "properties": {
        "id": 160370623,
        "osm_type": "way",
        "name": "Parque de Campismo de Luso",
        "tourism": "camp_site"
      }
    },
    {
      "type": "Feature",
      "geometry": {
        "type": "Point",
        "coordinates": [
          -8.4891156,
          40.8898622
        ]
      },
      "properties": {
        "id": 162025142,
        "osm_type": "way",
        "name": "Rua Comendador Raínho",
        "tourism": "apartment"
      }
    },
    {
      "type": "Feature",
      "geometry": {
        "type": "Point",
        "coordinates": [
          -8.6433151,
          40.6443439
        ]
      },
      "properties": {
        "id": 168733240,
        "osm_type": "way",
        "name": "Hotel Veneza",
        "tourism": "hotel",
        "phone": "+351 234404400",
        "website": "https://www.venezahotel.pt/"
      }
    },
    {
      "type": "Feature",
      "geometry": {
        "type": "Point",
        "coordinates": [
          -8.7200101,
          40.6806983
        ]
      },
      "properties": {
        "id": 180987263,
        "osm_type": "way",
        "name": "Parque de Campismo Municipal de Aveiro (São Jacinto) (fechado para obras)",
        "tourism": "camp_site",
        "tents": "yes",
        "contact:phone": "+351 234 331 220"
      }
    },
    {
      "type": "Feature",
      "geometry": {
        "type": "Point",
        "coordinates": [
          -8.7367994,
          40.668994
        ]
      },
      "properties": {
        "id": 181068891,
        "osm_type": "way",
        "name": "CENFA - Centro Nacional de Formação Ambiental de São Jacinto",
        "tourism": "camp_site"
      }
    },
    {
      "type": "Feature",
      "geometry": {
        "type": "Point",
        "coordinates": [
          -8.6085798,
          40.6503403
        ]
      },
      "properties": {
        "id": 181344341,
        "osm_type": "way",
        "name": "A Talha",
        "tourism": "hostel"
      }
    },
    {
      "type": "Feature",
      "geometry": {
        "type": "Point",
        "coordinates": [
          -8.4395893,
          40.4366048
        ]
      },
      "properties": {
        "id": 182172822,
        "osm_type": "way",
        "name": "Hotel do Cabecinho",
        "tourism": "hotel"
      }
    },
    {
      "type": "Feature",
      "geometry": {
        "type": "Point",
        "coordinates": [
          -8.4614964,
          40.423719
        ]
      },
      "properties": {
        "id": 185289184,
        "osm_type": "way",
        "name": "Palace Hotel da Curia",
        "tourism": "hotel"
      }
    },
    {
      "type": "Feature",
      "geometry": {
        "type": "Point",
        "coordinates": [
          -8.3774724,
          40.3847394
        ]
      },
      "properties": {
        "id": 189537038,
        "osm_type": "way",
        "name": "Pensão Astória",
        "tourism": "hotel"
      }
    },
    {
      "type": "Feature",
      "geometry": {
        "type": "Point",
        "coordinates": [
          -8.2914537,
          40.8735263
        ]
      },
      "properties": {
        "id": 192090262,
        "osm_type": "way",
        "name": "Parque de Campismo do Merujal",
        "tourism": "camp_site",
        "opening_hours": "closed",
        "website": "http://naturveredas.com/"
      }
    },
    {
      "type": "Feature",
      "geometry": {
        "type": "Point",
        "coordinates": [
          -8.4709908,
          40.6775361
        ]
      },
      "properties": {
        "id": 192770734,
        "osm_type": "way",
        "name": "Hotel Alameda",
        "tourism": "motel"
      }
    },
    {
      "type": "Feature",
      "geometry": {
        "type": "Point",
        "coordinates": [
          -8.69509,
          40.767988
        ]
      },
      "properties": {
        "id": 197701561,
        "osm_type": "way",
        "name": "Estalagem Riabela",
        "tourism": "hotel"
      }
    },
    {
      "type": "Feature",
      "geometry": {
        "type": "Point",
        "coordinates": [
          -8.6227876,
          40.8597046
        ]
      },
      "properties": {
        "id": 203009445,
        "osm_type": "way",
        "name": "Ovar Charm Apartments",
        "tourism": "apartment"
      }
    },
    {
      "type": "Feature",
      "geometry": {
        "type": "Point",
        "coordinates": [
          -8.6446603,
          41.0073754
        ]
      },
      "properties": {
        "id": 210901019,
        "osm_type": "way",
        "name": "Mar Azul",
        "tourism": "hotel",
        "contact:website": "http://grupomhoteis.pt/hotel-mar-azul/"
      }
    },
    {
      "type": "Feature",
      "geometry": {
        "type": "Point",
        "coordinates": [
          -8.7044066,
          40.7523106
        ]
      },
      "properties": {
        "id": 217364254,
        "osm_type": "way",
        "name": "Colónia de Férias da Torreira",
        "tourism": "hostel"
      }
    },
    {
      "type": "Feature",
      "geometry": {
        "type": "Point",
        "coordinates": [
          -8.3768381,
          40.8478255
        ]
      },
      "properties": {
        "id": 221494613,
        "osm_type": "way",
        "name": "Solar das Laranjeiras",
        "tourism": "hotel",
        "contact:phone": "+351 256 423 977",
        "contact:website": "http://www.solardaslaranjeiras.pt/"
      }
    },
    {
      "type": "Feature",
      "geometry": {
        "type": "Point",
        "coordinates": [
          -8.3788902,
          40.8447637
        ]
      },
      "properties": {
        "id": 221517268,
        "osm_type": "way",
        "name": "Estalagem Quinta - Progresso",
        "tourism": "hotel",
        "website": "http://www.quintaprogresso.com/"
      }
    },
    {
      "type": "Feature",
      "geometry": {
        "type": "Point",
        "coordinates": [
          -8.2962831,
          40.811825
        ]
      },
      "properties": {
        "id": 221831257,
        "osm_type": "way",
        "tourism": "guest_house"
      }
    },
    {
      "type": "Feature",
      "geometry": {
        "type": "Point",
        "coordinates": [
          -8.7120981,
          40.7603026
        ]
      },
      "properties": {
        "id": 232900860,
        "osm_type": "way",
        "name": "See U Inn Torreira - Hotel",
        "tourism": "hotel"
      }
    },
    {
      "type": "Feature",
      "geometry": {
        "type": "Point",
        "coordinates": [
          -8.743687,
          40.5584821
        ]
      },
      "properties": {
        "id": 237264505,
        "osm_type": "way",
        "name": "Parque de Campismo da Vagueira",
        "tourism": "camp_site",
        "tents": "yes"
      }
    },
    {
      "type": "Feature",
      "geometry": {
        "type": "Point",
        "coordinates": [
          -8.6470833,
          40.6372069
        ]
      },
      "properties": {
        "id": 237407525,
        "osm_type": "way",
        "name": "Hotel Afonso V",
        "tourism": "hotel",
        "phone": "+351 234 425191",
        "website": "https://www.hotelafonsov.pt/"
      }
    },
    {
      "type": "Feature",
      "geometry": {
        "type": "Point",
        "coordinates": [
          -8.5149511,
          40.5717394
        ]
      },
      "properties": {
        "id": 239624442,
        "osm_type": "way",
        "name": "Estalagem da Pateira",
        "tourism": "hotel"
      }
    },
    {
      "type": "Feature",
      "geometry": {
        "type": "Point",
        "coordinates": [
          -8.459672,
          40.4773689
        ]
      },
      "properties": {
        "id": 242286115,
        "osm_type": "way",
        "name": "Estalagem de Sangalhos",
        "tourism": "hotel"
      }
    },
    {
      "type": "Feature",
      "geometry": {
        "type": "Point",
        "coordinates": [
          -8.4971306,
          40.4372712
        ]
      },
      "properties": {
        "id": 243346681,
        "osm_type": "way",
        "name": "Quinta de São Lourenço",
        "tourism": "hotel"
      }
    },
    {
      "type": "Feature",
      "geometry": {
        "type": "Point",
        "coordinates": [
          -8.6525996,
          40.6396052
        ]
      },
      "properties": {
        "id": 243900486,
        "osm_type": "way",
        "name": "Hotel Imperial",
        "tourism": "hotel",
        "check_date": "2024-04-06"
      }
    },
    {
      "type": "Feature",
      "geometry": {
        "type": "Point",
        "coordinates": [
          -8.7012501,
          40.4599458
        ]
      },
      "properties": {
        "id": 245041506,
        "osm_type": "way",
        "name": "Hotel Albergaria Quinta do Éden",
        "tourism": "hotel"
      }
    },
    {
      "type": "Feature",
      "geometry": {
        "type": "Point",
        "coordinates": [
          -8.378215,
          40.3842623
        ]
      },
      "properties": {
        "id": 247296235,
        "osm_type": "way",
        "name": "Grande Hotel de Luso",
        "tourism": "hotel"
      }
    },
    {
      "type": "Feature",
      "geometry": {
        "type": "Point",
        "coordinates": [
          -8.3765481,
          40.3829769
        ]
      },
      "properties": {
        "id": 247602792,
        "osm_type": "way",
        "name": "Pensão Imperial",
        "tourism": "hotel"
      }
    },
    {
      "type": "Feature",
      "geometry": {
        "type": "Point",
        "coordinates": [
          -8.3758845,
          40.3855005
        ]
      },
      "properties": {
        "id": 247619906,
        "osm_type": "way",
        "name": "Inatel de Luso",
        "tourism": "hotel"
      }
    },
    {
      "type": "Feature",
      "geometry": {
        "type": "Point",
        "coordinates": [
          -8.37747,
          40.3828285
        ]
      },
      "properties": {
        "id": 247666042,
        "osm_type": "way",
        "name": "Hotel Alegre",
        "tourism": "hotel"
      }
    },
    {
      "type": "Feature",
      "geometry": {
        "type": "Point",
        "coordinates": [
          -8.3767571,
          40.382686
        ]
      },
      "properties": {
        "id": 247667308,
        "osm_type": "way",
        "name": "Hotel Central",
        "tourism": "hotel"
      }
    },
    {
      "type": "Feature",
      "geometry": {
        "type": "Point",
        "coordinates": [
          -8.3763847,
          40.3826379
        ]
      },
      "properties": {
        "id": 247667347,
        "osm_type": "way",
        "name": "Hotel Eden",
        "tourism": "hotel"
      }
    },
    {
      "type": "Feature",
      "geometry": {
        "type": "Point",
        "coordinates": [
          -8.3803685,
          40.3838559
        ]
      },
      "properties": {
        "id": 247676359,
        "osm_type": "way",
        "name": "Hotel Vila Aurora",
        "tourism": "hotel"
      }
    },
    {
      "type": "Feature",
      "geometry": {
        "type": "Point",
        "coordinates": [
          -8.3782249,
          40.3845159
        ]
      },
      "properties": {
        "id": 248480534,
        "osm_type": "way",
        "name": "Grande Hotel de Luso",
        "tourism": "hotel"
      }
    },
    {
      "type": "Feature",
      "geometry": {
        "type": "Point",
        "coordinates": [
          -8.3853472,
          40.3890121
        ]
      },
      "properties": {
        "id": 248663298,
        "osm_type": "way",
        "tourism": "hotel"
      }
    },
    {
      "type": "Feature",
      "geometry": {
        "type": "Point",
        "coordinates": [
          -8.566484,
          40.7852328
        ]
      },
      "properties": {
        "id": 251015564,
        "osm_type": "way",
        "name": "Hospedaria La Mirandeza",
        "tourism": "hotel"
      }
    },
    {
      "type": "Feature",
      "geometry": {
        "type": "Point",
        "coordinates": [
          -8.613444,
          40.9107075
        ]
      },
      "properties": {
        "id": 251647200,
        "osm_type": "way",
        "name": "Motel Dunas",
        "tourism": "motel"
      }
    },
    {
      "type": "Feature",
      "geometry": {
        "type": "Point",
        "coordinates": [
          -8.6686783,
          40.8787807
        ]
      },
      "properties": {
        "id": 251704089,
        "osm_type": "way",
        "name": "Parque de Campismo do Furadouro",
        "tourism": "camp_site"
      }
    },
    {
      "type": "Feature",
      "geometry": {
        "type": "Point",
        "coordinates": [
          -8.4845976,
          40.7053266
        ]
      },
      "properties": {
        "id": 251819446,
        "osm_type": "way",
        "name": "Hotel Ribeirotel",
        "tourism": "hotel"
      }
    },
    {
      "type": "Feature",
      "geometry": {
        "type": "Point",
        "coordinates": [
          -8.6755638,
          40.8752599
        ]
      },
      "properties": {
        "id": 252010241,
        "osm_type": "way",
        "name": "Furadouro Boutique Hotel Beach & SPA",
        "tourism": "hotel",
        "contact:phone": "+351 256590090"
      }
    },
    {
      "type": "Feature",
      "geometry": {
        "type": "Point",
        "coordinates": [
          -8.6236251,
          40.8598984
        ]
      },
      "properties": {
        "id": 263969070,
        "osm_type": "way",
        "name": "Aqua Hotel",
        "tourism": "hotel"
      }
    },
    {
      "type": "Feature",
      "geometry": {
        "type": "Point",
        "coordinates": [
          -8.3777392,
          40.7717102
        ]
      },
      "properties": {
        "id": 273950396,
        "osm_type": "way",
        "name": "Quinta do Engenho - Ecoparque",
        "tourism": "hotel"
      }
    },
    {
      "type": "Feature",
      "geometry": {
        "type": "Point",
        "coordinates": [
          -8.6987306,
          40.7190169
        ]
      },
      "properties": {
        "id": 284544094,
        "osm_type": "way",
        "name": "Pousada da Ria",
        "tourism": "hotel"
      }
    },
    {
      "type": "Feature",
      "geometry": {
        "type": "Point",
        "coordinates": [
          -8.7123111,
          40.623959
        ]
      },
      "properties": {
        "id": 286097802,
        "osm_type": "way",
        "name": "Parque de Campismo da Gafanha",
        "tourism": "camp_site"
      }
    },
    {
      "type": "Feature",
      "geometry": {
        "type": "Point",
        "coordinates": [
          -8.7526234,
          40.5996106
        ]
      },
      "properties": {
        "id": 301852970,
        "osm_type": "way",
        "name": "Costa Nova",
        "tourism": "camp_site",
        "tents": "yes",
        "phone": "+351 234 393 220",
        "website": "https://campingcostanova.com/"
      }
    },
    {
      "type": "Feature",
      "geometry": {
        "type": "Point",
        "coordinates": [
          -8.5260029,
          40.5684911
        ]
      },
      "properties": {
        "id": 327966524,
        "osm_type": "way",
        "name": "Residencial Ferpenta",
        "tourism": "hotel"
      }
    },
    {
      "type": "Feature",
      "geometry": {
        "type": "Point",
        "coordinates": [
          -8.5606669,
          40.9253942
        ]
      },
      "properties": {
        "id": 345544610,
        "osm_type": "way",
        "name": "Hotel Nova Cruz",
        "tourism": "hotel"
      }
    },
    {
      "type": "Feature",
      "geometry": {
        "type": "Point",
        "coordinates": [
          -8.7469318,
          40.643125
        ]
      },
      "properties": {
        "id": 353879492,
        "osm_type": "way",
        "name": "Hotel Farol",
        "tourism": "hotel"
      }
    },
    {
      "type": "Feature",
      "geometry": {
        "type": "Point",
        "coordinates": [
          -8.7000513,
          40.7618675
        ]
      },
      "properties": {
        "id": 356257937,
        "osm_type": "way",
        "name": "Restaurante \"O Veleiro\"",
        "tourism": "hotel",
        "opening_hours": "Th-Tu 09:00-01:00"
      }
    },
    {
      "type": "Feature",
      "geometry": {
        "type": "Point",
        "coordinates": [
          -8.6335034,
          40.8347187
        ]
      },
      "properties": {
        "id": 361488510,
        "osm_type": "way",
        "name": "Be and See in Nature",
        "tourism": "chalet",
        "phone": "+351 932 817 414",
        "website": "http://beandseeinnature.pt/"
      }
    },
    {
      "type": "Feature",
      "geometry": {
        "type": "Point",
        "coordinates": [
          -8.6453909,
          40.8712242
        ]
      },
      "properties": {
        "id": 377934349,
        "osm_type": "way",
        "name": "Pausada de Juventude de Ovar",
        "tourism": "hostel"
      }
    },
    {
      "type": "Feature",
      "geometry": {
        "type": "Point",
        "coordinates": [
          -8.4511035,
          40.3327609
        ]
      },
      "properties": {
        "id": 385517029,
        "osm_type": "way",
        "name": "Principe Encantado",
        "tourism": "motel"
      }
    },
    {
      "type": "Feature",
      "geometry": {
        "type": "Point",
        "coordinates": [
          -8.4962432,
          40.4369487
        ]
      },
      "properties": {
        "id": 385659770,
        "osm_type": "way",
        "name": "Quinta de São Lourenço",
        "tourism": "hotel"
      }
    },
    {
      "type": "Feature",
      "geometry": {
        "type": "Point",
        "coordinates": [
          -8.3506853,
          41.0376914
        ]
      },
      "properties": {
        "id": 386823180,
        "osm_type": "way",
        "name": "Eurostars Rio Douro",
        "tourism": "hotel",
        "check_date": "2025-04-17"
      }
    },
    {
      "type": "Feature",
      "geometry": {
        "type": "Point",
        "coordinates": [
          -8.6756123,
          40.8722901
        ]
      },
      "properties": {
        "id": 390492450,
        "osm_type": "way",
        "name": "Furadouro Terrace Hostel",
        "tourism": "hostel",
        "phone": "+351 256385367"
      }
    },
    {
      "type": "Feature",
      "geometry": {
        "type": "Point",
        "coordinates": [
          -8.6253184,
          40.9571181
        ]
      },
      "properties": {
        "id": 414165872,
        "osm_type": "way",
        "name": "Hotel La Fontaine",
        "tourism": "hotel",
        "contact:phone": "+351 256 185 482",
        "contact:website": "www.lafontaine-hotel.com"
      }
    },
    {
      "type": "Feature",
      "geometry": {
        "type": "Point",
        "coordinates": [
          -8.4467762,
          40.571846
        ]
      },
      "properties": {
        "id": 417399288,
        "osm_type": "way",
        "name": "Hostel XPT",
        "tourism": "hostel"
      }
    },
    {
      "type": "Feature",
      "geometry": {
        "type": "Point",
        "coordinates": [
          -8.4543507,
          40.50636
        ]
      },
      "properties": {
        "id": 419044093,
        "osm_type": "way",
        "name": "Parque de Campismo de Aguada de Baixo",
        "tourism": "camp_site"
      }
    },
    {
      "type": "Feature",
      "geometry": {
        "type": "Point",
        "coordinates": [
          -8.6475898,
          40.6429856
        ]
      },
      "properties": {
        "id": 433242483,
        "osm_type": "way",
        "name": "Welcome In",
        "tourism": "hotel",
        "phone": "+351 234 346 030;+351 234 346 038",
        "website": "https://www.welcomein.pt/"
      }
    },
    {
      "type": "Feature",
      "geometry": {
        "type": "Point",
        "coordinates": [
          -8.6179241,
          40.8612654
        ]
      },
      "properties": {
        "id": 435779607,
        "osm_type": "way",
        "name": "Meia Lua",
        "tourism": "hotel"
      }
    },
    {
      "type": "Feature",
      "geometry": {
        "type": "Point",
        "coordinates": [
          -8.5728155,
          40.929086
        ]
      },
      "properties": {
        "id": 440119176,
        "osm_type": "way",
        "name": "Ibis",
        "tourism": "hotel",
        "contact:phone": "+351 256 307 040",
        "contact:website": "https://all.accor.com/hotel/1729/index.pt.shtml",
        "check_date": "2024-05-02"
      }
    },
    {
      "type": "Feature",
      "geometry": {
        "type": "Point",
        "coordinates": [
          -8.4567888,
          40.595111
        ]
      },
      "properties": {
        "id": 440506103,
        "osm_type": "way",
        "name": "Residencial e Restaurante O Trindade",
        "tourism": "guest_house"
      }
    },
    {
      "type": "Feature",
      "geometry": {
        "type": "Point",
        "coordinates": [
          -8.7664088,
          40.5646473
        ]
      },
      "properties": {
        "id": 485660095,
        "osm_type": "way",
        "name": "Slide Surfcamp",
        "tourism": "hotel"
      }
    },
    {
      "type": "Feature",
      "geometry": {
        "type": "Point",
        "coordinates": [
          -8.6755473,
          40.8701473
        ]
      },
      "properties": {
        "id": 493432693,
        "osm_type": "way",
        "name": "Cool and Sea Beach House",
        "tourism": "guest_house"
      }
    },
    {
      "type": "Feature",
      "geometry": {
        "type": "Point",
        "coordinates": [
          -8.6559406,
          40.6419304
        ]
      },
      "properties": {
        "id": 542351231,
        "osm_type": "way",
        "name": "Hotel Moliceiro",
        "tourism": "hotel",
        "phone": "+351 234377400",
        "website": "https://www.hotelmoliceiro.pt/"
      }
    },
    {
      "type": "Feature",
      "geometry": {
        "type": "Point",
        "coordinates": [
          -8.6461016,
          40.6442723
        ]
      },
      "properties": {
        "id": 597507181,
        "osm_type": "way",
        "name": "Hotel As Américas",
        "tourism": "hotel"
      }
    },
    {
      "type": "Feature",
      "geometry": {
        "type": "Point",
        "coordinates": [
          -8.5424944,
          40.9261859
        ]
      },
      "properties": {
        "id": 622806369,
        "osm_type": "way",
        "name": "Os Vinte",
        "tourism": "hostel",
        "check_date": "2024-09-18"
      }
    },
    {
      "type": "Feature",
      "geometry": {
        "type": "Point",
        "coordinates": [
          -8.5420361,
          40.9253138
        ]
      },
      "properties": {
        "id": 623893086,
        "osm_type": "way",
        "name": "Hostel da Praça",
        "tourism": "hostel"
      }
    },
    {
      "type": "Feature",
      "geometry": {
        "type": "Point",
        "coordinates": [
          -8.7184423,
          40.7026269
        ]
      },
      "properties": {
        "id": 639363275,
        "osm_type": "way",
        "name": "Parque de Campismo Orbitur de São Jacinto",
        "tourism": "camp_site",
        "contact:phone": "+351 234 838 284"
      }
    },
    {
      "type": "Feature",
      "geometry": {
        "type": "Point",
        "coordinates": [
          -8.7718891,
          40.5497033
        ]
      },
      "properties": {
        "id": 647422433,
        "osm_type": "way",
        "tourism": "caravan_site"
      }
    },
    {
      "type": "Feature",
      "geometry": {
        "type": "Point",
        "coordinates": [
          -8.658442,
          40.9426067
        ]
      },
      "properties": {
        "id": 653130215,
        "osm_type": "way",
        "name": "Santos Beach House - Alojamento Local",
        "tourism": "guest_house"
      }
    },
    {
      "type": "Feature",
      "geometry": {
        "type": "Point",
        "coordinates": [
          -8.6348814,
          40.8013261
        ]
      },
      "properties": {
        "id": 760412975,
        "osm_type": "way",
        "tourism": "caravan_site"
      }
    },
    {
      "type": "Feature",
      "geometry": {
        "type": "Point",
        "coordinates": [
          -8.3357616,
          40.7208234
        ]
      },
      "properties": {
        "id": 776950884,
        "osm_type": "way",
        "name": "Villa De Paçô",
        "tourism": "chalet"
      }
    },
    {
      "type": "Feature",
      "geometry": {
        "type": "Point",
        "coordinates": [
          -8.481962,
          40.6890359
        ]
      },
      "properties": {
        "id": 777174292,
        "osm_type": "way",
        "name": "Albergue de Peregrinos Rainha Dona Teresa",
        "tourism": "hostel",
        "phone": "+351 234 529 754"
      }
    },
    {
      "type": "Feature",
      "geometry": {
        "type": "Point",
        "coordinates": [
          -8.6847578,
          40.5890191
        ]
      },
      "properties": {
        "id": 788668450,
        "osm_type": "way",
        "name": "Montebelo Vista Alegre Ílhavo Hotel",
        "tourism": "hotel",
        "phone": "+351 234 241 630",
        "website": "https://montebelohotels.com/montebelo-vista-alegre-ilhavo-hotel/pt/home"
      }
    },
    {
      "type": "Feature",
      "geometry": {
        "type": "Point",
        "coordinates": [
          -8.6494162,
          40.6429244
        ]
      },
      "properties": {
        "id": 815086045,
        "osm_type": "way",
        "tourism": "apartment"
      }
    },
    {
      "type": "Feature",
      "geometry": {
        "type": "Point",
        "coordinates": [
          -8.2912118,
          40.920979
        ]
      },
      "properties": {
        "id": 832482978,
        "osm_type": "way",
        "name": "Quinta de Cela",
        "tourism": "hotel"
      }
    },
    {
      "type": "Feature",
      "geometry": {
        "type": "Point",
        "coordinates": [
          -8.6729112,
          40.60314
        ]
      },
      "properties": {
        "id": 833648142,
        "osm_type": "way",
        "name": "Hotel de Ílhavo",
        "tourism": "hotel",
        "phone": "+351 234 329 860",
        "website": "https://www.hotelilhavoplaza.com/"
      }
    },
    {
      "type": "Feature",
      "geometry": {
        "type": "Point",
        "coordinates": [
          -8.5008454,
          40.967349
        ]
      },
      "properties": {
        "id": 839035549,
        "osm_type": "way",
        "name": "Pensão São Jorge",
        "tourism": "guest_house"
      }
    },
    {
      "type": "Feature",
      "geometry": {
        "type": "Point",
        "coordinates": [
          -8.5014048,
          40.9667399
        ]
      },
      "properties": {
        "id": 839040214,
        "osm_type": "way",
        "name": "Encosta do Uíma Guest House",
        "tourism": "guest_house"
      }
    },
    {
      "type": "Feature",
      "geometry": {
        "type": "Point",
        "coordinates": [
          -8.5005453,
          40.9689462
        ]
      },
      "properties": {
        "id": 839041071,
        "osm_type": "way",
        "name": "Estação do Parque",
        "tourism": "hostel"
      }
    },
    {
      "type": "Feature",
      "geometry": {
        "type": "Point",
        "coordinates": [
          -8.3175264,
          40.8934185
        ]
      },
      "properties": {
        "id": 839827448,
        "osm_type": "way",
        "name": "VistaFreita",
        "tourism": "guest_house",
        "phone": "+351 919 019 289",
        "website": "http://www.portoenorte.pt/pt/horeca/detalhe.php?alojamento=1&id=3838"
      }
    },
    {
      "type": "Feature",
      "geometry": {
        "type": "Point",
        "coordinates": [
          -8.4988868,
          40.9696804
        ]
      },
      "properties": {
        "id": 839828960,
        "osm_type": "way",
        "name": "Casa do Campo",
        "tourism": "guest_house",
        "phone": "+351256192117",
        "check_date": "2024-09-10"
      }
    },
    {
      "type": "Feature",
      "geometry": {
        "type": "Point",
        "coordinates": [
          -8.6464898,
          40.6365411
        ]
      },
      "properties": {
        "id": 847788007,
        "osm_type": "way",
        "name": "Hotel Jardim",
        "tourism": "hotel",
        "phone": "+351 234 426514",
        "website": "https://www.hoteljardim.pt/"
      }
    },
    {
      "type": "Feature",
      "geometry": {
        "type": "Point",
        "coordinates": [
          -8.2650205,
          40.9929705
        ]
      },
      "properties": {
        "id": 871257317,
        "osm_type": "way",
        "name": "Quinta do Moinho",
        "tourism": "apartment"
      }
    },
    {
      "type": "Feature",
      "geometry": {
        "type": "Point",
        "coordinates": [
          -8.2375264,
          41.0395338
        ]
      },
      "properties": {
        "id": 871257322,
        "osm_type": "way",
        "name": "Quinta da Fisga",
        "tourism": "apartment"
      }
    },
    {
      "type": "Feature",
      "geometry": {
        "type": "Point",
        "coordinates": [
          -8.4807672,
          40.9188309
        ]
      },
      "properties": {
        "id": 871352023,
        "osm_type": "way",
        "name": "Quinta do Seixal - Villa Near Porto",
        "tourism": "apartment"
      }
    },
    {
      "type": "Feature",
      "geometry": {
        "type": "Point",
        "coordinates": [
          -8.489993,
          40.9035234
        ]
      },
      "properties": {
        "id": 912812342,
        "osm_type": "way",
        "name": "Palacete Conde Dias Gracia",
        "tourism": "hotel",
        "website": "https://www.melia.com/pt/hoteis/portugal/sao-joao-da-madeira/hotel-sao-joao-da-madeira-6698"
      }
    },
    {
      "type": "Feature",
      "geometry": {
        "type": "Point",
        "coordinates": [
          -8.3531138,
          40.8509444
        ]
      },
      "properties": {
        "id": 959056157,
        "osm_type": "way",
        "name": "Casa da Giesta",
        "tourism": "guest_house"
      }
    },
    {
      "type": "Feature",
      "geometry": {
        "type": "Point",
        "coordinates": [
          -8.3613765,
          40.8555037
        ]
      },
      "properties": {
        "id": 959103724,
        "osm_type": "way",
        "name": "Casa da Nininha",
        "tourism": "guest_house"
      }
    },
    {
      "type": "Feature",
      "geometry": {
        "type": "Point",
        "coordinates": [
          -8.2758837,
          40.9392323
        ]
      },
      "properties": {
        "id": 963045996,
        "osm_type": "way",
        "tourism": "hotel"
      }
    },
    {
      "type": "Feature",
      "geometry": {
        "type": "Point",
        "coordinates": [
          -8.3024939,
          40.8355684
        ]
      },
      "properties": {
        "id": 972598278,
        "osm_type": "way",
        "name": "Greenval Parque",
        "tourism": "camp_site"
      }
    },
    {
      "type": "Feature",
      "geometry": {
        "type": "Point",
        "coordinates": [
          -8.4969823,
          40.4370738
        ]
      },
      "properties": {
        "id": 972909095,
        "osm_type": "way",
        "tourism": "apartment"
      }
    },
    {
      "type": "Feature",
      "geometry": {
        "type": "Point",
        "coordinates": [
          -8.2400038,
          41.0278656
        ]
      },
      "properties": {
        "id": 979678363,
        "osm_type": "way",
        "tourism": "guest_house"
      }
    },
    {
      "type": "Feature",
      "geometry": {
        "type": "Point",
        "coordinates": [
          -8.4066738,
          40.9559974
        ]
      },
      "properties": {
        "id": 1025463509,
        "osm_type": "way",
        "name": "Casa do Castelo",
        "tourism": "apartment"
      }
    },
    {
      "type": "Feature",
      "geometry": {
        "type": "Point",
        "coordinates": [
          -8.579989,
          40.9388419
        ]
      },
      "properties": {
        "id": 1053968014,
        "osm_type": "way",
        "name": "DS lusopark",
        "tourism": "hotel"
      }
    },
    {
      "type": "Feature",
      "geometry": {
        "type": "Point",
        "coordinates": [
          -8.5132027,
          40.9506145
        ]
      },
      "properties": {
        "id": 1053993868,
        "osm_type": "way",
        "name": "Pedra Bela",
        "tourism": "hotel",
        "website": "https://hotelpedrabela.com/"
      }
    },
    {
      "type": "Feature",
      "geometry": {
        "type": "Point",
        "coordinates": [
          -8.3705031,
          40.9901921
        ]
      },
      "properties": {
        "id": 1054764208,
        "osm_type": "way",
        "name": "Cancela House",
        "tourism": "apartment"
      }
    },
    {
      "type": "Feature",
      "geometry": {
        "type": "Point",
        "coordinates": [
          -8.2635625,
          41.0527426
        ]
      },
      "properties": {
        "id": 1062118093,
        "osm_type": "way",
        "name": "Out of Town Hostel",
        "tourism": "apartment"
      }
    },
    {
      "type": "Feature",
      "geometry": {
        "type": "Point",
        "coordinates": [
          -8.4814978,
          40.3727149
        ]
      },
      "properties": {
        "id": 1091389944,
        "osm_type": "way",
        "name": "Vinyl M Hotel Design Inn",
        "tourism": "hotel"
      }
    },
    {
      "type": "Feature",
      "geometry": {
        "type": "Point",
        "coordinates": [
          -8.5333303,
          40.9029285
        ]
      },
      "properties": {
        "id": 1092413886,
        "osm_type": "way",
        "name": "Quinta Padre Lobo",
        "tourism": "guest_house"
      }
    },
    {
      "type": "Feature",
      "geometry": {
        "type": "Point",
        "coordinates": [
          -8.6447561,
          41.0031805
        ]
      },
      "properties": {
        "id": 1093208405,
        "osm_type": "way",
        "name": "Surf House",
        "tourism": "guest_house",
        "website": "https://www.greencoast.online/surfhouse"
      }
    },
    {
      "type": "Feature",
      "geometry": {
        "type": "Point",
        "coordinates": [
          -8.4683955,
          40.9166312
        ]
      },
      "properties": {
        "id": 1095215951,
        "osm_type": "way",
        "name": "Casa Soares",
        "tourism": "guest_house"
      }
    },
    {
      "type": "Feature",
      "geometry": {
        "type": "Point",
        "coordinates": [
          -8.4998904,
          40.9588536
        ]
      },
      "properties": {
        "id": 1095217407,
        "osm_type": "way",
        "name": "Casa do Engenho - Casa de Campo",
        "tourism": "guest_house"
      }
    },
    {
      "type": "Feature",
      "geometry": {
        "type": "Point",
        "coordinates": [
          -8.6452782,
          41.0094576
        ]
      },
      "properties": {
        "id": 1095680506,
        "osm_type": "way",
        "name": "Hotel Praia Golfe",
        "tourism": "hotel",
        "contact:phone": "+351 227 331 000",
        "contact:website": "www.praiagolfe.com"
      }
    },
    {
      "type": "Feature",
      "geometry": {
        "type": "Point",
        "coordinates": [
          -8.5728201,
          41.0130051
        ]
      },
      "properties": {
        "id": 1097094213,
        "osm_type": "way",
        "tourism": "motel"
      }
    },
    {
      "type": "Feature",
      "geometry": {
        "type": "Point",
        "coordinates": [
          -8.5725361,
          41.0130597
        ]
      },
      "properties": {
        "id": 1097094214,
        "osm_type": "way",
        "tourism": "motel"
      }
    },
    {
      "type": "Feature",
      "geometry": {
        "type": "Point",
        "coordinates": [
          -8.2472577,
          40.9328973
        ]
      },
      "properties": {
        "id": 1117579577,
        "osm_type": "way",
        "name": "Villa Tavares Suítes",
        "tourism": "guest_house"
      }
    },
    {
      "type": "Feature",
      "geometry": {
        "type": "Point",
        "coordinates": [
          -8.4856919,
          40.8945121
        ]
      },
      "properties": {
        "id": 1188240737,
        "osm_type": "way",
        "name": "Hotel Golden Tulip",
        "tourism": "hotel",
        "phone": "+351 256 106 700",
        "website": "https://sao-joao-madeira.goldentulip.com/"
      }
    },
    {
      "type": "Feature",
      "geometry": {
        "type": "Point",
        "coordinates": [
          -8.2511941,
          40.9261542
        ]
      },
      "properties": {
        "id": 1202020637,
        "osm_type": "way",
        "tourism": "caravan_site"
      }
    },
    {
      "type": "Feature",
      "geometry": {
        "type": "Point",
        "coordinates": [
          -8.16585,
          40.9661694
        ]
      },
      "properties": {
        "id": 1210780055,
        "osm_type": "way",
        "name": "Quinta de Alvarenga",
        "tourism": "hotel",
        "website": "https://sites.google.com/view/quinta-de-alvarenga/"
      }
    },
    {
      "type": "Feature",
      "geometry": {
        "type": "Point",
        "coordinates": [
          -8.6358483,
          41.0149112
        ]
      },
      "properties": {
        "id": 1226261926,
        "osm_type": "way",
        "name": "Hotel Monte Lírio",
        "tourism": "hotel",
        "phone": "+351 227 327 300",
        "website": "https://www.monteliriohotel.pt/"
      }
    },
    {
      "type": "Feature",
      "geometry": {
        "type": "Point",
        "coordinates": [
          -8.6644698,
          40.6461229
        ]
      },
      "properties": {
        "id": 1274658443,
        "osm_type": "way",
        "name": "Ninho do Sal",
        "tourism": "chalet",
        "contact:website": "https://ostraveiro.com/ninho-do-sal/"
      }
    },
    {
      "type": "Feature",
      "geometry": {
        "type": "Point",
        "coordinates": [
          -8.6649912,
          40.6458522
        ]
      },
      "properties": {
        "id": 1274658444,
        "osm_type": "way",
        "name": "Boat House Gold Experience",
        "tourism": "chalet",
        "contact:website": "https://ostraveiro.com/alojamento/"
      }
    },
    {
      "type": "Feature",
      "geometry": {
        "type": "Point",
        "coordinates": [
          -8.6649299,
          40.6458971
        ]
      },
      "properties": {
        "id": 1274658445,
        "osm_type": "way",
        "name": "Boat House Gold Experience",
        "tourism": "chalet",
        "contact:website": "https://ostraveiro.com/alojamento/"
      }
    },
    {
      "type": "Feature",
      "geometry": {
        "type": "Point",
        "coordinates": [
          -8.6575349,
          40.6466554
        ]
      },
      "properties": {
        "id": 1274658447,
        "osm_type": "way",
        "name": "Barcos Casa Aveiro",
        "tourism": "chalet",
        "contact:website": "https://www.aveiroemotions.com/pt/experiencias/urban-beach-noeirinha.html"
      }
    },
    {
      "type": "Feature",
      "geometry": {
        "type": "Point",
        "coordinates": [
          -8.3638846,
          40.7257927
        ]
      },
      "properties": {
        "id": 1324734233,
        "osm_type": "way",
        "name": "Brasil Quartos",
        "tourism": "hotel"
      }
    },
    {
      "type": "Feature",
      "geometry": {
        "type": "Point",
        "coordinates": [
          -8.5726612,
          41.0130958
        ]
      },
      "properties": {
        "id": 1331451873,
        "osm_type": "way",
        "name": "Motel Emoções",
        "tourism": "motel"
      }
    },
    {
      "type": "Feature",
      "geometry": {
        "type": "Point",
        "coordinates": [
          -8.4861663,
          40.8532463
        ]
      },
      "properties": {
        "id": 1349795646,
        "osm_type": "way",
        "name": "Quintinha de Santiago",
        "tourism": "guest_house"
      }
    },
    {
      "type": "Feature",
      "geometry": {
        "type": "Point",
        "coordinates": [
          -8.5279268,
          40.8910203
        ]
      },
      "properties": {
        "id": 1367093638,
        "osm_type": "way",
        "name": "Quinta do Bicho",
        "tourism": "chalet"
      }
    },
    {
      "type": "Feature",
      "geometry": {
        "type": "Point",
        "coordinates": [
          -8.6387914,
          41.0088804
        ]
      },
      "properties": {
        "id": 1374837040,
        "osm_type": "way",
        "name": "Hotel The Twenty Two",
        "tourism": "hotel"
      }
    },
    {
      "type": "Feature",
      "geometry": {
        "type": "Point",
        "coordinates": [
          -8.1587642,
          40.9681994
        ]
      },
      "properties": {
        "id": 1409933176,
        "osm_type": "way",
        "name": "Alvarenga Apartments",
        "tourism": "apartment"
      }
    },
    {
      "type": "Feature",
      "geometry": {
        "type": "Point",
        "coordinates": [
          -8.1761174,
          40.974576
        ]
      },
      "properties": {
        "id": 1409935254,
        "osm_type": "way",
        "name": "Paiva Valley",
        "tourism": "apartment",
        "website": "https://paivavalley.com/"
      }
    },
    {
      "type": "Feature",
      "geometry": {
        "type": "Point",
        "coordinates": [
          -8.1670307,
          40.9713009
        ]
      },
      "properties": {
        "id": 1409935257,
        "osm_type": "way",
        "name": "Casa Noronha Lima",
        "tourism": "hotel",
        "website": "https://www.casanoronhalima.pt/"
      }
    },
    {
      "type": "Feature",
      "geometry": {
        "type": "Point",
        "coordinates": [
          -8.489752,
          40.9039288
        ]
      },
      "properties": {
        "id": 1423606924,
        "osm_type": "way",
        "tourism": "hotel"
      }
    },
    {
      "type": "Feature",
      "geometry": {
        "type": "Point",
        "coordinates": [
          -8.4900559,
          40.9036784
        ]
      },
      "properties": {
        "id": 1423613409,
        "osm_type": "way",
        "name": "Hotel Meliá São João da Madeira",
        "tourism": "hotel",
        "contact:phone": "+351 256 848 400",
        "contact:website": "https://melia.com/pt/hoteis/portugal/sao-joao-da-madeira/hotel-sao-joao-da-madeira-6698"
      }
    },
    {
      "type": "Feature",
      "geometry": {
        "type": "Point",
        "coordinates": [
          -8.1689496,
          40.9696521
        ]
      },
      "properties": {
        "id": 1426548461,
        "osm_type": "way",
        "name": "Quinta da Vila",
        "tourism": "apartment",
        "website": "https://quintadavila.pt/"
      }
    },
    {
      "type": "Feature",
      "geometry": {
        "type": "Point",
        "coordinates": [
          -8.5064743,
          40.9798138
        ]
      },
      "properties": {
        "id": 1434043985,
        "osm_type": "way",
        "name": "Uíma River House",
        "tourism": "apartment"
      }
    },
    {
      "type": "Feature",
      "geometry": {
        "type": "Point",
        "coordinates": [
          -8.6158499,
          40.8870546
        ]
      },
      "properties": {
        "id": 1442337618,
        "osm_type": "way",
        "tourism": "caravan_site"
      }
    },
    {
      "type": "Feature",
      "geometry": {
        "type": "Point",
        "coordinates": [
          -8.3871088,
          40.7360829
        ]
      },
      "properties": {
        "id": 1468532563,
        "osm_type": "way",
        "tourism": "chalet"
      }
    },
    {
      "type": "Feature",
      "geometry": {
        "type": "Point",
        "coordinates": [
          -8.2658599,
          41.0157526
        ]
      },
      "properties": {
        "id": 1504648435,
        "osm_type": "way",
        "tourism": "chalet"
      }
    },
    {
      "type": "Feature",
      "geometry": {
        "type": "Point",
        "coordinates": [
          -8.3649192,
          40.3759365
        ]
      },
      "properties": {
        "id": 12024437,
        "osm_type": "relation",
        "name": "Palácio Hotel do Buçaco",
        "tourism": "hotel"
      }
    }
  ]
}